{"evidence_table":[{"agency":"USDA Forest Service","confidence":"high","last_verified":null,"notes":"Retrieved source geometry, not current access or camping approval.","retrieved_at":"2026-09-27T14:05:57.568714Z","source_url":"https://apps.fs.usda.gov/arcx/rest/services/EDW/EDW_MVUM_02/MapServer/1","verification_method":"arcgis_rest_query"}],"features":[{"geometry":{"coordinates":[[-105.196449,39.133173],[-105.196519,39.13337],[-105.196493,39.133675],[-105.196454,39.133798],[-105.196573,39.133987],[-105.19651,39.134156],[-105.19632,39.13435],[-105.196396,39.134535],[-105.196824,39.135033],[-105.197142,39.135067],[-105.197438,39.135171],[-105.198125,39.135146],[-105.198794,39.135265],[-105.198982,39.135264],[-105.199578,39.135135],[-105.200434,39.135242],[-105.201026,39.135394],[-105.202776,39.135485],[-105.203126,39.135598],[-105.204135,39.135637],[-105.204432,39.135706],[-105.20454,39.135909],[-105.204936,39.136262],[-105.205365,39.136488],[-105.205639,39.13654],[-105.206076,39.136493],[-105.206222,39.136593],[-105.206497,39.136946],[-105.206809,39.13711],[-105.207587,39.137361],[-105.207691,39.137628],[-105.207966,39.137788],[-105.208249,39.137874],[-105.208386,39.13806],[-105.208456,39.138235],[-105.208252,39.138463],[-105.208013,39.138553],[-105.207828,39.138759],[-105.207702,39.139088],[-105.20764,39.139648],[-105.207304,39.14041],[-105.207161,39.141071],[-105.207538,39.141564],[-105.207633,39.142024],[-105.207548,39.14224],[-105.207001,39.142812],[-105.206679,39.14343],[-105.206041,39.144265],[-105.205778,39.144867],[-105.205461,39.145254],[-105.204896,39.145582],[-105.203814,39.146203],[-105.203503,39.146502],[-105.203465,39.146959],[-105.20356,39.147069],[-105.204601,39.147324],[-105.204925,39.14749],[-105.206048,39.148537],[-105.206608,39.148815],[-105.208177,39.149025],[-105.209047,39.149305],[-105.209776,39.149478],[-105.210684,39.149603],[-105.211028,39.149942],[-105.211286,39.150089],[-105.211663,39.150242],[-105.21279,39.150541],[-105.213455,39.15084],[-105.213691,39.151023],[-105.214438,39.152142],[-105.214751,39.15252],[-105.215169,39.152952],[-105.215657,39.153312],[-105.216109,39.153599],[-105.217269,39.154141],[-105.217671,39.154496],[-105.218115,39.154803],[-105.218479,39.155147],[-105.218822,39.155333],[-105.219738,39.155451],[-105.22054,39.155837],[-105.220777,39.156232],[-105.220969,39.156358],[-105.22119,39.156466],[-105.222053,39.156643],[-105.222288,39.156805],[-105.223136,39.157787],[-105.22318,39.157982],[-105.222925,39.158763],[-105.222941,39.159136],[-105.222875,39.159651],[-105.223133,39.160434],[-105.223319,39.160786],[-105.22347,39.160947],[-105.224154,39.161442],[-105.224444,39.161594],[-105.226101,39.162033],[-105.227831,39.162656],[-105.228176,39.162874],[-105.228388,39.163039],[-105.228578,39.163359],[-105.22878,39.163938],[-105.228815,39.164518],[-105.228905,39.164761],[-105.22915,39.165011],[-105.23002,39.16565],[-105.231168,39.166297],[-105.231446,39.166505],[-105.231951,39.167603],[-105.23245,39.168154],[-105.232677,39.168572],[-105.23272,39.168811],[-105.232989,39.169155],[-105.232924,39.16978],[-105.232806,39.170031],[-105.232787,39.170229],[-105.232794,39.170346],[-105.232968,39.170386],[-105.233172,39.170398],[-105.233373,39.170449],[-105.233506,39.170535],[-105.233518,39.170674],[-105.233429,39.170787],[-105.232769,39.171298],[-105.232669,39.171515],[-105.232765,39.17172],[-105.233065,39.171928],[-105.23344,39.172414],[-105.234121,39.172721],[-105.23451,39.173061],[-105.234959,39.173284],[-105.235244,39.173527],[-105.235342,39.173756],[-105.235456,39.174209],[-105.235403,39.174603],[-105.235544,39.175315],[-105.236302,39.176902],[-105.236256,39.177169],[-105.235833,39.178783],[-105.235494,39.179496]],"type":"LineString"},"properties":{"access_status":"unknown","camping_permission":"unknown","evidence":0,"id":"usfs-road-13589276","name":"NINE-J","source_route_id":"5800010465"},"type":"Feature"},{"geometry":{"coordinates":[[-105.061809,39.219768],[-105.061882,39.219821],[-105.061918,39.219902],[-105.061961,39.219973],[-105.062047,39.220033],[-105.06222,39.22008],[-105.062363,39.220149],[-105.062484,39.220214],[-105.062609,39.220273],[-105.062737,39.220319],[-105.062857,39.220363],[-105.062943,39.220394],[-105.063036,39.220427],[-105.063132,39.220465],[-105.063227,39.220504],[-105.063294,39.220574],[-105.063269,39.220643],[-105.06321,39.220699],[-105.062967,39.220712],[-105.062814,39.220722],[-105.062665,39.220737],[-105.062531,39.220749],[-105.062423,39.220762],[-105.062315,39.220777],[-105.062184,39.220785],[-105.06206,39.220783],[-105.061974,39.220781],[-105.061964,39.220781],[-105.061842,39.22079],[-105.061707,39.220825],[-105.061596,39.220886],[-105.061522,39.220947],[-105.061478,39.221032],[-105.061448,39.221121],[-105.061434,39.221219],[-105.061451,39.221321],[-105.061496,39.221411],[-105.061582,39.221479],[-105.061696,39.221499],[-105.061805,39.221508],[-105.061917,39.221509],[-105.062032,39.221504],[-105.062126,39.221498],[-105.062195,39.221502],[-105.062247,39.221552],[-105.06231,39.221611],[-105.062311,39.221611],[-105.062336,39.2217],[-105.06234,39.221758],[-105.062287,39.221992],[-105.062346,39.222091],[-105.062386,39.222173],[-105.062383,39.222239],[-105.062377,39.22229],[-105.062335,39.22233],[-105.062266,39.222398],[-105.062182,39.222481],[-105.062118,39.222568],[-105.062067,39.222654],[-105.062023,39.222734],[-105.061972,39.222821],[-105.061908,39.222926],[-105.061837,39.223022],[-105.061752,39.223118],[-105.061647,39.223213],[-105.061542,39.223298],[-105.06146,39.223361],[-105.061399,39.223442],[-105.061332,39.223542],[-105.061282,39.223649],[-105.061241,39.223755],[-105.061198,39.223857],[-105.061151,39.223968],[-105.061113,39.224063],[-105.061071,39.224169],[-105.061046,39.22427],[-105.061006,39.224365],[-105.060982,39.224454],[-105.060977,39.224548],[-105.060998,39.224658],[-105.061028,39.224765],[-105.061084,39.22498],[-105.061072,39.225119],[-105.061063,39.225224],[-105.061076,39.225342],[-105.061047,39.225428],[-105.060983,39.225448],[-105.060924,39.225425],[-105.060843,39.225376],[-105.060792,39.225336],[-105.060716,39.225267],[-105.060615,39.225242],[-105.06057,39.225235],[-105.060529,39.225245],[-105.060503,39.225276],[-105.060498,39.225311],[-105.060513,39.225368],[-105.060518,39.225437],[-105.060509,39.225479],[-105.060453,39.225552],[-105.060308,39.225699],[-105.060264,39.225789],[-105.060257,39.22588],[-105.060269,39.225983],[-105.060286,39.226074],[-105.060304,39.226148],[-105.060288,39.226249],[-105.060248,39.226331],[-105.060222,39.226399],[-105.060206,39.226485],[-105.060197,39.226537],[-105.060195,39.226547],[-105.060184,39.226588],[-105.060182,39.226593],[-105.060175,39.226616],[-105.060137,39.226704],[-105.0601,39.226805],[-105.06008,39.226885],[-105.060039,39.226991],[-105.060014,39.227103],[-105.060005,39.227193],[-105.060001,39.227256],[-105.060003,39.227324],[-105.060031,39.227398],[-105.060065,39.227469],[-105.06011,39.227569],[-105.060169,39.227658],[-105.060229,39.227739],[-105.060279,39.227813],[-105.060338,39.227902],[-105.060392,39.227999],[-105.060447,39.228105],[-105.060481,39.228207],[-105.060493,39.228302],[-105.060496,39.228356],[-105.0605,39.228394],[-105.060499,39.228442],[-105.060501,39.228517],[-105.060505,39.228633],[-105.060505,39.228638],[-105.060513,39.228737],[-105.060538,39.228841],[-105.060585,39.228934],[-105.060637,39.229006],[-105.060696,39.229074],[-105.060767,39.229146],[-105.060841,39.229186],[-105.060924,39.229227],[-105.061013,39.229269],[-105.0611,39.22931],[-105.061183,39.229352],[-105.061273,39.229392],[-105.061365,39.229422],[-105.061453,39.22944],[-105.061544,39.229452],[-105.061645,39.229469],[-105.061738,39.2295],[-105.061813,39.229552],[-105.061893,39.229625],[-105.061964,39.229704],[-105.061998,39.229788],[-105.062033,39.22988],[-105.062064,39.22999],[-105.062086,39.230098],[-105.062097,39.230191],[-105.062083,39.230282],[-105.062044,39.230355],[-105.062014,39.230388],[-105.0619,39.230477],[-105.06186,39.23053],[-105.061825,39.2306],[-105.061812,39.230679],[-105.061794,39.230718],[-105.061777,39.230754],[-105.061738,39.230794],[-105.061675,39.23085],[-105.06161,39.230887],[-105.061538,39.231055],[-105.061588,39.231197],[-105.061642,39.231254],[-105.061709,39.231307],[-105.061791,39.231362],[-105.061871,39.231419],[-105.061928,39.231491],[-105.061971,39.231582],[-105.06202,39.231658],[-105.062046,39.23178],[-105.06211,39.231862],[-105.062224,39.231903],[-105.062312,39.231971],[-105.062389,39.232042],[-105.062437,39.232126],[-105.062438,39.232228],[-105.062437,39.232312],[-105.062444,39.232397],[-105.06249,39.23247],[-105.06254,39.232557],[-105.062603,39.232636],[-105.062635,39.232721],[-105.062624,39.232816],[-105.062598,39.232911],[-105.062578,39.232985],[-105.062538,39.233061],[-105.062483,39.233144],[-105.062456,39.233224],[-105.062453,39.233312],[-105.062453,39.233314],[-105.062456,39.233378],[-105.062465,39.233454],[-105.062464,39.233539],[-105.062456,39.233619],[-105.062449,39.233683],[-105.062441,39.233731],[-105.062429,39.233784],[-105.062417,39.233839],[-105.062408,39.233894],[-105.062402,39.233933],[-105.062394,39.233984],[-105.062384,39.23406],[-105.062379,39.234158],[-105.062373,39.23426],[-105.062349,39.234333],[-105.062304,39.234403],[-105.062234,39.234488],[-105.062149,39.234578],[-105.062067,39.234666],[-105.061982,39.234743],[-105.061898,39.234796],[-105.06182,39.234834],[-105.061725,39.234872],[-105.061614,39.234918],[-105.061501,39.234961],[-105.061404,39.234999],[-105.06129,39.235025],[-105.061176,39.235057],[-105.061086,39.235094],[-105.060998,39.235148],[-105.060902,39.235209],[-105.060804,39.235263],[-105.060702,39.235328],[-105.060612,39.235388],[-105.060537,39.235463],[-105.060459,39.235537],[-105.060384,39.235609],[-105.060327,39.235678],[-105.060276,39.235742],[-105.060215,39.235788],[-105.060152,39.235823],[-105.060085,39.235852],[-105.060013,39.235869],[-105.059943,39.235879],[-105.059831,39.235885],[-105.059727,39.235891],[-105.059619,39.235906],[-105.059515,39.235944],[-105.059412,39.235997],[-105.059294,39.236074],[-105.059183,39.236133],[-105.059087,39.236188],[-105.058997,39.236228],[-105.058889,39.236289],[-105.05879,39.236356],[-105.058693,39.236428],[-105.058594,39.236513],[-105.058484,39.236574],[-105.058361,39.236626],[-105.05824,39.236652],[-105.058097,39.236658],[-105.057976,39.236658],[-105.057871,39.236672],[-105.057783,39.23673],[-105.057706,39.236788],[-105.057632,39.236852],[-105.057542,39.23692],[-105.057429,39.236996],[-105.057317,39.237066],[-105.057251,39.237145],[-105.057226,39.237187],[-105.057162,39.237311],[-105.057105,39.237407],[-105.057053,39.237513],[-105.05703,39.23763],[-105.057034,39.237731],[-105.057055,39.237807],[-105.057084,39.237901],[-105.057112,39.238006],[-105.057133,39.238126],[-105.057153,39.238215],[-105.057153,39.238306],[-105.057136,39.238399],[-105.057111,39.238502],[-105.057064,39.238595],[-105.056994,39.238687],[-105.056917,39.238793],[-105.056849,39.238889],[-105.056789,39.238997],[-105.056733,39.239074],[-105.056676,39.239152],[-105.056627,39.239232],[-105.056547,39.239327],[-105.056478,39.239413],[-105.056442,39.239453],[-105.056338,39.239579],[-105.056287,39.239627],[-105.05623,39.239674],[-105.056176,39.239721],[-105.05614,39.239749],[-105.056118,39.239809],[-105.056106,39.239858],[-105.056059,39.239931],[-105.056029,39.239964],[-105.055988,39.240007],[-105.055921,39.240114],[-105.055883,39.240205],[-105.055864,39.240278],[-105.055855,39.240345],[-105.055818,39.240427],[-105.055779,39.240503],[-105.055754,39.240572],[-105.055739,39.240632],[-105.055749,39.240707],[-105.055801,39.2408],[-105.055881,39.240891],[-105.055972,39.240986],[-105.056071,39.241068],[-105.056161,39.24115],[-105.056231,39.24121],[-105.056301,39.24129],[-105.056382,39.241351],[-105.056482,39.24139],[-105.056596,39.241401],[-105.056692,39.241413],[-105.056782,39.241427],[-105.056843,39.241471],[-105.056951,39.241526],[-105.057051,39.241564],[-105.057103,39.241609],[-105.057123,39.24165],[-105.057102,39.241701],[-105.05703,39.241751],[-105.056935,39.241789],[-105.056825,39.241815],[-105.056701,39.241841],[-105.05659,39.241866],[-105.056512,39.241877],[-105.056383,39.241898],[-105.056258,39.241922],[-105.056135,39.241915],[-105.056017,39.241938],[-105.055884,39.241986],[-105.055774,39.241994],[-105.055681,39.242009],[-105.055621,39.24202],[-105.055562,39.242038],[-105.055488,39.242049],[-105.055407,39.242103],[-105.055344,39.242184],[-105.055303,39.242225],[-105.055274,39.242334],[-105.055297,39.242408],[-105.055319,39.242458],[-105.055307,39.242548],[-105.055262,39.24262],[-105.055205,39.242667],[-105.055142,39.242733],[-105.055066,39.24279],[-105.054985,39.242845],[-105.054891,39.242898],[-105.05482,39.242909],[-105.054751,39.242958],[-105.054715,39.242996],[-105.054682,39.243058],[-105.054658,39.243099],[-105.054665,39.24314],[-105.054719,39.243181],[-105.054787,39.243214],[-105.05484,39.243248],[-105.054862,39.243293],[-105.054806,39.243355],[-105.054756,39.243389],[-105.054662,39.243422],[-105.054545,39.243467],[-105.054441,39.243507],[-105.05437,39.243515],[-105.054322,39.243537],[-105.054304,39.243624],[-105.054303,39.243626],[-105.054311,39.243633],[-105.054394,39.243719],[-105.054484,39.243733],[-105.054609,39.243772],[-105.054698,39.243805],[-105.054782,39.243823],[-105.054856,39.243841],[-105.054949,39.243872],[-105.055049,39.243902],[-105.055148,39.24392],[-105.05524,39.243922],[-105.055328,39.243903],[-105.055381,39.243881],[-105.055451,39.243871],[-105.055549,39.243829],[-105.055593,39.243819],[-105.055637,39.243818],[-105.055693,39.243818],[-105.055724,39.24387],[-105.055762,39.24392],[-105.055764,39.243977],[-105.055759,39.244046],[-105.055753,39.244134],[-105.055786,39.244191],[-105.055807,39.24422],[-105.055933,39.244315],[-105.055972,39.244426],[-105.056004,39.244513],[-105.056007,39.24458],[-105.055994,39.244693],[-105.055972,39.244783],[-105.055948,39.244874],[-105.055952,39.244964],[-105.055986,39.245014],[-105.056057,39.245084],[-105.056108,39.245167],[-105.056132,39.245223],[-105.056139,39.245306],[-105.056139,39.245393],[-105.056135,39.245484],[-105.05613,39.24558],[-105.056124,39.245671],[-105.05612,39.245754],[-105.056125,39.245824],[-105.056127,39.245882],[-105.056144,39.245994],[-105.056197,39.246063],[-105.056237,39.246127],[-105.056257,39.246205],[-105.056235,39.246298],[-105.056218,39.246388],[-105.056191,39.246493],[-105.056175,39.246587],[-105.056157,39.246691],[-105.056157,39.246787],[-105.056166,39.246878],[-105.056186,39.246976],[-105.056228,39.24707],[-105.056273,39.247151],[-105.056308,39.247215],[-105.056331,39.24727],[-105.056307,39.247339],[-105.056267,39.247434],[-105.056239,39.247542],[-105.056268,39.247671],[-105.056317,39.247816],[-105.056378,39.247907],[-105.056396,39.247988],[-105.056381,39.24807],[-105.056302,39.248279],[-105.056231,39.248356],[-105.056167,39.248442],[-105.056126,39.248535],[-105.05608,39.248627],[-105.056033,39.248707],[-105.056007,39.248771],[-105.056008,39.248843],[-105.056041,39.24893],[-105.056074,39.249043],[-105.056101,39.249165],[-105.056116,39.249274],[-105.056147,39.249388],[-105.056163,39.249506],[-105.056183,39.249619],[-105.0562,39.249718],[-105.0562,39.249786],[-105.056181,39.249889],[-105.056154,39.25],[-105.05613,39.250114],[-105.056098,39.250228],[-105.056063,39.250353],[-105.056043,39.250455],[-105.056026,39.250539],[-105.056021,39.250581],[-105.055983,39.250705],[-105.056008,39.250797],[-105.056008,39.2509],[-105.056025,39.251002],[-105.056041,39.251117],[-105.056053,39.251236],[-105.05605,39.251336],[-105.056057,39.251429],[-105.056058,39.251501],[-105.056071,39.251561],[-105.056094,39.251619],[-105.056122,39.251689],[-105.056139,39.25179],[-105.056144,39.251862],[-105.056166,39.251948],[-105.056223,39.251994],[-105.056289,39.252031],[-105.056335,39.252077],[-105.056386,39.252163],[-105.05645,39.252244],[-105.056562,39.252331],[-105.056678,39.252415],[-105.056763,39.252491],[-105.056828,39.252553],[-105.056887,39.252627],[-105.056926,39.25269],[-105.05695,39.25274],[-105.056969,39.252793],[-105.056981,39.252846],[-105.056973,39.252927],[-105.056967,39.25298],[-105.056958,39.253045],[-105.056956,39.253136],[-105.056979,39.253235],[-105.057017,39.253326],[-105.057051,39.253427],[-105.057091,39.253528],[-105.057133,39.253653],[-105.05717,39.253792],[-105.057221,39.25391],[-105.057391,39.254046],[-105.057484,39.254165],[-105.057506,39.25425],[-105.057518,39.254379],[-105.057535,39.254464],[-105.057548,39.254653],[-105.057535,39.254759],[-105.057532,39.254876],[-105.057525,39.255016],[-105.057506,39.255165],[-105.057491,39.255303],[-105.057506,39.255447],[-105.057542,39.255577],[-105.057581,39.255705],[-105.057614,39.255822],[-105.05763,39.25591],[-105.057633,39.256005],[-105.057647,39.256104],[-105.057671,39.256198],[-105.057696,39.256291],[-105.057707,39.256408],[-105.057713,39.256526],[-105.0577,39.256624],[-105.057698,39.256726],[-105.057704,39.256799],[-105.057707,39.256874],[-105.057708,39.256964],[-105.057718,39.257078],[-105.057748,39.257219],[-105.057783,39.257362],[-105.057814,39.257516],[-105.057845,39.257656],[-105.057861,39.257769],[-105.057875,39.257878],[-105.057883,39.25793],[-105.057909,39.258101],[-105.057932,39.258205],[-105.057958,39.258312],[-105.057978,39.258422],[-105.057971,39.258453],[-105.05796,39.258507],[-105.057922,39.258591],[-105.0579,39.25868],[-105.057885,39.258777],[-105.05787,39.258886],[-105.057853,39.258986],[-105.057829,39.259096],[-105.057804,39.259206],[-105.057787,39.259302],[-105.05777,39.259401],[-105.057753,39.259499],[-105.057752,39.259586],[-105.057746,39.25968],[-105.057734,39.259754],[-105.057729,39.259804],[-105.057728,39.259851],[-105.057721,39.259911],[-105.057722,39.259989],[-105.05773,39.260079],[-105.057751,39.260158],[-105.057777,39.260256],[-105.057821,39.260345],[-105.057894,39.260404],[-105.05797,39.260468],[-105.058023,39.260569],[-105.058005,39.260734],[-105.058013,39.260821],[-105.058012,39.260911],[-105.058012,39.261011],[-105.058032,39.26108],[-105.058051,39.261137],[-105.058078,39.261194],[-105.058115,39.261253],[-105.058145,39.26132],[-105.058145,39.261393],[-105.058134,39.261472],[-105.058125,39.261552],[-105.058111,39.261627],[-105.058084,39.261699],[-105.058054,39.261754],[-105.05806,39.261821],[-105.05807,39.261905],[-105.058092,39.261989],[-105.058107,39.262013],[-105.05811,39.262018],[-105.05814,39.262054],[-105.058176,39.262128],[-105.058192,39.262194],[-105.058196,39.262269],[-105.058196,39.26228],[-105.058197,39.262316],[-105.058167,39.26236],[-105.058115,39.262404],[-105.058049,39.262449],[-105.057987,39.262493],[-105.057931,39.26254],[-105.057877,39.262585],[-105.057818,39.262619],[-105.057776,39.262643],[-105.057742,39.262638],[-105.057694,39.262633],[-105.057631,39.262628],[-105.057565,39.26262],[-105.057516,39.262615],[-105.057452,39.262626],[-105.057381,39.262613],[-105.057287,39.262621],[-105.057193,39.262625],[-105.057115,39.262635],[-105.057054,39.262642],[-105.056984,39.262654],[-105.056916,39.262663],[-105.05686,39.262671],[-105.056824,39.262692],[-105.056812,39.262724],[-105.056826,39.262766],[-105.056822,39.262867],[-105.056817,39.262902],[-105.056814,39.26294],[-105.056824,39.262985],[-105.056838,39.263019],[-105.056866,39.26307],[-105.056929,39.263158],[-105.056995,39.263251],[-105.057067,39.263331],[-105.057128,39.263404],[-105.057179,39.263471],[-105.057226,39.263538],[-105.057278,39.263601],[-105.057334,39.263656],[-105.057397,39.263704],[-105.057443,39.263752],[-105.057469,39.263812],[-105.057503,39.263891],[-105.057556,39.263986],[-105.057601,39.264045],[-105.057654,39.264098],[-105.057687,39.26416],[-105.057711,39.264232],[-105.057728,39.264293],[-105.057742,39.264361],[-105.057763,39.264461],[-105.057788,39.264566],[-105.05781,39.264651],[-105.057837,39.264759],[-105.057879,39.264862],[-105.057908,39.264932],[-105.057931,39.264976],[-105.057939,39.265005],[-105.05796,39.265071],[-105.057961,39.26508],[-105.057967,39.265124],[-105.057959,39.265159],[-105.057928,39.26522],[-105.057884,39.26527],[-105.057814,39.26532],[-105.05771,39.26538],[-105.057601,39.265447],[-105.057505,39.265508],[-105.057427,39.265557],[-105.057377,39.265602],[-105.057337,39.265647],[-105.057292,39.265703],[-105.057242,39.265774],[-105.057221,39.265824],[-105.057169,39.265896],[-105.057102,39.265965],[-105.057047,39.266024],[-105.056965,39.266096],[-105.056877,39.266146],[-105.056816,39.266182],[-105.05675,39.266238],[-105.056649,39.266301],[-105.056554,39.266359],[-105.056476,39.266409],[-105.056415,39.266447],[-105.056353,39.266505],[-105.056276,39.266584],[-105.056215,39.26666],[-105.05614,39.266704],[-105.056036,39.266763],[-105.055925,39.266809],[-105.055841,39.266849],[-105.055752,39.266901],[-105.055648,39.266962],[-105.055548,39.267036],[-105.055456,39.267114],[-105.055399,39.267163],[-105.055335,39.267204],[-105.055267,39.267259],[-105.055206,39.267319],[-105.055151,39.267384],[-105.055117,39.267431],[-105.055081,39.267483],[-105.055055,39.267537],[-105.054981,39.267602],[-105.054893,39.267661],[-105.054787,39.26772],[-105.054694,39.267783],[-105.054614,39.26786],[-105.054563,39.267936],[-105.054523,39.268015],[-105.054483,39.268092],[-105.054456,39.268182],[-105.054441,39.268282],[-105.054433,39.268383],[-105.054413,39.268481],[-105.054384,39.268572],[-105.054362,39.268651],[-105.054356,39.268727],[-105.054377,39.268817],[-105.05442,39.26891],[-105.054482,39.268996],[-105.054563,39.269081],[-105.054652,39.269167],[-105.054743,39.269257],[-105.054838,39.269348],[-105.054925,39.269441],[-105.055015,39.269526],[-105.055087,39.269609],[-105.055144,39.269693],[-105.055183,39.269778],[-105.055208,39.269853],[-105.05521,39.269931],[-105.055198,39.270012],[-105.055199,39.270074],[-105.055233,39.270136],[-105.05526,39.270192],[-105.055305,39.270257],[-105.055369,39.27034],[-105.055435,39.270398],[-105.055499,39.270462],[-105.055564,39.270551],[-105.055618,39.270649],[-105.055663,39.270762],[-105.05571,39.270885],[-105.055756,39.271004],[-105.055807,39.271126],[-105.055819,39.271232],[-105.05581,39.271319],[-105.055797,39.271401],[-105.055798,39.271492],[-105.055815,39.271585],[-105.055837,39.271673],[-105.055847,39.271768],[-105.055852,39.271862],[-105.055855,39.271954],[-105.055849,39.272044],[-105.055843,39.272111],[-105.055827,39.272177],[-105.055803,39.272255],[-105.055776,39.272332],[-105.05576,39.27239],[-105.055752,39.272431],[-105.055746,39.272484],[-105.055744,39.272549],[-105.055741,39.272621],[-105.055736,39.272707],[-105.055722,39.272799],[-105.055716,39.272883],[-105.055708,39.272951],[-105.055689,39.273022],[-105.055662,39.27311],[-105.055626,39.273199],[-105.055596,39.27329],[-105.05558,39.273377],[-105.055565,39.273466],[-105.055558,39.273542],[-105.055548,39.273603],[-105.055531,39.273673],[-105.05551,39.273755],[-105.05547,39.27385],[-105.05543,39.273948],[-105.055395,39.274035],[-105.055362,39.274093],[-105.05533,39.274159],[-105.055287,39.274239],[-105.055243,39.274325],[-105.055199,39.274412],[-105.055163,39.274484],[-105.055131,39.274553],[-105.055104,39.274608],[-105.055072,39.274675],[-105.05503,39.274746],[-105.054981,39.274814],[-105.05492,39.274882],[-105.054861,39.274949],[-105.054822,39.275013],[-105.0548,39.275069],[-105.054786,39.275126],[-105.054775,39.275195],[-105.05477,39.275273],[-105.054756,39.275359],[-105.05475,39.275392],[-105.054744,39.27543],[-105.054742,39.275456],[-105.054737,39.275522],[-105.054732,39.275622],[-105.054719,39.275723],[-105.054701,39.275825],[-105.054693,39.275922],[-105.054684,39.27602],[-105.054677,39.276128],[-105.054665,39.276224],[-105.054641,39.276316],[-105.054631,39.276423],[-105.054628,39.276518],[-105.05461,39.276618],[-105.054593,39.276696],[-105.054575,39.276821],[-105.054561,39.27694],[-105.05456,39.277063],[-105.054559,39.2772],[-105.054576,39.277327],[-105.054586,39.277456],[-105.054592,39.277579],[-105.054593,39.277698],[-105.054574,39.277828],[-105.054552,39.277955],[-105.05454,39.278058],[-105.054531,39.278164],[-105.054526,39.278244],[-105.054526,39.278327],[-105.054522,39.278414],[-105.054509,39.278502],[-105.054498,39.278589],[-105.054475,39.278672],[-105.054427,39.278758],[-105.05434,39.278848],[-105.054256,39.278945],[-105.054161,39.279047],[-105.054075,39.27915],[-105.053998,39.279233],[-105.053926,39.279321],[-105.053846,39.279417],[-105.053786,39.27953],[-105.053745,39.279618],[-105.053715,39.279717],[-105.053686,39.279814],[-105.05368,39.279893],[-105.05368,39.279894],[-105.053665,39.279968],[-105.053616,39.280061],[-105.053553,39.280183],[-105.053492,39.280308],[-105.053437,39.280429],[-105.053364,39.280514],[-105.05328,39.280585],[-105.053177,39.280651],[-105.053076,39.280716],[-105.052969,39.28076],[-105.052862,39.280787],[-105.052767,39.280803],[-105.052678,39.280824],[-105.052568,39.280833],[-105.052433,39.280831],[-105.052275,39.280859],[-105.052136,39.280903],[-105.052029,39.280947],[-105.051942,39.280979],[-105.051845,39.281008],[-105.051708,39.281045],[-105.051592,39.281086],[-105.051465,39.281164],[-105.051351,39.281257],[-105.051254,39.281367],[-105.051197,39.281457],[-105.051142,39.281559],[-105.051101,39.281677],[-105.05109,39.281748],[-105.051061,39.28185],[-105.051064,39.281974],[-105.051075,39.282086],[-105.051056,39.282196],[-105.051004,39.282292],[-105.05094,39.282376],[-105.050865,39.282462],[-105.050789,39.282523],[-105.050742,39.282602],[-105.050675,39.282708],[-105.050671,39.282814],[-105.050691,39.282928],[-105.050717,39.28302],[-105.050764,39.283094],[-105.050803,39.283174],[-105.050846,39.283243],[-105.050898,39.283325],[-105.05094,39.283386],[-105.050965,39.283461],[-105.050953,39.283541],[-105.050911,39.283634],[-105.050844,39.283778],[-105.050787,39.283909],[-105.05072,39.284008],[-105.050648,39.284138],[-105.050588,39.284276],[-105.050553,39.284395],[-105.050521,39.284557],[-105.050485,39.284687],[-105.050453,39.284791],[-105.050429,39.284894],[-105.050423,39.285002],[-105.050384,39.285115],[-105.050336,39.285221],[-105.050322,39.285323],[-105.050296,39.285476],[-105.050302,39.285594],[-105.050297,39.285725],[-105.050281,39.285828],[-105.050255,39.285974],[-105.050244,39.286055],[-105.050308,39.286231],[-105.05036,39.286324],[-105.050396,39.28641],[-105.050447,39.286489],[-105.050492,39.286561],[-105.050563,39.286617],[-105.050617,39.286661],[-105.050665,39.286695],[-105.050713,39.286756],[-105.05078,39.286822],[-105.050837,39.286944],[-105.05089,39.287051],[-105.050947,39.287138],[-105.050982,39.287204],[-105.051038,39.287267],[-105.051094,39.287329],[-105.051143,39.287403],[-105.051172,39.287463],[-105.051177,39.287504],[-105.051174,39.287571],[-105.05115,39.287656],[-105.05111,39.287769],[-105.05108,39.287891],[-105.051081,39.288011],[-105.051101,39.28813],[-105.051138,39.288255],[-105.051192,39.288372],[-105.051252,39.288467],[-105.051324,39.288564],[-105.051368,39.288657],[-105.051379,39.288715],[-105.051379,39.288716],[-105.051382,39.288789],[-105.051385,39.288891],[-105.051404,39.289008],[-105.051416,39.289111],[-105.051403,39.289224],[-105.051329,39.289331],[-105.051288,39.289445],[-105.051177,39.289559],[-105.051084,39.289658],[-105.050981,39.289736],[-105.050852,39.28985],[-105.050763,39.289905],[-105.050706,39.289986],[-105.050627,39.290052],[-105.050527,39.290136],[-105.050429,39.2902],[-105.05034,39.290286],[-105.050268,39.290363],[-105.050213,39.290452],[-105.050169,39.290557],[-105.050139,39.290633],[-105.050098,39.290716],[-105.050057,39.290791],[-105.050016,39.290863],[-105.04999,39.290914],[-105.049976,39.290941],[-105.049959,39.290966],[-105.049925,39.291005],[-105.049893,39.291045],[-105.049853,39.291086],[-105.049796,39.291145],[-105.049728,39.291204],[-105.049648,39.291261],[-105.049598,39.291289],[-105.049371,39.291382],[-105.049265,39.291392],[-105.049182,39.291451],[-105.049095,39.291506],[-105.049043,39.291538],[-105.049008,39.291563],[-105.048932,39.291637],[-105.048843,39.291691],[-105.048762,39.291733],[-105.048686,39.291785],[-105.048616,39.291804],[-105.048536,39.291835],[-105.048476,39.291865],[-105.048435,39.291883],[-105.048395,39.291916],[-105.04834,39.291986],[-105.048297,39.292071],[-105.048275,39.292124],[-105.04827,39.292191],[-105.048252,39.292281],[-105.048223,39.29237],[-105.04819,39.292429],[-105.048173,39.292459],[-105.048111,39.292507],[-105.048073,39.292594],[-105.048006,39.292669],[-105.047942,39.292733],[-105.04788,39.292799],[-105.047819,39.29286],[-105.047769,39.292926],[-105.047705,39.292982],[-105.04765,39.293027],[-105.047607,39.29306],[-105.047569,39.293092],[-105.047498,39.293134],[-105.047443,39.293209],[-105.047397,39.293269],[-105.04735,39.293298],[-105.047293,39.293357],[-105.047241,39.293394],[-105.047194,39.293427],[-105.04715,39.293474],[-105.047071,39.293507],[-105.046998,39.293564],[-105.046956,39.29363],[-105.046833,39.293741],[-105.0468,39.293775],[-105.046771,39.293806],[-105.046735,39.293851],[-105.046671,39.2939],[-105.046618,39.293951],[-105.046612,39.293957],[-105.046505,39.294002],[-105.046347,39.294032],[-105.046202,39.294064],[-105.046068,39.2941],[-105.045908,39.294142],[-105.045765,39.294186],[-105.045633,39.294229],[-105.045508,39.294267],[-105.045397,39.294285],[-105.045281,39.29433],[-105.045182,39.294357],[-105.045086,39.294388],[-105.044983,39.294414],[-105.044846,39.294426],[-105.044736,39.294491],[-105.044618,39.294556],[-105.044564,39.294652],[-105.044506,39.294738],[-105.044418,39.294831],[-105.044319,39.294947],[-105.044249,39.295076],[-105.044167,39.295163],[-105.044087,39.295252],[-105.044011,39.295322],[-105.043929,39.295389],[-105.043845,39.295442],[-105.043771,39.295511],[-105.043664,39.295551],[-105.04354,39.295601],[-105.043456,39.295666],[-105.043341,39.295731],[-105.043263,39.295756],[-105.043151,39.295789],[-105.043022,39.295816],[-105.042925,39.295857],[-105.04281,39.295888],[-105.042701,39.29593],[-105.042557,39.29598],[-105.042448,39.296027],[-105.042357,39.296062],[-105.042231,39.296095],[-105.042091,39.296123],[-105.041948,39.296142],[-105.041822,39.296128],[-105.041696,39.296095],[-105.041594,39.296072],[-105.041505,39.296062],[-105.041407,39.29606],[-105.04131,39.296071],[-105.0412,39.296104],[-105.041121,39.296128],[-105.041018,39.296146],[-105.040898,39.296163],[-105.040854,39.296168],[-105.040521,39.296228],[-105.040408,39.296248],[-105.040286,39.29626],[-105.040169,39.296274],[-105.040041,39.296296],[-105.03991,39.296327],[-105.03978,39.296385],[-105.03966,39.296444],[-105.039565,39.296499],[-105.03949,39.29654],[-105.039402,39.296586],[-105.039327,39.296633],[-105.039236,39.296666],[-105.039137,39.296701],[-105.039023,39.29673],[-105.038834,39.296802],[-105.038735,39.296854],[-105.038624,39.296896],[-105.038543,39.296969],[-105.038441,39.296975],[-105.038368,39.297004],[-105.038294,39.297059],[-105.03816,39.297053],[-105.038031,39.297074],[-105.037903,39.297087],[-105.037783,39.297095],[-105.037657,39.297099],[-105.037517,39.297101],[-105.037404,39.297073],[-105.037323,39.29705],[-105.037252,39.297041],[-105.037153,39.29696],[-105.037101,39.296926],[-105.037104,39.296858],[-105.036834,39.2967],[-105.036741,39.29665],[-105.036655,39.296614],[-105.036582,39.296579],[-105.036502,39.296541],[-105.036387,39.296489],[-105.036312,39.29644],[-105.036231,39.296401],[-105.03614,39.296368],[-105.036045,39.296332],[-105.035944,39.296298],[-105.035877,39.296272],[-105.035778,39.296262],[-105.035679,39.296242],[-105.035599,39.296218],[-105.035477,39.29624],[-105.035374,39.29625],[-105.035299,39.296269],[-105.03526,39.296293],[-105.035257,39.296294],[-105.035205,39.296318],[-105.035135,39.296348],[-105.035083,39.29637],[-105.034956,39.296471],[-105.034881,39.296514],[-105.034787,39.296562],[-105.034742,39.296593],[-105.034704,39.296608],[-105.034632,39.296613],[-105.034542,39.296632],[-105.034439,39.296652],[-105.034331,39.296681],[-105.034283,39.29668],[-105.034256,39.296679],[-105.034246,39.296678],[-105.03415,39.296675],[-105.034072,39.296671],[-105.033993,39.296672],[-105.033906,39.296689],[-105.033809,39.296728],[-105.033714,39.296786],[-105.033623,39.296863],[-105.033547,39.296958],[-105.033491,39.297058],[-105.033435,39.297153],[-105.033374,39.297258],[-105.033365,39.297268],[-105.033301,39.297344],[-105.033225,39.297434],[-105.033159,39.297512],[-105.033113,39.297574],[-105.033066,39.297626],[-105.033006,39.297721],[-105.032945,39.297815],[-105.032873,39.297881],[-105.032787,39.297941],[-105.032686,39.297998],[-105.032607,39.298052],[-105.032536,39.2981],[-105.032472,39.298137],[-105.032429,39.298172],[-105.03237,39.298194],[-105.032304,39.298239],[-105.032241,39.298276],[-105.0322,39.298324],[-105.032135,39.298349],[-105.032091,39.298379],[-105.032036,39.298415],[-105.031925,39.298467],[-105.03185,39.298513],[-105.03182,39.298527],[-105.031723,39.298584],[-105.031657,39.298641],[-105.031597,39.298704],[-105.031507,39.2988],[-105.031428,39.298899],[-105.031398,39.298984],[-105.031398,39.299052],[-105.031422,39.299144],[-105.031459,39.299228],[-105.031504,39.299277],[-105.031565,39.299351],[-105.031639,39.299429],[-105.031694,39.299492],[-105.031741,39.299549],[-105.031793,39.299615],[-105.031824,39.299683],[-105.031832,39.299737],[-105.031806,39.299795],[-105.031755,39.299854],[-105.031716,39.299899],[-105.031672,39.29996],[-105.031658,39.300026],[-105.031679,39.300093],[-105.031721,39.300147],[-105.031749,39.300192],[-105.031787,39.300227],[-105.031834,39.300307],[-105.031899,39.30038],[-105.031952,39.300414],[-105.032018,39.300416],[-105.032095,39.300386],[-105.032163,39.300345],[-105.032235,39.300303],[-105.032287,39.300228],[-105.03232,39.300147],[-105.032366,39.300064],[-105.032411,39.299974],[-105.032459,39.299889],[-105.032492,39.299824],[-105.032579,39.29974],[-105.032653,39.299695],[-105.032723,39.299667],[-105.032773,39.299655],[-105.032835,39.299649],[-105.032879,39.299664],[-105.032882,39.299671],[-105.032894,39.29971],[-105.032894,39.299783],[-105.032888,39.299887],[-105.032885,39.299966],[-105.032889,39.300011],[-105.032896,39.300046],[-105.032949,39.300216],[-105.032967,39.300414],[-105.032986,39.300508],[-105.033,39.3006],[-105.033009,39.300688],[-105.033015,39.30078],[-105.033024,39.300871],[-105.033031,39.30096],[-105.03304,39.30104],[-105.033033,39.301101],[-105.033012,39.301169],[-105.032998,39.301216],[-105.032995,39.301251],[-105.032989,39.301286],[-105.032976,39.301334],[-105.032976,39.301335],[-105.03296,39.301378],[-105.032935,39.30143],[-105.032904,39.301491],[-105.032869,39.301562],[-105.03282,39.301647],[-105.032764,39.301727],[-105.032689,39.301828],[-105.03263,39.30191],[-105.032558,39.302005],[-105.032501,39.302114],[-105.032459,39.302219],[-105.032412,39.302322],[-105.032375,39.302431],[-105.032382,39.302513],[-105.032404,39.3026],[-105.032413,39.302693],[-105.032429,39.302745],[-105.032428,39.302796],[-105.032426,39.30283],[-105.032429,39.302876],[-105.032428,39.302928],[-105.032432,39.302969],[-105.032434,39.303016],[-105.032448,39.303088],[-105.032466,39.303161],[-105.032499,39.303231],[-105.032531,39.303295],[-105.032554,39.303341],[-105.03256,39.303379],[-105.032558,39.303425],[-105.032539,39.303511],[-105.032505,39.303621],[-105.032478,39.303721],[-105.032464,39.30381],[-105.032461,39.303878],[-105.032462,39.303906],[-105.032463,39.303908],[-105.032463,39.303914]],"type":"LineString"},"properties":{"access_status":"unknown","camping_permission":"unknown","evidence":0,"id":"usfs-road-13590250","name":"DAKAN MTN","source_route_id":"5724010465"},"type":"Feature"},{"geometry":{"coordinates":[[-105.088295,39.303901],[-105.088167,39.303868],[-105.088015,39.303871],[-105.087877,39.303859],[-105.087659,39.303811],[-105.08743,39.303696],[-105.087178,39.303589],[-105.086929,39.303508],[-105.086683,39.303455],[-105.086464,39.303409],[-105.086307,39.303376],[-105.086185,39.303374],[-105.086141,39.303381],[-105.086042,39.303397],[-105.085896,39.303484],[-105.085778,39.303665],[-105.085692,39.303743],[-105.085675,39.303782],[-105.085637,39.303871],[-105.085635,39.303998],[-105.085611,39.304141],[-105.085606,39.30415],[-105.085577,39.304198],[-105.085523,39.304261],[-105.085367,39.304374],[-105.085186,39.304466],[-105.085,39.304532],[-105.084866,39.304589],[-105.084859,39.304592],[-105.084857,39.304593],[-105.084812,39.304647],[-105.084792,39.304676],[-105.084807,39.304762],[-105.084829,39.304881],[-105.084862,39.305032],[-105.084849,39.305198],[-105.084846,39.305382],[-105.084828,39.305577],[-105.084774,39.305725],[-105.084697,39.305844],[-105.084578,39.305942],[-105.084449,39.306047],[-105.084418,39.306075],[-105.084318,39.306167],[-105.084183,39.306287],[-105.084022,39.30639],[-105.083866,39.306492],[-105.08375,39.30657],[-105.083689,39.306616],[-105.083616,39.306654],[-105.083526,39.306689],[-105.08346,39.306707],[-105.083382,39.306724],[-105.083201,39.306755],[-105.083013,39.30679],[-105.082945,39.306796],[-105.082823,39.306805],[-105.08261,39.306786],[-105.082596,39.306783],[-105.08242,39.306744],[-105.082388,39.306737],[-105.082213,39.306699],[-105.082096,39.30668],[-105.081994,39.306664],[-105.081772,39.306628],[-105.081556,39.306546],[-105.081554,39.306545],[-105.081372,39.306443],[-105.0812,39.306339],[-105.081105,39.306303],[-105.081015,39.306268],[-105.080828,39.306268],[-105.080615,39.306313],[-105.0804,39.306348],[-105.080215,39.306367],[-105.080149,39.306363],[-105.080061,39.306359],[-105.080017,39.306366],[-105.079868,39.30637],[-105.07973,39.306424],[-105.079541,39.30645],[-105.079358,39.306461],[-105.079228,39.306509],[-105.079115,39.306609],[-105.079102,39.306637],[-105.07905,39.306749],[-105.078998,39.306906],[-105.078896,39.307048],[-105.078759,39.307192],[-105.078584,39.307288],[-105.07858,39.30729],[-105.078395,39.30743],[-105.078227,39.307603],[-105.078042,39.307758],[-105.077853,39.307901],[-105.077657,39.308011],[-105.077439,39.308063],[-105.077208,39.308054],[-105.076961,39.30802],[-105.076707,39.307998],[-105.076452,39.307977],[-105.076192,39.307954],[-105.075948,39.307955],[-105.075708,39.308],[-105.075452,39.308068],[-105.075175,39.308111],[-105.074922,39.30816],[-105.074714,39.308245],[-105.074711,39.308248],[-105.074555,39.308404],[-105.07436,39.308554],[-105.074191,39.308621],[-105.074045,39.308629],[-105.073867,39.30859],[-105.073703,39.308588],[-105.073614,39.308652],[-105.073569,39.308758],[-105.07352,39.3089],[-105.073482,39.309051],[-105.073513,39.309181],[-105.073523,39.30932],[-105.073439,39.309461],[-105.073305,39.309589],[-105.073216,39.309724],[-105.073219,39.309862],[-105.073271,39.309995],[-105.073316,39.310134],[-105.073382,39.310288],[-105.073471,39.310434],[-105.073592,39.310569],[-105.073679,39.310717],[-105.073666,39.311015],[-105.073624,39.31116],[-105.073507,39.31131],[-105.073366,39.311465],[-105.073249,39.31163],[-105.073108,39.311782],[-105.0729,39.311898],[-105.072672,39.312031],[-105.07244,39.312177],[-105.072233,39.312332],[-105.072031,39.31249],[-105.071877,39.312663],[-105.071805,39.312791],[-105.07177,39.312854],[-105.071656,39.313032],[-105.071465,39.313169],[-105.071453,39.313175],[-105.071243,39.313265],[-105.071046,39.313382],[-105.070847,39.313483],[-105.070639,39.313577],[-105.070476,39.313641],[-105.070232,39.313698],[-105.070033,39.31375],[-105.069833,39.31381],[-105.069663,39.313827],[-105.069525,39.313781],[-105.069436,39.313715],[-105.069255,39.313663],[-105.069059,39.313639],[-105.068934,39.313649],[-105.068892,39.313653],[-105.06877,39.313708],[-105.068767,39.313709],[-105.068739,39.313738],[-105.068671,39.313812],[-105.068587,39.313966],[-105.068443,39.314138],[-105.068247,39.314294],[-105.06803,39.314438],[-105.067823,39.314596],[-105.067632,39.314751],[-105.067432,39.314874],[-105.067218,39.314959],[-105.066985,39.314996],[-105.066741,39.315045],[-105.066511,39.315123],[-105.066303,39.315227],[-105.066122,39.315331],[-105.065938,39.315403],[-105.065771,39.315422],[-105.065768,39.315423],[-105.065766,39.315423],[-105.065599,39.315386],[-105.06544,39.315282],[-105.065295,39.315148],[-105.065158,39.31501],[-105.064987,39.314905],[-105.064803,39.314823],[-105.064611,39.314759],[-105.064422,39.314728],[-105.064255,39.314663],[-105.064098,39.314567],[-105.063942,39.314479],[-105.063766,39.314439],[-105.063566,39.31443],[-105.063349,39.314423],[-105.063126,39.314352],[-105.062907,39.314251],[-105.062682,39.31419],[-105.06249,39.314101],[-105.062313,39.313995],[-105.062138,39.313901],[-105.06197,39.313878],[-105.061836,39.313857],[-105.061743,39.313842],[-105.061712,39.313834]],"type":"LineString"},"properties":{"access_status":"unknown","camping_permission":"unknown","evidence":0,"id":"usfs-road-13597478","name":"RIM","source_route_id":"5838010465"},"type":"Feature"},{"geometry":{"coordinates":[[[-105.099517,39.37889],[-105.099601,39.378972],[-105.09967,39.379069],[-105.099674,39.379075],[-105.099764,39.379199],[-105.099847,39.379318],[-105.099904,39.379436],[-105.099919,39.379467],[-105.099918,39.379494],[-105.099899,39.379554],[-105.099896,39.37956],[-105.099872,39.379593],[-105.099808,39.37964],[-105.099719,39.379688],[-105.099591,39.379735],[-105.099238,39.379901],[-105.099186,39.379954],[-105.099109,39.380045],[-105.099104,39.38005],[-105.099012,39.380156],[-105.09889,39.380273],[-105.098836,39.380321],[-105.098788,39.380373],[-105.09874,39.380435],[-105.098695,39.380511],[-105.098677,39.380542],[-105.098649,39.380591],[-105.098583,39.380672],[-105.098501,39.380747],[-105.098404,39.380812],[-105.098303,39.380872],[-105.098194,39.380928],[-105.098087,39.380986],[-105.097983,39.381047],[-105.097877,39.381093],[-105.097782,39.381119],[-105.097651,39.381137],[-105.0975,39.381157],[-105.097372,39.381171],[-105.097233,39.381183],[-105.097086,39.381195],[-105.096942,39.381209],[-105.096825,39.381226],[-105.096783,39.381239],[-105.096746,39.381253],[-105.096673,39.381282],[-105.096646,39.381297]],[[-105.096646,39.381297],[-105.096538,39.381357],[-105.096494,39.381392],[-105.096437,39.381436],[-105.096415,39.381535],[-105.096446,39.381688],[-105.096521,39.381814],[-105.096626,39.381862],[-105.096749,39.381865],[-105.096855,39.381841],[-105.096925,39.381773],[-105.096927,39.381731],[-105.096929,39.381671],[-105.096863,39.381531],[-105.096861,39.381528],[-105.096788,39.381436],[-105.096732,39.381378],[-105.096722,39.381368],[-105.096696,39.381337],[-105.096646,39.381297]]],"type":"MultiLineString"},"properties":{"access_status":"unknown","camping_permission":"unknown","evidence":0,"id":"usfs-road-13597542","name":"INDIAN CREEK CG","source_route_id":"5849010465"},"type":"Feature"},{"geometry":{"coordinates":[[-105.06895,39.281953],[-105.068901,39.281825],[-105.068849,39.28174],[-105.068773,39.28164],[-105.068682,39.281528],[-105.068645,39.281454],[-105.06862,39.281405],[-105.068594,39.281368],[-105.068557,39.281332],[-105.068436,39.280846],[-105.068422,39.280795],[-105.068419,39.280738],[-105.068421,39.28067],[-105.068428,39.280601],[-105.068437,39.280529],[-105.068447,39.280461],[-105.068472,39.2804],[-105.068493,39.280356],[-105.068521,39.280312],[-105.068546,39.280248],[-105.068566,39.280172],[-105.068569,39.280098],[-105.068557,39.280022],[-105.068542,39.27995],[-105.068536,39.279868],[-105.068549,39.279696],[-105.06856,39.279668],[-105.068602,39.279596],[-105.068656,39.279513],[-105.068702,39.279438],[-105.06873,39.279362],[-105.068752,39.279279],[-105.068766,39.279183],[-105.068771,39.279076],[-105.068737,39.278541],[-105.068742,39.278455],[-105.068721,39.278361],[-105.0687,39.278247],[-105.068693,39.278123],[-105.068657,39.277895],[-105.068639,39.277798],[-105.06865,39.277701],[-105.06868,39.277602],[-105.068733,39.2775],[-105.068803,39.277318],[-105.068814,39.277258],[-105.068833,39.277175],[-105.068858,39.277081],[-105.068882,39.276994],[-105.068895,39.276918],[-105.068904,39.276847],[-105.068915,39.276773],[-105.068936,39.276708],[-105.068957,39.276641],[-105.068978,39.27657],[-105.069011,39.276497],[-105.069054,39.276426],[-105.069092,39.276365],[-105.069095,39.276306],[-105.069102,39.276238],[-105.069115,39.27616],[-105.069134,39.276081],[-105.069153,39.276005],[-105.069175,39.275949],[-105.069204,39.275904],[-105.069261,39.275862],[-105.069311,39.275826],[-105.06933,39.275718],[-105.069331,39.275652],[-105.069344,39.275515],[-105.069333,39.27543],[-105.069281,39.275288],[-105.069256,39.275255],[-105.069208,39.27518],[-105.069172,39.275102],[-105.069137,39.275001],[-105.069071,39.274804],[-105.069056,39.274726],[-105.068994,39.274486],[-105.068956,39.274414],[-105.068925,39.274358],[-105.068887,39.274315],[-105.068757,39.274305],[-105.068706,39.274317],[-105.068601,39.274324],[-105.068504,39.274311],[-105.068433,39.274295],[-105.068375,39.274252],[-105.068297,39.274208],[-105.068223,39.274142],[-105.068154,39.274068],[-105.068081,39.273974],[-105.06801,39.273889],[-105.067954,39.273814],[-105.067905,39.27376],[-105.067866,39.273711],[-105.067854,39.273657],[-105.067847,39.273576],[-105.067806,39.273508],[-105.067742,39.273459],[-105.067681,39.273412],[-105.067622,39.273347],[-105.067568,39.273271],[-105.067524,39.2732],[-105.06749,39.273133],[-105.067444,39.273063],[-105.067403,39.272996],[-105.067369,39.272915],[-105.067353,39.272832],[-105.067355,39.272763],[-105.067372,39.272692],[-105.067403,39.272603],[-105.067396,39.272533],[-105.067373,39.27248],[-105.067348,39.272434],[-105.067331,39.272353],[-105.06735,39.272257],[-105.067355,39.272178],[-105.067368,39.272085],[-105.067368,39.272057],[-105.067372,39.27199],[-105.067383,39.271917],[-105.067412,39.271838],[-105.067449,39.271765],[-105.0675,39.27169],[-105.067564,39.271619],[-105.067634,39.27156],[-105.067696,39.271508],[-105.067725,39.271425],[-105.067747,39.271333],[-105.06776,39.271237],[-105.067787,39.27114],[-105.067825,39.271054],[-105.067863,39.270971],[-105.067893,39.270877],[-105.067939,39.270793],[-105.068013,39.27072],[-105.068111,39.270664],[-105.068237,39.270609],[-105.068368,39.270556],[-105.068488,39.270506],[-105.068583,39.270459],[-105.068637,39.270417],[-105.068658,39.270366],[-105.068613,39.270236],[-105.068552,39.270155],[-105.06847,39.270072],[-105.068417,39.26998],[-105.068381,39.269899],[-105.068405,39.269796],[-105.068477,39.269694],[-105.068561,39.269611],[-105.068648,39.269548],[-105.06873,39.2695],[-105.068829,39.269441],[-105.068928,39.269387],[-105.069026,39.269329],[-105.069118,39.269253],[-105.069178,39.269172],[-105.069192,39.269104],[-105.069204,39.269017],[-105.069209,39.268921],[-105.069195,39.268815],[-105.069171,39.268704],[-105.069154,39.268586],[-105.069119,39.268481],[-105.069117,39.26837],[-105.069098,39.268263],[-105.069081,39.26816],[-105.06905,39.268084],[-105.069016,39.267996],[-105.068983,39.267881],[-105.068987,39.267751],[-105.068999,39.267646],[-105.069107,39.267419],[-105.06915,39.267305],[-105.069131,39.266835],[-105.069145,39.266751],[-105.069102,39.266671],[-105.069073,39.266587],[-105.069038,39.266502],[-105.068951,39.266445],[-105.068892,39.266391],[-105.068811,39.266365],[-105.068754,39.266323],[-105.068691,39.266274],[-105.068618,39.266213],[-105.068528,39.266149],[-105.068437,39.266091],[-105.068363,39.266051],[-105.068328,39.266023],[-105.068312,39.265993],[-105.068293,39.26596],[-105.068271,39.265919],[-105.068265,39.265862],[-105.068292,39.265781],[-105.068329,39.265691],[-105.068333,39.265623],[-105.068297,39.265516],[-105.068273,39.265473],[-105.068206,39.265371],[-105.068142,39.265266],[-105.068059,39.265177],[-105.067968,39.265088],[-105.067888,39.265019],[-105.067827,39.264968],[-105.067762,39.264911],[-105.067679,39.264853],[-105.067569,39.264788],[-105.067467,39.264723],[-105.067389,39.264658],[-105.067335,39.264617],[-105.067326,39.26461],[-105.067234,39.264523],[-105.067141,39.264449],[-105.067061,39.264358],[-105.066972,39.26427],[-105.066872,39.264185],[-105.066759,39.264107],[-105.066647,39.264026],[-105.06653,39.263962],[-105.066408,39.263907],[-105.0663,39.263837],[-105.066217,39.263758],[-105.066144,39.263692],[-105.066063,39.263642],[-105.065949,39.263607],[-105.065822,39.263597],[-105.065698,39.263604],[-105.065559,39.263601],[-105.065439,39.263575],[-105.065371,39.263521],[-105.065308,39.263426],[-105.065231,39.263345],[-105.06517,39.263268],[-105.065125,39.263225],[-105.065094,39.263208],[-105.065036,39.2632],[-105.065024,39.263202],[-105.064999,39.263207],[-105.064928,39.263223],[-105.064853,39.263236],[-105.064785,39.263248],[-105.064677,39.263294],[-105.0646,39.263276],[-105.064509,39.263271],[-105.064433,39.26328],[-105.064368,39.263239],[-105.064311,39.263162],[-105.064238,39.2631],[-105.064174,39.263042],[-105.064106,39.262998],[-105.064018,39.262981],[-105.063946,39.262945],[-105.063887,39.262911],[-105.063856,39.262856],[-105.063797,39.262812],[-105.063755,39.262748],[-105.063732,39.262677],[-105.063718,39.262636],[-105.06375,39.262553],[-105.063755,39.262486],[-105.063738,39.262439],[-105.063687,39.262385],[-105.063612,39.262336],[-105.063515,39.26231],[-105.063425,39.262278],[-105.063338,39.262224],[-105.063257,39.262148],[-105.063181,39.262058],[-105.06311,39.26196],[-105.063047,39.261867],[-105.062979,39.261776],[-105.062876,39.2617],[-105.062756,39.261634],[-105.062644,39.261593],[-105.062508,39.261579],[-105.062371,39.261584],[-105.062245,39.261593],[-105.062129,39.261605],[-105.062044,39.261618],[-105.061941,39.261635],[-105.061844,39.261653],[-105.061749,39.261701],[-105.061673,39.261765],[-105.061591,39.261834],[-105.061499,39.261876],[-105.061442,39.261902],[-105.061211,39.26198],[-105.061119,39.262003],[-105.061063,39.262036],[-105.060971,39.26208],[-105.060877,39.262094],[-105.060765,39.262092],[-105.060655,39.262113],[-105.060497,39.262162],[-105.06043,39.262194],[-105.060325,39.26223],[-105.060214,39.262242],[-105.0601,39.262249],[-105.059973,39.262254],[-105.059874,39.262258],[-105.059777,39.262263],[-105.059692,39.262249],[-105.059602,39.262263],[-105.059561,39.262267],[-105.05956,39.262267],[-105.059446,39.262302],[-105.059409,39.26231],[-105.059316,39.262335],[-105.059268,39.262354],[-105.059182,39.262404],[-105.059093,39.262466],[-105.059007,39.262511],[-105.058903,39.262555],[-105.058802,39.262588],[-105.058696,39.26262],[-105.05859,39.262651],[-105.058477,39.262673],[-105.058365,39.262685],[-105.058264,39.26268],[-105.05815,39.262688],[-105.058056,39.262682],[-105.057972,39.262668],[-105.0579,39.262657],[-105.057839,39.262648],[-105.057776,39.262643]],"type":"LineString"},"properties":{"access_status":"unknown","camping_permission":"unknown","evidence":0,"id":"usfs-road-13597610","name":"WATSON PARK","source_route_id":"5831010465"},"type":"Feature"},{"geometry":{"coordinates":[[-105.094507,39.290649],[-105.094373,39.290542],[-105.09415,39.290331],[-105.094007,39.290196],[-105.09365,39.289992],[-105.093555,39.289923],[-105.093394,39.289807],[-105.093161,39.289627],[-105.092935,39.289497],[-105.092725,39.289263],[-105.092435,39.289014],[-105.092394,39.28868],[-105.092375,39.288423]],"type":"LineString"},"properties":{"access_status":"unknown","camping_permission":"unknown","evidence":0,"id":"usfs-road-13597611","name":"DUTCH FRED","source_route_id":"5836010465"},"type":"Feature"},{"geometry":{"coordinates":[[-105.122958,39.367959],[-105.122961,39.367948],[-105.123022,39.367739],[-105.123064,39.367642],[-105.123135,39.367449],[-105.123189,39.367315],[-105.123228,39.367218],[-105.123298,39.366877],[-105.123372,39.36633],[-105.123569,39.36612],[-105.123729,39.365956],[-105.123852,39.365855],[-105.123976,39.365753],[-105.124128,39.365674],[-105.124288,39.365617],[-105.124499,39.365612],[-105.124673,39.365634],[-105.124899,39.365673],[-105.125088,39.365735],[-105.125248,39.365802],[-105.125531,39.365887],[-105.125786,39.365982],[-105.125967,39.366016],[-105.126062,39.366072],[-105.126164,39.366151],[-105.126201,39.366191],[-105.12628,39.366275],[-105.126382,39.366394],[-105.126528,39.366439],[-105.126724,39.366472],[-105.126742,39.366474],[-105.126949,39.366489],[-105.127017,39.366489],[-105.127095,39.366489],[-105.127276,39.366432],[-105.127342,39.366398],[-105.127458,39.366336],[-105.127581,39.366274],[-105.127756,39.366228],[-105.127823,39.366238],[-105.127908,39.366251],[-105.128075,39.366228],[-105.128199,39.366189],[-105.128286,39.366132],[-105.128314,39.366132],[-105.128489,39.366132],[-105.128758,39.366143],[-105.128955,39.366193],[-105.129018,39.366228],[-105.129078,39.366261],[-105.129296,39.366283],[-105.129302,39.366284],[-105.129493,39.366306],[-105.129649,39.366313]],"type":"LineString"},"properties":{"access_status":"unknown","camping_permission":"unknown","evidence":0,"id":"usfs-road-13597612","name":"ARCHERY RANGE","source_route_id":"5857010465"},"type":"Feature"},{"geometry":{"coordinates":[[-105.095977,39.233217],[-105.096003,39.233278],[-105.096052,39.233421],[-105.096126,39.233536],[-105.096204,39.233665],[-105.09625,39.233783],[-105.096263,39.233904],[-105.096221,39.234049],[-105.096172,39.234184],[-105.096132,39.234316],[-105.096121,39.234425],[-105.096139,39.234527],[-105.096184,39.234614],[-105.096287,39.234664],[-105.096386,39.234705],[-105.096445,39.234743],[-105.096487,39.234819],[-105.096458,39.234893],[-105.096385,39.234952],[-105.096312,39.234998],[-105.096238,39.235046],[-105.096147,39.235119],[-105.09608,39.235219],[-105.096034,39.235324],[-105.095998,39.235416],[-105.095956,39.23552],[-105.095952,39.235624],[-105.09596,39.23571],[-105.095916,39.235782],[-105.09584,39.235848],[-105.095774,39.2359],[-105.095729,39.235963],[-105.095738,39.236043],[-105.095826,39.236102],[-105.095968,39.236119],[-105.096112,39.236133],[-105.096244,39.236151],[-105.096347,39.236166],[-105.096391,39.236207],[-105.096355,39.236281],[-105.096297,39.236366],[-105.096191,39.236451],[-105.096081,39.236541],[-105.095981,39.236639],[-105.095885,39.236752],[-105.09577,39.236857],[-105.095673,39.236955],[-105.095589,39.23707],[-105.095497,39.237175],[-105.095421,39.237276],[-105.095374,39.237388],[-105.09538,39.237506],[-105.095335,39.237613],[-105.09524,39.23773],[-105.095174,39.237848],[-105.095111,39.237967],[-105.095039,39.238085],[-105.094955,39.238205],[-105.09487,39.23833],[-105.094794,39.238456],[-105.09474,39.238589],[-105.094708,39.238713],[-105.094716,39.238818],[-105.094739,39.238904],[-105.094717,39.238996],[-105.094671,39.239072],[-105.094599,39.239138],[-105.094516,39.239202],[-105.09442,39.239269],[-105.094317,39.239342],[-105.09422,39.239416],[-105.094139,39.239488],[-105.09408,39.239553],[-105.094032,39.239599],[-105.09398,39.239654],[-105.093948,39.239766],[-105.093826,39.240266],[-105.093812,39.240298],[-105.093676,39.240641],[-105.093657,39.240698],[-105.0936,39.241068],[-105.093596,39.241126],[-105.093537,39.241342],[-105.093512,39.241509],[-105.093494,39.241567],[-105.093456,39.241675],[-105.093408,39.241771],[-105.09324,39.242202],[-105.093138,39.24239],[-105.092952,39.242476],[-105.092855,39.242601],[-105.092431,39.242772],[-105.092329,39.242828],[-105.092222,39.242847],[-105.092046,39.242852],[-105.09191,39.242985],[-105.091822,39.243188],[-105.091802,39.243274],[-105.091759,39.243435],[-105.091742,39.243505],[-105.09173,39.243553],[-105.091743,39.243576],[-105.091748,39.243628],[-105.091777,39.243726],[-105.091797,39.243844],[-105.091806,39.243968],[-105.091808,39.244099],[-105.091816,39.244226],[-105.091826,39.244353],[-105.091841,39.244475],[-105.091861,39.244599],[-105.09186,39.244716],[-105.091844,39.244824],[-105.091822,39.244945],[-105.091846,39.245195],[-105.091869,39.245325],[-105.091886,39.245444],[-105.091873,39.245562],[-105.091849,39.245677],[-105.091817,39.245784],[-105.091771,39.245878],[-105.091734,39.24594],[-105.091708,39.246009],[-105.091701,39.246093],[-105.09171,39.24617],[-105.091705,39.246205],[-105.091739,39.246269],[-105.091778,39.246355],[-105.091818,39.246473],[-105.091834,39.246508],[-105.09182,39.246601],[-105.09181,39.246689],[-105.091816,39.246762],[-105.091825,39.24719],[-105.091812,39.247304],[-105.091828,39.247423],[-105.091833,39.247536],[-105.091828,39.247662],[-105.091823,39.247695],[-105.091812,39.24778],[-105.091771,39.247927],[-105.091708,39.248045],[-105.091657,39.248135],[-105.091634,39.248174],[-105.091614,39.248212],[-105.091566,39.248299],[-105.09152,39.248391],[-105.091466,39.248506],[-105.091415,39.248636],[-105.09138,39.248766],[-105.091362,39.248891],[-105.091356,39.249002],[-105.091351,39.249119],[-105.091349,39.249169],[-105.091339,39.249246],[-105.091302,39.249359],[-105.091214,39.249489],[-105.091086,39.249606],[-105.09095,39.249716],[-105.0908,39.249814],[-105.090632,39.249897],[-105.0905,39.249956],[-105.090465,39.249974],[-105.090457,39.249978],[-105.090402,39.250012],[-105.090357,39.250044],[-105.090311,39.250079],[-105.090242,39.250176],[-105.090175,39.250275],[-105.090119,39.250357],[-105.090069,39.250439],[-105.09002,39.250525],[-105.089994,39.250598],[-105.089958,39.250697],[-105.089885,39.250809],[-105.089802,39.250924],[-105.089706,39.251025],[-105.089638,39.25111],[-105.089572,39.2512],[-105.089505,39.251287],[-105.089467,39.251336],[-105.089462,39.251343],[-105.089419,39.251399],[-105.089393,39.251432],[-105.089335,39.251501],[-105.089274,39.251556],[-105.089195,39.251612],[-105.089133,39.251684],[-105.089084,39.251778],[-105.089053,39.251862],[-105.089042,39.251893],[-105.089009,39.251991],[-105.088965,39.252097],[-105.088931,39.252182],[-105.088886,39.252267],[-105.088857,39.252334],[-105.08883,39.252401],[-105.088794,39.252459],[-105.088723,39.252488],[-105.088618,39.252502],[-105.088519,39.252512],[-105.088422,39.252527],[-105.088328,39.252562],[-105.088237,39.252586],[-105.088145,39.252626],[-105.088092,39.252653],[-105.08808,39.252659],[-105.088051,39.252674],[-105.087998,39.252693],[-105.087953,39.252717],[-105.087873,39.252771],[-105.0878,39.252821],[-105.087763,39.252892],[-105.087717,39.25297],[-105.087647,39.253064],[-105.087558,39.253172],[-105.087428,39.25325],[-105.087285,39.253336],[-105.087012,39.253574],[-105.086987,39.253603],[-105.086964,39.25363],[-105.086946,39.253652],[-105.086921,39.253674],[-105.086896,39.253693],[-105.086825,39.253733],[-105.086712,39.253787],[-105.086586,39.253853],[-105.086468,39.253917],[-105.086404,39.253971],[-105.086315,39.25405],[-105.086213,39.254212],[-105.086197,39.25428],[-105.086194,39.254287],[-105.08615,39.254369],[-105.086119,39.2544],[-105.085956,39.254553],[-105.085932,39.254576],[-105.08591,39.254597],[-105.085861,39.254643],[-105.085798,39.254697],[-105.085742,39.254757],[-105.085707,39.254814],[-105.085691,39.254874],[-105.085407,39.255351],[-105.08538,39.255377],[-105.085299,39.255486],[-105.085131,39.255641],[-105.084996,39.255798],[-105.084851,39.256095],[-105.084661,39.25633],[-105.084347,39.256539],[-105.084067,39.256731],[-105.083832,39.256897],[-105.08372,39.256976],[-105.083574,39.257071],[-105.083485,39.257167],[-105.083423,39.257276],[-105.083289,39.257433],[-105.083132,39.257686],[-105.083065,39.257817],[-105.083043,39.257965],[-105.083133,39.258226],[-105.083212,39.258522],[-105.083223,39.258714],[-105.083224,39.258914],[-105.083179,39.259124],[-105.083028,39.259494],[-105.082928,39.259764],[-105.082917,39.259912],[-105.082939,39.260165],[-105.082917,39.260313],[-105.082884,39.260461],[-105.08276,39.260644],[-105.082582,39.260949],[-105.082279,39.261429],[-105.082085,39.261877],[-105.081899,39.262193],[-105.081645,39.262589],[-105.081552,39.262697],[-105.081446,39.262863],[-105.081334,39.262967],[-105.081166,39.263046],[-105.081031,39.263121],[-105.080897,39.263238],[-105.080819,39.263351],[-105.080685,39.263621],[-105.080618,39.263795],[-105.080511,39.263996],[-105.080114,39.26438],[-105.08007,39.264615],[-105.080057,39.264876],[-105.080061,39.26493],[-105.080083,39.26506],[-105.080089,39.2652],[-105.08005,39.265346],[-105.079973,39.265471],[-105.0799,39.2656],[-105.079837,39.265696],[-105.079757,39.265812],[-105.079664,39.266154],[-105.079659,39.266252],[-105.079662,39.266327],[-105.079663,39.266333],[-105.079677,39.266456],[-105.079677,39.266501],[-105.079668,39.266597],[-105.079632,39.266709],[-105.07957,39.266803],[-105.07948,39.266909],[-105.079396,39.267026],[-105.079322,39.267145],[-105.079296,39.267183],[-105.079243,39.267263],[-105.079238,39.26727],[-105.079234,39.267278],[-105.079168,39.267376],[-105.079085,39.267488],[-105.07899,39.267608],[-105.078887,39.267723],[-105.078784,39.267832],[-105.078709,39.26794],[-105.078647,39.268052],[-105.078571,39.268162],[-105.078481,39.268267],[-105.078396,39.268352],[-105.078292,39.26842],[-105.077771,39.268758],[-105.077394,39.269034],[-105.077313,39.26915],[-105.077245,39.269266],[-105.077187,39.269378],[-105.077157,39.269499],[-105.077155,39.269629],[-105.077155,39.269761],[-105.077097,39.269848],[-105.077057,39.269929],[-105.07704,39.270025],[-105.077026,39.270137],[-105.076991,39.270247],[-105.076941,39.270368],[-105.076899,39.270495],[-105.076868,39.270625],[-105.076855,39.270754],[-105.076842,39.270868],[-105.076812,39.270977],[-105.076806,39.271098],[-105.076822,39.271229],[-105.076853,39.271437],[-105.076868,39.271506],[-105.076906,39.27165],[-105.076932,39.27178],[-105.07694,39.27187],[-105.07694,39.271871],[-105.076943,39.271911],[-105.07695,39.271996],[-105.076947,39.27211],[-105.076924,39.272235],[-105.076855,39.272347],[-105.076776,39.272449],[-105.076698,39.272546],[-105.076619,39.272648],[-105.076546,39.272739],[-105.076506,39.272777],[-105.076454,39.272837],[-105.076425,39.272873],[-105.076355,39.27296],[-105.07627,39.273078],[-105.076161,39.273229],[-105.076033,39.273387],[-105.075908,39.273522],[-105.075788,39.273661],[-105.075683,39.273792],[-105.075594,39.273913],[-105.0755,39.274034],[-105.075411,39.274136],[-105.075311,39.274229],[-105.075226,39.274355],[-105.075153,39.274513],[-105.075054,39.27467],[-105.074946,39.274821],[-105.074856,39.274969],[-105.074794,39.275107],[-105.074745,39.275237],[-105.074714,39.275367],[-105.074684,39.275503],[-105.074628,39.275622],[-105.074545,39.275734],[-105.074452,39.275848],[-105.074375,39.275989],[-105.074318,39.27616],[-105.074251,39.276328],[-105.074181,39.276452],[-105.074099,39.276575],[-105.074001,39.276736],[-105.0739,39.276909],[-105.073748,39.277197],[-105.073652,39.27732],[-105.073541,39.277399],[-105.073434,39.277472],[-105.073355,39.277556],[-105.073309,39.277632],[-105.073284,39.277712],[-105.073259,39.277824],[-105.073199,39.27795],[-105.073085,39.278054],[-105.072942,39.278131],[-105.072819,39.278199],[-105.07274,39.278247],[-105.072644,39.278303],[-105.072568,39.278389],[-105.072516,39.278504],[-105.072464,39.278607],[-105.072405,39.278679],[-105.072373,39.278752],[-105.072349,39.278839],[-105.072326,39.278951],[-105.072338,39.279066],[-105.072374,39.279176],[-105.072416,39.279279],[-105.072421,39.279387],[-105.072431,39.279478],[-105.072417,39.279595],[-105.072391,39.279712],[-105.072366,39.279831],[-105.072357,39.279963],[-105.072377,39.280091],[-105.072396,39.280209],[-105.072388,39.280267],[-105.072383,39.280277],[-105.072251,39.280551],[-105.072172,39.280652],[-105.072073,39.280781],[-105.071512,39.28154],[-105.071226,39.281757],[-105.07113,39.281801],[-105.071027,39.281829],[-105.070931,39.281843],[-105.070831,39.281839],[-105.07071,39.281824],[-105.070562,39.2818],[-105.070392,39.281773],[-105.070229,39.28176],[-105.070086,39.281767],[-105.069953,39.281773],[-105.06983,39.281778],[-105.069684,39.281772],[-105.069518,39.28178],[-105.069343,39.281806],[-105.069192,39.281844],[-105.069087,39.281882],[-105.069002,39.281925],[-105.068956,39.28195],[-105.06895,39.281953]],"type":"LineString"},"properties":{"access_status":"unknown","camping_permission":"unknown","evidence":0,"id":"usfs-road-13597675","name":"JACKSON CREEK SOUTH","source_route_id":"5826010465"},"type":"Feature"},{"geometry":{"coordinates":[[-105.054659,39.322929],[-105.054806,39.322776],[-105.054952,39.322649],[-105.055081,39.322526],[-105.055192,39.322376],[-105.055309,39.322235],[-105.055373,39.322168],[-105.055414,39.32205],[-105.055412,39.321991],[-105.055408,39.321886],[-105.055402,39.321768],[-105.055414,39.321641],[-105.055484,39.321546],[-105.055624,39.3215],[-105.055699,39.321472],[-105.055829,39.321423],[-105.055952,39.321345],[-105.056086,39.321264],[-105.056198,39.321164],[-105.056235,39.321135],[-105.056444,39.320973],[-105.056608,39.320818],[-105.056707,39.320691],[-105.056859,39.3205],[-105.056871,39.320399],[-105.056935,39.320304],[-105.057052,39.320235],[-105.057227,39.320176],[-105.057368,39.320099],[-105.057473,39.320008],[-105.057537,39.319849],[-105.05759,39.319713],[-105.057654,39.319608],[-105.057701,39.319463],[-105.057694,39.319368],[-105.057689,39.319299],[-105.05763,39.319158],[-105.057577,39.31909],[-105.057554,39.319045],[-105.057636,39.319031],[-105.057739,39.319049],[-105.057788,39.319058],[-105.058022,39.319081],[-105.058244,39.319103],[-105.058314,39.319099],[-105.058344,39.319008],[-105.058342,39.319003],[-105.058308,39.318876],[-105.058308,39.318856],[-105.058308,39.318785],[-105.058308,39.318708],[-105.058466,39.318653],[-105.058548,39.318631],[-105.058659,39.318585],[-105.058741,39.318476],[-105.058723,39.318385],[-105.058671,39.318226],[-105.058589,39.318094],[-105.058507,39.317979],[-105.058452,39.317907],[-105.058389,39.317825],[-105.058372,39.317775],[-105.058468,39.317779],[-105.058588,39.317784],[-105.058752,39.317802],[-105.058887,39.317811],[-105.058998,39.317802],[-105.058969,39.317743],[-105.058922,39.317606],[-105.058861,39.317505],[-105.058851,39.317488],[-105.058822,39.317402],[-105.058863,39.31737],[-105.058888,39.317374],[-105.059015,39.317393],[-105.059185,39.317374],[-105.059337,39.317342],[-105.059454,39.317283],[-105.059518,39.317179],[-105.059524,39.317065],[-105.0595,39.316961],[-105.059512,39.316865],[-105.059564,39.316743],[-105.059488,39.316602],[-105.059389,39.316525],[-105.059387,39.316436],[-105.059388,39.316371],[-105.059476,39.316361],[-105.059646,39.316361],[-105.05978,39.316343],[-105.059873,39.31631],[-105.059955,39.316205],[-105.060048,39.316087],[-105.060124,39.315983],[-105.0602,39.315864],[-105.060296,39.315767],[-105.060296,39.315707],[-105.060219,39.315614],[-105.060175,39.315537],[-105.060164,39.315473],[-105.060192,39.315393],[-105.06029,39.315397],[-105.06041,39.315354],[-105.060428,39.315183],[-105.060398,39.315074],[-105.060361,39.315032],[-105.060394,39.314981],[-105.060409,39.314948],[-105.060462,39.314924],[-105.060668,39.314926],[-105.060761,39.314875],[-105.060854,39.314774],[-105.060948,39.31466],[-105.060994,39.314583],[-105.061012,39.31446],[-105.060971,39.314369],[-105.060959,39.314269],[-105.060973,39.314219],[-105.060982,39.314187],[-105.061029,39.314168],[-105.061058,39.314155],[-105.061175,39.314146],[-105.061281,39.314119],[-105.061421,39.314019],[-105.061585,39.313923],[-105.061712,39.313834],[-105.061819,39.313766],[-105.0619,39.313689],[-105.061948,39.313638]],"type":"LineString"},"properties":{"access_status":"unknown","camping_permission":"unknown","evidence":0,"id":"usfs-road-13597738","name":"JACKSON CREEK NORTH","source_route_id":"5829010465"},"type":"Feature"},{"geometry":{"coordinates":[[-105.116641,39.366405],[-105.116851,39.366483],[-105.117049,39.366711],[-105.117057,39.366867],[-105.117067,39.367054],[-105.117067,39.367057],[-105.117081,39.367133],[-105.117119,39.367231],[-105.117157,39.367295],[-105.117208,39.367363],[-105.117265,39.367427],[-105.117312,39.367482],[-105.117312,39.367555],[-105.117323,39.367609],[-105.117347,39.367654],[-105.117347,39.367706],[-105.11736,39.36778],[-105.117429,39.367834],[-105.117524,39.367863],[-105.117619,39.367829],[-105.117751,39.367779],[-105.117903,39.36772],[-105.118054,39.367637],[-105.118193,39.367588],[-105.118345,39.367524],[-105.118509,39.367485],[-105.118673,39.36746],[-105.118825,39.367435],[-105.118957,39.367406],[-105.119052,39.367337],[-105.119311,39.367248],[-105.119343,39.367111],[-105.119447,39.367057],[-105.119613,39.366969],[-105.11979,39.366969],[-105.120055,39.367086],[-105.120333,39.367071],[-105.120497,39.366987],[-105.120643,39.366933],[-105.120775,39.366938],[-105.120902,39.366964],[-105.120906,39.366964],[-105.121014,39.367001],[-105.121153,39.367082],[-105.121212,39.367127],[-105.121258,39.36719],[-105.121316,39.367307],[-105.121328,39.367406],[-105.12134,39.367505],[-105.12134,39.367586],[-105.121352,39.367659],[-105.121387,39.367704],[-105.121422,39.367749],[-105.12148,39.367785],[-105.121573,39.367812],[-105.121865,39.367888],[-105.122004,39.367902],[-105.122124,39.367907],[-105.122288,39.367946],[-105.122414,39.367936],[-105.122566,39.367941],[-105.122898,39.367935],[-105.122957,39.367959],[-105.122958,39.367959],[-105.122957,39.36796],[-105.122835,39.368158],[-105.122776,39.368262]],"type":"LineString"},"properties":{"access_status":"unknown","camping_permission":"unknown","evidence":0,"id":"usfs-road-13597739","name":"RUSSELL RIDGE","source_route_id":"5852010465"},"type":"Feature"},{"geometry":{"coordinates":[[[-105.088051,39.252674],[-105.08796,39.252386],[-105.087976,39.252348],[-105.088026,39.252273],[-105.088105,39.25217],[-105.088158,39.252121],[-105.088231,39.252048],[-105.088311,39.251966],[-105.0884,39.25189],[-105.088488,39.251822],[-105.088557,39.251761],[-105.088596,39.251704],[-105.088631,39.25164],[-105.088659,39.25154],[-105.088686,39.251491],[-105.088921,39.251182],[-105.088989,39.251058],[-105.089074,39.250913]],[[-105.089074,39.250913],[-105.089146,39.250832],[-105.089246,39.250744],[-105.089359,39.250648],[-105.089482,39.250539],[-105.089527,39.250478],[-105.089532,39.250392],[-105.08949,39.250332],[-105.089448,39.250304],[-105.089385,39.250281],[-105.089282,39.2503],[-105.089219,39.250347],[-105.089187,39.250395],[-105.089177,39.25041],[-105.089148,39.25056],[-105.089106,39.250722],[-105.089074,39.250913]]],"type":"MultiLineString"},"properties":{"access_status":"unknown","camping_permission":"unknown","evidence":0,"id":"usfs-road-13597860","name":"JACKSON CREEK CG","source_route_id":"5828010465"},"type":"Feature"},{"geometry":{"coordinates":[[-105.178984,39.223365],[-105.178907,39.223407],[-105.178836,39.223446],[-105.178648,39.223426],[-105.17839,39.223251],[-105.177954,39.222848],[-105.177765,39.222693],[-105.177712,39.22253],[-105.177706,39.222167],[-105.177721,39.221938],[-105.177647,39.221726],[-105.177505,39.221551],[-105.177258,39.221421],[-105.176875,39.221373],[-105.176584,39.221328],[-105.176133,39.221207],[-105.175802,39.221097],[-105.175364,39.220935],[-105.17496,39.220817],[-105.174616,39.220711],[-105.174123,39.220524],[-105.173819,39.220427],[-105.173651,39.220317],[-105.173603,39.220146],[-105.173613,39.220024],[-105.173555,39.219971],[-105.173414,39.219959],[-105.173241,39.22002],[-105.172885,39.220131],[-105.172693,39.220208],[-105.172526,39.220225],[-105.172393,39.220159],[-105.172384,39.220095],[-105.172436,39.220029],[-105.172441,39.219899],[-105.172341,39.219801],[-105.172168,39.219728],[-105.171903,39.219712],[-105.171389,39.219635],[-105.171001,39.219575],[-105.170841,39.219595],[-105.170099,39.219678],[-105.169774,39.219658],[-105.169549,39.219715],[-105.169363,39.219708],[-105.169158,39.219614],[-105.16878,39.219488],[-105.168466,39.219472],[-105.168443,39.219467]],"type":"LineString"},"properties":{"access_status":"unknown","camping_permission":"unknown","evidence":0,"id":"usfs-road-13597974","name":"NORTH RAINBOW FALLS","source_route_id":"5795010465"},"type":"Feature"},{"geometry":{"coordinates":[[-105.18704,39.327726],[-105.187175,39.327794],[-105.187188,39.327857],[-105.187155,39.327952],[-105.187081,39.32801],[-105.186979,39.328026],[-105.18687,39.328036]],"type":"LineString"},"properties":{"access_status":"unknown","camping_permission":"unknown","evidence":0,"id":"usfs-road-13608790","name":"SCRAGGY VIEW PG","source_route_id":"5774010465"},"type":"Feature"},{"geometry":{"coordinates":[[-105.178821,39.342678],[-105.178901,39.342679],[-105.178979,39.34269],[-105.179043,39.342743],[-105.179043,39.342826],[-105.179038,39.342925],[-105.178975,39.343],[-105.178878,39.343061],[-105.178731,39.343069],[-105.178673,39.343064]],"type":"LineString"},"properties":{"access_status":"unknown","camping_permission":"unknown","evidence":0,"id":"usfs-road-13608793","name":"WILLOW BEND PG","source_route_id":"5775010465"},"type":"Feature"},{"geometry":{"coordinates":[[[-105.089854,39.149293],[-105.089971,39.14931],[-105.090002,39.149318],[-105.090038,39.149315],[-105.090078,39.149321],[-105.090121,39.149322],[-105.09016,39.14932],[-105.090193,39.149319]],[[-105.090193,39.149319],[-105.090226,39.149311],[-105.090257,39.149305],[-105.090287,39.149302],[-105.090328,39.149302],[-105.090382,39.149312],[-105.09042,39.149309],[-105.090442,39.149296],[-105.090475,39.149293],[-105.090501,39.14929],[-105.090535,39.149299],[-105.090562,39.149297],[-105.090581,39.149292],[-105.090609,39.14929],[-105.09064,39.149295],[-105.090679,39.149308],[-105.090714,39.149307],[-105.090774,39.149318],[-105.090817,39.149318],[-105.090837,39.149319],[-105.090858,39.14932],[-105.090879,39.149319],[-105.090916,39.149322],[-105.090934,39.149326],[-105.09095,39.149333],[-105.090951,39.149337],[-105.090968,39.149357],[-105.090973,39.149372],[-105.090973,39.149382],[-105.090968,39.149396],[-105.090959,39.149418],[-105.090943,39.149431],[-105.090925,39.149442],[-105.090901,39.149446],[-105.090877,39.149451],[-105.090854,39.149453],[-105.090828,39.149445],[-105.090801,39.149436],[-105.090743,39.149431],[-105.09069,39.149435],[-105.090664,39.149444],[-105.090635,39.149442],[-105.0906,39.149436],[-105.09057,39.14943],[-105.090543,39.149423],[-105.090513,39.149424],[-105.090482,39.149423],[-105.090446,39.14943],[-105.090421,39.149424],[-105.090397,39.149414],[-105.090379,39.149392],[-105.09036,39.149388],[-105.090274,39.149362],[-105.090263,39.149338],[-105.09024,39.149328],[-105.090193,39.149319]]],"type":"MultiLineString"},"properties":{"access_status":"unknown","camping_permission":"unknown","evidence":0,"id":"usfs-road-13608913","name":"909","source_route_id":"250209010602"},"type":"Feature"},{"geometry":{"coordinates":[[-105.031381,39.178688],[-105.03149,39.178777],[-105.033122,39.180568],[-105.033121,39.180608],[-105.033113,39.180612]],"type":"LineString"},"properties":{"access_status":"unknown","camping_permission":"unknown","evidence":0,"id":"usfs-road-13608919","name":"921","source_route_id":"250231010602"},"type":"Feature"},{"geometry":{"coordinates":[[-105.031285,39.175302],[-105.031257,39.175313],[-105.031102,39.175378],[-105.03067,39.175512],[-105.030676,39.175523],[-105.030692,39.175547],[-105.030702,39.175573],[-105.030723,39.175603]],"type":"LineString"},"properties":{"access_status":"unknown","camping_permission":"unknown","evidence":0,"id":"usfs-road-13608920","name":"922","source_route_id":"250233010602"},"type":"Feature"},{"geometry":{"coordinates":[[-105.027679,39.172572],[-105.027748,39.172648],[-105.027761,39.172761],[-105.027713,39.172889],[-105.027655,39.172978],[-105.027593,39.173035],[-105.027506,39.173119],[-105.027418,39.173203],[-105.027349,39.173249],[-105.027289,39.173279],[-105.027123,39.173345],[-105.027108,39.173349]],"type":"LineString"},"properties":{"access_status":"unknown","camping_permission":"unknown","evidence":0,"id":"usfs-road-13608921","name":"923","source_route_id":"250234010602"},"type":"Feature"},{"geometry":{"coordinates":[[-105.026694,39.143473],[-105.026568,39.143463],[-105.026462,39.143443],[-105.026308,39.143348],[-105.026224,39.143301],[-105.026205,39.143245],[-105.026195,39.143121],[-105.026337,39.142698],[-105.026408,39.142098],[-105.026397,39.14177],[-105.02639,39.141587],[-105.026362,39.141359],[-105.026294,39.140803],[-105.026292,39.140794],[-105.026266,39.140539],[-105.026296,39.140354],[-105.026351,39.139908],[-105.026354,39.139884],[-105.02636,39.139868],[-105.026365,39.139856],[-105.026374,39.13984],[-105.026385,39.139824],[-105.026402,39.139805],[-105.026462,39.139768],[-105.0265,39.139751],[-105.026543,39.139736],[-105.026589,39.139718],[-105.026636,39.139703],[-105.026685,39.139687],[-105.026729,39.139673],[-105.026767,39.139652],[-105.0268,39.139625],[-105.026828,39.139598],[-105.026854,39.139568],[-105.02688,39.13954],[-105.026912,39.139514],[-105.026954,39.139492],[-105.026977,39.139477],[-105.027093,39.139424],[-105.027097,39.139424],[-105.027133,39.139426]],"type":"LineString"},"properties":{"access_status":"unknown","camping_permission":"unknown","evidence":0,"id":"usfs-road-13608922","name":"924","source_route_id":"250237010602"},"type":"Feature"},{"geometry":{"coordinates":[[[-105.106547,39.145932],[-105.106516,39.146136],[-105.106493,39.146197]],[[-105.106493,39.146197],[-105.1064,39.146248],[-105.106345,39.146328],[-105.1064,39.146379],[-105.106494,39.146357],[-105.106493,39.146303],[-105.106493,39.146197]]],"type":"MultiLineString"},"properties":{"access_status":"unknown","camping_permission":"unknown","evidence":0,"id":"usfs-road-13608976","name":"902","source_route_id":"250195010602"},"type":"Feature"},{"geometry":{"coordinates":[[-105.115084,39.157252],[-105.114931,39.157279],[-105.114866,39.157298],[-105.114756,39.157343],[-105.114712,39.15737],[-105.114569,39.157379]],"type":"LineString"},"properties":{"access_status":"unknown","camping_permission":"unknown","evidence":0,"id":"usfs-road-13608977","name":"904","source_route_id":"250199010602"},"type":"Feature"},{"geometry":{"coordinates":[[-105.104044,39.138418],[-105.104272,39.138572],[-105.10444,39.138764],[-105.104626,39.139073],[-105.104669,39.139135]],"type":"LineString"},"properties":{"access_status":"unknown","camping_permission":"unknown","evidence":0,"id":"usfs-road-13608978","name":"905","source_route_id":"250201010602"},"type":"Feature"},{"geometry":{"coordinates":[[-105.103625,39.141773],[-105.104222,39.141785],[-105.104253,39.141895],[-105.104224,39.141979],[-105.104131,39.142003],[-105.103894,39.142031]],"type":"LineString"},"properties":{"access_status":"unknown","camping_permission":"unknown","evidence":0,"id":"usfs-road-13608979","name":"906","source_route_id":"250203010602"},"type":"Feature"},{"geometry":{"coordinates":[[-105.100927,39.147444],[-105.10094,39.147455],[-105.100955,39.147453],[-105.100974,39.147453],[-105.100982,39.147455],[-105.100988,39.147457],[-105.100996,39.147457],[-105.101035,39.147451],[-105.10107,39.147454],[-105.101109,39.147463],[-105.101151,39.147478],[-105.10124,39.147519],[-105.10128,39.147534],[-105.101322,39.147546],[-105.101361,39.14755],[-105.101416,39.147549],[-105.101447,39.14755],[-105.101478,39.147554],[-105.10151,39.14756],[-105.101542,39.147569],[-105.101574,39.14758],[-105.101606,39.147593],[-105.101638,39.147608],[-105.10167,39.147626],[-105.101735,39.147668],[-105.101801,39.147719],[-105.101866,39.147779],[-105.10193,39.147847],[-105.101954,39.147878],[-105.102004,39.147955],[-105.102029,39.147988],[-105.10208,39.148047],[-105.102123,39.14809],[-105.102164,39.148125],[-105.102206,39.148154],[-105.102239,39.148173],[-105.102269,39.148187],[-105.102289,39.148195],[-105.102313,39.148201],[-105.102417,39.14822],[-105.102438,39.148226],[-105.102456,39.148233],[-105.102479,39.148247],[-105.102527,39.148283],[-105.102551,39.148296],[-105.102573,39.148303],[-105.10263,39.148313],[-105.102655,39.148319],[-105.102674,39.148328],[-105.102718,39.148355],[-105.102739,39.148365],[-105.102756,39.14837],[-105.102778,39.148373],[-105.102856,39.148375],[-105.102883,39.148377],[-105.102905,39.148384],[-105.102913,39.148389],[-105.10292,39.148395],[-105.102926,39.148407],[-105.102934,39.148439],[-105.10294,39.148452],[-105.102953,39.14847],[-105.102971,39.148487],[-105.102991,39.148502],[-105.103012,39.148513],[-105.103026,39.148519],[-105.103041,39.148522],[-105.103077,39.148525],[-105.103114,39.148523],[-105.103202,39.148514],[-105.103249,39.148508],[-105.103357,39.148488],[-105.103408,39.148484],[-105.1035,39.148483],[-105.10356,39.148488],[-105.103586,39.148493],[-105.103608,39.1485],[-105.103627,39.148508],[-105.103644,39.148519],[-105.103672,39.148544],[-105.103682,39.148555],[-105.103688,39.148565],[-105.103689,39.148576],[-105.103687,39.148588],[-105.10366,39.148641],[-105.103656,39.148652],[-105.103656,39.148661],[-105.10366,39.148671],[-105.103667,39.14868],[-105.103677,39.148687],[-105.103691,39.148694],[-105.103724,39.148705],[-105.103802,39.148724],[-105.103835,39.148734],[-105.103864,39.148746],[-105.103886,39.148759],[-105.10391,39.148781],[-105.103917,39.148795],[-105.103921,39.148829],[-105.103929,39.148842],[-105.103942,39.148852],[-105.103953,39.148856],[-105.103959,39.148857],[-105.103966,39.148855],[-105.103995,39.148841],[-105.104007,39.148838],[-105.104017,39.14884],[-105.104027,39.148845],[-105.104066,39.148879],[-105.104076,39.148885],[-105.104086,39.148889],[-105.104125,39.148895],[-105.104136,39.148899],[-105.104146,39.148907],[-105.104182,39.148947],[-105.104192,39.148955],[-105.104202,39.148961],[-105.104228,39.14897],[-105.104271,39.148979],[-105.104334,39.148992],[-105.10437,39.148997],[-105.104402,39.148997],[-105.104428,39.148992],[-105.104456,39.148978],[-105.104482,39.148959],[-105.104493,39.148946],[-105.10451,39.14891],[-105.104522,39.148897],[-105.104539,39.148889],[-105.104559,39.148882],[-105.104567,39.148881]],"type":"LineString"},"properties":{"access_status":"unknown","camping_permission":"unknown","evidence":0,"id":"usfs-road-13608980","name":"908","source_route_id":"250207010602"},"type":"Feature"},{"geometry":{"coordinates":[[-105.108586,39.147914],[-105.108512,39.148116],[-105.108499,39.148507],[-105.108547,39.148697],[-105.108652,39.148786],[-105.108805,39.14892],[-105.108954,39.148983],[-105.109107,39.149061],[-105.109246,39.149143],[-105.109322,39.14927],[-105.109413,39.149374],[-105.109543,39.149456],[-105.109662,39.149508],[-105.109744,39.14953],[-105.109835,39.149522],[-105.109964,39.149448],[-105.109969,39.149444]],"type":"LineString"},"properties":{"access_status":"unknown","camping_permission":"unknown","evidence":0,"id":"usfs-road-13608981","name":"903","source_route_id":"250197010602"},"type":"Feature"},{"geometry":{"coordinates":[[-105.105495,39.142428],[-105.10468,39.142712]],"type":"LineString"},"properties":{"access_status":"unknown","camping_permission":"unknown","evidence":0,"id":"usfs-road-13608982","name":"910","source_route_id":"250211010602"},"type":"Feature"},{"geometry":{"coordinates":[[-105.12136,39.147894],[-105.121188,39.148025],[-105.120801,39.148232],[-105.120641,39.148448],[-105.120614,39.14848]],"type":"LineString"},"properties":{"access_status":"unknown","camping_permission":"unknown","evidence":0,"id":"usfs-road-13609296","name":"901","source_route_id":"250193010602"},"type":"Feature"},{"geometry":{"coordinates":[[-105.103494,39.140916],[-105.103008,39.141179],[-105.102622,39.141533],[-105.102514,39.141564],[-105.102392,39.141527]],"type":"LineString"},"properties":{"access_status":"unknown","camping_permission":"unknown","evidence":0,"id":"usfs-road-13609299","name":"911","source_route_id":"250213010602"},"type":"Feature"},{"geometry":{"coordinates":[[-105.100927,39.143362],[-105.100953,39.143619]],"type":"LineString"},"properties":{"access_status":"unknown","camping_permission":"unknown","evidence":0,"id":"usfs-road-13609922","name":"907","source_route_id":"250205010602"},"type":"Feature"},{"geometry":{"coordinates":[[-105.074215,39.180186],[-105.074238,39.180003],[-105.074238,39.179985],[-105.074226,39.179935],[-105.074188,39.179877],[-105.074178,39.179847]],"type":"LineString"},"properties":{"access_status":"unknown","camping_permission":"unknown","evidence":0,"id":"usfs-road-13610382","name":"913","source_route_id":"250217010602"},"type":"Feature"},{"geometry":{"coordinates":[[-105.103442,39.270084],[-105.103423,39.270004],[-105.103403,39.269908],[-105.103413,39.269828],[-105.103445,39.269754],[-105.103492,39.269704]],"type":"LineString"},"properties":{"access_status":"unknown","camping_permission":"unknown","evidence":0,"id":"usfs-road-13613593","name":"DEVILS HEAD CG SPUR","source_route_id":"9491010465"},"type":"Feature"},{"geometry":{"coordinates":[[-105.130051,39.147611],[-105.130044,39.147783],[-105.130003,39.147933],[-105.129893,39.148035],[-105.129728,39.148143],[-105.129514,39.148224],[-105.12939,39.148342],[-105.12928,39.148433],[-105.129204,39.148482],[-105.12908,39.148487],[-105.128942,39.148488],[-105.128743,39.148516],[-105.128823,39.148621],[-105.128824,39.148805],[-105.128816,39.14899],[-105.128658,39.149561],[-105.128527,39.149873],[-105.128487,39.150121],[-105.128423,39.150687],[-105.128505,39.150935],[-105.128497,39.151215],[-105.128498,39.15139],[-105.128498,39.151394],[-105.128588,39.151539],[-105.128743,39.151666],[-105.128915,39.151781],[-105.129026,39.151835],[-105.129165,39.151918],[-105.129337,39.151956],[-105.129508,39.152038],[-105.129655,39.152133],[-105.129815,39.152267],[-105.129987,39.152489],[-105.130085,39.152655],[-105.130233,39.152852],[-105.130364,39.153004],[-105.130503,39.153182],[-105.13065,39.15329],[-105.130814,39.153404],[-105.131116,39.153557],[-105.131402,39.153633],[-105.131721,39.15376],[-105.132045,39.153933],[-105.132487,39.154194],[-105.132546,39.154219],[-105.132838,39.154346],[-105.133075,39.154479],[-105.133223,39.154644],[-105.133403,39.15481],[-105.13364,39.154943],[-105.133943,39.155127],[-105.134131,39.155267],[-105.134417,39.155476],[-105.134696,39.155781],[-105.134892,39.155934],[-105.13508,39.156088],[-105.135176,39.156167],[-105.13527,39.1565],[-105.135353,39.156701],[-105.135386,39.156944],[-105.135413,39.157172],[-105.135409,39.15729],[-105.135398,39.157517],[-105.135251,39.157531],[-105.135221,39.15754],[-105.134652,39.157539],[-105.13412,39.157552],[-105.133012,39.157541],[-105.132298,39.157555],[-105.13178,39.157612],[-105.131235,39.15769],[-105.130565,39.157835],[-105.129509,39.157961],[-105.129462,39.157963],[-105.129064,39.157983],[-105.128528,39.157976],[-105.127937,39.158019],[-105.127655,39.157991],[-105.127392,39.158034],[-105.127146,39.158078],[-105.126806,39.158142],[-105.126522,39.158199],[-105.126238,39.158249],[-105.126005,39.158319],[-105.125963,39.158332],[-105.125784,39.158366],[-105.125566,39.158463],[-105.125276,39.158508],[-105.125043,39.158577],[-105.124756,39.158572],[-105.124466,39.158532],[-105.124177,39.158555],[-105.123956,39.15857],[-105.123734,39.158548],[-105.123446,39.158548],[-105.123293,39.158522],[-105.123184,39.158534],[-105.123061,39.158511],[-105.122964,39.158416],[-105.122857,39.158318],[-105.122515,39.158179],[-105.122356,39.158155],[-105.122228,39.158149],[-105.122127,39.158149],[-105.12207,39.158151],[-105.121971,39.158146],[-105.121921,39.157981],[-105.121896,39.157761],[-105.121789,39.157585],[-105.121619,39.157356],[-105.121487,39.157155],[-105.121367,39.156972]],"type":"LineString"},"properties":{"access_status":"unknown","camping_permission":"unknown","evidence":0,"id":"usfs-road-13614753","name":"LAURA LANE","source_route_id":"6056010465"},"type":"Feature"},{"geometry":{"coordinates":[[-105.107759,39.275649],[-105.107552,39.275611],[-105.107447,39.275571],[-105.107272,39.275502],[-105.106987,39.275382],[-105.106707,39.275234],[-105.106441,39.275076],[-105.106196,39.274922],[-105.105947,39.274781],[-105.105709,39.274648],[-105.10552,39.274503],[-105.105369,39.274368],[-105.105291,39.274252],[-105.105271,39.274188],[-105.105268,39.27418],[-105.105258,39.27415],[-105.105257,39.274147],[-105.105257,39.274146],[-105.105237,39.274013],[-105.105215,39.273855],[-105.105194,39.273683],[-105.105209,39.273516],[-105.105225,39.273437],[-105.105262,39.273205],[-105.105265,39.273058],[-105.105274,39.272955],[-105.105285,39.2729],[-105.105253,39.27245],[-105.105292,39.272286],[-105.105366,39.272154],[-105.105473,39.272074],[-105.105615,39.272047],[-105.105746,39.272022],[-105.105809,39.271967],[-105.105802,39.271921],[-105.105737,39.271883],[-105.105618,39.271856],[-105.105471,39.271833],[-105.10533,39.271817],[-105.105192,39.271792],[-105.105115,39.271762],[-105.105093,39.27174],[-105.105078,39.271688],[-105.105072,39.271578],[-105.105062,39.271469],[-105.10502,39.271378],[-105.104987,39.271266],[-105.104967,39.27114],[-105.104977,39.27101],[-105.105037,39.2709],[-105.105133,39.270805],[-105.105195,39.270717],[-105.105192,39.27065],[-105.105141,39.270583],[-105.105114,39.270552],[-105.105073,39.270508],[-105.104996,39.270427],[-105.104913,39.270359],[-105.104858,39.27029],[-105.104845,39.270212],[-105.104853,39.27016],[-105.104844,39.270072],[-105.104844,39.270071],[-105.104906,39.269978],[-105.104953,39.269878],[-105.105044,39.269767],[-105.105085,39.269682],[-105.10515,39.269591],[-105.105172,39.269502],[-105.105158,39.269433],[-105.105081,39.2694],[-105.104974,39.269399],[-105.104896,39.269433],[-105.104841,39.269485],[-105.10481,39.269559],[-105.104788,39.269621],[-105.10478,39.26969],[-105.104775,39.269766],[-105.104786,39.269797]],"type":"LineString"},"properties":{"access_status":"unknown","camping_permission":"unknown","evidence":0,"id":"usfs-road-13614873","name":"DEVILS HEAD TH/CG","source_route_id":"6171010465"},"type":"Feature"},{"geometry":{"coordinates":[[-105.105815,39.27955],[-105.105865,39.279624],[-105.105942,39.279679],[-105.106081,39.279758],[-105.106257,39.279858],[-105.106417,39.279999],[-105.106603,39.280135],[-105.106733,39.280242],[-105.10677,39.280272],[-105.106929,39.280403],[-105.107076,39.280522],[-105.10724,39.280595],[-105.107403,39.28065],[-105.107512,39.28072],[-105.107535,39.280814],[-105.107478,39.280915],[-105.107391,39.28102],[-105.107283,39.281151],[-105.107202,39.281278],[-105.107205,39.28137],[-105.107275,39.281449],[-105.107311,39.2815],[-105.107335,39.281548],[-105.107373,39.281661],[-105.107374,39.281668],[-105.107382,39.281756],[-105.10744,39.281826],[-105.107474,39.281835],[-105.107529,39.281848],[-105.107622,39.281844],[-105.107698,39.281803],[-105.107718,39.281743],[-105.107702,39.281677],[-105.107647,39.281626],[-105.107555,39.2816],[-105.107496,39.281583],[-105.107394,39.281548],[-105.107325,39.281509]],"type":"LineString"},"properties":{"access_status":"unknown","camping_permission":"unknown","evidence":0,"id":"usfs-road-13614874","name":"CABIN RIDGE PG","source_route_id":"6172010465"},"type":"Feature"},{"geometry":{"coordinates":[[-105.085752,39.325752],[-105.085606,39.325861],[-105.085517,39.325927],[-105.085413,39.326015],[-105.085302,39.326101],[-105.085223,39.326182],[-105.085214,39.32628],[-105.08528,39.326384],[-105.085401,39.326478],[-105.085593,39.326608]],"type":"LineString"},"properties":{"access_status":"unknown","camping_permission":"unknown","evidence":0,"id":"usfs-road-13614875","name":"FLAT ROCKS OVERLOOK","source_route_id":"6173010465"},"type":"Feature"},{"geometry":{"coordinates":[[-105.031516,39.175675],[-105.031717,39.176045],[-105.031681,39.176379],[-105.031246,39.177051],[-105.031169,39.1773],[-105.031245,39.17774],[-105.031372,39.178284],[-105.031385,39.178674],[-105.031316,39.17891],[-105.030987,39.179469],[-105.0309,39.179686],[-105.030933,39.1809],[-105.030985,39.181172],[-105.031136,39.181464],[-105.031788,39.181968],[-105.032691,39.182643],[-105.032966,39.182772],[-105.033366,39.182899],[-105.034015,39.183433],[-105.034356,39.183576],[-105.034974,39.183716],[-105.035174,39.183727]],"type":"LineString"},"properties":{"access_status":"unknown","camping_permission":"unknown","evidence":0,"id":"usfs-road-13614876","name":"RAMPART RANGE","source_route_id":"6196010465"},"type":"Feature"},{"geometry":{"coordinates":[[-105.106633,39.135893],[-105.106552,39.135914],[-105.10649,39.135915],[-105.106378,39.135915],[-105.106218,39.135915],[-105.106047,39.135912],[-105.105873,39.135889],[-105.105703,39.135843],[-105.105548,39.135777],[-105.105416,39.135698],[-105.105291,39.135612],[-105.105156,39.135534],[-105.105021,39.135483],[-105.10492,39.13547],[-105.104881,39.135464],[-105.104723,39.135464],[-105.104552,39.135464],[-105.104389,39.135458],[-105.10425,39.135454],[-105.10414,39.135455],[-105.104041,39.13546],[-105.103918,39.135476],[-105.10381,39.135514],[-105.103689,39.135575],[-105.103578,39.135664],[-105.103453,39.135746],[-105.103303,39.135822],[-105.103143,39.135902],[-105.102987,39.135982],[-105.102849,39.136052],[-105.102739,39.136115],[-105.102688,39.13621],[-105.102696,39.136237],[-105.102717,39.136306],[-105.102862,39.136342],[-105.103035,39.13636],[-105.103199,39.136352],[-105.103352,39.136329],[-105.103506,39.136284],[-105.103629,39.136163],[-105.103756,39.136083],[-105.103907,39.136075],[-105.104066,39.136126],[-105.1042,39.136195],[-105.104306,39.136287],[-105.104371,39.136402],[-105.10441,39.136524],[-105.104407,39.136648],[-105.104388,39.136711],[-105.104372,39.136766],[-105.104335,39.13688],[-105.104284,39.136988],[-105.104237,39.137086],[-105.104213,39.137136],[-105.104178,39.137262],[-105.104135,39.137369],[-105.104134,39.137374],[-105.104098,39.137503],[-105.104072,39.137649],[-105.104063,39.137772],[-105.104078,39.137886],[-105.10409,39.138007],[-105.104111,39.138156],[-105.104103,39.138297],[-105.104066,39.138392],[-105.104044,39.138418],[-105.104013,39.138453],[-105.103923,39.138501],[-105.103828,39.138537],[-105.103792,39.138563],[-105.103767,39.138591],[-105.103739,39.138659],[-105.103736,39.138668],[-105.103714,39.138731],[-105.10369,39.138849],[-105.103699,39.138962],[-105.103696,39.139076],[-105.103688,39.139179],[-105.103668,39.139287],[-105.103642,39.139393],[-105.10362,39.139489],[-105.10361,39.139594],[-105.103612,39.139716],[-105.103614,39.139853],[-105.103611,39.139986],[-105.103596,39.140101],[-105.103583,39.140198],[-105.103563,39.14028],[-105.103544,39.140347],[-105.103531,39.140451],[-105.103522,39.140594],[-105.103514,39.140717],[-105.103501,39.140821],[-105.103499,39.140868],[-105.103493,39.140913],[-105.103507,39.140995],[-105.10349,39.141129],[-105.103489,39.141287],[-105.103516,39.141438],[-105.103567,39.141578],[-105.103608,39.141714],[-105.103645,39.141844],[-105.103662,39.141908],[-105.103704,39.142041],[-105.103706,39.142053],[-105.103716,39.142092],[-105.103731,39.142215],[-105.103673,39.142307],[-105.103561,39.142359],[-105.103421,39.142394],[-105.103267,39.142433],[-105.103097,39.142466],[-105.102916,39.142508],[-105.102754,39.14257],[-105.102624,39.142643],[-105.102616,39.142652],[-105.102604,39.142664],[-105.102508,39.142764],[-105.10241,39.142867],[-105.102318,39.142943],[-105.102205,39.142998],[-105.102073,39.143053],[-105.101946,39.143095],[-105.101813,39.143139],[-105.101675,39.143179],[-105.101537,39.143215],[-105.101403,39.14325],[-105.101336,39.143265],[-105.101144,39.143312],[-105.101031,39.143338],[-105.100927,39.143362],[-105.100807,39.143391],[-105.100649,39.143438],[-105.10048,39.143485],[-105.100391,39.143513],[-105.100388,39.143514],[-105.100308,39.143539],[-105.100134,39.143598],[-105.099981,39.143668],[-105.09971,39.143747],[-105.099586,39.143743],[-105.09958,39.143743],[-105.099435,39.143713],[-105.0993,39.143657],[-105.099163,39.143594],[-105.099023,39.143539],[-105.098872,39.143518],[-105.09874,39.143543],[-105.098673,39.143571],[-105.098639,39.143595],[-105.098607,39.143648],[-105.098586,39.143683],[-105.098583,39.143688],[-105.098577,39.143721],[-105.098566,39.143825],[-105.098631,39.143944],[-105.098706,39.144065],[-105.098797,39.144174],[-105.098868,39.14427],[-105.09887,39.144376],[-105.098818,39.144489],[-105.098757,39.144597],[-105.098688,39.144708],[-105.098592,39.144817],[-105.098477,39.144941],[-105.098377,39.14508],[-105.098288,39.145218],[-105.09824,39.145351],[-105.098232,39.145477],[-105.098223,39.145595],[-105.098192,39.145733],[-105.098138,39.145873],[-105.098114,39.146026],[-105.098163,39.146179],[-105.098264,39.146314],[-105.098408,39.1464],[-105.098565,39.146452],[-105.098696,39.146522],[-105.098798,39.146623],[-105.098894,39.146731],[-105.099013,39.146856],[-105.099136,39.146975],[-105.099241,39.147078],[-105.099326,39.14716],[-105.099413,39.147266],[-105.09949,39.147405],[-105.099541,39.147552],[-105.099584,39.147684],[-105.099623,39.147796],[-105.099644,39.147853],[-105.099681,39.147952],[-105.099684,39.14796],[-105.099691,39.147977],[-105.099706,39.148014],[-105.099753,39.148139],[-105.099803,39.148271],[-105.099827,39.148339],[-105.099828,39.148345],[-105.099844,39.148396],[-105.099867,39.148528],[-105.099902,39.148674],[-105.099959,39.148796],[-105.099967,39.148897],[-105.099913,39.14898],[-105.099834,39.149054],[-105.09972,39.149085],[-105.099544,39.14908],[-105.099362,39.149061],[-105.099188,39.149017],[-105.098994,39.148997],[-105.098801,39.148949],[-105.098621,39.148893],[-105.098452,39.148828],[-105.098313,39.148763],[-105.098253,39.148734],[-105.098197,39.148703],[-105.098195,39.148702],[-105.098194,39.148701],[-105.098061,39.14863],[-105.097913,39.148566],[-105.097743,39.148505],[-105.09757,39.148419],[-105.097386,39.148335],[-105.097197,39.14825],[-105.097009,39.148166],[-105.09682,39.148073],[-105.09662,39.147979],[-105.096418,39.147893],[-105.096214,39.147797],[-105.096006,39.1477],[-105.095793,39.147616],[-105.095586,39.147551],[-105.095389,39.147514],[-105.095191,39.147481],[-105.094989,39.147458],[-105.094792,39.147444],[-105.094607,39.147442],[-105.094453,39.147445],[-105.094308,39.147449],[-105.094045,39.147468],[-105.09394,39.147483],[-105.093826,39.147497],[-105.093485,39.147513],[-105.093308,39.147526],[-105.093133,39.147538],[-105.092956,39.147524],[-105.092783,39.147497],[-105.092625,39.147469],[-105.092463,39.147435],[-105.092293,39.147397],[-105.092115,39.147348],[-105.091921,39.147309],[-105.091725,39.147307],[-105.091545,39.147333],[-105.091394,39.147368],[-105.09125,39.147414],[-105.091117,39.14748],[-105.090998,39.147566],[-105.090891,39.147653],[-105.090774,39.147721],[-105.090648,39.147772],[-105.090511,39.147785],[-105.090434,39.14778],[-105.090159,39.147729],[-105.08996,39.147695],[-105.089769,39.147673],[-105.089618,39.147655],[-105.089486,39.147642],[-105.089374,39.147647],[-105.089341,39.147656],[-105.089338,39.147657],[-105.08928,39.147684],[-105.089284,39.14771],[-105.089264,39.14779],[-105.089309,39.147902],[-105.089354,39.147959],[-105.089474,39.148132],[-105.089485,39.148245],[-105.089418,39.148344],[-105.08933,39.148424],[-105.089243,39.148495],[-105.089098,39.148591],[-105.08893,39.148672],[-105.088763,39.148755],[-105.088614,39.148839],[-105.088487,39.148923],[-105.088418,39.149021],[-105.088415,39.149111],[-105.088467,39.14918],[-105.088595,39.149219],[-105.088757,39.149184],[-105.088937,39.149132],[-105.089115,39.149084],[-105.089295,39.149075],[-105.089477,39.149107],[-105.089646,39.149134],[-105.089773,39.149165],[-105.089838,39.149212],[-105.089861,39.149276],[-105.089831,39.14935],[-105.089728,39.1494],[-105.089578,39.149419],[-105.089416,39.149425],[-105.089279,39.149476],[-105.089148,39.149544],[-105.088976,39.149625],[-105.088786,39.149701],[-105.088591,39.149788],[-105.0884,39.149884],[-105.088221,39.149982],[-105.088035,39.150074],[-105.087849,39.150168],[-105.087693,39.150278],[-105.08757,39.150397],[-105.087441,39.150514],[-105.087302,39.150617],[-105.087188,39.150716],[-105.087088,39.150833],[-105.086945,39.150947],[-105.086797,39.151068],[-105.086664,39.151195],[-105.086545,39.15131],[-105.086422,39.151419],[-105.086301,39.151537],[-105.086181,39.15165],[-105.086087,39.151773],[-105.086051,39.151835],[-105.08602,39.151899],[-105.085967,39.152034],[-105.085914,39.152162],[-105.085856,39.152287],[-105.08579,39.1524],[-105.085724,39.152523],[-105.085682,39.152635],[-105.085663,39.152729],[-105.085636,39.152814],[-105.085606,39.152888],[-105.085595,39.152913],[-105.085581,39.152948],[-105.085577,39.152957],[-105.08555,39.15305],[-105.085537,39.153131],[-105.085536,39.153169],[-105.085537,39.153203],[-105.085558,39.153256],[-105.085563,39.153257],[-105.085588,39.153266],[-105.085642,39.153283],[-105.085751,39.153287],[-105.085885,39.153239],[-105.086025,39.153171],[-105.08617,39.153103],[-105.086314,39.153019],[-105.086439,39.152925],[-105.086562,39.152852],[-105.0867,39.152808],[-105.086807,39.152734],[-105.086903,39.152638],[-105.087037,39.152588],[-105.087181,39.152566],[-105.087325,39.152519],[-105.087471,39.152489],[-105.087611,39.15252],[-105.087701,39.152584],[-105.087719,39.152673],[-105.087717,39.15268],[-105.08771,39.152707],[-105.087681,39.15275],[-105.087582,39.152832],[-105.087464,39.152926],[-105.087347,39.153023],[-105.08725,39.153112],[-105.087206,39.153209],[-105.087237,39.153311],[-105.087349,39.153419],[-105.087455,39.153521],[-105.087513,39.153611],[-105.08751,39.153713],[-105.08746,39.153835],[-105.087407,39.153956],[-105.087348,39.154058],[-105.087315,39.154148],[-105.087344,39.154231],[-105.087447,39.15429],[-105.087449,39.15429],[-105.087588,39.154298],[-105.087726,39.154287],[-105.087864,39.154317],[-105.087984,39.154391],[-105.088045,39.154484],[-105.088087,39.154585],[-105.088147,39.154678],[-105.088234,39.154772],[-105.088374,39.154777],[-105.088547,39.154761],[-105.088732,39.154743],[-105.088915,39.154729],[-105.089076,39.154725],[-105.089108,39.154718],[-105.089244,39.154748],[-105.089326,39.1548],[-105.089346,39.154879],[-105.0893,39.154989],[-105.089239,39.155117],[-105.089191,39.15525],[-105.089118,39.155367],[-105.089029,39.155468],[-105.08893,39.155555],[-105.088803,39.155583],[-105.088681,39.155625],[-105.088598,39.155708],[-105.088599,39.155763],[-105.088665,39.155885],[-105.088779,39.155954],[-105.08891,39.156031],[-105.088969,39.15607],[-105.089143,39.156198],[-105.089258,39.156298],[-105.08937,39.156343],[-105.089491,39.156393],[-105.089542,39.156432],[-105.08967,39.156541],[-105.089769,39.156611],[-105.089884,39.156664],[-105.089963,39.156731],[-105.090066,39.156795],[-105.090209,39.15685],[-105.090337,39.156923],[-105.090427,39.157018],[-105.090504,39.157115],[-105.090622,39.157188],[-105.090756,39.157241],[-105.090856,39.157297],[-105.090929,39.157378],[-105.090962,39.157413],[-105.091007,39.157459],[-105.09108,39.157538],[-105.091147,39.157608],[-105.091186,39.157651],[-105.09117,39.157693],[-105.091121,39.157732],[-105.091036,39.157791],[-105.090961,39.157871],[-105.090926,39.157962],[-105.0909,39.158045],[-105.090845,39.158115],[-105.090777,39.158193],[-105.090761,39.158282],[-105.090784,39.158385],[-105.090781,39.158489],[-105.090751,39.158588],[-105.090774,39.158697],[-105.090813,39.158783],[-105.090823,39.158877],[-105.090793,39.158966],[-105.090743,39.159064],[-105.090672,39.159149],[-105.090572,39.159216],[-105.09046,39.159264],[-105.090362,39.159309],[-105.090288,39.159347],[-105.090184,39.159394],[-105.090068,39.159404],[-105.089947,39.159384],[-105.089839,39.15936],[-105.089743,39.159374],[-105.089669,39.159434],[-105.089607,39.159516],[-105.089557,39.15959],[-105.089502,39.159678],[-105.089433,39.159756],[-105.089338,39.159806],[-105.089222,39.15982],[-105.089088,39.159815],[-105.088949,39.15981],[-105.088818,39.159802],[-105.088677,39.159798],[-105.088535,39.159796],[-105.088418,39.159784],[-105.088314,39.15976],[-105.088228,39.159772],[-105.08817,39.159825],[-105.088111,39.159915],[-105.088024,39.159982],[-105.087914,39.160031],[-105.087782,39.160062],[-105.087651,39.16007],[-105.087535,39.160035],[-105.087423,39.160019],[-105.087336,39.160038],[-105.087287,39.160125],[-105.087229,39.160217],[-105.087132,39.160273],[-105.087011,39.160308],[-105.086888,39.16033],[-105.086777,39.160313],[-105.086683,39.160284],[-105.086601,39.160279],[-105.086535,39.160324],[-105.086464,39.160382],[-105.086386,39.160414],[-105.086305,39.160416],[-105.086225,39.160386],[-105.086154,39.160338],[-105.086081,39.160296],[-105.085872,39.160289],[-105.0858,39.160381],[-105.08569,39.160439],[-105.085542,39.160457],[-105.085355,39.160485],[-105.085155,39.160523],[-105.084964,39.160582],[-105.084812,39.160661],[-105.084714,39.160746],[-105.08464,39.160819],[-105.084582,39.160939],[-105.084513,39.16104],[-105.084462,39.161111],[-105.08442,39.161173],[-105.084388,39.161212],[-105.084298,39.161328],[-105.084252,39.161396],[-105.084206,39.161462],[-105.084192,39.161541],[-105.084196,39.161618],[-105.084209,39.161695],[-105.084216,39.161763],[-105.084227,39.161808],[-105.084253,39.161839],[-105.084263,39.161842],[-105.084283,39.161849],[-105.084304,39.161868],[-105.084407,39.161861],[-105.084471,39.161863],[-105.084514,39.161864],[-105.084631,39.161866],[-105.084763,39.161871],[-105.084877,39.161896],[-105.084972,39.161924],[-105.085012,39.16194],[-105.085048,39.161956],[-105.08505,39.161957],[-105.085136,39.162002],[-105.085248,39.162066],[-105.08538,39.1622],[-105.085445,39.162345],[-105.0855,39.162498],[-105.085547,39.162636],[-105.08561,39.16278],[-105.085689,39.162938],[-105.085778,39.163088],[-105.085846,39.163237],[-105.085869,39.163392],[-105.085881,39.163538],[-105.085878,39.163703],[-105.085865,39.163885],[-105.085826,39.164058],[-105.085776,39.164214],[-105.085764,39.16436],[-105.085793,39.164488],[-105.085798,39.164625],[-105.085824,39.1648],[-105.085806,39.164938],[-105.085849,39.165096],[-105.085836,39.165207],[-105.08579,39.165347],[-105.085754,39.165507],[-105.085793,39.165629],[-105.085854,39.165747],[-105.08588,39.165886],[-105.085841,39.166051],[-105.085794,39.166215],[-105.085747,39.166372],[-105.085716,39.166507],[-105.085692,39.166638],[-105.085648,39.166764],[-105.085601,39.166868],[-105.085562,39.166955],[-105.085552,39.166986],[-105.08566,39.167488],[-105.08572,39.167637],[-105.085752,39.167794],[-105.085761,39.167946],[-105.085776,39.168236],[-105.085778,39.168292],[-105.08578,39.168344],[-105.085708,39.168448],[-105.08557,39.168542],[-105.085402,39.168616]],"type":"LineString"},"properties":{"access_status":"unknown","camping_permission":"unknown","evidence":0,"id":"usfs-road-13614935","name":"LONG HOLLOW","source_route_id":"5999010465"},"type":"Feature"},{"geometry":{"coordinates":[[-105.117343,39.258028],[-105.117288,39.258134],[-105.11723,39.258228],[-105.117149,39.25832],[-105.117054,39.258402],[-105.116945,39.258489],[-105.116823,39.258583],[-105.11669,39.258659],[-105.116568,39.258706],[-105.116417,39.258736]],"type":"LineString"},"properties":{"access_status":"unknown","camping_permission":"unknown","evidence":0,"id":"usfs-road-13614940","name":"TOPAZ POINT PG","source_route_id":"6169010465"},"type":"Feature"},{"geometry":{"coordinates":[[-105.026627,39.172319],[-105.026407,39.172531],[-105.026354,39.172625],[-105.026175,39.172887],[-105.026027,39.173117],[-105.02599,39.173337],[-105.025916,39.173491],[-105.025756,39.173558],[-105.025559,39.17351],[-105.025448,39.173395],[-105.02535,39.173194],[-105.025239,39.173079],[-105.025017,39.173079],[-105.024857,39.173194],[-105.024611,39.173251],[-105.02434,39.173213],[-105.023995,39.173223],[-105.023564,39.173271],[-105.023287,39.173218],[-105.022979,39.173295],[-105.022757,39.173276],[-105.0224,39.173199],[-105.022154,39.173228],[-105.021833,39.173372],[-105.021526,39.173535],[-105.021131,39.173679],[-105.020812,39.173765],[-105.020294,39.17364],[-105.019604,39.173545],[-105.019087,39.173487],[-105.018767,39.173411],[-105.018545,39.17319],[-105.01836,39.173018],[-105.018188,39.172941],[-105.017646,39.17297],[-105.017153,39.173046],[-105.01703,39.173114],[-105.017042,39.173219],[-105.017147,39.173283],[-105.017203,39.17339],[-105.017143,39.173475],[-105.016997,39.173563],[-105.016864,39.173674],[-105.016741,39.173818],[-105.016704,39.173981],[-105.016544,39.174068],[-105.016334,39.174039],[-105.016088,39.173885],[-105.015903,39.173684],[-105.015755,39.173579],[-105.015583,39.17356],[-105.015472,39.173684],[-105.01541,39.173847],[-105.015313,39.17391],[-105.015236,39.173934],[-105.015149,39.173914],[-105.015029,39.173914],[-105.014659,39.173962],[-105.01429,39.174029],[-105.013957,39.174087],[-105.013846,39.174221],[-105.013711,39.174346],[-105.013489,39.174432],[-105.012984,39.174605],[-105.012775,39.17471],[-105.012639,39.174835],[-105.012331,39.17495],[-105.012161,39.175037],[-105.011974,39.175132],[-105.011802,39.175219],[-105.01174,39.175353],[-105.011691,39.175477],[-105.011679,39.17566],[-105.011556,39.17589],[-105.011408,39.176091],[-105.011383,39.176244],[-105.011322,39.176359],[-105.011149,39.176436],[-105.010964,39.176542],[-105.01094,39.176657],[-105.010829,39.17681],[-105.010361,39.176973],[-105.010139,39.177136],[-105.010102,39.177357],[-105.010152,39.17751],[-105.010152,39.177731],[-105.010041,39.17798],[-105.009868,39.178114],[-105.00977,39.178248],[-105.009585,39.178354],[-105.009482,39.178382],[-105.009302,39.17843],[-105.00892,39.178507],[-105.008821,39.178728],[-105.008649,39.178958],[-105.008514,39.179159],[-105.008366,39.179255],[-105.008243,39.179351],[-105.008193,39.179591],[-105.008206,39.179859],[-105.008206,39.180262],[-105.00812,39.180425],[-105.007959,39.180482],[-105.007836,39.180444],[-105.007658,39.180257],[-105.007485,39.180008],[-105.007424,39.179787],[-105.00735,39.17971],[-105.007064,39.179723],[-105.006804,39.179729],[-105.006327,39.179653],[-105.005958,39.1795],[-105.005822,39.179385],[-105.005798,39.17925],[-105.005884,39.179145],[-105.006056,39.179116],[-105.006278,39.178953],[-105.006352,39.178809],[-105.006216,39.178685],[-105.006068,39.178618],[-105.005822,39.178589],[-105.005613,39.178503],[-105.005292,39.178349],[-105.005071,39.178349],[-105.004849,39.178273],[-105.004701,39.178138],[-105.004689,39.177975],[-105.004824,39.177822],[-105.004984,39.177659],[-105.004923,39.177506],[-105.004718,39.177373]],"type":"LineString"},"properties":{"access_status":"unknown","camping_permission":"unknown","evidence":0,"id":"usfs-road-13614944","name":"GOVE CREEK","source_route_id":"6081010465"},"type":"Feature"},{"geometry":{"coordinates":[[-105.161985,39.134854],[-105.162183,39.134822],[-105.162573,39.134791],[-105.163092,39.134619],[-105.16368,39.134481],[-105.164838,39.13415],[-105.165179,39.134066],[-105.166129,39.133888],[-105.167179,39.133679],[-105.167548,39.133717],[-105.167773,39.133717],[-105.168213,39.133707],[-105.168426,39.133762],[-105.168825,39.133946],[-105.169045,39.133991],[-105.169204,39.133909],[-105.169364,39.133694],[-105.169914,39.133502],[-105.170054,39.133393],[-105.170531,39.132313],[-105.170574,39.132082],[-105.170816,39.131453],[-105.17099,39.131192],[-105.17108,39.130949],[-105.171126,39.130759],[-105.171122,39.130285],[-105.171257,39.130024],[-105.171462,39.129823],[-105.171768,39.12958]],"type":"LineString"},"properties":{"access_status":"unknown","camping_permission":"unknown","evidence":0,"id":"usfs-road-13614983","name":"TRAIL CREEK","source_route_id":"6285010465"},"type":"Feature"},{"geometry":{"coordinates":[[-105.124221,39.144483],[-105.124763,39.144446],[-105.124908,39.144446],[-105.12518,39.144468],[-105.125279,39.144482],[-105.125383,39.144486],[-105.125816,39.144458],[-105.126041,39.144351],[-105.126314,39.144165],[-105.126505,39.144016],[-105.127024,39.143637],[-105.127529,39.143264],[-105.127942,39.142749],[-105.12798,39.142676],[-105.127984,39.142667],[-105.128018,39.142519],[-105.12802,39.142411],[-105.128039,39.142253],[-105.127983,39.14214],[-105.127916,39.142001],[-105.127833,39.141906],[-105.127766,39.141812],[-105.127698,39.141641],[-105.127633,39.141547],[-105.127629,39.141543],[-105.127465,39.141375],[-105.12737,39.141272],[-105.127213,39.141087],[-105.127122,39.140997],[-105.12704,39.140903],[-105.126985,39.140799],[-105.126952,39.140718],[-105.126896,39.140605],[-105.126873,39.140461],[-105.126983,39.140186],[-105.127003,39.140065],[-105.126972,39.139938],[-105.126927,39.139821],[-105.126824,39.139641],[-105.126814,39.139542],[-105.126846,39.139416],[-105.126891,39.1392],[-105.126916,39.139114],[-105.126976,39.138988],[-105.127067,39.138821],[-105.127074,39.138783],[-105.127087,39.138717],[-105.127047,39.138614],[-105.12696,39.138528],[-105.126879,39.13847],[-105.126771,39.138402],[-105.126656,39.138339],[-105.126586,39.138285],[-105.126507,39.138204],[-105.126467,39.138141],[-105.126388,39.137826],[-105.126372,39.13774],[-105.126362,39.137619],[-105.126304,39.137326],[-105.12629,39.137236],[-105.126293,39.137128],[-105.126316,39.137037],[-105.126415,39.136767],[-105.126444,39.136699],[-105.12654,39.136497],[-105.126739,39.136131],[-105.126768,39.136055],[-105.126777,39.136001],[-105.126784,39.135861],[-105.126798,39.135753],[-105.126785,39.135658],[-105.126753,39.135528],[-105.126716,39.135338],[-105.126612,39.134901],[-105.12661,39.13478],[-105.126619,39.134699],[-105.126573,39.134586],[-105.126473,39.134504],[-105.126467,39.1345],[-105.126282,39.134393],[-105.126223,39.134334],[-105.126161,39.134249],[-105.126122,39.134168],[-105.125994,39.133668],[-105.125974,39.133537],[-105.125973,39.133258],[-105.125965,39.133154],[-105.125942,39.133019],[-105.125879,39.132807],[-105.125863,39.13274],[-105.125846,39.132618],[-105.12584,39.132433],[-105.125864,39.132298],[-105.125892,39.132217],[-105.125943,39.132095],[-105.126039,39.131915],[-105.126087,39.131802],[-105.126134,39.131717],[-105.126246,39.13155],[-105.126278,39.131476],[-105.126278,39.13147],[-105.126285,39.131392],[-105.126267,39.13132],[-105.126184,39.131153],[-105.126129,39.130919],[-105.126095,39.130824],[-105.12602,39.130734],[-105.125941,39.130698],[-105.125854,39.130631],[-105.12585,39.130532],[-105.125872,39.130437],[-105.125921,39.130311],[-105.125967,39.130212],[-105.125976,39.130068],[-105.125859,39.129906],[-105.125827,39.129802],[-105.125811,39.12973],[-105.125676,39.129632]],"type":"LineString"},"properties":{"access_status":"unknown","camping_permission":"unknown","evidence":0,"id":"usfs-road-13614993","name":"TURKEY TRACK","source_route_id":"6045010465"},"type":"Feature"},{"geometry":{"coordinates":[[-105.109671,39.13395],[-105.109602,39.133995],[-105.109496,39.134099],[-105.109366,39.134239],[-105.109155,39.134446],[-105.109013,39.134563],[-105.109012,39.134563],[-105.108985,39.134577],[-105.108781,39.134676],[-105.108487,39.134739],[-105.108169,39.134794],[-105.107868,39.13492],[-105.107588,39.135096],[-105.106927,39.135538],[-105.106676,39.135782],[-105.106633,39.135893],[-105.106575,39.136043],[-105.106482,39.136323],[-105.106476,39.136381],[-105.106453,39.136611],[-105.106487,39.13694],[-105.106496,39.137301],[-105.106477,39.137976],[-105.106452,39.138323],[-105.106378,39.13858],[-105.106361,39.138603],[-105.106189,39.138833],[-105.106162,39.138861],[-105.105889,39.139153],[-105.105752,39.139329],[-105.105704,39.139392],[-105.105532,39.13964],[-105.105318,39.139982],[-105.105247,39.140197],[-105.105208,39.140316],[-105.105252,39.140965],[-105.105245,39.141312],[-105.105278,39.141641],[-105.105298,39.141747],[-105.105338,39.14196],[-105.105433,39.142294],[-105.105548,39.142542],[-105.105763,39.143005],[-105.105856,39.143344],[-105.105864,39.143375],[-105.105912,39.143658],[-105.105945,39.143987],[-105.105951,39.144276],[-105.105994,39.144573],[-105.106076,39.144929],[-105.106171,39.145276],[-105.106266,39.145533],[-105.106489,39.14587],[-105.106727,39.146122],[-105.1071,39.146383],[-105.107388,39.146667],[-105.10829,39.147621],[-105.10846,39.147783],[-105.108586,39.147914],[-105.108751,39.148085],[-105.108984,39.148342],[-105.109192,39.148558],[-105.10953,39.148877],[-105.109783,39.149125],[-105.110041,39.149345],[-105.110516,39.149741],[-105.110711,39.14987],[-105.110818,39.149939],[-105.110958,39.149999],[-105.111114,39.150065],[-105.111449,39.150254],[-105.11166,39.150421],[-105.111883,39.150736],[-105.11208,39.151064],[-105.112228,39.151353],[-105.112396,39.151708],[-105.112559,39.152028],[-105.112721,39.152316],[-105.11294,39.152744],[-105.113124,39.153388],[-105.113192,39.15374],[-105.113248,39.154064],[-105.113327,39.15437],[-105.113477,39.154776],[-105.113625,39.155123],[-105.113728,39.155451],[-105.113871,39.155839],[-105.114111,39.156131],[-105.11417,39.15619],[-105.114727,39.156753],[-105.115017,39.15714],[-105.115084,39.157252],[-105.115217,39.157473],[-105.115468,39.157914],[-105.115688,39.158283],[-105.115821,39.158465],[-105.115864,39.158518],[-105.116037,39.158705],[-105.116131,39.158806],[-105.116375,39.159085],[-105.116461,39.159214]],"type":"LineString"},"properties":{"access_status":"unknown","camping_permission":"unknown","evidence":0,"id":"usfs-road-13614996","name":"RAINBOW FALLS","source_route_id":"6004010465"},"type":"Feature"},{"geometry":{"coordinates":[[-105.146589,39.154584],[-105.146185,39.154618],[-105.145757,39.154617],[-105.145585,39.154678],[-105.145467,39.154721],[-105.145238,39.154747],[-105.145058,39.154715],[-105.14487,39.154639],[-105.144698,39.154563],[-105.144494,39.154551],[-105.144175,39.154506],[-105.143857,39.154481],[-105.143456,39.154463],[-105.143349,39.154469],[-105.14313,39.154482],[-105.142746,39.154489],[-105.142476,39.154528],[-105.142067,39.154586],[-105.141941,39.154605],[-105.141467,39.154662],[-105.141206,39.154764],[-105.14116,39.15479]],"type":"LineString"},"properties":{"access_status":"unknown","camping_permission":"unknown","evidence":0,"id":"usfs-road-13614997","name":"TROUT CREEK RANCH","source_route_id":"6006010465"},"type":"Feature"},{"geometry":{"coordinates":[[-105.022125,39.162366],[-105.022109,39.162373],[-105.02211,39.162372],[-105.022108,39.162374],[-105.022098,39.162378],[-105.022082,39.162383],[-105.022058,39.162392],[-105.022021,39.162415],[-105.021969,39.162452],[-105.021902,39.162491],[-105.021828,39.162521],[-105.021753,39.162532],[-105.021664,39.162521],[-105.021574,39.162501],[-105.021486,39.162477],[-105.021399,39.162453],[-105.021314,39.16243],[-105.021232,39.162405],[-105.021155,39.162375],[-105.021086,39.162331],[-105.021025,39.162276],[-105.020976,39.162212],[-105.020936,39.162143],[-105.020896,39.162077],[-105.020803,39.161979],[-105.02073,39.16194],[-105.020655,39.16191],[-105.020566,39.16189],[-105.020463,39.161879],[-105.020348,39.161873],[-105.020226,39.161867],[-105.020111,39.161866],[-105.020005,39.161869],[-105.019899,39.161878],[-105.019792,39.161887],[-105.019691,39.161905],[-105.019591,39.161921],[-105.019494,39.161933],[-105.019403,39.16194],[-105.019318,39.16194],[-105.01923,39.161943],[-105.019143,39.161941],[-105.019062,39.161936],[-105.018991,39.161923],[-105.018921,39.161906],[-105.018852,39.161887],[-105.018781,39.16187],[-105.018707,39.161853],[-105.018631,39.161843],[-105.018553,39.161845],[-105.018476,39.16186],[-105.018401,39.161879],[-105.018315,39.161898],[-105.01822,39.161901],[-105.018119,39.161904],[-105.01801,39.161914],[-105.017914,39.161938],[-105.017821,39.161993],[-105.01776,39.162058],[-105.017709,39.162128],[-105.017653,39.162194],[-105.017597,39.162253],[-105.017535,39.162306],[-105.017472,39.162353],[-105.017409,39.162393],[-105.017345,39.162421],[-105.017265,39.162444],[-105.017165,39.162457],[-105.017064,39.162464],[-105.01697,39.162473],[-105.016884,39.162479],[-105.016788,39.162494],[-105.016696,39.162523],[-105.016619,39.162567],[-105.016544,39.162621],[-105.016476,39.162673],[-105.016406,39.162713],[-105.016326,39.162738],[-105.016241,39.162751],[-105.016156,39.162755],[-105.016066,39.162748],[-105.015966,39.162728],[-105.015874,39.162714],[-105.015784,39.162707],[-105.015687,39.162699],[-105.015588,39.162691],[-105.015491,39.162689],[-105.01539,39.162684],[-105.015286,39.162691],[-105.015197,39.162664],[-105.015098,39.162657],[-105.014996,39.162637],[-105.014799,39.162557],[-105.014774,39.162519],[-105.014735,39.16243],[-105.014735,39.16237],[-105.014742,39.162305],[-105.014758,39.162237],[-105.014777,39.162161],[-105.014789,39.162087],[-105.014795,39.162015],[-105.014806,39.161952],[-105.014815,39.161889],[-105.014823,39.161816],[-105.014833,39.161732],[-105.014844,39.161642],[-105.01486,39.161556],[-105.014876,39.161473],[-105.014903,39.161396],[-105.014933,39.161323],[-105.014973,39.161255],[-105.015019,39.161191],[-105.015068,39.161131],[-105.015114,39.161076],[-105.015154,39.161014],[-105.015178,39.160951],[-105.015174,39.160882],[-105.015152,39.160819],[-105.0151,39.160771],[-105.015027,39.16074],[-105.014952,39.160713],[-105.014869,39.160685],[-105.014772,39.160651],[-105.014678,39.160608],[-105.014581,39.160553],[-105.014504,39.160509],[-105.014448,39.160436],[-105.014379,39.160346],[-105.014339,39.160282],[-105.014305,39.16022],[-105.014263,39.160156],[-105.014219,39.160093],[-105.014178,39.160034],[-105.014133,39.15998],[-105.014089,39.15993],[-105.014023,39.159886],[-105.013958,39.159859],[-105.013895,39.159825],[-105.01381,39.159795],[-105.013711,39.15978],[-105.013618,39.159777],[-105.013519,39.159785],[-105.013424,39.159784],[-105.013276,39.15974],[-105.013258,39.159741],[-105.01318,39.159716],[-105.013112,39.159676],[-105.013049,39.159641],[-105.012993,39.159604],[-105.012946,39.159557],[-105.012915,39.159501],[-105.012887,39.159429],[-105.012857,39.15935],[-105.012827,39.159273],[-105.012797,39.159204],[-105.01277,39.159143],[-105.012737,39.159084],[-105.012693,39.159034],[-105.012647,39.158982],[-105.012604,39.158926],[-105.012562,39.158865],[-105.012441,39.158694],[-105.012222,39.158548],[-105.012131,39.158502],[-105.012044,39.158452],[-105.011972,39.158392],[-105.011912,39.158322],[-105.011861,39.15826],[-105.011811,39.158201],[-105.011759,39.158154],[-105.011699,39.158116],[-105.01164,39.158064],[-105.011568,39.157999],[-105.011511,39.15793],[-105.011472,39.157856],[-105.011436,39.157779],[-105.011389,39.157697],[-105.011356,39.157621],[-105.011323,39.15755],[-105.011284,39.157487],[-105.01124,39.157429],[-105.011191,39.157384],[-105.011142,39.157332],[-105.011071,39.157271],[-105.011025,39.157219],[-105.010977,39.157176],[-105.010932,39.15712],[-105.010871,39.157055],[-105.01081,39.157],[-105.010739,39.156958],[-105.010669,39.156929],[-105.010602,39.156921],[-105.010538,39.156927],[-105.010402,39.15695],[-105.010381,39.156959],[-105.010296,39.156977],[-105.010212,39.156994],[-105.010122,39.157011],[-105.01003,39.157028],[-105.009934,39.157044],[-105.009837,39.157057],[-105.009756,39.157068],[-105.009675,39.157073],[-105.009592,39.157069],[-105.009516,39.157047],[-105.009453,39.157016],[-105.009405,39.156983],[-105.009368,39.156945],[-105.009339,39.156896],[-105.009319,39.156846],[-105.009312,39.1568],[-105.009303,39.156754],[-105.009293,39.156708],[-105.009284,39.156663],[-105.009276,39.15662],[-105.009271,39.156587],[-105.009264,39.15656],[-105.009263,39.156527],[-105.009235,39.156484],[-105.009216,39.156444],[-105.009186,39.156398],[-105.009149,39.15635],[-105.009102,39.156307],[-105.009054,39.156271],[-105.008794,39.156145],[-105.008748,39.156132],[-105.00872,39.156116],[-105.008664,39.156095],[-105.008489,39.156061],[-105.008431,39.156049],[-105.008383,39.156035],[-105.008339,39.156023],[-105.008284,39.156006],[-105.008216,39.155991],[-105.007709,39.156025],[-105.007656,39.156048],[-105.007421,39.156115],[-105.007363,39.156111],[-105.007309,39.156101],[-105.006934,39.156085],[-105.006932,39.156092],[-105.0069,39.156098],[-105.006866,39.156107],[-105.006825,39.156118],[-105.00664,39.156224],[-105.006617,39.156266],[-105.006557,39.156313],[-105.006539,39.156371],[-105.006346,39.156549],[-105.006221,39.15656],[-105.006147,39.156588],[-105.006111,39.156622],[-105.006047,39.156642],[-105.005951,39.156653],[-105.005854,39.156664],[-105.005789,39.156677],[-105.00571,39.156683],[-105.005634,39.156676],[-105.005569,39.156671],[-105.005512,39.156664],[-105.005449,39.156655],[-105.005389,39.156645],[-105.00533,39.156631],[-105.005279,39.156615],[-105.005221,39.156614],[-105.005168,39.156595],[-105.005118,39.156567],[-105.00508,39.156541],[-105.005041,39.1565],[-105.005003,39.156446],[-105.004996,39.156398],[-105.004985,39.156343],[-105.004965,39.156285],[-105.004939,39.156229],[-105.004898,39.156177],[-105.004867,39.156129],[-105.004755,39.156063],[-105.004735,39.155963],[-105.004735,39.155915],[-105.004699,39.155849],[-105.004667,39.155779],[-105.004621,39.155732],[-105.004583,39.155676],[-105.004543,39.155633],[-105.004496,39.155587],[-105.004473,39.155548],[-105.004451,39.155514],[-105.004422,39.155472],[-105.004401,39.15543],[-105.004395,39.15539],[-105.004378,39.155353],[-105.004362,39.155317],[-105.004338,39.15528],[-105.004229,39.155209],[-105.00418,39.15517],[-105.004137,39.15513],[-105.004007,39.154938],[-105.003991,39.154895],[-105.003978,39.154857],[-105.00397,39.154826],[-105.003971,39.154793],[-105.003984,39.154754],[-105.003997,39.154713],[-105.004004,39.154677],[-105.004006,39.154643],[-105.004014,39.154611],[-105.004011,39.154579],[-105.004022,39.154548],[-105.004032,39.154518],[-105.004036,39.154487],[-105.004036,39.154453],[-105.004032,39.154418],[-105.004017,39.154392],[-105.004009,39.154372],[-105.004001,39.154358],[-105.003996,39.154352],[-105.003994,39.154351],[-105.00399,39.154351],[-105.003989,39.154352],[-105.003857,39.154328],[-105.003794,39.15432],[-105.003729,39.154315],[-105.003658,39.154316],[-105.00352,39.15432],[-105.003454,39.154323],[-105.003237,39.154345],[-105.003213,39.154347],[-105.003203,39.154347],[-105.003198,39.154347],[-105.003195,39.15435],[-105.003184,39.154344],[-105.003161,39.154341],[-105.003095,39.154325],[-105.003005,39.154306],[-105.002948,39.154296],[-105.002888,39.154287],[-105.002837,39.154277],[-105.002784,39.154266],[-105.002603,39.154242],[-105.002556,39.154246],[-105.002509,39.154252],[-105.00247,39.154258],[-105.002433,39.154267],[-105.002396,39.154279],[-105.002242,39.154343],[-105.002186,39.154353],[-105.002125,39.154354],[-105.002051,39.15435],[-105.00198,39.154358],[-105.001919,39.15435],[-105.001873,39.154342],[-105.001835,39.154329],[-105.00179,39.154305],[-105.001758,39.154281],[-105.001732,39.154257],[-105.001702,39.154231],[-105.001657,39.154198],[-105.001598,39.154144],[-105.001552,39.154097],[-105.001507,39.154051],[-105.00147,39.154001],[-105.001434,39.153953],[-105.001256,39.15381],[-105.001224,39.15378],[-105.001195,39.153746],[-105.001154,39.153714],[-105.001135,39.153704],[-105.001092,39.153687],[-105.001058,39.153678],[-105.001028,39.15367],[-105.000996,39.15366],[-105.000963,39.153642],[-105.000941,39.153627],[-105.000922,39.153614],[-105.000905,39.1536],[-105.00088,39.153596],[-105.000866,39.153588],[-105.000823,39.153569],[-105.000789,39.153557],[-105.000746,39.153552],[-105.000703,39.153541],[-105.000659,39.153532],[-105.000631,39.153525],[-105.000609,39.153512],[-105.000582,39.153502],[-105.000565,39.153499],[-105.000439,39.153323],[-105.000401,39.153302],[-105.000355,39.153276],[-105.000089,39.152936],[-105.000093,39.152913],[-105.000101,39.152882],[-105.000112,39.15285],[-105.000112,39.152819],[-105.000123,39.152784],[-105.000138,39.152748],[-105.000151,39.152718],[-105.000167,39.152684],[-105.000171,39.152655],[-105.000198,39.152637],[-105.000226,39.15263],[-105.000256,39.152636],[-105.000285,39.152642],[-105.000308,39.152645],[-105.000317,39.152646],[-105.000327,39.152648],[-105.000337,39.15265],[-105.000344,39.152652],[-105.000347,39.152652],[-105.000345,39.152652]],"type":"LineString"},"properties":{"access_status":"unknown","camping_permission":"unknown","evidence":0,"id":"usfs-road-13615066","name":"PLUM CREEK","source_route_id":"6190010465"},"type":"Feature"},{"geometry":{"coordinates":[[-105.086806,39.327406],[-105.086819,39.327338],[-105.086852,39.327296],[-105.086887,39.327253],[-105.086892,39.327247],[-105.086957,39.327171],[-105.086962,39.327165],[-105.087026,39.327064],[-105.087034,39.326984],[-105.087037,39.326955],[-105.087028,39.326856],[-105.087025,39.326822],[-105.086981,39.326685],[-105.086918,39.32657],[-105.086889,39.32648],[-105.086891,39.326474],[-105.086905,39.32644],[-105.086926,39.326382],[-105.087012,39.326328],[-105.087154,39.326286],[-105.087339,39.326254],[-105.087427,39.326207],[-105.087427,39.326206],[-105.087474,39.326181],[-105.087543,39.326089],[-105.087545,39.326087],[-105.087546,39.326085],[-105.087561,39.326005],[-105.087627,39.32595],[-105.087642,39.325948],[-105.087729,39.325929],[-105.087877,39.325966],[-105.088035,39.326025],[-105.088213,39.326097],[-105.088393,39.326173],[-105.088587,39.326256],[-105.088786,39.326334],[-105.088986,39.326389],[-105.089214,39.326401],[-105.089457,39.326379],[-105.089641,39.326357],[-105.089712,39.326348],[-105.089966,39.326324],[-105.090203,39.326324],[-105.090428,39.326372],[-105.090623,39.326442],[-105.090823,39.326516],[-105.091034,39.326588],[-105.091207,39.326661],[-105.091283,39.326751],[-105.091307,39.32678],[-105.091356,39.326926],[-105.091408,39.327087],[-105.091482,39.327238],[-105.091571,39.327341],[-105.091722,39.327397],[-105.091738,39.3274],[-105.091913,39.327435],[-105.092138,39.327474],[-105.09237,39.327506],[-105.092595,39.327519],[-105.092812,39.327523],[-105.092988,39.327577],[-105.093139,39.327677],[-105.093296,39.327749],[-105.093358,39.327763],[-105.093469,39.327787],[-105.093671,39.327816],[-105.093862,39.327809],[-105.093921,39.327813],[-105.093935,39.327806],[-105.09395,39.3278],[-105.093993,39.327804],[-105.094134,39.327827],[-105.094286,39.32784],[-105.094299,39.327836],[-105.094365,39.327814],[-105.094413,39.327752],[-105.094414,39.327682],[-105.094371,39.327631],[-105.094296,39.327598],[-105.094222,39.327599],[-105.094143,39.327636],[-105.09408,39.327704],[-105.094011,39.327772],[-105.093974,39.327789]],"type":"LineString"},"properties":{"access_status":"unknown","camping_permission":"unknown","evidence":0,"id":"usfs-road-13615412","name":"FLAT ROCK CG","source_route_id":"6174010465"},"type":"Feature"},{"geometry":{"coordinates":[[-105.055218,39.129724],[-105.055219,39.12978],[-105.055214,39.129983],[-105.055216,39.130086],[-105.055178,39.130298],[-105.055122,39.130388],[-105.05499,39.130533],[-105.054903,39.130618],[-105.05488,39.13069],[-105.054877,39.130767],[-105.054865,39.130848],[-105.054821,39.130965],[-105.054767,39.131091],[-105.054699,39.131186],[-105.054629,39.131218],[-105.054553,39.131191],[-105.054531,39.131127],[-105.054555,39.131015],[-105.054543,39.13092],[-105.054497,39.130848],[-105.054448,39.130794],[-105.054388,39.130749],[-105.054324,39.130677],[-105.054299,39.130632],[-105.05426,39.130474],[-105.054243,39.130447],[-105.054229,39.130396],[-105.054229,39.130395],[-105.054173,39.130393],[-105.054025,39.130402],[-105.053935,39.130438],[-105.053877,39.130497],[-105.053887,39.130592],[-105.053917,39.130646],[-105.053931,39.1307],[-105.05393,39.130776],[-105.053921,39.130844],[-105.053754,39.131168],[-105.053637,39.131362],[-105.053588,39.131434],[-105.053568,39.13151],[-105.053567,39.131513],[-105.053593,39.131574],[-105.053609,39.131596],[-105.053617,39.131642],[-105.053672,39.131745],[-105.053697,39.131849],[-105.053705,39.131939],[-105.053704,39.131943],[-105.053699,39.131964],[-105.053689,39.132002],[-105.053626,39.132052],[-105.053587,39.13211],[-105.053511,39.13216],[-105.053419,39.13216],[-105.053332,39.132142],[-105.053125,39.132128],[-105.053052,39.13211],[-105.052988,39.132088],[-105.052915,39.132074],[-105.052847,39.13207],[-105.0527,39.13207],[-105.052567,39.132079],[-105.052497,39.132081],[-105.052436,39.132079],[-105.052282,39.132088],[-105.052094,39.132079],[-105.05204,39.13207],[-105.051852,39.132084],[-105.051746,39.132102],[-105.051611,39.132102],[-105.051337,39.132089],[-105.051262,39.13208],[-105.05121,39.13208],[-105.051136,39.132098],[-105.05103,39.132147],[-105.050849,39.132265],[-105.05078,39.132296],[-105.050652,39.132305],[-105.050555,39.132305],[-105.050456,39.132323],[-105.050249,39.132463],[-105.050025,39.132558],[-105.049911,39.132634],[-105.049764,39.13277],[-105.049673,39.132869],[-105.049413,39.133094],[-105.049358,39.133202],[-105.049347,39.133446],[-105.04932,39.133549],[-105.049249,39.133743],[-105.049242,39.133806],[-105.049269,39.133865],[-105.049308,39.133973],[-105.049365,39.134194],[-105.049384,39.134293],[-105.049393,39.134441],[-105.049374,39.134563],[-105.049323,39.134716],[-105.049165,39.135068],[-105.049112,39.135149],[-105.048959,39.135325],[-105.048896,39.135406],[-105.04883,39.135496],[-105.048671,39.135753],[-105.048625,39.135816],[-105.048497,39.135956],[-105.048427,39.136041],[-105.048363,39.136136],[-105.048296,39.136258],[-105.048258,39.136339],[-105.048218,39.136438],[-105.048193,39.136533],[-105.048177,39.136645],[-105.048137,39.136735],[-105.047841,39.137168],[-105.047736,39.137249],[-105.047601,39.137312],[-105.047473,39.13738],[-105.047366,39.137493],[-105.04716,39.137817],[-105.047103,39.137934],[-105.047073,39.138024],[-105.047058,39.13815],[-105.047092,39.138259],[-105.047169,39.138335],[-105.047294,39.138403],[-105.047116,39.138998],[-105.047036,39.13907],[-105.046845,39.139187],[-105.046756,39.139268],[-105.046717,39.139417],[-105.046723,39.139552],[-105.046719,39.1398],[-105.046709,39.139935],[-105.04671,39.140201],[-105.046692,39.140309],[-105.046636,39.140412],[-105.046551,39.140512],[-105.046486,39.140606],[-105.046442,39.140705],[-105.046336,39.14103],[-105.046288,39.141143],[-105.046177,39.141372],[-105.045933,39.142481],[-105.045899,39.142594],[-105.045864,39.142666],[-105.045788,39.142747],[-105.045628,39.142891],[-105.045565,39.142968],[-105.045522,39.143049],[-105.045511,39.143152],[-105.045536,39.143229],[-105.04559,39.14331],[-105.045615,39.143445],[-105.045597,39.143648],[-105.045568,39.143765],[-105.04553,39.143882],[-105.045466,39.144049],[-105.045395,39.14431],[-105.04535,39.144432],[-105.045203,39.144775],[-105.045161,39.144883],[-105.045101,39.145067],[-105.045036,39.145315],[-105.044869,39.145775],[-105.044753,39.146054],[-105.044541,39.1465],[-105.044431,39.146649],[-105.044144,39.147086],[-105.04409,39.147172],[-105.044055,39.147271],[-105.04402,39.147483],[-105.043976,39.147951],[-105.04397,39.148051],[-105.043974,39.148285],[-105.043967,39.148483],[-105.04397,39.148522],[-105.043985,39.148708],[-105.044015,39.148889],[-105.044041,39.148992],[-105.044075,39.149069],[-105.044122,39.149132],[-105.044199,39.149195],[-105.044278,39.14924],[-105.044393,39.149276],[-105.044486,39.149289],[-105.044626,39.149267],[-105.044717,39.149231],[-105.044814,39.149177],[-105.04489,39.149145],[-105.044946,39.149114],[-105.045036,39.149091],[-105.045139,39.149077],[-105.045268,39.149077],[-105.045377,39.149086],[-105.045439,39.1491],[-105.045492,39.149122],[-105.04554,39.149154],[-105.045643,39.14928],[-105.045693,39.149352],[-105.045753,39.149505],[-105.045791,39.149556],[-105.045792,39.149557],[-105.046022,39.149735],[-105.046123,39.149771],[-105.046179,39.149795],[-105.046238,39.14982],[-105.046301,39.149888],[-105.046341,39.149969],[-105.046438,39.150122],[-105.046516,39.150199],[-105.046742,39.150379],[-105.046963,39.150532],[-105.047069,39.150613],[-105.047293,39.150735],[-105.04746,39.150811],[-105.047575,39.150879],[-105.047709,39.150946],[-105.047806,39.150973],[-105.047968,39.150991],[-105.048069,39.150973],[-105.048136,39.150947],[-105.048143,39.150944],[-105.04822,39.150901],[-105.04831,39.150838],[-105.048747,39.150473],[-105.049075,39.150234],[-105.049259,39.150112],[-105.049349,39.150067],[-105.049546,39.150017],[-105.049776,39.14999],[-105.050028,39.149972],[-105.050101,39.149954],[-105.050381,39.149967],[-105.05048,39.149981],[-105.050744,39.150048],[-105.050818,39.150075],[-105.050922,39.15012],[-105.051025,39.150192],[-105.051112,39.150282],[-105.051267,39.150476],[-105.051424,39.150652],[-105.051528,39.150728],[-105.051618,39.150778],[-105.05168,39.1508],[-105.051774,39.150823],[-105.05187,39.150827],[-105.051983,39.150814],[-105.052045,39.150791],[-105.052218,39.15071],[-105.052306,39.150665],[-105.052403,39.150624],[-105.052541,39.15062],[-105.052661,39.150611],[-105.052741,39.150611],[-105.052876,39.150588],[-105.053088,39.150601],[-105.053196,39.150592],[-105.053313,39.150615],[-105.053465,39.150682],[-105.053595,39.150714],[-105.053934,39.150502],[-105.054019,39.150466],[-105.054137,39.150434],[-105.054263,39.150407],[-105.054406,39.150385],[-105.054643,39.150366],[-105.054738,39.150366],[-105.054871,39.150353],[-105.054986,39.15033],[-105.05507,39.150326],[-105.055199,39.150344],[-105.055384,39.150402],[-105.055606,39.150483],[-105.055806,39.150542],[-105.055946,39.150614],[-105.056001,39.150636],[-105.05607,39.150695],[-105.056061,39.150735],[-105.056063,39.15083],[-105.056022,39.150992],[-105.055972,39.151069],[-105.055919,39.151163],[-105.055928,39.151281],[-105.055943,39.151362],[-105.056035,39.151389],[-105.056134,39.151407],[-105.056222,39.151447],[-105.056317,39.151528],[-105.056361,39.1516],[-105.056406,39.151713],[-105.056438,39.151825],[-105.056443,39.151884],[-105.05647,39.151979],[-105.056531,39.152055],[-105.056624,39.152096],[-105.056773,39.152127],[-105.056854,39.152096],[-105.056902,39.152064],[-105.057057,39.151978],[-105.057153,39.151938],[-105.057318,39.151879],[-105.05745,39.151838],[-105.057507,39.151829],[-105.057577,39.151847],[-105.057603,39.151888],[-105.057588,39.151969],[-105.057539,39.152019],[-105.057462,39.152082],[-105.057428,39.152131],[-105.057323,39.152231],[-105.057249,39.152307],[-105.057197,39.152352],[-105.057131,39.152397],[-105.057085,39.15242],[-105.056972,39.152456],[-105.056866,39.15251],[-105.056688,39.152587],[-105.056561,39.152623],[-105.056475,39.152627],[-105.056391,39.152609],[-105.056266,39.15261],[-105.056141,39.152565],[-105.056061,39.152601],[-105.056022,39.15265],[-105.055917,39.152835],[-105.055839,39.152939],[-105.055751,39.153096],[-105.055722,39.1532],[-105.05578,39.153304],[-105.055841,39.153322],[-105.055931,39.153308],[-105.056077,39.153263],[-105.056198,39.153209],[-105.056318,39.153128],[-105.056454,39.153096],[-105.056578,39.153033],[-105.056711,39.153073],[-105.056842,39.153087],[-105.056952,39.153136],[-105.057078,39.153208],[-105.057217,39.153307],[-105.057494,39.153515],[-105.057576,39.153569],[-105.057699,39.1536],[-105.05776,39.153645],[-105.057793,39.153753],[-105.057774,39.153825],[-105.057711,39.153893],[-105.057665,39.153961],[-105.057642,39.154051],[-105.057657,39.154163],[-105.057644,39.154244],[-105.057587,39.154353],[-105.057532,39.154425],[-105.057465,39.154501],[-105.057433,39.154528],[-105.057374,39.15456],[-105.057301,39.154591],[-105.057234,39.15465],[-105.057221,39.154722],[-105.057258,39.15483],[-105.057302,39.154857],[-105.057395,39.154866],[-105.057501,39.154857],[-105.057582,39.154875],[-105.057621,39.154898],[-105.057663,39.154938],[-105.057721,39.154983],[-105.057732,39.155078],[-105.057695,39.155236],[-105.057688,39.155429],[-105.057652,39.155515],[-105.057638,39.155605],[-105.057681,39.155857],[-105.057744,39.155875],[-105.057765,39.155974],[-105.05784,39.156096],[-105.05795,39.156141],[-105.05801,39.156173],[-105.058237,39.156312],[-105.058302,39.156366],[-105.058357,39.156425],[-105.058407,39.156587],[-105.058427,39.156682],[-105.058452,39.156736],[-105.058458,39.156767],[-105.058502,39.156821],[-105.058573,39.156871],[-105.058661,39.156952],[-105.058744,39.157015],[-105.058836,39.157082],[-105.05891,39.157123],[-105.059004,39.157118],[-105.059182,39.157087],[-105.059259,39.157024],[-105.059289,39.156997],[-105.059367,39.156951],[-105.059445,39.156731],[-105.059444,39.156627],[-105.05952,39.156546],[-105.05968,39.156456],[-105.059937,39.15637],[-105.060181,39.156311],[-105.060395,39.156248],[-105.060535,39.156158],[-105.060802,39.156013],[-105.060835,39.155914],[-105.061005,39.155811],[-105.061177,39.155779],[-105.061296,39.155774],[-105.06149,39.155797],[-105.061638,39.155846],[-105.061719,39.155854],[-105.061869,39.155869],[-105.062031,39.155819],[-105.062267,39.155756],[-105.062401,39.155738],[-105.062614,39.155661],[-105.0628,39.155584],[-105.062861,39.15553],[-105.062928,39.155386],[-105.06296,39.155269],[-105.062984,39.155147],[-105.06304,39.155008],[-105.06308,39.154908],[-105.063133,39.154778],[-105.063117,39.154733],[-105.06313,39.154566],[-105.063033,39.154521],[-105.062998,39.154377],[-105.062929,39.154179],[-105.062968,39.154088],[-105.063115,39.153949],[-105.063202,39.153822],[-105.063368,39.153714],[-105.063542,39.153574],[-105.063564,39.153525],[-105.064109,39.153331],[-105.064251,39.153344],[-105.064308,39.153421],[-105.064476,39.153569],[-105.064602,39.153673],[-105.064833,39.153759],[-105.065044,39.153812],[-105.065375,39.153866],[-105.065482,39.153879],[-105.066058,39.153874],[-105.066236,39.153928],[-105.066712,39.154141],[-105.06682,39.154175],[-105.066941,39.1542],[-105.067081,39.15421],[-105.067215,39.154239],[-105.067329,39.154259],[-105.067469,39.154269],[-105.067577,39.154239],[-105.067742,39.154219],[-105.067888,39.15414],[-105.067958,39.154135],[-105.068082,39.15411],[-105.068244,39.154081],[-105.06861,39.154013],[-105.068905,39.153949],[-105.069455,39.153793],[-105.069717,39.153705],[-105.070292,39.153597],[-105.070517,39.153578],[-105.070976,39.153624],[-105.071196,39.153642],[-105.071381,39.153669],[-105.071531,39.153696],[-105.071647,39.153741],[-105.071763,39.153795],[-105.071856,39.153849],[-105.071948,39.153912],[-105.072064,39.15402],[-105.072238,39.1542],[-105.07233,39.154272],[-105.072373,39.154306],[-105.072493,39.154398],[-105.072568,39.15441],[-105.072677,39.154427],[-105.072801,39.154421],[-105.072925,39.154387],[-105.073027,39.154387],[-105.073122,39.154398],[-105.073171,39.154417],[-105.07321,39.154432],[-105.073268,39.154479],[-105.073338,39.154524],[-105.073407,39.154605],[-105.073488,39.154704],[-105.073581,39.154803],[-105.073697,39.154902],[-105.073836,39.15501],[-105.07401,39.155127],[-105.074206,39.155244],[-105.074418,39.155373],[-105.074614,39.155514],[-105.074767,39.155656],[-105.075006,39.155848],[-105.075214,39.155965],[-105.075399,39.156055],[-105.075545,39.156102],[-105.075792,39.156153],[-105.076351,39.156243],[-105.076632,39.156313],[-105.076817,39.156377],[-105.076962,39.156441],[-105.077101,39.156459],[-105.077207,39.156473],[-105.077392,39.156409],[-105.077618,39.156416],[-105.077761,39.15644],[-105.077884,39.156456],[-105.078203,39.15652],[-105.078685,39.156663],[-105.079321,39.156855],[-105.079624,39.156959],[-105.079758,39.156965],[-105.079876,39.156959],[-105.080018,39.156928],[-105.080224,39.156903],[-105.080389,39.156842],[-105.080471,39.156828],[-105.080571,39.156811],[-105.08095,39.156718],[-105.081202,39.156601],[-105.081305,39.156556],[-105.081628,39.156429],[-105.08188,39.156312],[-105.082062,39.156164],[-105.082227,39.156047],[-105.082467,39.155907],[-105.082609,39.155822],[-105.082762,39.155813],[-105.082992,39.155826],[-105.083107,39.155822],[-105.083302,39.155556],[-105.083399,39.155374],[-105.083553,39.155254],[-105.083844,39.155134],[-105.084067,39.155048],[-105.084125,39.155021],[-105.084206,39.154985],[-105.084287,39.154967],[-105.084403,39.154949],[-105.084495,39.154904],[-105.084588,39.15485],[-105.084692,39.154751],[-105.084796,39.154651],[-105.084911,39.154516],[-105.085008,39.154418],[-105.085018,39.154408],[-105.085119,39.154273],[-105.085223,39.154101],[-105.085293,39.153966],[-105.08535,39.153813],[-105.08542,39.153651],[-105.085512,39.153452],[-105.085577,39.15329],[-105.085581,39.153281],[-105.085588,39.153266]],"type":"LineString"},"properties":{"access_status":"unknown","camping_permission":"unknown","evidence":0,"id":"usfs-road-13615419","name":"MISSOURI GULCH","source_route_id":"5995010465"},"type":"Feature"},{"geometry":{"coordinates":[[-105.085402,39.168616],[-105.085229,39.168632],[-105.085074,39.168702],[-105.084927,39.168822],[-105.08479,39.168953],[-105.084666,39.16909],[-105.082743,39.171602],[-105.082601,39.171723],[-105.082431,39.171816],[-105.082283,39.171928],[-105.082192,39.172066],[-105.082132,39.172218],[-105.082093,39.172367],[-105.082079,39.172505],[-105.082071,39.172663],[-105.082042,39.17282],[-105.082013,39.172887],[-105.081986,39.17295],[-105.081928,39.173066],[-105.081893,39.173194],[-105.081888,39.173341],[-105.081894,39.173483],[-105.081884,39.173625],[-105.08185,39.173808],[-105.081812,39.173999],[-105.08179,39.174182],[-105.08178,39.174362],[-105.081781,39.174547],[-105.081782,39.174727],[-105.081776,39.174894],[-105.081784,39.175052],[-105.081782,39.175188],[-105.081806,39.175331],[-105.081834,39.175466],[-105.081881,39.175602],[-105.081923,39.175732],[-105.081936,39.175859],[-105.081913,39.175995],[-105.081879,39.176131],[-105.081856,39.176262],[-105.081852,39.1764],[-105.081849,39.176532],[-105.081852,39.176663],[-105.081863,39.176803],[-105.081864,39.176812],[-105.081875,39.17693],[-105.081891,39.177066],[-105.0819,39.1772],[-105.081915,39.177327],[-105.081913,39.177448],[-105.081867,39.177559],[-105.081769,39.177777],[-105.081734,39.177881],[-105.081664,39.177975],[-105.081549,39.178057],[-105.081414,39.178122],[-105.081265,39.178161],[-105.081103,39.178157],[-105.08095,39.178139],[-105.080804,39.178121],[-105.080654,39.178112],[-105.080526,39.178108],[-105.080386,39.178117],[-105.080233,39.178142],[-105.080089,39.178189],[-105.079953,39.178185],[-105.079905,39.178199],[-105.079757,39.178266],[-105.079631,39.17834],[-105.079487,39.178425],[-105.079354,39.178511],[-105.079226,39.178578],[-105.079072,39.17867],[-105.078924,39.17877],[-105.078792,39.178873],[-105.07869,39.178986],[-105.078623,39.179115],[-105.078554,39.179258],[-105.07847,39.179393],[-105.078393,39.179535],[-105.078369,39.17969],[-105.078387,39.179852],[-105.078403,39.180014],[-105.078405,39.18017],[-105.078388,39.180318],[-105.078367,39.180449],[-105.078325,39.18057],[-105.078271,39.180643],[-105.078209,39.180701],[-105.078179,39.180723],[-105.078133,39.180755],[-105.078058,39.180794],[-105.077982,39.180818],[-105.077845,39.180803],[-105.077834,39.1808],[-105.077733,39.180769],[-105.077578,39.180695],[-105.077442,39.180628],[-105.077301,39.180588],[-105.077146,39.180582],[-105.077013,39.180604],[-105.076875,39.180627],[-105.076749,39.180618],[-105.076745,39.180617],[-105.076704,39.180609],[-105.076621,39.18059],[-105.07651,39.180547],[-105.076399,39.180438],[-105.076347,39.180308],[-105.076307,39.180183],[-105.076283,39.180124],[-105.076265,39.180078],[-105.076196,39.179998],[-105.076107,39.179957],[-105.075991,39.179948],[-105.075825,39.179948],[-105.075664,39.179941],[-105.075519,39.179938],[-105.075394,39.179938],[-105.075292,39.179953],[-105.075243,39.179961],[-105.075241,39.179962],[-105.075195,39.179972],[-105.07504,39.180024],[-105.074871,39.180072],[-105.074658,39.180096],[-105.074467,39.180117],[-105.07432,39.180146],[-105.07426,39.180165],[-105.074191,39.180198],[-105.074181,39.180205],[-105.074069,39.18028],[-105.073936,39.180429],[-105.073825,39.180596],[-105.073692,39.180761],[-105.073555,39.180928],[-105.073422,39.181054],[-105.073279,39.181132],[-105.073099,39.181161],[-105.072889,39.18117],[-105.072631,39.18119],[-105.072382,39.181223],[-105.072179,39.181271],[-105.072028,39.181324],[-105.071923,39.181418],[-105.071838,39.181547],[-105.071738,39.181696],[-105.071639,39.18186],[-105.071582,39.182034],[-105.071559,39.1822],[-105.071599,39.182348],[-105.071702,39.182501],[-105.071804,39.182646],[-105.071828,39.182779],[-105.071796,39.182905],[-105.071717,39.183005],[-105.071561,39.183095],[-105.071372,39.18316],[-105.071171,39.183191],[-105.070952,39.183163],[-105.070752,39.183111],[-105.070566,39.18306],[-105.070403,39.183075],[-105.070273,39.183126],[-105.070111,39.183195],[-105.069938,39.183276],[-105.06977,39.183371],[-105.069618,39.183479],[-105.069475,39.183603],[-105.069312,39.18371],[-105.06913,39.183781],[-105.068945,39.183813],[-105.068748,39.183793],[-105.068572,39.183766],[-105.068382,39.183788],[-105.068205,39.183858],[-105.068049,39.183947],[-105.067912,39.184067],[-105.067823,39.184226],[-105.067798,39.184396],[-105.067836,39.184556],[-105.067887,39.184717],[-105.067911,39.184878],[-105.067908,39.185028],[-105.067891,39.18519],[-105.06782,39.185345],[-105.06772,39.185482],[-105.067635,39.185591],[-105.067566,39.185674],[-105.067511,39.185749],[-105.067451,39.185834],[-105.067345,39.185983],[-105.067267,39.186146],[-105.067241,39.186327],[-105.067233,39.18649],[-105.067206,39.186675],[-105.06715,39.186854],[-105.067064,39.187001],[-105.066971,39.187124],[-105.066864,39.187242],[-105.066775,39.187374],[-105.066716,39.187509],[-105.066705,39.187648],[-105.066699,39.187801],[-105.066673,39.18795],[-105.066619,39.188072],[-105.066502,39.188132],[-105.066343,39.188174],[-105.066173,39.188259],[-105.066011,39.18839],[-105.065892,39.188557],[-105.065797,39.188721],[-105.065716,39.188869],[-105.065619,39.188996],[-105.065459,39.189085],[-105.065426,39.189104],[-105.065281,39.189188],[-105.065277,39.189194],[-105.065181,39.189328],[-105.065118,39.189473],[-105.065067,39.189613],[-105.065013,39.189764],[-105.064943,39.18993],[-105.064935,39.18994],[-105.064856,39.190054],[-105.064767,39.190173],[-105.064743,39.19024],[-105.064726,39.190288],[-105.064719,39.190314],[-105.064709,39.190338],[-105.064713,39.190389],[-105.064753,39.190489],[-105.064773,39.190511],[-105.064845,39.19059],[-105.064945,39.190687],[-105.065053,39.190773],[-105.065171,39.190833],[-105.0653,39.190864],[-105.065419,39.190834],[-105.065498,39.190751],[-105.065558,39.190677],[-105.065635,39.190656],[-105.065738,39.190692],[-105.065829,39.190782],[-105.065859,39.190894],[-105.06586,39.191012],[-105.065876,39.191043]],"type":"LineString"},"properties":{"access_status":"unknown","camping_permission":"unknown","evidence":0,"id":"usfs-road-13615421","name":"LONG HOLLOW","source_route_id":"5999010465"},"type":"Feature"},{"geometry":{"coordinates":[[-105.065876,39.191043],[-105.065918,39.191122],[-105.066029,39.191214],[-105.066103,39.191306],[-105.066098,39.191415],[-105.066036,39.191556],[-105.06595,39.191695],[-105.065842,39.191804],[-105.065707,39.191839],[-105.065545,39.191865],[-105.065399,39.191903],[-105.065274,39.191971],[-105.065167,39.192086],[-105.065095,39.192216],[-105.065075,39.19235],[-105.065119,39.192473],[-105.065211,39.192592],[-105.065323,39.192707],[-105.06544,39.192798],[-105.065504,39.19289],[-105.065485,39.192972],[-105.065381,39.193024],[-105.065235,39.193102],[-105.065133,39.193175],[-105.065114,39.193263],[-105.065178,39.193344],[-105.06531,39.193423],[-105.06547,39.193487],[-105.065617,39.193543],[-105.065737,39.193624],[-105.065856,39.193699],[-105.066001,39.193746],[-105.066134,39.193779],[-105.066252,39.193842],[-105.066343,39.193949],[-105.066386,39.194042],[-105.066454,39.194119],[-105.066575,39.194172],[-105.066722,39.194206],[-105.066845,39.194265],[-105.066936,39.194354],[-105.06701,39.194482],[-105.067046,39.194629],[-105.067039,39.194776],[-105.066979,39.194897],[-105.066859,39.194996],[-105.066707,39.19507],[-105.066532,39.195095],[-105.066348,39.195104],[-105.066169,39.195099],[-105.066015,39.195086],[-105.065879,39.19509],[-105.065677,39.195117],[-105.06549,39.195205],[-105.065391,39.195215],[-105.065179,39.195186],[-105.064992,39.195118],[-105.064856,39.195107],[-105.064724,39.195131],[-105.064686,39.195166],[-105.064657,39.195204],[-105.064617,39.195245],[-105.064612,39.195271],[-105.064594,39.195334],[-105.064589,39.195363],[-105.064578,39.195393],[-105.064551,39.195502],[-105.064576,39.195617],[-105.064605,39.195664],[-105.064637,39.195682],[-105.064641,39.195685],[-105.064751,39.195726],[-105.064866,39.195762],[-105.064976,39.195813],[-105.065095,39.195875],[-105.065349,39.196041],[-105.065456,39.19615],[-105.065588,39.196229],[-105.065719,39.196278],[-105.065886,39.196321],[-105.066079,39.196365],[-105.066271,39.196402],[-105.066429,39.196434],[-105.06658,39.196456],[-105.066764,39.19649],[-105.066978,39.196505],[-105.067196,39.196517],[-105.067411,39.196514],[-105.067614,39.196499],[-105.067781,39.196512],[-105.06791,39.196555],[-105.067996,39.196631],[-105.068041,39.196725],[-105.068075,39.196813],[-105.068099,39.196886],[-105.068112,39.19694],[-105.068116,39.196976],[-105.068113,39.196984],[-105.068102,39.197017],[-105.068043,39.197082],[-105.067936,39.197171],[-105.067818,39.197256],[-105.067693,39.197332],[-105.067583,39.197405],[-105.067512,39.197497],[-105.067473,39.197594],[-105.067417,39.197676],[-105.067322,39.197716],[-105.067206,39.197752],[-105.067108,39.197801],[-105.067064,39.197881],[-105.067081,39.197983],[-105.067136,39.198089],[-105.067165,39.198183],[-105.067128,39.198269],[-105.067113,39.198369],[-105.067144,39.19848],[-105.067189,39.198579],[-105.067217,39.198673],[-105.067185,39.198757],[-105.067087,39.198823],[-105.066981,39.19887],[-105.066854,39.198817],[-105.066751,39.198759],[-105.066663,39.198683],[-105.066574,39.198607],[-105.066481,39.198579],[-105.066397,39.198607],[-105.066373,39.198685],[-105.066414,39.198765],[-105.066453,39.198864],[-105.06648,39.198986],[-105.066467,39.199094],[-105.066456,39.199201],[-105.066503,39.199287],[-105.066601,39.199345],[-105.066714,39.199405],[-105.066803,39.199481],[-105.06685,39.199562],[-105.066834,39.19965],[-105.066756,39.199716],[-105.066629,39.199779],[-105.066505,39.199835],[-105.066371,39.199879],[-105.066227,39.199899],[-105.066102,39.199951],[-105.066031,39.200014],[-105.066038,39.200076],[-105.066067,39.200103],[-105.066106,39.20013],[-105.066109,39.200132],[-105.066233,39.200146],[-105.066386,39.200128],[-105.066539,39.200083],[-105.066684,39.200022],[-105.066812,39.19998],[-105.066953,39.199948],[-105.067098,39.199923],[-105.067238,39.199923],[-105.067362,39.199963],[-105.067477,39.200022],[-105.067598,39.200081],[-105.067728,39.200132],[-105.067855,39.200178],[-105.067971,39.200222],[-105.068055,39.200294],[-105.068122,39.200379],[-105.068183,39.200453],[-105.068228,39.200518],[-105.068256,39.200589],[-105.06826,39.200628],[-105.068259,39.200678],[-105.068259,39.200679],[-105.068259,39.200683],[-105.068253,39.20079],[-105.06824,39.200908],[-105.068229,39.201026],[-105.068233,39.201144],[-105.068243,39.201266],[-105.068239,39.201383],[-105.068216,39.201478],[-105.06821,39.201575],[-105.068201,39.201658],[-105.068183,39.201773],[-105.068172,39.201898],[-105.068154,39.20203],[-105.068144,39.202167],[-105.068187,39.202267],[-105.06825,39.202367],[-105.068305,39.202465],[-105.068327,39.202562],[-105.068354,39.202651],[-105.068403,39.202732],[-105.068437,39.202775],[-105.068519,39.202909],[-105.068572,39.203025],[-105.068628,39.203151],[-105.068672,39.203276],[-105.068712,39.203377],[-105.068763,39.203463],[-105.068828,39.203564],[-105.06889,39.20367],[-105.068929,39.203734],[-105.068972,39.203819],[-105.06899,39.203939],[-105.068991,39.20406],[-105.068984,39.20418],[-105.068996,39.204308],[-105.069005,39.204406],[-105.069008,39.204505],[-105.069017,39.204548],[-105.069001,39.204682],[-105.068972,39.204778],[-105.068952,39.204869],[-105.068926,39.204953],[-105.068909,39.205063],[-105.06888,39.205167],[-105.068854,39.205261],[-105.068817,39.205344],[-105.068781,39.205392],[-105.068773,39.2054],[-105.068754,39.205419],[-105.068665,39.205471],[-105.068558,39.205513],[-105.068438,39.205536],[-105.068297,39.205566],[-105.0682,39.205637],[-105.068135,39.205732],[-105.068074,39.205812],[-105.068021,39.205886],[-105.067985,39.20598],[-105.067943,39.206106],[-105.067905,39.206217],[-105.067853,39.206315],[-105.067781,39.206417],[-105.067698,39.206526],[-105.067614,39.206626],[-105.067495,39.206714],[-105.067375,39.20679],[-105.067282,39.20683],[-105.067175,39.206876],[-105.067056,39.206939],[-105.066941,39.207016],[-105.066835,39.207093],[-105.066736,39.207145],[-105.066704,39.20722],[-105.066677,39.20728],[-105.066653,39.207337],[-105.066604,39.2074],[-105.066529,39.207526],[-105.066402,39.207642],[-105.066228,39.207735],[-105.066043,39.207818],[-105.065873,39.207912],[-105.065797,39.207968],[-105.065796,39.207969],[-105.065726,39.208025],[-105.065627,39.208107],[-105.065578,39.208147],[-105.065438,39.208277],[-105.065322,39.208398],[-105.065239,39.208498],[-105.06517,39.208596],[-105.065094,39.208717],[-105.065026,39.20884],[-105.06496,39.208963],[-105.064882,39.209072],[-105.064811,39.209166],[-105.064758,39.209275],[-105.064739,39.20942],[-105.064745,39.209568],[-105.064746,39.209711],[-105.064745,39.209852],[-105.064738,39.209988],[-105.064737,39.210109],[-105.06473,39.210162],[-105.064729,39.210199],[-105.064725,39.210236],[-105.06471,39.210323],[-105.064675,39.210448],[-105.064633,39.21058],[-105.064599,39.210715],[-105.064603,39.210856],[-105.064667,39.210987],[-105.06478,39.211097],[-105.064887,39.211204],[-105.064975,39.211332],[-105.064981,39.211443],[-105.06493,39.211529],[-105.064893,39.211562],[-105.064853,39.211583],[-105.064801,39.211602],[-105.064672,39.211594],[-105.064529,39.211575],[-105.064459,39.211578],[-105.064458,39.211579],[-105.064394,39.21159],[-105.064259,39.211648],[-105.064161,39.211721],[-105.06409,39.211793],[-105.064027,39.211877],[-105.063949,39.211989],[-105.063866,39.2121],[-105.063769,39.212222],[-105.06369,39.212323],[-105.063627,39.212409],[-105.063569,39.212519],[-105.063528,39.212641],[-105.063501,39.212734],[-105.06347,39.212844],[-105.063426,39.213008],[-105.063415,39.213168],[-105.063415,39.213314],[-105.063428,39.213463],[-105.063454,39.213596],[-105.063489,39.213718],[-105.063518,39.213803],[-105.06354,39.213878],[-105.063583,39.213996],[-105.063641,39.214134],[-105.063656,39.214277],[-105.063669,39.21443],[-105.063694,39.214577],[-105.063739,39.214724],[-105.063797,39.214858],[-105.063851,39.214998],[-105.063896,39.215141],[-105.063936,39.215285],[-105.063962,39.21543],[-105.063971,39.215574],[-105.063974,39.215704],[-105.063968,39.21583],[-105.063946,39.215944],[-105.063899,39.21605],[-105.063839,39.216164],[-105.063787,39.216281],[-105.063766,39.216387],[-105.063762,39.216484],[-105.063771,39.216549],[-105.063771,39.21655],[-105.064013,39.217082],[-105.064066,39.217231],[-105.064105,39.217368],[-105.064103,39.217493],[-105.064069,39.217618],[-105.064047,39.217732],[-105.06404,39.217821],[-105.064024,39.217928],[-105.06402,39.218042],[-105.063983,39.218153],[-105.063908,39.218253],[-105.063841,39.218349],[-105.063836,39.218428],[-105.06391,39.218496],[-105.064002,39.218529],[-105.064086,39.21856],[-105.064164,39.218623],[-105.064231,39.218687],[-105.064281,39.218749],[-105.064353,39.218832],[-105.064424,39.218927],[-105.064467,39.219023],[-105.064489,39.219108],[-105.064493,39.219178],[-105.064473,39.219245]],"type":"LineString"},"properties":{"access_status":"unknown","camping_permission":"unknown","evidence":0,"id":"usfs-road-13615422","name":"LONG HOLLOW","source_route_id":"5999010465"},"type":"Feature"},{"geometry":{"coordinates":[[-105.029571,39.172786],[-105.029877,39.17261],[-105.030004,39.172496],[-105.030145,39.172361],[-105.030187,39.172221],[-105.030225,39.172152],[-105.030201,39.172104],[-105.030178,39.172046],[-105.03023,39.171899],[-105.030314,39.171716],[-105.030409,39.171086],[-105.030361,39.170955]],"type":"LineString"},"properties":{"access_status":"unknown","camping_permission":"unknown","evidence":0,"id":"usfs-road-13619910","name":"HIGH","source_route_id":"7041010465"},"type":"Feature"},{"geometry":{"coordinates":[[-105.124122,39.153715],[-105.124021,39.153709],[-105.123968,39.153706],[-105.123765,39.153662],[-105.123627,39.153675],[-105.123473,39.153789],[-105.123343,39.153947],[-105.123181,39.154153],[-105.122967,39.154595],[-105.122945,39.154678],[-105.122924,39.154812],[-105.12291,39.154963],[-105.122831,39.155125],[-105.122753,39.155287],[-105.12271,39.155388],[-105.122624,39.155505],[-105.122517,39.155661],[-105.122445,39.155846],[-105.122403,39.155924],[-105.122044,39.156053],[-105.121858,39.156109],[-105.121636,39.156204],[-105.121478,39.156193],[-105.121372,39.156231],[-105.121349,39.156241],[-105.121343,39.156244],[-105.121268,39.156313],[-105.121305,39.156396],[-105.121308,39.156406],[-105.121338,39.156521],[-105.121381,39.156733],[-105.121367,39.156972],[-105.121259,39.157067],[-105.121175,39.157195],[-105.121138,39.157394],[-105.121058,39.157435],[-105.120947,39.157414],[-105.120734,39.157357],[-105.120448,39.157287],[-105.120239,39.157257],[-105.120125,39.157215],[-105.119937,39.157137],[-105.11983,39.157132],[-105.119669,39.157153],[-105.119521,39.157158],[-105.119447,39.157143],[-105.119266,39.15707],[-105.119199,39.156997],[-105.119085,39.156898],[-105.118971,39.156809],[-105.118823,39.15672],[-105.118662,39.156595],[-105.11844,39.156475],[-105.118373,39.156439],[-105.118272,39.15634],[-105.118026,39.156115],[-105.117883,39.155998],[-105.117727,39.155893],[-105.117468,39.155676],[-105.11738,39.155454],[-105.117237,39.15537],[-105.116965,39.155296],[-105.116775,39.155185],[-105.116537,39.154945],[-105.116339,39.154818],[-105.11621,39.154675],[-105.116056,39.154498],[-105.115883,39.154318],[-105.115825,39.154237],[-105.115778,39.154165],[-105.115743,39.154066],[-105.115697,39.153931],[-105.115638,39.153658],[-105.115395,39.153283],[-105.115337,39.153165],[-105.115175,39.152928],[-105.11512,39.152791],[-105.115038,39.152616],[-105.11495,39.152511],[-105.114922,39.152394],[-105.114745,39.15213],[-105.114684,39.151813],[-105.114711,39.151744],[-105.114697,39.151628],[-105.114615,39.151437],[-105.114608,39.151337],[-105.114635,39.151199],[-105.114683,39.151056],[-105.114744,39.150956],[-105.114859,39.150855],[-105.115008,39.150733],[-105.115218,39.150596],[-105.115286,39.150511],[-105.115327,39.150421],[-105.115306,39.150292],[-105.115272,39.150106],[-105.115263,39.150067],[-105.115238,39.149953],[-105.11521,39.149805],[-105.115217,39.149699],[-105.115251,39.149578],[-105.115312,39.149451],[-105.115366,39.149382],[-105.115423,39.1493],[-105.115492,39.149218],[-105.11559,39.149101],[-105.115671,39.14899],[-105.115847,39.148731],[-105.115942,39.148577],[-105.116105,39.148424],[-105.116295,39.14827],[-105.116485,39.148127],[-105.116681,39.147988],[-105.116896,39.147876],[-105.117118,39.147837],[-105.117304,39.147865],[-105.117544,39.147979],[-105.117675,39.148044],[-105.117878,39.14815],[-105.117995,39.148234],[-105.118113,39.148307],[-105.118247,39.148427],[-105.11838,39.148541],[-105.118523,39.148836],[-105.118527,39.149028],[-105.118455,39.149312],[-105.118477,39.149489],[-105.118551,39.149615],[-105.118617,39.149873],[-105.118662,39.149942],[-105.118757,39.150053],[-105.118792,39.150116],[-105.118905,39.150199],[-105.118989,39.150296],[-105.119012,39.150314],[-105.11907,39.150359],[-105.119117,39.150404],[-105.119186,39.150458],[-105.119221,39.150476],[-105.11934,39.150571],[-105.119436,39.150634],[-105.119546,39.150703],[-105.119708,39.150875],[-105.119834,39.150989],[-105.119937,39.151109],[-105.120055,39.151247],[-105.120128,39.151333],[-105.120239,39.151453],[-105.120364,39.151602],[-105.120446,39.151716],[-105.120549,39.151859],[-105.120645,39.151934],[-105.120726,39.151985],[-105.120829,39.152031],[-105.12096,39.152069],[-105.121075,39.15215],[-105.121157,39.152204],[-105.121319,39.152303],[-105.121423,39.152366],[-105.121499,39.152463],[-105.121573,39.152531],[-105.121632,39.152612],[-105.121706,39.15268],[-105.121779,39.152732],[-105.12186,39.152812],[-105.121919,39.152892],[-105.121978,39.152955],[-105.12203,39.153007],[-105.122089,39.153058],[-105.122155,39.153075],[-105.122266,39.153098],[-105.122501,39.153132],[-105.122847,39.153183],[-105.122977,39.153246],[-105.123074,39.153277],[-105.123196,39.153303],[-105.123432,39.153391],[-105.123635,39.15346],[-105.123903,39.153592],[-105.124001,39.153647]],"type":"LineString"},"properties":{"access_status":"unknown","camping_permission":"unknown","evidence":0,"id":"usfs-road-13619949","name":"SARAH","source_route_id":"6915010465"},"type":"Feature"},{"geometry":{"coordinates":[[-105.118527,39.149028],[-105.118616,39.149028],[-105.118704,39.148999],[-105.118763,39.148925],[-105.118836,39.148844],[-105.118866,39.148718],[-105.118895,39.148541],[-105.118917,39.148327],[-105.118917,39.148326],[-105.118924,39.148208],[-105.118953,39.148134],[-105.119034,39.148082],[-105.119306,39.14799],[-105.11968,39.147892],[-105.120078,39.147872],[-105.12036,39.147867],[-105.120527,39.147852],[-105.1207,39.147876],[-105.120963,39.147921],[-105.121104,39.147906],[-105.12142,39.147891],[-105.121429,39.147891],[-105.121563,39.147872],[-105.121611,39.147865],[-105.121974,39.147871],[-105.122427,39.147827],[-105.122787,39.147755],[-105.123222,39.147697],[-105.123416,39.147682],[-105.12373,39.147646],[-105.124183,39.147642],[-105.12435,39.147627],[-105.124525,39.147598],[-105.124655,39.147562],[-105.124803,39.147548],[-105.124969,39.147583],[-105.125098,39.147626],[-105.125303,39.147613],[-105.125394,39.147604],[-105.125487,39.147583],[-105.12557,39.147547],[-105.125745,39.147496],[-105.125916,39.147414],[-105.126138,39.147402],[-105.126219,39.147377],[-105.126425,39.147306],[-105.126521,39.147243],[-105.126676,39.147211],[-105.126824,39.147211],[-105.126979,39.147281],[-105.127208,39.147357],[-105.127314,39.147427],[-105.127322,39.147535],[-105.127363,39.147649],[-105.127445,39.147757],[-105.127478,39.147808],[-105.127535,39.14791],[-105.127642,39.148018],[-105.127809,39.148062],[-105.127965,39.148113],[-105.128087,39.148125],[-105.128226,39.148132],[-105.128349,39.148138],[-105.128521,39.148322],[-105.128662,39.148425]],"type":"LineString"},"properties":{"access_status":"unknown","camping_permission":"unknown","evidence":0,"id":"usfs-road-13619951","name":"JAKE","source_route_id":"6916010465"},"type":"Feature"},{"geometry":{"coordinates":[[-105.135221,39.15754],[-105.134905,39.157744],[-105.134532,39.157859],[-105.134181,39.157966],[-105.133972,39.157988],[-105.133764,39.15801],[-105.133419,39.158077],[-105.132819,39.15828],[-105.132559,39.158356],[-105.132114,39.158432],[-105.131903,39.158546],[-105.131486,39.158837],[-105.131226,39.159024],[-105.13103,39.159141],[-105.130383,39.159575],[-105.130137,39.159767],[-105.129854,39.159988],[-105.129716,39.160114],[-105.129603,39.16026],[-105.129547,39.160449],[-105.129522,39.160492],[-105.12949,39.16055],[-105.129312,39.160778],[-105.129077,39.160986],[-105.128765,39.161234],[-105.128511,39.161424],[-105.128349,39.161523],[-105.127976,39.161619],[-105.127732,39.161745],[-105.127441,39.161834],[-105.127198,39.161923],[-105.126987,39.161999],[-105.12677,39.162077],[-105.126431,39.162155],[-105.126199,39.16222],[-105.126075,39.162204],[-105.126042,39.162162],[-105.126041,39.161943],[-105.126038,39.161612],[-105.125984,39.161434],[-105.125875,39.16133],[-105.12576,39.161255],[-105.125699,39.161105],[-105.125645,39.160894],[-105.125572,39.1608],[-105.125427,39.160692],[-105.125239,39.160452],[-105.125148,39.160283],[-105.125058,39.160208],[-105.124943,39.160157],[-105.124846,39.160072],[-105.124794,39.159949],[-105.124846,39.159872],[-105.12487,39.159735],[-105.124839,39.159618],[-105.124773,39.159519],[-105.124682,39.159435],[-105.124513,39.159327],[-105.124234,39.159177],[-105.124041,39.159041],[-105.123658,39.158788],[-105.123427,39.158736],[-105.123225,39.158668],[-105.123109,39.158579],[-105.123061,39.158511]],"type":"LineString"},"properties":{"access_status":"unknown","camping_permission":"unknown","evidence":0,"id":"usfs-road-13619952","name":"LINDA","source_route_id":"6917010465"},"type":"Feature"},{"geometry":{"coordinates":[[-105.170816,39.131453],[-105.17057,39.131025],[-105.170493,39.130938],[-105.170268,39.130815],[-105.169785,39.130655],[-105.169658,39.130327],[-105.16955,39.130223],[-105.169403,39.130165],[-105.168933,39.13015],[-105.168803,39.13009],[-105.168722,39.129983],[-105.168702,39.12974],[-105.168791,39.129582]],"type":"LineString"},"properties":{"access_status":"unknown","camping_permission":"unknown","evidence":0,"id":"usfs-road-13619954","name":"NO NAME","source_route_id":"6919010465"},"type":"Feature"},{"geometry":{"coordinates":[[-105.009274,39.156604],[-105.009382,39.156345],[-105.009468,39.155644],[-105.00934,39.155274],[-105.009168,39.155029],[-105.009092,39.154551],[-105.009341,39.153955],[-105.009737,39.153438],[-105.009891,39.153021],[-105.01024,39.152629],[-105.010315,39.152301],[-105.010305,39.151993],[-105.010273,39.151924],[-105.010123,39.1518],[-105.009974,39.151454],[-105.010066,39.150797],[-105.010045,39.150594],[-105.009563,39.14943],[-105.009529,39.14937],[-105.009286,39.149194],[-105.009219,39.149084],[-105.009222,39.148904],[-105.009349,39.148483],[-105.009352,39.148274],[-105.009287,39.148085],[-105.008985,39.147651],[-105.009008,39.147436],[-105.009114,39.147092],[-105.00929,39.146795],[-105.009318,39.146526],[-105.00948,39.146356],[-105.009567,39.146206],[-105.009587,39.146042],[-105.009496,39.14586],[-105.009585,39.145694],[-105.009621,39.145469],[-105.009579,39.14546],[-105.009519,39.145376]],"type":"LineString"},"properties":{"access_status":"unknown","camping_permission":"unknown","evidence":0,"id":"usfs-road-13619977","name":"UNIT C","source_route_id":"7037010465"},"type":"Feature"},{"geometry":{"coordinates":[[-105.003996,39.154352],[-105.004306,39.154338],[-105.004323,39.154335],[-105.004331,39.154321],[-105.004332,39.154301],[-105.004329,39.154271],[-105.004336,39.154215],[-105.004328,39.154192],[-105.004318,39.154169],[-105.004324,39.154137],[-105.004324,39.154107],[-105.004405,39.153926],[-105.004411,39.15389],[-105.004393,39.153687],[-105.004366,39.153657],[-105.00435,39.152955],[-105.004346,39.152923],[-105.004378,39.1529],[-105.004388,39.152895],[-105.004393,39.152861],[-105.004426,39.152639],[-105.004451,39.152595],[-105.004451,39.152576],[-105.004471,39.152539],[-105.004495,39.152515],[-105.004542,39.152468],[-105.004557,39.152166],[-105.004554,39.152133],[-105.00456,39.152103],[-105.004563,39.152068],[-105.004555,39.152027],[-105.004571,39.151997],[-105.00458,39.151972],[-105.004507,39.151841],[-105.004493,39.151794],[-105.004486,39.151753],[-105.004476,39.151723],[-105.004478,39.151694],[-105.004512,39.151574],[-105.004503,39.151532],[-105.004487,39.151491],[-105.004521,39.151446],[-105.004508,39.151278],[-105.004528,39.151254],[-105.004545,39.151231],[-105.004552,39.151209],[-105.004547,39.151185],[-105.004472,39.151126],[-105.004461,39.151079],[-105.004449,39.15105],[-105.004442,39.151021],[-105.004431,39.150943],[-105.004415,39.150913],[-105.004398,39.150883],[-105.004231,39.15045],[-105.004243,39.150389],[-105.004254,39.150356],[-105.004271,39.150305],[-105.004282,39.150269],[-105.0043,39.150237],[-105.004307,39.150216],[-105.004293,39.150196],[-105.004306,39.150169],[-105.004313,39.150136],[-105.004365,39.149996],[-105.004389,39.149981],[-105.004383,39.149951],[-105.004344,39.149898],[-105.004335,39.149863],[-105.004339,39.149823],[-105.004355,39.149796],[-105.004397,39.149631],[-105.004394,39.149608],[-105.004207,39.149523],[-105.004254,39.149464],[-105.004214,39.149446],[-105.004176,39.149431],[-105.004155,39.149409],[-105.004131,39.149385],[-105.004119,39.149362],[-105.004082,39.14933],[-105.003938,39.149174],[-105.003927,39.149144],[-105.003895,39.14912],[-105.003862,39.149021],[-105.003873,39.148996],[-105.003894,39.148967],[-105.003938,39.148946],[-105.003996,39.14877],[-105.004029,39.148751],[-105.004048,39.148729],[-105.004115,39.148651],[-105.004117,39.148641],[-105.004126,39.1485],[-105.004107,39.148485],[-105.004086,39.148466],[-105.004068,39.148438],[-105.004059,39.148413],[-105.004054,39.148395],[-105.004051,39.148377],[-105.004052,39.148358],[-105.004056,39.148342],[-105.004051,39.148344],[-105.00405,39.148345],[-105.004048,39.148344],[-105.00404,39.148176],[-105.004045,39.148153],[-105.004043,39.148132],[-105.004049,39.148067],[-105.004045,39.148041],[-105.004031,39.148019],[-105.004012,39.148002],[-105.003982,39.147982],[-105.003955,39.147956],[-105.00392,39.14794],[-105.003877,39.147935],[-105.003833,39.147917],[-105.003803,39.147899],[-105.003775,39.147878],[-105.003745,39.14786],[-105.003714,39.147842],[-105.00369,39.147823],[-105.00367,39.147805],[-105.003659,39.147787],[-105.003634,39.147775],[-105.003619,39.147758],[-105.003598,39.147746],[-105.003577,39.147745],[-105.003551,39.147745],[-105.003519,39.147735],[-105.00349,39.147719],[-105.003466,39.147699],[-105.003402,39.147675],[-105.003382,39.147653],[-105.003356,39.147632],[-105.003341,39.147603],[-105.003325,39.147571],[-105.003308,39.147545],[-105.003289,39.147519],[-105.003264,39.147503],[-105.003244,39.147477],[-105.003228,39.147452],[-105.003209,39.147432],[-105.003195,39.147401],[-105.003176,39.147377],[-105.003153,39.147355],[-105.003126,39.147336],[-105.003109,39.147325],[-105.003087,39.147312],[-105.003067,39.147296],[-105.003042,39.147281],[-105.00301,39.147261],[-105.00293,39.147188],[-105.002903,39.147168],[-105.002857,39.147145],[-105.002852,39.147127],[-105.002835,39.147113],[-105.002705,39.146941],[-105.002651,39.146895],[-105.002624,39.146876],[-105.002597,39.146861],[-105.002576,39.146847],[-105.002551,39.146828],[-105.00253,39.146806],[-105.002511,39.146786],[-105.002491,39.146765],[-105.002464,39.146756],[-105.002402,39.146706],[-105.00238,39.1467],[-105.002357,39.146692],[-105.002336,39.146688],[-105.002309,39.146684],[-105.002287,39.146675],[-105.002217,39.14662],[-105.002206,39.146608],[-105.002193,39.146591],[-105.002181,39.146575],[-105.002157,39.146566],[-105.002132,39.146558],[-105.002085,39.146554],[-105.002044,39.146534],[-105.002049,39.146518],[-105.002034,39.146496],[-105.002027,39.146474],[-105.002042,39.146463],[-105.002037,39.14644],[-105.002025,39.146418],[-105.002013,39.146405],[-105.002,39.146391],[-105.001982,39.146375],[-105.001942,39.146354],[-105.001912,39.146352],[-105.001896,39.146338],[-105.001881,39.146323],[-105.001852,39.1463],[-105.001842,39.146286],[-105.001831,39.14627],[-105.001826,39.146258],[-105.001834,39.14624],[-105.001828,39.146231],[-105.001823,39.146219],[-105.001825,39.146198],[-105.001827,39.146182],[-105.001806,39.146172],[-105.001804,39.146171]],"type":"LineString"},"properties":{"access_status":"unknown","camping_permission":"unknown","evidence":0,"id":"usfs-road-13619979","name":"UNIT F","source_route_id":"7038010465"},"type":"Feature"},{"geometry":{"coordinates":[[-105.105114,39.270552],[-105.105083,39.270611],[-105.104984,39.270655],[-105.104854,39.270703],[-105.104715,39.270771],[-105.104562,39.270811],[-105.104454,39.270819],[-105.104335,39.270799],[-105.104207,39.270753],[-105.104069,39.270706],[-105.103907,39.270666],[-105.103729,39.270622],[-105.103581,39.270594],[-105.103452,39.270567],[-105.103308,39.270548],[-105.103172,39.270525],[-105.103087,39.270476],[-105.103072,39.27041],[-105.103112,39.270358],[-105.103194,39.27034],[-105.103292,39.270349],[-105.103372,39.270352],[-105.103441,39.270336],[-105.103492,39.270292],[-105.103503,39.270229],[-105.10348,39.270159],[-105.103442,39.270084],[-105.103278,39.270088],[-105.103144,39.270099],[-105.102994,39.270115],[-105.102838,39.270153],[-105.102679,39.270198],[-105.102513,39.270223],[-105.102344,39.270235],[-105.102166,39.270234],[-105.101984,39.270237],[-105.101739,39.27026],[-105.101645,39.270258],[-105.101563,39.270238],[-105.101396,39.270217],[-105.101219,39.270181],[-105.101135,39.270193],[-105.101064,39.270211],[-105.101048,39.270245],[-105.10106,39.270289],[-105.101078,39.270323],[-105.101119,39.270353],[-105.101176,39.270367],[-105.101268,39.270358],[-105.101365,39.270341],[-105.10148,39.270324],[-105.101669,39.27028]],"type":"LineString"},"properties":{"access_status":"unknown","camping_permission":"unknown","evidence":0,"id":"usfs-road-13619986","name":"DEVILS HEAD CG","source_route_id":"7235010465"},"type":"Feature"},{"geometry":{"coordinates":[[-105.085914,39.152162],[-105.085618,39.152392],[-105.085353,39.152513],[-105.085132,39.152573],[-105.085055,39.152668],[-105.084989,39.152737],[-105.084901,39.152849],[-105.084735,39.152935],[-105.084536,39.152995],[-105.084286,39.152917],[-105.084041,39.152871],[-105.083819,39.15278],[-105.083717,39.152742],[-105.08352,39.15276],[-105.083011,39.152679],[-105.08279,39.152508],[-105.08258,39.152345],[-105.082346,39.152281],[-105.082253,39.152245],[-105.082089,39.152218],[-105.081879,39.152154],[-105.081703,39.152163],[-105.081517,39.152264],[-105.081377,39.152364],[-105.081083,39.152466],[-105.080912,39.15248],[-105.080742,39.152437],[-105.080615,39.152326],[-105.080444,39.152207],[-105.080219,39.152081],[-105.080093,39.152102],[-105.080066,39.152193],[-105.07962,39.152148],[-105.079238,39.152075],[-105.079013,39.152054],[-105.078689,39.152047],[-105.078581,39.152194],[-105.078519,39.152412],[-105.078528,39.152559],[-105.078609,39.152671],[-105.078528,39.152839],[-105.078591,39.152923],[-105.078663,39.152979],[-105.078681,39.15307],[-105.078637,39.153205],[-105.078591,39.153295],[-105.078591,39.153349],[-105.078626,39.153394],[-105.078683,39.153412],[-105.078754,39.153455],[-105.078871,39.153476],[-105.07897,39.153504],[-105.079042,39.153565],[-105.079054,39.153628],[-105.079031,39.153718],[-105.078985,39.153862],[-105.078853,39.154107],[-105.078746,39.154233],[-105.07871,39.154345],[-105.07865,39.154403],[-105.078511,39.154494],[-105.078361,39.154548],[-105.078188,39.154637],[-105.078101,39.154717],[-105.07818,39.154815],[-105.078362,39.154938],[-105.078607,39.155067],[-105.078852,39.15514],[-105.079049,39.155183],[-105.079231,39.155238],[-105.079499,39.155318],[-105.079807,39.155404],[-105.079933,39.155472],[-105.080004,39.155558],[-105.080131,39.155656],[-105.080155,39.155723],[-105.080305,39.155828],[-105.080431,39.15592],[-105.080609,39.156067],[-105.080791,39.156165],[-105.080933,39.156239],[-105.081075,39.1563],[-105.081186,39.156429],[-105.081305,39.156556]],"type":"LineString"},"properties":{"access_status":"unknown","camping_permission":"unknown","evidence":0,"id":"usfs-road-13619989","name":"AROUND HILL","source_route_id":"7084010465"},"type":"Feature"},{"geometry":{"coordinates":[[-105.105093,39.27174],[-105.105028,39.271751],[-105.104941,39.27176],[-105.104812,39.271771],[-105.104696,39.27181],[-105.104623,39.271861],[-105.104523,39.271934],[-105.104338,39.27198],[-105.104149,39.271995],[-105.103976,39.271991],[-105.103811,39.271984],[-105.103639,39.271994],[-105.103474,39.272038],[-105.103368,39.272082],[-105.103246,39.272098],[-105.103177,39.27211],[-105.103113,39.272101],[-105.103049,39.272087],[-105.102943,39.272058],[-105.102811,39.272007],[-105.102683,39.271947],[-105.102614,39.271898],[-105.102569,39.271834],[-105.102541,39.271779],[-105.102537,39.271737],[-105.102525,39.271686],[-105.102509,39.271647],[-105.102513,39.271586],[-105.102497,39.271549],[-105.102454,39.271516],[-105.102403,39.271474],[-105.102344,39.271461],[-105.102293,39.271487],[-105.102313,39.271517],[-105.102329,39.271589],[-105.102358,39.271644],[-105.102423,39.271697],[-105.10251,39.271772]],"type":"LineString"},"properties":{"access_status":"unknown","camping_permission":"unknown","evidence":0,"id":"usfs-road-13619990","name":"DEVILS HEAD CG","source_route_id":"7236010465"},"type":"Feature"},{"geometry":{"coordinates":[[-105.085795,39.347853],[-105.085464,39.348109],[-105.085264,39.34842],[-105.085212,39.349148]],"type":"LineString"},"properties":{"access_status":"unknown","camping_permission":"unknown","evidence":0,"id":"usfs-road-13620060","name":"SUNSET POINT","source_route_id":"7237010465"},"type":"Feature"},{"geometry":{"coordinates":[[-105.064423,39.191048],[-105.064483,39.190998],[-105.064624,39.190884],[-105.064647,39.19077],[-105.064707,39.190652],[-105.064734,39.190549],[-105.064662,39.190502],[-105.064669,39.190421],[-105.064683,39.190371],[-105.064709,39.190338]],"type":"LineString"},"properties":{"access_status":"unknown","camping_permission":"unknown","evidence":0,"id":"usfs-road-13620061","name":"LONG HOLLOW SPUR","source_route_id":"7238010465"},"type":"Feature"},{"geometry":{"coordinates":[[-105.187849,39.319767],[-105.187979,39.319857],[-105.188107,39.319998],[-105.188135,39.320145],[-105.188041,39.320261],[-105.188068,39.320371],[-105.187953,39.320529],[-105.187859,39.32065],[-105.187652,39.32069]],"type":"LineString"},"properties":{"access_status":"unknown","camping_permission":"unknown","evidence":0,"id":"usfs-road-13620068","name":"OUZEL CG","source_route_id":"7256010465"},"type":"Feature"},{"geometry":{"coordinates":[[-105.176475,39.348785],[-105.176555,39.34883],[-105.17657,39.348886],[-105.176548,39.34905],[-105.176498,39.349247],[-105.17636,39.349366],[-105.17615,39.349417],[-105.176028,39.349375]],"type":"LineString"},"properties":{"access_status":"unknown","camping_permission":"unknown","evidence":0,"id":"usfs-road-13620069","name":"OSPREY CG","source_route_id":"7257010465"},"type":"Feature"},{"geometry":{"coordinates":[[-105.171463,39.376772],[-105.171564,39.37677],[-105.171639,39.376801],[-105.171716,39.376872],[-105.171802,39.376966],[-105.171891,39.37707],[-105.171976,39.377168],[-105.172057,39.377265],[-105.172066,39.377277]],"type":"LineString"},"properties":{"access_status":"unknown","camping_permission":"unknown","evidence":0,"id":"usfs-road-13620070","name":"CHUTES PARKING","source_route_id":"7259010465"},"type":"Feature"},{"geometry":{"coordinates":[[-105.167126,39.399996],[-105.168014,39.400412],[-105.168388,39.400989]],"type":"LineString"},"properties":{"access_status":"unknown","camping_permission":"unknown","evidence":0,"id":"usfs-road-13620071","name":"COLORADO TRAIL PRKNG","source_route_id":"7260010465"},"type":"Feature"},{"geometry":{"coordinates":[[-105.275487,39.12967],[-105.275192,39.129874],[-105.274869,39.130001],[-105.274649,39.130083],[-105.274568,39.130119],[-105.274487,39.130146],[-105.274326,39.13021],[-105.274177,39.130223],[-105.273918,39.130248],[-105.273576,39.13031],[-105.273239,39.130438],[-105.273086,39.130434],[-105.272856,39.130383],[-105.272624,39.130357],[-105.272382,39.130332],[-105.27222,39.130332],[-105.272082,39.13035],[-105.271955,39.130387],[-105.271885,39.130405],[-105.271669,39.130463],[-105.271269,39.130509],[-105.270952,39.130576],[-105.270441,39.130922],[-105.270326,39.130985],[-105.26999,39.131022],[-105.26967,39.13105],[-105.2694,39.131113],[-105.269258,39.13111],[-105.269041,39.131042],[-105.26883,39.130845],[-105.268649,39.130829],[-105.268103,39.130801],[-105.267988,39.130783],[-105.26783,39.130731],[-105.267689,39.130703],[-105.26734,39.130749],[-105.266912,39.130804],[-105.266631,39.130858],[-105.266159,39.131032],[-105.265675,39.13105],[-105.265417,39.131055],[-105.265294,39.131012],[-105.265049,39.13088],[-105.264968,39.130702],[-105.264863,39.13061],[-105.26448,39.130233],[-105.264004,39.129882],[-105.263893,39.129856],[-105.263815,39.129872],[-105.26375,39.129912],[-105.263519,39.130179],[-105.263188,39.130376],[-105.262956,39.130427],[-105.262647,39.130369],[-105.262571,39.13041],[-105.262442,39.130604],[-105.262316,39.130772],[-105.262111,39.130879],[-105.261869,39.130892],[-105.261377,39.130854],[-105.261107,39.130743],[-105.260608,39.130566],[-105.260339,39.130395],[-105.26004,39.130234],[-105.259933,39.130117],[-105.259804,39.129972],[-105.259746,39.129739],[-105.259691,39.129635]],"type":"LineString"},"properties":{"access_status":"unknown","camping_permission":"unknown","evidence":0,"id":"usfs-road-13620084","name":"CEDAR MOUNTAIN","source_route_id":"7307010465"},"type":"Feature"},{"geometry":{"coordinates":[[-105.029621,39.129814],[-105.029586,39.129837],[-105.029562,39.129854],[-105.029259,39.130205],[-105.028607,39.131681],[-105.02782,39.133303],[-105.027523,39.133939],[-105.027066,39.134968],[-105.026735,39.135558],[-105.026787,39.136014],[-105.027102,39.136755],[-105.027427,39.137606],[-105.027295,39.13837],[-105.027138,39.139377],[-105.027035,39.140335],[-105.026948,39.141241],[-105.026786,39.142802],[-105.026678,39.143594],[-105.026631,39.144122],[-105.026549,39.144388],[-105.026339,39.144627],[-105.026094,39.144877],[-105.025485,39.145399],[-105.025276,39.145595],[-105.025132,39.145866],[-105.02503,39.146555],[-105.02498,39.147347],[-105.025096,39.147642],[-105.025184,39.147967],[-105.025161,39.148221],[-105.025089,39.148551],[-105.024967,39.148925],[-105.024831,39.149175],[-105.024304,39.149524],[-105.024058,39.149675],[-105.023998,39.14979],[-105.023987,39.149907],[-105.024119,39.150114],[-105.024709,39.150809],[-105.024888,39.151098],[-105.024965,39.151605],[-105.025107,39.151892],[-105.025356,39.152169],[-105.025511,39.152461],[-105.025455,39.152762],[-105.025304,39.152966],[-105.025192,39.153155],[-105.025159,39.153362],[-105.025215,39.153583],[-105.025351,39.153842],[-105.025349,39.154426],[-105.025498,39.154546],[-105.025958,39.154679],[-105.026159,39.15484],[-105.026235,39.155149],[-105.026288,39.155444],[-105.026296,39.155714],[-105.026142,39.155933],[-105.025834,39.156142],[-105.025522,39.156308],[-105.025016,39.156583],[-105.024627,39.156652],[-105.024252,39.156621],[-105.02392,39.156701],[-105.023779,39.156868],[-105.023649,39.15709],[-105.023363,39.157262],[-105.022751,39.157303],[-105.022455,39.157354],[-105.022207,39.157529],[-105.022178,39.157755],[-105.022349,39.158238],[-105.022376,39.158519],[-105.022149,39.158774],[-105.0218,39.158878],[-105.021321,39.158923],[-105.021013,39.159179],[-105.020994,39.159526],[-105.021031,39.159756],[-105.021325,39.160114],[-105.02166,39.160439],[-105.021803,39.160662],[-105.022185,39.162681],[-105.022284,39.163157],[-105.022367,39.163789],[-105.022336,39.164],[-105.022239,39.164155],[-105.021976,39.164422],[-105.021684,39.164596],[-105.020972,39.164959],[-105.020768,39.165158],[-105.020778,39.165281],[-105.020915,39.165431],[-105.021164,39.165524],[-105.021867,39.165711],[-105.022336,39.165978],[-105.023469,39.167085],[-105.023917,39.167575],[-105.023963,39.167901],[-105.023901,39.168049],[-105.023104,39.168888],[-105.023051,39.169127],[-105.023108,39.169323],[-105.023292,39.169484],[-105.023622,39.169762],[-105.023787,39.170024],[-105.023833,39.170285],[-105.023923,39.171156],[-105.024,39.171483],[-105.024252,39.171697],[-105.024561,39.171822],[-105.025421,39.172028],[-105.026627,39.172319],[-105.027744,39.172587],[-105.028599,39.17258],[-105.029314,39.172696],[-105.029671,39.172822],[-105.029843,39.173007],[-105.030495,39.173997],[-105.030728,39.174451],[-105.030914,39.174759],[-105.03108,39.17505],[-105.031368,39.175403],[-105.031516,39.175675]],"type":"LineString"},"properties":{"access_status":"unknown","camping_permission":"unknown","evidence":0,"id":"usfs-road-13620534","name":"RAMPART RANGE","source_route_id":"6196010465"},"type":"Feature"},{"geometry":{"coordinates":[[-105.051902,39.193372],[-105.051909,39.194399],[-105.051933,39.194994],[-105.05194,39.19565],[-105.051946,39.196434],[-105.051968,39.197187],[-105.051988,39.197495],[-105.051967,39.197687],[-105.051789,39.197986],[-105.051624,39.198382],[-105.051493,39.199221],[-105.05144,39.199537],[-105.051202,39.200456],[-105.051169,39.200729],[-105.051022,39.201326],[-105.050981,39.201649],[-105.051018,39.202399],[-105.051043,39.202867],[-105.051128,39.203299],[-105.051295,39.203655],[-105.051516,39.203968],[-105.051806,39.204226],[-105.052326,39.204739],[-105.052703,39.205002],[-105.053711,39.205566],[-105.053872,39.20568],[-105.054067,39.205808],[-105.054178,39.20597],[-105.054273,39.206344],[-105.054313,39.206537],[-105.05482,39.207692],[-105.054972,39.208034],[-105.05512,39.208287],[-105.055419,39.208666],[-105.055596,39.208897],[-105.056077,39.209388],[-105.056426,39.209667],[-105.057125,39.21028],[-105.057297,39.210565],[-105.057331,39.210857],[-105.057024,39.211728],[-105.056975,39.211963],[-105.056985,39.212071],[-105.057065,39.212356],[-105.057199,39.212747],[-105.05731,39.213115],[-105.057499,39.21339],[-105.057689,39.213612],[-105.058022,39.214078],[-105.058094,39.214225],[-105.058133,39.214502],[-105.058097,39.214864],[-105.058117,39.215068],[-105.058161,39.215209],[-105.058267,39.215315],[-105.058526,39.215522],[-105.058624,39.215633],[-105.058742,39.215822],[-105.058765,39.216224],[-105.058789,39.216873],[-105.058828,39.217514],[-105.05892,39.218082],[-105.058987,39.218591],[-105.059135,39.219207],[-105.059268,39.219571],[-105.059377,39.219974],[-105.059499,39.220088],[-105.059729,39.220174],[-105.060056,39.220169],[-105.060511,39.220102],[-105.06145,39.219865],[-105.062125,39.219682],[-105.063459,39.219359],[-105.064248,39.219256],[-105.064686,39.219235],[-105.064864,39.219222],[-105.06711,39.218896],[-105.068083,39.218368],[-105.068257,39.218328],[-105.068528,39.218359],[-105.068892,39.218473],[-105.069209,39.218661],[-105.069368,39.219261],[-105.069586,39.219755],[-105.070728,39.220732],[-105.071037,39.221119],[-105.071173,39.222046],[-105.071343,39.22222],[-105.071685,39.222328],[-105.073553,39.222749],[-105.073903,39.222882],[-105.074753,39.223571],[-105.075393,39.224197],[-105.075491,39.224666],[-105.075595,39.224974],[-105.075834,39.225163],[-105.078637,39.226556],[-105.08048,39.227533],[-105.08086,39.227799],[-105.081838,39.229078],[-105.082194,39.229263],[-105.084477,39.229822],[-105.086548,39.230613],[-105.086828,39.230613],[-105.088063,39.230257],[-105.088397,39.230252],[-105.088635,39.230423],[-105.088868,39.230972],[-105.089135,39.231111],[-105.091347,39.231093],[-105.091776,39.231187],[-105.092308,39.231516],[-105.092686,39.231555],[-105.093297,39.231366],[-105.093586,39.231409],[-105.093589,39.231562],[-105.093469,39.23165],[-105.092897,39.231915],[-105.092885,39.232064],[-105.093098,39.232878],[-105.093188,39.233331],[-105.093173,39.233744],[-105.093136,39.233962],[-105.093262,39.234135],[-105.093476,39.234229],[-105.093674,39.234082],[-105.093906,39.233719],[-105.093981,39.233421],[-105.093981,39.232922],[-105.094078,39.232782],[-105.094251,39.232738],[-105.094559,39.232841],[-105.095098,39.233119],[-105.095497,39.233376],[-105.095752,39.233317],[-105.096046,39.233187],[-105.096318,39.233015],[-105.096756,39.233054],[-105.096972,39.233078],[-105.097095,39.232975],[-105.097333,39.232612],[-105.097478,39.232525],[-105.09766,39.232487],[-105.097771,39.23261],[-105.097711,39.232755],[-105.097463,39.232904],[-105.097259,39.233085],[-105.097168,39.233254],[-105.09719,39.233403],[-105.097429,39.233389],[-105.098707,39.232951],[-105.098892,39.233033],[-105.099292,39.233756],[-105.099578,39.234072],[-105.100088,39.234433],[-105.100794,39.235007],[-105.101118,39.235191],[-105.101587,39.235296],[-105.101873,39.235408],[-105.101977,39.235528],[-105.102032,39.235653],[-105.102101,39.235952],[-105.102238,39.236197],[-105.102456,39.236427],[-105.104286,39.237935],[-105.104631,39.238085],[-105.105022,39.237997],[-105.106067,39.237491],[-105.106428,39.23741],[-105.107168,39.237446],[-105.108404,39.237557],[-105.109575,39.238106],[-105.110336,39.238729],[-105.110609,39.238964],[-105.110774,39.239237],[-105.111214,39.241032],[-105.111349,39.241347],[-105.113146,39.243967],[-105.113978,39.24612],[-105.114116,39.246298],[-105.114924,39.246885],[-105.117282,39.248458],[-105.117385,39.24857],[-105.117476,39.248776],[-105.117667,39.25212],[-105.117706,39.252436],[-105.11782,39.254252],[-105.117896,39.256215],[-105.118381,39.256955],[-105.118366,39.257185],[-105.118044,39.25749],[-105.116417,39.258736],[-105.116125,39.258973],[-105.11588,39.259323],[-105.116021,39.259578],[-105.116289,39.259848],[-105.116635,39.26007],[-105.116993,39.260408],[-105.117122,39.260663],[-105.117028,39.261009],[-105.116865,39.261487],[-105.117146,39.261985],[-105.117049,39.262165],[-105.116581,39.26241],[-105.116556,39.262662],[-105.116954,39.263753],[-105.117096,39.263902],[-105.117336,39.264061],[-105.117487,39.264194],[-105.117498,39.264295],[-105.117414,39.264366],[-105.117182,39.264313],[-105.116961,39.264049],[-105.116403,39.263217],[-105.115585,39.261861],[-105.115346,39.26153],[-105.11493,39.261357],[-105.114524,39.261257],[-105.11426,39.26137],[-105.114104,39.26243],[-105.113968,39.262933],[-105.113759,39.263492],[-105.113637,39.263937],[-105.113515,39.264496],[-105.113488,39.265288],[-105.113246,39.265552],[-105.112872,39.265839],[-105.112786,39.266002],[-105.112701,39.266507],[-105.112514,39.266766],[-105.110975,39.268093],[-105.110807,39.268216],[-105.109949,39.268611],[-105.109763,39.268789],[-105.109685,39.269007],[-105.110007,39.269477],[-105.109974,39.269844],[-105.109828,39.270076],[-105.109444,39.270333],[-105.109196,39.270565],[-105.109163,39.270723],[-105.109239,39.270858],[-105.109768,39.271205],[-105.11058,39.271641],[-105.110593,39.27183],[-105.110451,39.271909],[-105.110286,39.27191],[-105.10971,39.271432],[-105.109382,39.271295],[-105.109201,39.271378],[-105.109069,39.272025],[-105.108981,39.272358],[-105.108829,39.272594],[-105.108497,39.272755],[-105.107996,39.272875],[-105.10791,39.273],[-105.107932,39.273592],[-105.10771,39.275503],[-105.107759,39.275649],[-105.108987,39.276315],[-105.109161,39.276547],[-105.109176,39.276794],[-105.108706,39.277705],[-105.108653,39.278016],[-105.108681,39.278451],[-105.10858,39.278697],[-105.108359,39.278959],[-105.108038,39.279143],[-105.107642,39.279186],[-105.106929,39.279219],[-105.105557,39.279627],[-105.105269,39.279811],[-105.104936,39.280564],[-105.104658,39.281042],[-105.104211,39.281606],[-105.103078,39.282981],[-105.102853,39.283216],[-105.102528,39.283382],[-105.101111,39.283839],[-105.100648,39.284059],[-105.100295,39.284386],[-105.100011,39.284911],[-105.099825,39.285119],[-105.099562,39.285219],[-105.09914,39.285334],[-105.0989,39.285486],[-105.098628,39.286066],[-105.098484,39.2863],[-105.098259,39.286469],[-105.096427,39.287664],[-105.096164,39.287973],[-105.095114,39.290232],[-105.094899,39.290501],[-105.094567,39.290633],[-105.093488,39.290918],[-105.092939,39.291249],[-105.092713,39.291449],[-105.091953,39.292497],[-105.09188,39.292732],[-105.092118,39.294397],[-105.092135,39.294892],[-105.092038,39.296024],[-105.092055,39.296667],[-105.092122,39.297355],[-105.092274,39.298129],[-105.09231,39.298301],[-105.092259,39.298639],[-105.091556,39.300075],[-105.091317,39.30042],[-105.089695,39.301753],[-105.089587,39.301943],[-105.089559,39.302136],[-105.08961,39.303079],[-105.0895,39.303327],[-105.089115,39.303651],[-105.088966,39.30372],[-105.08846,39.303824],[-105.088214,39.303938],[-105.0879,39.304189],[-105.087766,39.304441],[-105.087767,39.304642],[-105.087897,39.305113],[-105.088524,39.307079],[-105.088446,39.307389],[-105.088039,39.307808],[-105.087523,39.30835],[-105.087378,39.308688],[-105.087435,39.308924],[-105.087542,39.309151],[-105.087984,39.309551],[-105.088113,39.309872],[-105.088079,39.310045],[-105.087652,39.310749],[-105.087125,39.312282],[-105.086994,39.312804],[-105.086981,39.313036],[-105.087068,39.31342],[-105.087349,39.31394],[-105.087489,39.314245],[-105.08739,39.31448],[-105.086325,39.315659],[-105.086238,39.31597],[-105.086289,39.316215],[-105.086546,39.316553],[-105.08722,39.316926],[-105.087539,39.317154],[-105.087693,39.317347],[-105.088451,39.318695],[-105.088454,39.318987],[-105.088293,39.319771],[-105.088095,39.320119],[-105.087345,39.320887],[-105.087102,39.321187],[-105.086946,39.321478],[-105.086812,39.323549],[-105.086117,39.324628],[-105.085602,39.326215],[-105.085568,39.326542],[-105.085652,39.326762],[-105.0858,39.326949],[-105.0861,39.327109],[-105.086599,39.327235],[-105.086968,39.327538],[-105.087489,39.328766],[-105.087807,39.329863],[-105.088529,39.331529],[-105.088581,39.331805],[-105.088555,39.332164],[-105.088277,39.332679],[-105.088124,39.332903],[-105.088051,39.332969],[-105.08765,39.333159],[-105.086955,39.333321],[-105.086533,39.333442],[-105.086152,39.333586],[-105.085116,39.334274],[-105.084466,39.334495],[-105.083461,39.334728],[-105.083142,39.334881],[-105.082924,39.335076],[-105.082499,39.335887],[-105.082374,39.336191],[-105.082381,39.336464],[-105.082459,39.336661],[-105.082493,39.336915],[-105.08248,39.337079],[-105.082298,39.337386],[-105.081669,39.338008],[-105.081457,39.33851],[-105.081395,39.338789],[-105.081201,39.339042],[-105.080827,39.339204],[-105.080195,39.339368],[-105.079951,39.339512],[-105.079851,39.339664],[-105.079921,39.339862],[-105.080209,39.340097],[-105.08065,39.340291],[-105.081021,39.340541],[-105.081162,39.340718],[-105.081295,39.341097],[-105.081516,39.34141],[-105.08216,39.341982],[-105.082704,39.342827],[-105.083277,39.344144],[-105.083904,39.344779],[-105.084116,39.345064],[-105.084583,39.346336],[-105.084776,39.34659],[-105.085542,39.347168],[-105.085678,39.347359],[-105.085851,39.348089],[-105.085882,39.348656],[-105.0858,39.34886],[-105.085523,39.349086],[-105.084834,39.349222],[-105.084536,39.349378],[-105.083954,39.349839],[-105.083583,39.34992],[-105.083203,39.349819],[-105.082582,39.349572],[-105.082248,39.349535],[-105.081764,39.349679],[-105.081498,39.349978],[-105.081325,39.350418],[-105.081254,39.350793],[-105.080582,39.352005],[-105.079704,39.353806],[-105.07969,39.354021],[-105.079754,39.35422],[-105.080393,39.35497],[-105.080434,39.355211],[-105.080167,39.355853],[-105.080172,39.357093],[-105.080023,39.357437],[-105.079753,39.357682],[-105.07932,39.35788],[-105.077802,39.358776],[-105.077608,39.358968],[-105.077577,39.359142],[-105.077675,39.359347],[-105.077907,39.359556],[-105.078716,39.360021],[-105.078801,39.360132],[-105.078905,39.360387],[-105.078898,39.361426],[-105.078976,39.361719],[-105.079201,39.362064],[-105.079936,39.362608],[-105.080657,39.362988],[-105.081168,39.363189],[-105.081562,39.363426],[-105.081983,39.363811],[-105.08248,39.364173],[-105.08486,39.365406],[-105.087052,39.366814],[-105.088107,39.367678],[-105.088534,39.36814],[-105.088616,39.368375],[-105.088686,39.368786],[-105.08894,39.369168],[-105.089511,39.369608],[-105.090206,39.370132],[-105.090836,39.370833],[-105.091285,39.371324],[-105.092567,39.372288],[-105.093206,39.373198],[-105.093479,39.373414],[-105.093738,39.373563],[-105.094386,39.373838],[-105.094705,39.373996],[-105.095052,39.374287],[-105.095814,39.37503],[-105.095853,39.37517],[-105.095754,39.375375],[-105.094907,39.376654],[-105.094604,39.376872],[-105.093898,39.377163],[-105.093456,39.377485]],"type":"LineString"},"properties":{"access_status":"unknown","camping_permission":"unknown","evidence":0,"id":"usfs-road-13620535","name":"RAMPART RANGE","source_route_id":"6196010465"},"type":"Feature"},{"geometry":{"coordinates":[[-105.099889,39.379405],[-105.100187,39.379401],[-105.100407,39.379388],[-105.100465,39.379382],[-105.100522,39.379325],[-105.100636,39.379286],[-105.100849,39.37928],[-105.101307,39.379311],[-105.101463,39.379292],[-105.101864,39.379209],[-105.102183,39.379082],[-105.102526,39.378986],[-105.102739,39.378872],[-105.10318,39.378757],[-105.103491,39.378643],[-105.103794,39.378636],[-105.104015,39.378668],[-105.104571,39.378699],[-105.104776,39.378724],[-105.104989,39.378762],[-105.105095,39.378762],[-105.105185,39.378736],[-105.105242,39.378673],[-105.105291,39.378609],[-105.105291,39.378546],[-105.105226,39.378476],[-105.105119,39.378419],[-105.105005,39.3784],[-105.104825,39.3784],[-105.104685,39.378438],[-105.10462,39.378483],[-105.104465,39.378508],[-105.104293,39.378534],[-105.104162,39.378547],[-105.104031,39.378591],[-105.103925,39.378655]],"type":"LineString"},"properties":{"access_status":"unknown","camping_permission":"unknown","evidence":0,"id":"usfs-road-13621235","name":"INDIAN CREEK EQUESTRIAN","source_route_id":"9429010465"},"type":"Feature"},{"geometry":{"coordinates":[[-105.035174,39.183727],[-105.035446,39.183742],[-105.036167,39.18364],[-105.036713,39.183669],[-105.03687,39.183546],[-105.036853,39.183201],[-105.036829,39.183015],[-105.036859,39.182908],[-105.036987,39.18269],[-105.037052,39.182414],[-105.036994,39.182293],[-105.036862,39.182223],[-105.03673,39.182128],[-105.036712,39.182034],[-105.036758,39.181925],[-105.037389,39.181439],[-105.03775,39.18111],[-105.037944,39.180719],[-105.038136,39.180345],[-105.0383,39.180163],[-105.038582,39.180084],[-105.038851,39.180146],[-105.039005,39.180241],[-105.039345,39.180724],[-105.039558,39.180956],[-105.039893,39.181165],[-105.040119,39.181334],[-105.040295,39.181602],[-105.040519,39.182],[-105.040617,39.182127],[-105.04076,39.182222],[-105.041004,39.182364],[-105.041067,39.182535],[-105.041076,39.182683],[-105.041198,39.183025],[-105.041326,39.183509],[-105.041411,39.184014],[-105.041437,39.184371],[-105.041486,39.184686],[-105.041713,39.184954],[-105.042074,39.185276],[-105.042257,39.185416],[-105.042449,39.185597],[-105.042746,39.185806],[-105.042994,39.185899],[-105.043174,39.185854],[-105.043445,39.185617],[-105.04364,39.185554],[-105.044014,39.185562],[-105.044352,39.185709],[-105.044536,39.185865],[-105.044818,39.186003],[-105.045066,39.185971],[-105.045231,39.185833],[-105.045395,39.185474],[-105.045609,39.185269],[-105.045786,39.185215],[-105.045987,39.185104],[-105.046173,39.184889],[-105.046323,39.184862],[-105.04643,39.184899],[-105.046518,39.185114],[-105.046756,39.185448],[-105.04686,39.185684],[-105.04682,39.185821],[-105.046738,39.186005],[-105.046593,39.186246],[-105.046572,39.186571],[-105.046735,39.18674],[-105.04746,39.187375],[-105.048836,39.188595],[-105.049598,39.189266],[-105.050582,39.190196],[-105.050915,39.190634],[-105.051352,39.191112],[-105.051596,39.191365],[-105.051827,39.191624],[-105.051894,39.191949],[-105.051878,39.192258],[-105.051902,39.192569],[-105.051901,39.193307],[-105.051902,39.193372]],"type":"LineString"},"properties":{"access_status":"unknown","camping_permission":"unknown","evidence":0,"id":"usfs-road-13621853","name":"RAMPART RANGE","source_route_id":"6196010465"},"type":"Feature"},{"geometry":{"coordinates":[[-105.126314,39.144165],[-105.126874,39.144076],[-105.12737,39.14383],[-105.127978,39.143522],[-105.128212,39.143217],[-105.127984,39.142667]],"type":"LineString"},"properties":{"access_status":"unknown","camping_permission":"unknown","evidence":0,"id":"usfs-road-13658411","name":"986","source_route_id":"251398010602"},"type":"Feature"},{"geometry":{"coordinates":[[-105.084304,39.161868],[-105.084311,39.161937],[-105.084291,39.161991],[-105.084239,39.162068],[-105.084184,39.162096],[-105.084005,39.162185],[-105.083743,39.162172],[-105.083493,39.162244],[-105.083179,39.162348],[-105.08283,39.162393],[-105.082511,39.162552],[-105.082499,39.162558],[-105.082035,39.16266],[-105.081735,39.162926],[-105.08145,39.163016],[-105.081086,39.163093],[-105.080817,39.163192],[-105.080436,39.163215],[-105.080003,39.163324],[-105.079777,39.163463],[-105.079463,39.163671],[-105.079065,39.163847],[-105.078819,39.164018],[-105.078545,39.164253],[-105.07832,39.164496],[-105.07809,39.164631],[-105.077667,39.164934],[-105.077399,39.165105],[-105.07705,39.165308],[-105.076758,39.165452],[-105.076271,39.165633],[-105.07588,39.165669],[-105.075497,39.165859],[-105.075252,39.165999],[-105.074916,39.16622],[-105.074505,39.166269],[-105.074135,39.166297],[-105.07377,39.166256],[-105.073682,39.166247],[-105.073488,39.166148],[-105.073297,39.166126],[-105.072973,39.166077],[-105.072695,39.166],[-105.072393,39.165942],[-105.072352,39.165942],[-105.071945,39.16596],[-105.071907,39.16596],[-105.071837,39.165965],[-105.071608,39.166019],[-105.07106,39.166159],[-105.070945,39.16638],[-105.070706,39.166411],[-105.070459,39.166578],[-105.070248,39.166741],[-105.070066,39.166921],[-105.070016,39.167142],[-105.069813,39.167381],[-105.069779,39.167385],[-105.069599,39.167385],[-105.069333,39.167394],[-105.069092,39.167354],[-105.068735,39.167224],[-105.068507,39.167291],[-105.068174,39.167359],[-105.067744,39.167422],[-105.067645,39.167434],[-105.067058,39.167504],[-105.066522,39.167491],[-105.066135,39.167572],[-105.065308,39.16782],[-105.064716,39.167893],[-105.064236,39.167875],[-105.063821,39.167911],[-105.063448,39.167911],[-105.063194,39.167952],[-105.06287,39.16802],[-105.062479,39.168056],[-105.062209,39.167989],[-105.061915,39.167845],[-105.061658,39.167764],[-105.06145,39.167746],[-105.061116,39.167701],[-105.060838,39.167823],[-105.060783,39.167958],[-105.060648,39.168071],[-105.060416,39.168233],[-105.060191,39.168314],[-105.059841,39.168409],[-105.059765,39.168427],[-105.059582,39.168499],[-105.059331,39.168571],[-105.059059,39.168581],[-105.058761,39.168621],[-105.058572,39.168626],[-105.058294,39.168644],[-105.058124,39.168802],[-105.057814,39.168996],[-105.057368,39.168969],[-105.057065,39.168897],[-105.056796,39.168807],[-105.056599,39.168667],[-105.056344,39.168532],[-105.056082,39.168406],[-105.055818,39.168267],[-105.055531,39.168208],[-105.055219,39.168168],[-105.054997,39.168168],[-105.054636,39.16801],[-105.054367,39.167948],[-105.054011,39.167916],[-105.053779,39.167777],[-105.053577,39.167601],[-105.053364,39.167389],[-105.053173,39.167277],[-105.052999,39.167146],[-105.052521,39.167088],[-105.052213,39.167034],[-105.051929,39.166998],[-105.05161,39.167003],[-105.051512,39.166998],[-105.051332,39.166989],[-105.050987,39.166967],[-105.050716,39.16698],[-105.050335,39.167138],[-105.050033,39.167102],[-105.049703,39.167044],[-105.049277,39.166886],[-105.048919,39.166918],[-105.048706,39.166914],[-105.048591,39.16699],[-105.048458,39.167063],[-105.048307,39.166995],[-105.04812,39.166941],[-105.047968,39.166882],[-105.047761,39.166774],[-105.047611,39.166639],[-105.047534,39.166504],[-105.047524,39.166328],[-105.047489,39.166265],[-105.047436,39.166166],[-105.047205,39.166076],[-105.046948,39.165964],[-105.046741,39.165856],[-105.046581,39.165725],[-105.046481,39.165631],[-105.046314,39.165577],[-105.046126,39.165523],[-105.045967,39.165482],[-105.045769,39.165437],[-105.045424,39.16537],[-105.044747,39.165217],[-105.044564,39.165149],[-105.044516,39.165136],[-105.044371,39.165131],[-105.044173,39.165145],[-105.044022,39.165181],[-105.043801,39.165204],[-105.043608,39.165159],[-105.043424,39.165096],[-105.043217,39.165055],[-105.043008,39.164988],[-105.04279,39.164852],[-105.04265,39.164803],[-105.042505,39.164817],[-105.04234,39.16479],[-105.04216,39.164668],[-105.041857,39.164515],[-105.041713,39.164375],[-105.041558,39.164312],[-105.041364,39.164303],[-105.041231,39.164285],[-105.041062,39.164213],[-105.04077,39.164128],[-105.040518,39.164087],[-105.040281,39.164024],[-105.040072,39.164051],[-105.039757,39.164038],[-105.039549,39.164052],[-105.039283,39.164034],[-105.039135,39.163971],[-105.038879,39.163772],[-105.038702,39.163709],[-105.038581,39.163723],[-105.038468,39.163692],[-105.03841,39.16371],[-105.038145,39.163705],[-105.037764,39.163755],[-105.037599,39.163813],[-105.037462,39.163868],[-105.037276,39.163922],[-105.037129,39.164007],[-105.036912,39.164016],[-105.036748,39.164012],[-105.036581,39.164039],[-105.036487,39.164138],[-105.036425,39.164242],[-105.036368,39.1643],[-105.036148,39.164399],[-105.036133,39.164398],[-105.035943,39.164386],[-105.035678,39.164391],[-105.035514,39.164418],[-105.03528,39.164472],[-105.035065,39.164486],[-105.034803,39.164459],[-105.034569,39.164486],[-105.03416,39.164495],[-105.033935,39.164531],[-105.033718,39.164608],[-105.033424,39.164675],[-105.033198,39.164662],[-105.032655,39.164689],[-105.032505,39.164639],[-105.032432,39.164676],[-105.032372,39.164705],[-105.03237,39.164706],[-105.032277,39.164878],[-105.032177,39.165],[-105.031992,39.165099],[-105.031854,39.165185],[-105.031729,39.165221],[-105.031563,39.165293],[-105.031207,39.165383],[-105.030969,39.165374],[-105.030775,39.165473],[-105.03053,39.165591],[-105.03035,39.165559],[-105.029959,39.165456],[-105.029814,39.165501],[-105.029609,39.165541],[-105.029358,39.165668],[-105.029082,39.165983],[-105.028881,39.166145],[-105.028753,39.166299],[-105.028651,39.166447],[-105.028536,39.166646],[-105.028358,39.166871],[-105.028281,39.167056],[-105.028143,39.167276],[-105.027989,39.167493],[-105.027889,39.167718],[-105.027862,39.16784],[-105.027784,39.16802],[-105.027711,39.168155],[-105.027607,39.168259],[-105.027431,39.168371],[-105.027301,39.168489],[-105.02716,39.16866],[-105.027075,39.168795],[-105.026996,39.168975],[-105.02691,39.16921],[-105.027009,39.169502],[-105.02692,39.16966],[-105.02678,39.169782],[-105.026627,39.169804],[-105.026565,39.169895],[-105.026453,39.169998],[-105.026475,39.171007],[-105.026423,39.171152],[-105.026434,39.171592]],"type":"LineString"},"properties":{"access_status":"unknown","camping_permission":"unknown","evidence":0,"id":"usfs-road-13659068","name":"FERN CREEK","source_route_id":"6005010465"},"type":"Feature"},{"geometry":{"coordinates":[[-105.026742,39.13562],[-105.026655,39.135589],[-105.026591,39.135532],[-105.026596,39.135239],[-105.026546,39.134871],[-105.026459,39.134577],[-105.026247,39.134192],[-105.02623,39.134147]],"type":"LineString"},"properties":{"access_status":"unknown","camping_permission":"unknown","evidence":0,"id":"usfs-road-13659178","name":"919","source_route_id":"250227010602"},"type":"Feature"},{"geometry":{"coordinates":[[-105.124122,39.153715],[-105.12414,39.153725],[-105.124149,39.15373],[-105.124195,39.153731],[-105.124463,39.153769],[-105.124728,39.153799],[-105.124879,39.153799],[-105.124957,39.153692],[-105.125046,39.15359],[-105.125184,39.153468],[-105.125468,39.153385],[-105.12563,39.153379],[-105.125785,39.153436],[-105.125923,39.153555],[-105.125981,39.153649],[-105.125968,39.15347],[-105.125967,39.153276],[-105.125978,39.153104],[-105.126011,39.152979],[-105.126049,39.152825],[-105.126198,39.152599],[-105.126414,39.152282],[-105.12657,39.151996],[-105.126769,39.151766],[-105.126931,39.151658],[-105.127223,39.151515],[-105.127468,39.151401],[-105.127826,39.151248],[-105.127832,39.151243],[-105.128092,39.15103]],"type":"LineString"},"properties":{"access_status":"unknown","camping_permission":"unknown","evidence":0,"id":"usfs-road-13660755","name":"SARAH SPUR","source_route_id":"5373010465"},"type":"Feature"}],"layer_id":"roads","type":"FeatureCollection"}
