{"evidence_table":[{"agency":"USGS","confidence":"high","last_verified":null,"notes":"","retrieved_at":"2026-10-07T00:32:43.278494Z","source_url":"https://hydro.nationalmap.gov/arcgis/rest/services/nhd/MapServer/12","verification_method":"arcgis_rest_query"}],"features":[{"geometry":{"coordinates":[[[-104.775979,39.516401],[-104.775792,39.516332],[-104.775503,39.516216],[-104.775508,39.515371],[-104.775492,39.514294],[-104.775502,39.514129],[-104.775511,39.513976],[-104.775706,39.513895],[-104.775941,39.513883],[-104.776165,39.513887],[-104.77632,39.513905],[-104.776531,39.513905],[-104.776678,39.513904],[-104.77688,39.513885],[-104.777076,39.513818],[-104.777255,39.51382],[-104.777436,39.513885],[-104.777625,39.513968],[-104.777688,39.514018],[-104.777766,39.51408],[-104.777864,39.514204],[-104.777921,39.514462],[-104.777976,39.514755],[-104.777942,39.515107],[-104.777865,39.515418],[-104.777717,39.515672],[-104.777445,39.516007],[-104.777264,39.516194],[-104.776804,39.516406],[-104.776525,39.516533],[-104.776337,39.516614],[-104.776253,39.516557],[-104.776172,39.516465],[-104.775979,39.516401]]],"type":"Polygon"},"properties":{"area_sqkm":0.054,"evidence":0,"fcode":39011,"gnis_id":null,"hydro_category":"perennial","id":"nhd-d55467f0-7114-4faf-a083-e3aff252fd30","name":null,"water_class":"lake_pond"},"type":"Feature"},{"geometry":{"coordinates":[[[-105.044178,39.548361],[-105.043979,39.548278],[-105.04371,39.548075],[-105.043483,39.547844],[-105.04322,39.547696],[-105.042922,39.547564],[-105.042624,39.547465],[-105.042461,39.547361],[-105.042263,39.547289],[-105.042099,39.547157],[-105.041936,39.547009],[-105.041773,39.546855],[-105.041773,39.546674],[-105.041773,39.546498],[-105.041575,39.546295],[-105.04144,39.546168],[-105.041241,39.546064],[-105.041298,39.545954],[-105.041341,39.545861],[-105.041504,39.545811],[-105.041766,39.54591],[-105.041965,39.546015],[-105.042227,39.546092],[-105.042625,39.546191],[-105.042887,39.54624],[-105.043185,39.546317],[-105.043604,39.546301],[-105.043819,39.547073],[-105.044178,39.548361]]],"type":"Polygon"},"properties":{"area_sqkm":0.029,"evidence":0,"fcode":39004,"gnis_id":null,"hydro_category":"perennial","id":"nhd-117822915","name":null,"water_class":"lake_pond"},"type":"Feature"},{"geometry":{"coordinates":[[[-105.06898,39.472479],[-105.068842,39.472551],[-105.068751,39.472592],[-105.068629,39.472646],[-105.068369,39.47275],[-105.068064,39.472876],[-105.067912,39.472921],[-105.067843,39.472939],[-105.067805,39.472939],[-105.067759,39.472939],[-105.067713,39.47293],[-105.067644,39.472899],[-105.067568,39.47284],[-105.067522,39.47275],[-105.067484,39.472601],[-105.067438,39.472493],[-105.067454,39.472444],[-105.067431,39.472408],[-105.067408,39.472372],[-105.067355,39.472331],[-105.067309,39.472295],[-105.067294,39.472259],[-105.067293,39.472196],[-105.067309,39.472119],[-105.067362,39.472043],[-105.06753,39.471939],[-105.067728,39.471844],[-105.068033,39.471718],[-105.068415,39.471574],[-105.068804,39.471402],[-105.068919,39.471366],[-105.069003,39.471348],[-105.069079,39.471334],[-105.06914,39.471339],[-105.069231,39.471361],[-105.069353,39.471411],[-105.069453,39.47146],[-105.069529,39.471546],[-105.069605,39.47164],[-105.069643,39.471731],[-105.069659,39.471807],[-105.069659,39.471866],[-105.069628,39.471947],[-105.069605,39.472028],[-105.069529,39.4721],[-105.069445,39.472181],[-105.069254,39.472316],[-105.069079,39.472429],[-105.06898,39.472479]]],"type":"Polygon"},"properties":{"area_sqkm":0.022000000000000002,"evidence":0,"fcode":39004,"gnis_id":null,"hydro_category":"perennial","id":"nhd-117819415","name":null,"water_class":"lake_pond"},"type":"Feature"},{"geometry":{"coordinates":[[[-104.695041,39.39748],[-104.695069,39.39748],[-104.695097,39.397491],[-104.695119,39.397507],[-104.695119,39.397534],[-104.695126,39.397551],[-104.695126,39.397578],[-104.695161,39.39765],[-104.695211,39.397732],[-104.695274,39.397804],[-104.695345,39.397859],[-104.695444,39.397913],[-104.695579,39.397952],[-104.695706,39.397957],[-104.695777,39.397979],[-104.695798,39.397985],[-104.69582,39.398001],[-104.695841,39.398023],[-104.695869,39.398056],[-104.695919,39.398106],[-104.695996,39.398205],[-104.696046,39.398259],[-104.696096,39.39832],[-104.696124,39.398336],[-104.696181,39.398375],[-104.696223,39.398391],[-104.696258,39.398419],[-104.696294,39.398457],[-104.696329,39.39849],[-104.696358,39.398562],[-104.6964,39.398639],[-104.69645,39.398754],[-104.696478,39.398825],[-104.696506,39.398919],[-104.696542,39.399018],[-104.696591,39.399122],[-104.696655,39.399248],[-104.696712,39.399347],[-104.695055,39.399874],[-104.694255,39.400138],[-104.694255,39.399973],[-104.694262,39.399918],[-104.694276,39.399864],[-104.694283,39.399809],[-104.694283,39.399765],[-104.69429,39.399737],[-104.694326,39.399732],[-104.694375,39.399721],[-104.694418,39.399721],[-104.694439,39.399721],[-104.694496,39.399715],[-104.694538,39.399704],[-104.694595,39.399677],[-104.694652,39.399649],[-104.694765,39.399594],[-104.694807,39.399561],[-104.69485,39.399517],[-104.694885,39.399452],[-104.694906,39.399391],[-104.694921,39.399325],[-104.694928,39.39927],[-104.694935,39.399182],[-104.694935,39.399116],[-104.69492,39.399056],[-104.694899,39.399001],[-104.694878,39.39893],[-104.69485,39.398847],[-104.694821,39.398792],[-104.694807,39.398732],[-104.6948,39.398688],[-104.694807,39.398661],[-104.694828,39.398617],[-104.694843,39.398578],[-104.694843,39.398523],[-104.694835,39.398468],[-104.694814,39.398413],[-104.694807,39.398391],[-104.694807,39.398353],[-104.694814,39.398342],[-104.694828,39.398336],[-104.69485,39.398325],[-104.694871,39.398314],[-104.694892,39.398314],[-104.694927,39.398298],[-104.694956,39.398292],[-104.694984,39.39827],[-104.695012,39.398254],[-104.695041,39.398227],[-104.695062,39.398172],[-104.695076,39.398117],[-104.695076,39.398073],[-104.695069,39.398029],[-104.695055,39.397974],[-104.695034,39.397903],[-104.695012,39.39782],[-104.694977,39.397743],[-104.694963,39.397688],[-104.694963,39.397622],[-104.694977,39.397578],[-104.694991,39.39754],[-104.694998,39.397523],[-104.695012,39.397496],[-104.695027,39.397491],[-104.695041,39.39748]]],"type":"Polygon"},"properties":{"area_sqkm":0.027,"evidence":0,"fcode":39009,"gnis_id":null,"hydro_category":"perennial","id":"nhd-120655532","name":null,"water_class":"lake_pond"},"type":"Feature"},{"geometry":{"coordinates":[[[-104.752529,39.217451],[-104.75258,39.217587],[-104.752575,39.217839],[-104.752598,39.21819],[-104.752621,39.218438],[-104.752595,39.218681],[-104.752539,39.218758],[-104.752498,39.218947],[-104.752557,39.219186],[-104.752474,39.219429],[-104.752362,39.21965],[-104.752356,39.219839],[-104.752493,39.220164],[-104.752494,39.220281],[-104.752438,39.220348],[-104.75234,39.220542],[-104.75232,39.220564],[-104.752249,39.220654],[-104.752131,39.22069],[-104.752047,39.220654],[-104.751711,39.220509],[-104.750828,39.220164],[-104.750625,39.220065],[-104.7506,39.219997],[-104.750673,39.219844],[-104.750778,39.219687],[-104.750897,39.219556],[-104.751044,39.219286],[-104.751112,39.218926],[-104.751266,39.218719],[-104.751415,39.218508],[-104.751533,39.218202],[-104.751623,39.218085],[-104.751846,39.217887],[-104.751993,39.217644],[-104.752257,39.217406],[-104.752423,39.21737],[-104.752529,39.217451]]],"type":"Polygon"},"properties":{"area_sqkm":0.037000000000000005,"evidence":0,"fcode":39004,"gnis_id":"00198679","hydro_category":"perennial","id":"nhd-120656287","name":"Franktown Parker FPA-5 Reservoir","water_class":"lake_pond"},"type":"Feature"},{"geometry":{"coordinates":[[[-105.05533,39.43729],[-105.055391,39.437371],[-105.05546,39.437488],[-105.055559,39.437745],[-105.055735,39.438128],[-105.055811,39.438344],[-105.055842,39.438493],[-105.055864,39.438605],[-105.055864,39.438709],[-105.055849,39.438835],[-105.055819,39.438993],[-105.055758,39.439128],[-105.055659,39.439322],[-105.055575,39.439471],[-105.055544,39.439502],[-105.055514,39.439516],[-105.055468,39.439516],[-105.055445,39.439511],[-105.054781,39.439259],[-105.054422,39.439111],[-105.053675,39.438827],[-105.053293,39.438679],[-105.052698,39.43844],[-105.052088,39.438211],[-105.0515,39.437986],[-105.051299,39.437905],[-105.051249,39.437878],[-105.051245,39.437871],[-105.051233,39.437846],[-105.051233,39.437815],[-105.051249,39.437788],[-105.051294,39.437725],[-105.051348,39.437688],[-105.051424,39.437657],[-105.051638,39.437553],[-105.051775,39.437481],[-105.051874,39.437418],[-105.051943,39.43735],[-105.052034,39.437269],[-105.052141,39.437184],[-105.052279,39.437048],[-105.052401,39.436958],[-105.052469,39.436918],[-105.052515,39.4369],[-105.052553,39.436895],[-105.052593,39.436895],[-105.052614,39.43694],[-105.052614,39.436999],[-105.052614,39.437062],[-105.052584,39.437129],[-105.052568,39.437192],[-105.052569,39.437255],[-105.052569,39.437318],[-105.052599,39.437355],[-105.052645,39.437404],[-105.052683,39.437436],[-105.052729,39.437454],[-105.052805,39.437467],[-105.052935,39.437472],[-105.053072,39.437476],[-105.053194,39.437467],[-105.0534,39.43744],[-105.053682,39.437395],[-105.053934,39.437372],[-105.054072,39.437372],[-105.054224,39.437372],[-105.0544,39.437394],[-105.054544,39.437417],[-105.054705,39.437448],[-105.054834,39.437475],[-105.054903,39.437471],[-105.054964,39.437462],[-105.054995,39.437448],[-105.055048,39.437416],[-105.055109,39.437371],[-105.055155,39.437331],[-105.055162,39.437308],[-105.055178,39.437277],[-105.055193,39.437259],[-105.055208,39.43725],[-105.055223,39.437245],[-105.05527,39.437241],[-105.05533,39.43729]]],"type":"Polygon"},"properties":{"area_sqkm":0.058,"evidence":0,"fcode":39004,"gnis_id":"00198749","hydro_category":"perennial","id":"nhd-117819477","name":"Wakeman Reservoir","water_class":"lake_pond"},"type":"Feature"},{"geometry":{"coordinates":[[[-104.745225,39.481124],[-104.745232,39.481097],[-104.745268,39.481047],[-104.745296,39.481003],[-104.745381,39.480904],[-104.745416,39.48086],[-104.745466,39.480827],[-104.745537,39.480805],[-104.745707,39.480772],[-104.746104,39.48069],[-104.746409,39.480618],[-104.746522,39.480629],[-104.746579,39.480629],[-104.746607,39.480646],[-104.746636,39.480667],[-104.746657,39.480684],[-104.746699,39.480717],[-104.746777,39.480772],[-104.746785,39.480783],[-104.746976,39.480953],[-104.747047,39.481024],[-104.747068,39.481074],[-104.747075,39.48109],[-104.747068,39.481107],[-104.747026,39.481123],[-104.74699,39.481134],[-104.746948,39.481145],[-104.746856,39.481173],[-104.746749,39.481178],[-104.746678,39.481178],[-104.746572,39.481151],[-104.746523,39.48114],[-104.746452,39.481118],[-104.746388,39.481107],[-104.74631,39.481107],[-104.746253,39.481113],[-104.746182,39.481135],[-104.746069,39.48114],[-104.745977,39.481162],[-104.745877,39.481157],[-104.745764,39.481168],[-104.745665,39.481157],[-104.745573,39.48114],[-104.745488,39.481129],[-104.745388,39.48113],[-104.745325,39.481129],[-104.745282,39.481152],[-104.74524,39.481152],[-104.745225,39.481124]]],"type":"Polygon"},"properties":{"area_sqkm":0.007,"evidence":0,"fcode":39004,"gnis_id":"00198717","hydro_category":"perennial","id":"nhd-120655126","name":"Franktown Parker FPS-1 Reservoir","water_class":"lake_pond"},"type":"Feature"},{"geometry":{"coordinates":[[[-105.004828,39.566002],[-105.00431,39.565721],[-105.003785,39.56515],[-105.003459,39.564957],[-105.00314,39.564853],[-105.00275,39.564836],[-105.002097,39.564737],[-105.001259,39.564665],[-105.00099,39.564621],[-105.001167,39.564588],[-105.001401,39.564572],[-105.001962,39.564545],[-105.002289,39.56455],[-105.002686,39.564473],[-105.003353,39.564501],[-105.00358,39.564562],[-105.004127,39.564546],[-105.004389,39.56459],[-105.004581,39.56465],[-105.004957,39.564716],[-105.005099,39.564777],[-105.005326,39.56492],[-105.005751,39.56509],[-105.005858,39.565096],[-105.006269,39.565025],[-105.006589,39.565058],[-105.006965,39.565085],[-105.00881,39.565064],[-105.009207,39.56513],[-105.009782,39.565317],[-105.010158,39.565411],[-105.010343,39.565422],[-105.010492,39.5654],[-105.01057,39.565345],[-105.010605,39.565274],[-105.010655,39.565224],[-105.011485,39.565379],[-105.012181,39.565505],[-105.012223,39.565687],[-105.012287,39.565917],[-105.012507,39.56611],[-105.012638,39.566156],[-105.008021,39.566153],[-105.006855,39.566152],[-105.00512,39.566154],[-105.005118,39.566154],[-105.004828,39.566002]]],"type":"Polygon"},"properties":{"area_sqkm":0.7737557,"evidence":0,"fcode":39009,"gnis_id":"00182625","hydro_category":"perennial","id":"nhd-117822697","name":"McLellan Reservoir","water_class":"lake_pond"},"type":"Feature"},{"geometry":{"coordinates":[[[[-105.272214,39.20736],[-105.271984,39.207013],[-105.271969,39.206982],[-105.271953,39.206946],[-105.271923,39.206901],[-105.271877,39.206851],[-105.271808,39.206798],[-105.271633,39.206658],[-105.271534,39.206568],[-105.271427,39.206461],[-105.271358,39.206371],[-105.271282,39.206272],[-105.271221,39.206168],[-105.271213,39.206132],[-105.271198,39.206074],[-105.271206,39.206042],[-105.271207,39.20604],[-105.271213,39.206015],[-105.271259,39.205938],[-105.27132,39.205843],[-105.271373,39.205749],[-105.271412,39.205641],[-105.271419,39.205523],[-105.271411,39.205375],[-105.271404,39.205271],[-105.271389,39.205145],[-105.271381,39.205041],[-105.271381,39.204969],[-105.271404,39.204924],[-105.271449,39.204902],[-105.271541,39.204892],[-105.271633,39.204906],[-105.27174,39.204937],[-105.271831,39.204995],[-105.271961,39.20513],[-105.272114,39.205278],[-105.272243,39.2054],[-105.272373,39.205535],[-105.272503,39.205642],[-105.272838,39.205966],[-105.273052,39.206141],[-105.273288,39.206325],[-105.27351,39.206487],[-105.273731,39.206653],[-105.274082,39.206887],[-105.274334,39.20708],[-105.27441,39.207147],[-105.274463,39.20717],[-105.274502,39.207161],[-105.274517,39.207125],[-105.274517,39.207025],[-105.274517,39.206886],[-105.274509,39.206733],[-105.274517,39.206597],[-105.27454,39.206458],[-105.274578,39.206354],[-105.274624,39.206241],[-105.274662,39.206115],[-105.274677,39.205962],[-105.274677,39.205854],[-105.274654,39.205759],[-105.274624,39.205692],[-105.274601,39.205638],[-105.27457,39.205602],[-105.27454,39.205561],[-105.274517,39.205525],[-105.274517,39.205485],[-105.27454,39.205394],[-105.27454,39.205336],[-105.274517,39.205255],[-105.274502,39.205196],[-105.274464,39.205147],[-105.274418,39.205097],[-105.27438,39.205052],[-105.274349,39.204976],[-105.274341,39.20489],[-105.274341,39.204814],[-105.274341,39.204724],[-105.274334,39.204642],[-105.274303,39.204575],[-105.27425,39.204476],[-105.274227,39.204417],[-105.274219,39.204363],[-105.274242,39.204305],[-105.274257,39.204251],[-105.274334,39.204201],[-105.274387,39.204156],[-105.274441,39.204106],[-105.274464,39.204043],[-105.274494,39.203944],[-105.274517,39.203831],[-105.274562,39.203705],[-105.274608,39.203588],[-105.274624,39.203461],[-105.274623,39.203385],[-105.274601,39.203299],[-105.274578,39.203227],[-105.274563,39.203209],[-105.27454,39.203173],[-105.274502,39.203124],[-105.274504,39.203077],[-105.274504,39.203074],[-105.274517,39.203038],[-105.274563,39.203002],[-105.274601,39.202984],[-105.274692,39.202957],[-105.274769,39.202929],[-105.274807,39.20288],[-105.274837,39.202821],[-105.274868,39.202753],[-105.274883,39.202681],[-105.274883,39.202605],[-105.274868,39.202546],[-105.274853,39.202488],[-105.274853,39.202434],[-105.274868,39.202375],[-105.274868,39.202244],[-105.274883,39.202208],[-105.274868,39.202177],[-105.274868,39.202136],[-105.274853,39.202109],[-105.274807,39.202082],[-105.274761,39.20206],[-105.274639,39.202033],[-105.274509,39.202006],[-105.274334,39.201957],[-105.27425,39.20193],[-105.274219,39.201903],[-105.274204,39.201854],[-105.27421,39.201809],[-105.274227,39.201755],[-105.274372,39.201615],[-105.274433,39.201506],[-105.274464,39.201443],[-105.274471,39.201362],[-105.274463,39.201294],[-105.274433,39.201231],[-105.274387,39.201155],[-105.274333,39.201042],[-105.274288,39.200957],[-105.274258,39.200867],[-105.274243,39.200732],[-105.274257,39.2007],[-105.274303,39.200682],[-105.274364,39.200668],[-105.274433,39.200668],[-105.274547,39.200664],[-105.274624,39.200659],[-105.274669,39.200641],[-105.274708,39.200614],[-105.274753,39.200568],[-105.274769,39.200514],[-105.274799,39.200388],[-105.274807,39.200266],[-105.274799,39.200131],[-105.274784,39.200037],[-105.274761,39.19996],[-105.274723,39.199843],[-105.274692,39.199717],[-105.274677,39.199627],[-105.274669,39.199541],[-105.274654,39.199469],[-105.274631,39.19942],[-105.274578,39.199361],[-105.274517,39.199285],[-105.274479,39.199199],[-105.274463,39.199132],[-105.274463,39.199069],[-105.274471,39.199015],[-105.274494,39.198906],[-105.274509,39.198848],[-105.274517,39.198794],[-105.274494,39.198749],[-105.274463,39.198713],[-105.274387,39.198681],[-105.274258,39.198641],[-105.274097,39.198556],[-105.273883,39.198448],[-105.2738,39.198408],[-105.273769,39.198377],[-105.273761,39.198354],[-105.273777,39.198322],[-105.273802,39.198301],[-105.273803,39.1983],[-105.27383,39.198273],[-105.273868,39.198219],[-105.273922,39.198092],[-105.273967,39.197993],[-105.274013,39.197907],[-105.274058,39.197871],[-105.274089,39.197844],[-105.274204,39.197767],[-105.274334,39.197695],[-105.274379,39.197663],[-105.274448,39.19765],[-105.274532,39.197645],[-105.274624,39.197645],[-105.27473,39.197649],[-105.274837,39.197676],[-105.274967,39.19772],[-105.275051,39.197765],[-105.275127,39.197824],[-105.27531,39.197967],[-105.275364,39.19803],[-105.275417,39.198098],[-105.27547,39.198188],[-105.275524,39.198237],[-105.275577,39.198309],[-105.275661,39.198368],[-105.275738,39.198399],[-105.275822,39.198417],[-105.275913,39.198439],[-105.275974,39.198457],[-105.276012,39.198484],[-105.276073,39.198542],[-105.276112,39.198614],[-105.276134,39.198664],[-105.276142,39.198722],[-105.27618,39.198767],[-105.276234,39.198803],[-105.276279,39.198817],[-105.276363,39.198821],[-105.276447,39.198825],[-105.276531,39.198821],[-105.276607,39.198816],[-105.276668,39.198825],[-105.276684,39.198829],[-105.276752,39.198865],[-105.276859,39.198923],[-105.277012,39.199027],[-105.27708,39.199058],[-105.277164,39.19908],[-105.277264,39.199089],[-105.277347,39.199084],[-105.277439,39.199075],[-105.277561,39.199016],[-105.277668,39.198953],[-105.277744,39.19889],[-105.27779,39.198831],[-105.277843,39.198741],[-105.277851,39.198624],[-105.277874,39.198507],[-105.277859,39.198398],[-105.277859,39.198304],[-105.277851,39.198232],[-105.277874,39.19816],[-105.277912,39.198132],[-105.277958,39.198128],[-105.277993,39.198132],[-105.278049,39.198137],[-105.278141,39.198195],[-105.27824,39.198249],[-105.27837,39.198294],[-105.2785,39.198325],[-105.278614,39.198397],[-105.278652,39.198442],[-105.278713,39.198527],[-105.278782,39.19863],[-105.278843,39.198743],[-105.278904,39.198828],[-105.278957,39.198918],[-105.279041,39.198995],[-105.279079,39.199031],[-105.279163,39.199071],[-105.279247,39.199116],[-105.279323,39.199152],[-105.279369,39.199183],[-105.279408,39.199215],[-105.279407,39.199242],[-105.279453,39.199354],[-105.279583,39.199683],[-105.279644,39.199867],[-105.279674,39.199939],[-105.279712,39.199984],[-105.279781,39.200034],[-105.27988,39.200074],[-105.279987,39.200096],[-105.280064,39.200105],[-105.280117,39.200101],[-105.280231,39.200087],[-105.280293,39.200064],[-105.280361,39.200028],[-105.280399,39.199983],[-105.28043,39.199915],[-105.280437,39.199798],[-105.28043,39.199631],[-105.280422,39.199537],[-105.280399,39.199447],[-105.280384,39.199366],[-105.280384,39.19928],[-105.280407,39.199208],[-105.28046,39.199122],[-105.280544,39.199045],[-105.280598,39.198987],[-105.280651,39.198914],[-105.280674,39.198869],[-105.280659,39.198802],[-105.280628,39.19873],[-105.280598,39.198689],[-105.280559,39.198653],[-105.280254,39.198519],[-105.280041,39.198407],[-105.279964,39.198348],[-105.279941,39.198299],[-105.279949,39.198245],[-105.279987,39.198209],[-105.280063,39.198172],[-105.280102,39.198132],[-105.280117,39.1981],[-105.280147,39.198051],[-105.280201,39.197996],[-105.28027,39.197956],[-105.280399,39.197919],[-105.280544,39.197901],[-105.280704,39.19786],[-105.280804,39.197824],[-105.280903,39.197787],[-105.280979,39.197733],[-105.28104,39.197674],[-105.281093,39.197598],[-105.281132,39.197489],[-105.281147,39.197359],[-105.281193,39.197169],[-105.2812,39.196904],[-105.281208,39.196768],[-105.281223,39.196696],[-105.281233,39.196687],[-105.281234,39.196686],[-105.281269,39.196642],[-105.281338,39.196588],[-105.281422,39.196525],[-105.281467,39.196475],[-105.281528,39.196403],[-105.281574,39.196321],[-105.281574,39.196222],[-105.281574,39.195984],[-105.281559,39.195862],[-105.281582,39.195749],[-105.281643,39.195632],[-105.281712,39.19556],[-105.281788,39.19551],[-105.281872,39.195483],[-105.281971,39.195451],[-105.282024,39.195424],[-105.282062,39.195388],[-105.28207,39.195347],[-105.282078,39.195266],[-105.282078,39.19514],[-105.282093,39.195027],[-105.282078,39.19496],[-105.282047,39.194879],[-105.282039,39.194802],[-105.282047,39.194649],[-105.282063,39.194536],[-105.282047,39.194433],[-105.282024,39.194365],[-105.281994,39.194302],[-105.28191,39.194212],[-105.281757,39.194077],[-105.281597,39.193974],[-105.28146,39.193862],[-105.281421,39.193812],[-105.281422,39.193785],[-105.281414,39.193763],[-105.281418,39.193749],[-105.281418,39.193748],[-105.281429,39.193713],[-105.28149,39.193663],[-105.281574,39.193627],[-105.281719,39.193595],[-105.28188,39.193545],[-105.282009,39.193491],[-105.282108,39.193423],[-105.282261,39.193279],[-105.282413,39.193134],[-105.282574,39.192908],[-105.282604,39.192868],[-105.282627,39.192805],[-105.28265,39.192719],[-105.28265,39.192624],[-105.282627,39.192561],[-105.282558,39.192485],[-105.28239,39.192346],[-105.282299,39.192256],[-105.282207,39.192206],[-105.282123,39.192179],[-105.282024,39.192121],[-105.281887,39.19204],[-105.281818,39.191964],[-105.281772,39.191924],[-105.281742,39.191879],[-105.281734,39.191833],[-105.281742,39.191797],[-105.28176,39.191743],[-105.281779,39.191748],[-105.281788,39.191734],[-105.281849,39.191721],[-105.281917,39.191716],[-105.281963,39.19172],[-105.28207,39.191743],[-105.282192,39.191756],[-105.282353,39.191737],[-105.282459,39.19171],[-105.282581,39.19166],[-105.282711,39.191592],[-105.282779,39.191543],[-105.282833,39.191475],[-105.282864,39.191421],[-105.282863,39.191371],[-105.282863,39.191277],[-105.282841,39.191182],[-105.282818,39.191074],[-105.282841,39.191002],[-105.282863,39.190921],[-105.28294,39.19083],[-105.283039,39.190722],[-105.283108,39.190641],[-105.283161,39.190577],[-105.283184,39.190496],[-105.283184,39.190451],[-105.283153,39.190402],[-105.283131,39.190375],[-105.283054,39.190325],[-105.282978,39.190285],[-105.282917,39.190227],[-105.282917,39.190177],[-105.28294,39.190105],[-105.283054,39.189979],[-105.28313,39.189861],[-105.28323,39.189712],[-105.283367,39.189541],[-105.283451,39.189446],[-105.283527,39.189392],[-105.28384,39.189296],[-105.283977,39.189251],[-105.284069,39.189215],[-105.28413,39.189174],[-105.284183,39.189124],[-105.284221,39.189039],[-105.28426,39.188975],[-105.284283,39.188944],[-105.284313,39.188908],[-105.284328,39.188872],[-105.284321,39.18884],[-105.284298,39.188822],[-105.284267,39.188813],[-105.284183,39.188813],[-105.284031,39.188814],[-105.283809,39.188837],[-105.283672,39.188846],[-105.283588,39.188855],[-105.283527,39.188855],[-105.283504,39.188847],[-105.283481,39.188824],[-105.283489,39.188747],[-105.283527,39.188657],[-105.283558,39.18859],[-105.283558,39.188518],[-105.28355,39.188477],[-105.283527,39.188445],[-105.283489,39.188419],[-105.283397,39.188365],[-105.283314,39.188315],[-105.283237,39.188261],[-105.283192,39.188208],[-105.283123,39.188095],[-105.283054,39.188014],[-105.282993,39.187938],[-105.282894,39.187843],[-105.282803,39.187753],[-105.282688,39.187664],[-105.28249,39.187533],[-105.282284,39.187412],[-105.281841,39.187202],[-105.281513,39.187031],[-105.281422,39.186991],[-105.28136,39.186941],[-105.28133,39.186892],[-105.281307,39.186851],[-105.281303,39.186779],[-105.281368,39.186721],[-105.281414,39.186698],[-105.281467,39.186675],[-105.281528,39.186662],[-105.281627,39.186657],[-105.281757,39.186657],[-105.281879,39.186674],[-105.282047,39.186705],[-105.282131,39.18671],[-105.282283,39.186723],[-105.282391,39.186714],[-105.282497,39.186713],[-105.282574,39.186713],[-105.282642,39.186731],[-105.282749,39.186731],[-105.282818,39.186717],[-105.282894,39.186676],[-105.282963,39.186618],[-105.283008,39.18655],[-105.283031,39.186469],[-105.28307,39.186401],[-105.283138,39.186351],[-105.283199,39.186315],[-105.283237,39.186302],[-105.283313,39.186301],[-105.283413,39.186306],[-105.283489,39.186355],[-105.283588,39.186386],[-105.28368,39.186422],[-105.283748,39.186485],[-105.283817,39.186566],[-105.283894,39.186606],[-105.283924,39.186615],[-105.283962,39.186615],[-105.284023,39.186597],[-105.284099,39.186574],[-105.284214,39.18657],[-105.284267,39.186569],[-105.284382,39.186587],[-105.284473,39.186609],[-105.284557,39.186614],[-105.284664,39.186595],[-105.284778,39.18655],[-105.284824,39.186491],[-105.284832,39.186424],[-105.284824,39.186379],[-105.284794,39.186307],[-105.28474,39.186208],[-105.28471,39.186118],[-105.284687,39.186019],[-105.28471,39.18592],[-105.284717,39.185838],[-105.284763,39.185771],[-105.284794,39.185699],[-105.284801,39.18564],[-105.284794,39.185563],[-105.284771,39.185482],[-105.284748,39.185433],[-105.284717,39.185338],[-105.284702,39.185262],[-105.28471,39.185199],[-105.284778,39.185108],[-105.284954,39.184964],[-105.285022,39.184882],[-105.285061,39.184774],[-105.285137,39.184531],[-105.285221,39.184283],[-105.285229,39.184229],[-105.285244,39.184138],[-105.285289,39.183999],[-105.285419,39.183737],[-105.285534,39.183363],[-105.285549,39.183268],[-105.285564,39.182984],[-105.285564,39.182849],[-105.285541,39.182768],[-105.285511,39.182692],[-105.285427,39.182516],[-105.285404,39.182394],[-105.285373,39.182304],[-105.28532,39.182237],[-105.285251,39.182147],[-105.285167,39.182066],[-105.285038,39.181972],[-105.284824,39.181792],[-105.284664,39.18168],[-105.28455,39.181576],[-105.284473,39.181491],[-105.284412,39.181419],[-105.284351,39.181347],[-105.284244,39.181248],[-105.28416,39.18119],[-105.284107,39.181118],[-105.284061,39.181069],[-105.284,39.18101],[-105.283924,39.180947],[-105.283817,39.180857],[-105.283779,39.180799],[-105.283764,39.180727],[-105.283779,39.180704],[-105.28384,39.180677],[-105.283924,39.180668],[-105.284054,39.180695],[-105.284191,39.180748],[-105.284298,39.18078],[-105.284359,39.180784],[-105.28442,39.180784],[-105.284473,39.18077],[-105.284504,39.180743],[-105.284534,39.180684],[-105.284557,39.180594],[-105.284603,39.18045],[-105.284641,39.180391],[-105.284702,39.180297],[-105.284748,39.180202],[-105.284763,39.180103],[-105.284748,39.180022],[-105.284687,39.1799],[-105.284633,39.179752],[-105.284588,39.179626],[-105.284572,39.179477],[-105.284588,39.179351],[-105.284633,39.179112],[-105.284687,39.178913],[-105.284771,39.178665],[-105.284824,39.178508],[-105.284839,39.17835],[-105.284847,39.178075],[-105.284839,39.177796],[-105.284832,39.177539],[-105.284824,39.177359],[-105.284748,39.177106],[-105.284664,39.176863],[-105.284618,39.176706],[-105.284473,39.176413],[-105.284389,39.176215],[-105.284351,39.176098],[-105.284282,39.175878],[-105.284252,39.175742],[-105.284252,39.175684],[-105.284214,39.175639],[-105.284107,39.17559],[-105.283878,39.175532],[-105.283794,39.175505],[-105.283768,39.175496],[-105.283741,39.175487],[-105.283718,39.175482],[-105.28371,39.175455],[-105.283718,39.175419],[-105.283718,39.175392],[-105.283764,39.175352],[-105.283817,39.175297],[-105.28384,39.175266],[-105.283848,39.175212],[-105.28384,39.175153],[-105.283794,39.175108],[-105.28371,39.175072],[-105.283504,39.175019],[-105.283367,39.174988],[-105.283153,39.174903],[-105.283113,39.174876],[-105.283108,39.174862],[-105.283123,39.17484],[-105.283153,39.174803],[-105.283191,39.174754],[-105.28326,39.174709],[-105.283382,39.174641],[-105.283474,39.174586],[-105.283657,39.174451],[-105.283733,39.174392],[-105.283764,39.174356],[-105.283779,39.174302],[-105.283771,39.174261],[-105.28371,39.174234],[-105.283634,39.174212],[-105.283527,39.174118],[-105.283489,39.173974],[-105.283474,39.173888],[-105.283428,39.173834],[-105.283382,39.173767],[-105.283314,39.173713],[-105.283237,39.173659],[-105.283168,39.173609],[-105.2831,39.173538],[-105.283054,39.173448],[-105.283008,39.173362],[-105.282978,39.173209],[-105.282962,39.173123],[-105.282917,39.173006],[-105.282848,39.172862],[-105.282764,39.172709],[-105.282619,39.172575],[-105.282489,39.172458],[-105.28236,39.172336],[-105.282268,39.172233],[-105.282207,39.172161],[-105.282176,39.17208],[-105.282169,39.171981],[-105.282154,39.171877],[-105.282131,39.171742],[-105.282154,39.171625],[-105.282154,39.171485],[-105.282138,39.17135],[-105.2822,39.170981],[-105.282222,39.170836],[-105.282283,39.170692],[-105.282291,39.170642],[-105.282343,39.170615],[-105.282367,39.170611],[-105.28239,39.170615],[-105.282413,39.170642],[-105.282421,39.170683],[-105.282459,39.17084],[-105.282528,39.171169],[-105.282604,39.171439],[-105.282657,39.171678],[-105.282711,39.171817],[-105.282764,39.171934],[-105.282787,39.172015],[-105.282863,39.172074],[-105.28297,39.172141],[-105.283108,39.172235],[-105.283268,39.172339],[-105.283359,39.172411],[-105.283443,39.172442],[-105.283504,39.172446],[-105.283573,39.172442],[-105.283619,39.172419],[-105.283649,39.172387],[-105.283687,39.172338],[-105.283771,39.172288],[-105.283847,39.172252],[-105.283924,39.172251],[-105.283969,39.172256],[-105.284,39.172278],[-105.284008,39.172305],[-105.284008,39.172413],[-105.284008,39.172549],[-105.284054,39.172679],[-105.284137,39.172859],[-105.284214,39.172999],[-105.28429,39.173098],[-105.284427,39.173246],[-105.284588,39.173399],[-105.284748,39.173538],[-105.28506,39.173785],[-105.285297,39.173974],[-105.285503,39.17414],[-105.285663,39.174266],[-105.28577,39.174351],[-105.285854,39.174418],[-105.285953,39.174508],[-105.286014,39.174625],[-105.286083,39.174751],[-105.286159,39.174909],[-105.286198,39.175039],[-105.286228,39.175147],[-105.286259,39.175215],[-105.286304,39.17526],[-105.286358,39.175291],[-105.286407,39.175336],[-105.286408,39.175336],[-105.286434,39.175359],[-105.286449,39.175399],[-105.286457,39.175494],[-105.286449,39.17557],[-105.286434,39.175638],[-105.286404,39.175719],[-105.286404,39.175796],[-105.286403,39.175908],[-105.286418,39.176093],[-105.286434,39.176219],[-105.286503,39.176345],[-105.286594,39.176449],[-105.286648,39.176543],[-105.286724,39.176656],[-105.286777,39.176786],[-105.286823,39.176899],[-105.286831,39.177079],[-105.286823,39.177421],[-105.286831,39.177511],[-105.286861,39.177561],[-105.286899,39.177583],[-105.28693,39.177597],[-105.286968,39.177592],[-105.287014,39.177565],[-105.287128,39.177461],[-105.287357,39.177262],[-105.287571,39.177077],[-105.287639,39.177018],[-105.287739,39.176969],[-105.287838,39.176928],[-105.28812,39.176859],[-105.288372,39.176796],[-105.288532,39.17675],[-105.288639,39.1767],[-105.288723,39.176646],[-105.288769,39.176601],[-105.288791,39.176524],[-105.288815,39.176425],[-105.28883,39.176326],[-105.288853,39.176209],[-105.288868,39.176096],[-105.288914,39.176055],[-105.288929,39.176033],[-105.288997,39.176015],[-105.289074,39.17601],[-105.289181,39.176028],[-105.289242,39.176059],[-105.289372,39.176108],[-105.289509,39.176162],[-105.289738,39.176211],[-105.289974,39.176265],[-105.290119,39.176287],[-105.290211,39.176291],[-105.290279,39.176282],[-105.290394,39.17625],[-105.29044,39.176232],[-105.290539,39.176196],[-105.290638,39.176137],[-105.290737,39.176033],[-105.290813,39.17588],[-105.290897,39.175735],[-105.290981,39.175636],[-105.291058,39.175559],[-105.291164,39.175509],[-105.291263,39.175464],[-105.291393,39.175436],[-105.291492,39.175405],[-105.291592,39.175341],[-105.291714,39.175246],[-105.291874,39.175124],[-105.291942,39.175097],[-105.292034,39.175056],[-105.292164,39.17502],[-105.292324,39.174993],[-105.292492,39.174983],[-105.292622,39.17496],[-105.292789,39.17491],[-105.29298,39.174865],[-105.293163,39.174792],[-105.293301,39.174733],[-105.293385,39.17467],[-105.29343,39.174602],[-105.293438,39.174535],[-105.29343,39.174476],[-105.293385,39.174422],[-105.293331,39.174373],[-105.293224,39.174296],[-105.293148,39.17427],[-105.293034,39.17422],[-105.292912,39.174171],[-105.292698,39.17414],[-105.292553,39.174118],[-105.2924,39.174109],[-105.292072,39.174128],[-105.291981,39.174128],[-105.291904,39.17412],[-105.291894,39.174111],[-105.291882,39.174102],[-105.291843,39.17403],[-105.291843,39.173935],[-105.291851,39.173822],[-105.291904,39.173705],[-105.291965,39.173599],[-105.291966,39.173597],[-105.292019,39.173507],[-105.292111,39.173389],[-105.292271,39.173141],[-105.292339,39.173001],[-105.292377,39.172893],[-105.292408,39.172749],[-105.292408,39.17265],[-105.292408,39.172546],[-105.292438,39.172447],[-105.292469,39.17237],[-105.292507,39.172311],[-105.292575,39.17228],[-105.292645,39.17227],[-105.292744,39.17227],[-105.292828,39.172288],[-105.293079,39.172368],[-105.293293,39.172449],[-105.293423,39.172489],[-105.293537,39.172493],[-105.293674,39.172493],[-105.293819,39.17247],[-105.293964,39.172425],[-105.294094,39.172375],[-105.294201,39.172348],[-105.294338,39.17232],[-105.294459,39.17232],[-105.294727,39.172319],[-105.294941,39.172332],[-105.295154,39.172359],[-105.295322,39.172363],[-105.295452,39.172362],[-105.295559,39.17234],[-105.295643,39.172312],[-105.295757,39.172249],[-105.296047,39.172127],[-105.29623,39.172068],[-105.296383,39.172027],[-105.29652,39.172017],[-105.296619,39.172026],[-105.296734,39.172039],[-105.297131,39.172124],[-105.297321,39.172155],[-105.297504,39.172173],[-105.297649,39.17219],[-105.29784,39.172194],[-105.298214,39.172189],[-105.29842,39.172179],[-105.298603,39.172156],[-105.29871,39.172124],[-105.298825,39.172075],[-105.29887,39.17202],[-105.298901,39.171957],[-105.298908,39.171867],[-105.298908,39.171669],[-105.298939,39.171552],[-105.298985,39.171466],[-105.299038,39.171389],[-105.299229,39.171217],[-105.299358,39.171118],[-105.299504,39.171037],[-105.299633,39.170978],[-105.299763,39.170923],[-105.299953,39.170842],[-105.300114,39.170742],[-105.300259,39.170611],[-105.300503,39.17039],[-105.300778,39.1702],[-105.3009,39.170136],[-105.301022,39.170086],[-105.301113,39.170005],[-105.301174,39.169946],[-105.301213,39.169883],[-105.301228,39.169816],[-105.301212,39.169762],[-105.301174,39.169699],[-105.301144,39.16964],[-105.301121,39.169573],[-105.301067,39.169528],[-105.301022,39.169483],[-105.300854,39.169407],[-105.30064,39.169326],[-105.300343,39.169228],[-105.300198,39.169169],[-105.300129,39.169129],[-105.300083,39.169098],[-105.300068,39.169044],[-105.300083,39.168958],[-105.300083,39.168841],[-105.300068,39.168778],[-105.300053,39.168742],[-105.300022,39.168697],[-105.299984,39.16867],[-105.299923,39.16862],[-105.299831,39.168585],[-105.299702,39.168553],[-105.299602,39.168513],[-105.299511,39.168464],[-105.299423,39.168397],[-105.299374,39.168347],[-105.299343,39.168271],[-105.29932,39.168162],[-105.299259,39.167969],[-105.299229,39.167811],[-105.299214,39.167672],[-105.299213,39.167527],[-105.299244,39.167392],[-105.299297,39.167284],[-105.299374,39.167176],[-105.299442,39.167108],[-105.299488,39.166946],[-105.299519,39.166783],[-105.299534,39.166621],[-105.299587,39.166441],[-105.299618,39.166396],[-105.299671,39.166377],[-105.29971,39.166382],[-105.299747,39.166382],[-105.299877,39.166404],[-105.299984,39.166417],[-105.300037,39.166426],[-105.300114,39.166426],[-105.300152,39.166408],[-105.300182,39.16639],[-105.300228,39.166349],[-105.300304,39.166331],[-105.30035,39.166331],[-105.300352,39.166331],[-105.300404,39.166335],[-105.300511,39.166353],[-105.30061,39.166366],[-105.300694,39.16637],[-105.300808,39.166365],[-105.300991,39.166347],[-105.30122,39.166328],[-105.301434,39.166328],[-105.30164,39.166336],[-105.301831,39.166349],[-105.302059,39.166313],[-105.302143,39.166281],[-105.302258,39.166213],[-105.302418,39.166091],[-105.302563,39.165982],[-105.3027,39.165838],[-105.302898,39.165603],[-105.302908,39.16559],[-105.302967,39.165517],[-105.303127,39.165355],[-105.303272,39.16521],[-105.303418,39.165012],[-105.303601,39.164741],[-105.303692,39.164596],[-105.303829,39.164366],[-105.304012,39.164127],[-105.30418,39.163928],[-105.304264,39.16386],[-105.304348,39.163797],[-105.304424,39.163783],[-105.304478,39.163756],[-105.304554,39.163724],[-105.304592,39.163666],[-105.304607,39.163621],[-105.304608,39.163567],[-105.304592,39.163526],[-105.304501,39.163409],[-105.304478,39.16336],[-105.304463,39.163328],[-105.30447,39.163288],[-105.304503,39.16326],[-105.304524,39.163247],[-105.304554,39.163251],[-105.304569,39.16326],[-105.3046,39.163269],[-105.304684,39.163328],[-105.304814,39.163449],[-105.304817,39.163453],[-105.304829,39.163467],[-105.304951,39.163557],[-105.305027,39.163606],[-105.305111,39.163642],[-105.305241,39.163678],[-105.30547,39.163717],[-105.305638,39.16374],[-105.30579,39.163784],[-105.305818,39.163798],[-105.305819,39.163798],[-105.305912,39.163852],[-105.306019,39.163955],[-105.306088,39.164099],[-105.306164,39.164265],[-105.306263,39.164522],[-105.306355,39.164657],[-105.306408,39.164742],[-105.306484,39.16481],[-105.306568,39.164886],[-105.306668,39.164949],[-105.306797,39.165003],[-105.307133,39.165105],[-105.307293,39.165146],[-105.307461,39.165163],[-105.307621,39.165149],[-105.307675,39.16514],[-105.307728,39.165108],[-105.307782,39.165063],[-105.307858,39.16495],[-105.307934,39.16481],[-105.308064,39.164603],[-105.308178,39.164431],[-105.308277,39.164309],[-105.308437,39.16416],[-105.308598,39.164016],[-105.308804,39.163903],[-105.308918,39.163844],[-105.309048,39.163785],[-105.309208,39.163744],[-105.309414,39.163703],[-105.309521,39.163662],[-105.30959,39.163621],[-105.309621,39.163598],[-105.309772,39.163742],[-105.309783,39.163751],[-105.309771,39.163757],[-105.309725,39.163781],[-105.309276,39.163874],[-105.309246,39.163881],[-105.30897,39.164004],[-105.308602,39.164221],[-105.308345,39.164479],[-105.308181,39.164839],[-105.308169,39.164867],[-105.308035,39.165196],[-105.307962,39.16534],[-105.307532,39.16541],[-105.30752,39.165413],[-105.307059,39.165356],[-105.306689,39.165181],[-105.306343,39.164941],[-105.306172,39.164822],[-105.306012,39.164661],[-105.305618,39.164336],[-105.305583,39.16431],[-105.305197,39.164024],[-105.304892,39.164057],[-105.304633,39.164189],[-105.304454,39.164281],[-105.304186,39.164551],[-105.304144,39.164595],[-105.303885,39.165014],[-105.303536,39.165449],[-105.303388,39.165634],[-105.302922,39.166149],[-105.302351,39.166622],[-105.302271,39.166689],[-105.301941,39.16668],[-105.301819,39.166693],[-105.301542,39.166722],[-105.301022,39.166777],[-105.300774,39.166966],[-105.300553,39.167135],[-105.300432,39.167227],[-105.300214,39.168017],[-105.300575,39.1683],[-105.300832,39.168501],[-105.301601,39.168819],[-105.30175,39.16888],[-105.301961,39.169179],[-105.301979,39.169202],[-105.301979,39.169291],[-105.301838,39.169682],[-105.301728,39.169906],[-105.301598,39.170115],[-105.301479,39.170284],[-105.301358,39.170439],[-105.301251,39.170555],[-105.301012,39.17079],[-105.300918,39.170874],[-105.300848,39.170938],[-105.300721,39.171027],[-105.300384,39.171215],[-105.300262,39.17131],[-105.300165,39.171398],[-105.300017,39.17152],[-105.3,39.171562],[-105.299922,39.171854],[-105.299864,39.17207],[-105.299515,39.172447],[-105.29944,39.172529],[-105.298438,39.17281],[-105.297571,39.172689],[-105.297387,39.172682],[-105.296651,39.172658],[-105.296533,39.172654],[-105.296353,39.172648],[-105.296187,39.172688],[-105.296074,39.172717],[-105.295855,39.172771],[-105.295382,39.172889],[-105.295198,39.172929],[-105.294978,39.172977],[-105.294866,39.173001],[-105.294854,39.173],[-105.294476,39.172986],[-105.29435,39.172982],[-105.294216,39.172977],[-105.294152,39.173001],[-105.293823,39.17313],[-105.293647,39.17331],[-105.293533,39.173427],[-105.293543,39.173532],[-105.293564,39.173624],[-105.293602,39.173703],[-105.293629,39.173735],[-105.293657,39.173768],[-105.293734,39.173831],[-105.293815,39.173883],[-105.293929,39.173941],[-105.294316,39.174066],[-105.294419,39.174123],[-105.294535,39.174212],[-105.294628,39.174267],[-105.294703,39.17432],[-105.294764,39.174374],[-105.294806,39.174424],[-105.294821,39.17446],[-105.294818,39.174476],[-105.294748,39.174838],[-105.293586,39.175398],[-105.293415,39.175482],[-105.292413,39.175965],[-105.291461,39.176536],[-105.29081,39.176963],[-105.290211,39.17714],[-105.289498,39.177494],[-105.289381,39.177566],[-105.288466,39.178006],[-105.288038,39.178228],[-105.287944,39.178291],[-105.287851,39.178368],[-105.287751,39.178465],[-105.287671,39.178554],[-105.287595,39.178678],[-105.287424,39.179029],[-105.28738,39.179144],[-105.287375,39.179214],[-105.287351,39.179443],[-105.287363,39.17997],[-105.287358,39.180203],[-105.287309,39.180846],[-105.287306,39.181024],[-105.287317,39.18123],[-105.287341,39.181412],[-105.287375,39.18156],[-105.287419,39.181692],[-105.287473,39.181807],[-105.287564,39.181965],[-105.287687,39.182131],[-105.287852,39.1823],[-105.288137,39.182551],[-105.288692,39.183012],[-105.289078,39.183344],[-105.289159,39.183435],[-105.289208,39.183516],[-105.289297,39.18377],[-105.289287,39.18382],[-105.289288,39.183786],[-105.28928,39.183764],[-105.289242,39.183737],[-105.289158,39.18371],[-105.289043,39.183679],[-105.288959,39.183634],[-105.288914,39.183589],[-105.288868,39.18353],[-105.288837,39.183454],[-105.28883,39.183386],[-105.288815,39.183346],[-105.288769,39.183314],[-105.288692,39.183269],[-105.288601,39.183252],[-105.288464,39.183234],[-105.288281,39.183234],[-105.288174,39.18323],[-105.28809,39.183208],[-105.288044,39.183172],[-105.287998,39.183122],[-105.287968,39.183059],[-105.287968,39.183005],[-105.287937,39.182924],[-105.287914,39.182879],[-105.287853,39.182839],[-105.287792,39.182821],[-105.287708,39.182812],[-105.287647,39.182817],[-105.287563,39.182799],[-105.287479,39.182763],[-105.287388,39.182705],[-105.28735,39.182642],[-105.287334,39.182597],[-105.287281,39.182561],[-105.287228,39.182525],[-105.287174,39.182503],[-105.287144,39.182498],[-105.287082,39.182507],[-105.287052,39.182521],[-105.287014,39.182553],[-105.286961,39.182611],[-105.286861,39.182675],[-105.286739,39.182729],[-105.286648,39.182788],[-105.286548,39.18286],[-105.286411,39.182933],[-105.286243,39.183005],[-105.286167,39.18305],[-105.286144,39.183104],[-105.286129,39.183163],[-105.286144,39.183249],[-105.286159,39.183294],[-105.286228,39.183406],[-105.286281,39.183483],[-105.286373,39.183559],[-105.286442,39.183649],[-105.286518,39.183766],[-105.286579,39.183856],[-105.28664,39.18391],[-105.286732,39.183968],[-105.286861,39.184017],[-105.286999,39.184058],[-105.287144,39.184089],[-105.287228,39.184098],[-105.287388,39.184093],[-105.28751,39.184088],[-105.287708,39.184051],[-105.287884,39.184046],[-105.28796,39.184055],[-105.288059,39.184082],[-105.288158,39.184113],[-105.288273,39.184154],[-105.28838,39.184185],[-105.288471,39.184207],[-105.288563,39.18422],[-105.288677,39.184229],[-105.288837,39.184229],[-105.288998,39.184224],[-105.289082,39.184224],[-105.289112,39.184219],[-105.289127,39.184201],[-105.28915,39.184165],[-105.289202,39.18405],[-105.289182,39.184172],[-105.288605,39.184598],[-105.288269,39.184726],[-105.287802,39.184972],[-105.287295,39.185265],[-105.286877,39.185541],[-105.28671,39.185689],[-105.28653,39.185905],[-105.286353,39.186152],[-105.286186,39.186435],[-105.286134,39.186539],[-105.285966,39.187304],[-105.285844,39.188034],[-105.285829,39.18822],[-105.285828,39.188407],[-105.285871,39.189116],[-105.285872,39.189403],[-105.285841,39.18962],[-105.285776,39.189811],[-105.285433,39.190396],[-105.285308,39.190653],[-105.285067,39.191019],[-105.284714,39.192074],[-105.284702,39.192703],[-105.284976,39.193318],[-105.285164,39.193742],[-105.2851,39.194588],[-105.284695,39.195474],[-105.284227,39.196812],[-105.283729,39.197689],[-105.283354,39.19893],[-105.283205,39.199287],[-105.283055,39.199844],[-105.282923,39.200221],[-105.28282,39.200439],[-105.282667,39.200677],[-105.282351,39.201096],[-105.2823,39.201145],[-105.281951,39.201458],[-105.281659,39.201684],[-105.281522,39.201756],[-105.281381,39.201801],[-105.280974,39.20185],[-105.280311,39.20185],[-105.279795,39.201901],[-105.278814,39.201811],[-105.278079,39.20223],[-105.277696,39.202801],[-105.277621,39.20372],[-105.277392,39.204469],[-105.276836,39.20508],[-105.27674,39.205186],[-105.276615,39.205669],[-105.276623,39.206451],[-105.276291,39.207216],[-105.275597,39.207626],[-105.274575,39.207714],[-105.274419,39.207704],[-105.27316,39.207624],[-105.272565,39.207625],[-105.272403,39.207639],[-105.272372,39.207645],[-105.272214,39.20736]]],[[[-105.289257,39.183894],[-105.289287,39.183824],[-105.289274,39.183889],[-105.289238,39.183954],[-105.289257,39.183894]]]],"type":"MultiPolygon"},"properties":{"area_sqkm":3.58143493,"evidence":0,"fcode":39009,"gnis_id":"00183689","hydro_category":"perennial","id":"nhd-120030962","name":"Cheesman Lake","water_class":"lake_pond"},"type":"Feature"},{"geometry":{"coordinates":[[[-105.160003,39.145395],[-105.159773,39.145413],[-105.159507,39.145432],[-105.159308,39.145459],[-105.159102,39.1455],[-105.159026,39.1455],[-105.158973,39.145491],[-105.158965,39.145459],[-105.158988,39.145396],[-105.159064,39.145256],[-105.159148,39.145112],[-105.159209,39.14499],[-105.159308,39.144607],[-105.159354,39.144274],[-105.159392,39.143931],[-105.159407,39.143562],[-105.159423,39.143165],[-105.159438,39.142773],[-105.159461,39.142653],[-105.159461,39.142652],[-105.159468,39.142616],[-105.159468,39.142516],[-105.159514,39.14244],[-105.159583,39.142354],[-105.159659,39.142277],[-105.159674,39.142219],[-105.159682,39.142093],[-105.159667,39.141867],[-105.159644,39.141723],[-105.159629,39.141597],[-105.159629,39.141503],[-105.159644,39.141372],[-105.159667,39.141268],[-105.159713,39.141192],[-105.159758,39.141128],[-105.159819,39.141083],[-105.159888,39.141056],[-105.159934,39.141052],[-105.159987,39.141074],[-105.160033,39.141105],[-105.160132,39.141155],[-105.16027,39.141281],[-105.160338,39.14133],[-105.160366,39.141344],[-105.160399,39.141375],[-105.160483,39.141393],[-105.160575,39.141398],[-105.160874,39.141397],[-105.160918,39.141397],[-105.161017,39.14141],[-105.161086,39.141428],[-105.161147,39.141455],[-105.161162,39.141473],[-105.161208,39.141509],[-105.161246,39.141559],[-105.161277,39.141635],[-105.161322,39.141762],[-105.161353,39.141892],[-105.161452,39.14209],[-105.161597,39.142297],[-105.161643,39.142392],[-105.161696,39.142491],[-105.161719,39.142554],[-105.161727,39.142635],[-105.161719,39.142707],[-105.161673,39.142937],[-105.161635,39.143081],[-105.161528,39.143352],[-105.161429,39.143604],[-105.1613,39.143888],[-105.161155,39.144168],[-105.161086,39.144321],[-105.161033,39.144452],[-105.161033,39.144573],[-105.160994,39.144731],[-105.160979,39.144862],[-105.160979,39.144983],[-105.160964,39.145074],[-105.160925,39.145209],[-105.160903,39.145254],[-105.160872,39.145285],[-105.160827,39.145304],[-105.160766,39.145313],[-105.160594,39.145331],[-105.160399,39.145358],[-105.160017,39.145395],[-105.160003,39.145395]]],"type":"Polygon"},"properties":{"area_sqkm":0.075,"evidence":0,"fcode":39004,"gnis_id":"00198723","hydro_category":"perennial","id":"nhd-117844343","name":"J O Hill Reservoir","water_class":"lake_pond"},"type":"Feature"},{"geometry":{"coordinates":[[[-104.971718,39.226683],[-104.971733,39.226719],[-104.971733,39.22675],[-104.971702,39.226827],[-104.971687,39.226867],[-104.971573,39.227047],[-104.97152,39.227106],[-104.971512,39.227138],[-104.971497,39.227268],[-104.971481,39.227349],[-104.971451,39.227421],[-104.97142,39.227493],[-104.971397,39.227539],[-104.971306,39.227633],[-104.971161,39.227782],[-104.971138,39.227786],[-104.971069,39.227813],[-104.970886,39.227854],[-104.970673,39.227908],[-104.970589,39.227926],[-104.970512,39.227971],[-104.970405,39.228025],[-104.970291,39.228115],[-104.970207,39.228223],[-104.970161,39.2283],[-104.970138,39.22834],[-104.9701,39.228448],[-104.970047,39.228628],[-104.970016,39.22871],[-104.969986,39.228755],[-104.969933,39.228858],[-104.969871,39.228908],[-104.969826,39.228962],[-104.969742,39.229047],[-104.969627,39.229147],[-104.969536,39.22921],[-104.969421,39.229273],[-104.96933,39.229309],[-104.969208,39.229331],[-104.969086,39.229354],[-104.968918,39.229358],[-104.968758,39.229358],[-104.96859,39.229349],[-104.968506,39.22934],[-104.968468,39.229331],[-104.968422,39.229299],[-104.968391,39.229259],[-104.968249,39.22897],[-104.968246,39.228885],[-104.968239,39.228813],[-104.968247,39.228754],[-104.968262,39.2287],[-104.968277,39.22866],[-104.968345,39.228578],[-104.968536,39.228443],[-104.968612,39.22838],[-104.968811,39.228263],[-104.968948,39.228223],[-104.969116,39.228205],[-104.969391,39.228187],[-104.969483,39.228182],[-104.969536,39.22816],[-104.970032,39.227768],[-104.970078,39.227732],[-104.970146,39.2277],[-104.97023,39.227682],[-104.970382,39.227664],[-104.970657,39.227642],[-104.970917,39.22766],[-104.970962,39.227647],[-104.970993,39.227633],[-104.970993,39.227597],[-104.970993,39.22757],[-104.970978,39.22752],[-104.970879,39.227295],[-104.970886,39.227237],[-104.970886,39.227182],[-104.970909,39.227164],[-104.971016,39.227124],[-104.971108,39.227115],[-104.971176,39.227097],[-104.971252,39.227079],[-104.971306,39.227038],[-104.971413,39.226948],[-104.971558,39.226804],[-104.971611,39.226696],[-104.971677,39.226646],[-104.971718,39.226683]]],"type":"Polygon"},"properties":{"area_sqkm":0.024,"evidence":0,"fcode":39004,"gnis_id":null,"hydro_category":"perennial","id":"nhd-117821223","name":null,"water_class":"lake_pond"},"type":"Feature"},{"geometry":{"coordinates":[[[-104.747412,39.37496],[-104.747319,39.374921],[-104.747139,39.374794],[-104.747085,39.374744],[-104.747066,39.374713],[-104.747062,39.374677],[-104.747068,39.374641],[-104.747082,39.374596],[-104.747162,39.37442],[-104.747222,39.374312],[-104.747369,39.374074],[-104.747426,39.373966],[-104.747429,39.37393],[-104.747395,39.373637],[-104.747397,39.37352],[-104.747419,39.373339],[-104.747451,39.373141],[-104.74747,39.373087],[-104.747487,39.373074],[-104.747544,39.373074],[-104.747579,39.373079],[-104.747649,39.37311],[-104.747781,39.373183],[-104.748054,39.373354],[-104.748481,39.373657],[-104.748857,39.373942],[-104.748993,39.37405],[-104.749144,39.374186],[-104.749176,39.374226],[-104.7492,39.374267],[-104.749219,39.374308],[-104.749228,39.374344],[-104.749244,39.374479],[-104.749256,39.37465],[-104.74926,39.374758],[-104.749259,39.374857],[-104.749294,39.374997],[-104.74928,39.375036],[-104.749266,39.375141],[-104.749245,39.375262],[-104.749224,39.375404],[-104.749203,39.375536],[-104.749182,39.375652],[-104.749132,39.37575],[-104.749083,39.375855],[-104.749012,39.37591],[-104.748941,39.375965],[-104.748878,39.375992],[-104.748814,39.376003],[-104.748715,39.375998],[-104.748651,39.375981],[-104.748595,39.375954],[-104.748552,39.375899],[-104.748495,39.375822],[-104.748424,39.375674],[-104.748339,39.375548],[-104.748261,39.375449],[-104.748191,39.375394],[-104.748127,39.375323],[-104.748028,39.375257],[-104.747936,39.375213],[-104.747801,39.375158],[-104.747681,39.375109],[-104.747567,39.375065],[-104.747511,39.375043],[-104.747468,39.375015],[-104.747461,39.374997],[-104.747412,39.37496]]],"type":"Polygon"},"properties":{"area_sqkm":0.036000000000000004,"evidence":0,"fcode":39004,"gnis_id":"00169509","hydro_category":"perennial","id":"nhd-120655638","name":"Barney Bird Reservoir Number One","water_class":"lake_pond"},"type":"Feature"},{"geometry":{"coordinates":[[[-104.794364,39.375026],[-104.794314,39.375055],[-104.794272,39.375091],[-104.794255,39.375129],[-104.794245,39.37516],[-104.794252,39.375199],[-104.794259,39.375215],[-104.79426,39.375243],[-104.794259,39.37527],[-104.794259,39.375287],[-104.794252,39.375309],[-104.794238,39.375314],[-104.794196,39.375331],[-104.794146,39.375369],[-104.794061,39.375408],[-104.793962,39.375424],[-104.79392,39.375429],[-104.793863,39.37544],[-104.793821,39.375451],[-104.793764,39.375468],[-104.793736,39.375479],[-104.7937,39.375501],[-104.793686,39.375512],[-104.793651,39.375523],[-104.793637,39.375523],[-104.793615,39.375495],[-104.793594,39.375457],[-104.793573,39.375424],[-104.793566,39.375386],[-104.793566,39.375353],[-104.79358,39.375303],[-104.793594,39.375276],[-104.793601,39.375243],[-104.793601,39.375215],[-104.793587,39.375188],[-104.79358,39.375149],[-104.79358,39.375127],[-104.793573,39.375105],[-104.793517,39.37507],[-104.79328,39.375049],[-104.793126,39.375027],[-104.792674,39.375028],[-104.792343,39.375064],[-104.79215,39.375058],[-104.791908,39.374995],[-104.791907,39.374775],[-104.791887,39.374658],[-104.791854,39.37459],[-104.791813,39.374536],[-104.791652,39.374409],[-104.791642,39.374342],[-104.791649,39.374315],[-104.791662,39.374301],[-104.791731,39.374292],[-104.791812,39.374306],[-104.792084,39.374473],[-104.792175,39.374514],[-104.79229,39.374523],[-104.792464,39.37451],[-104.792498,39.374497],[-104.792522,39.374483],[-104.79256,39.374384],[-104.792572,39.374312],[-104.792558,39.37415],[-104.792571,39.374123],[-104.792586,39.374114],[-104.792632,39.374105],[-104.792737,39.374119],[-104.792899,39.374164],[-104.792967,39.374178],[-104.793084,39.374182],[-104.793211,39.374178],[-104.793265,39.37416],[-104.793311,39.374133],[-104.793355,39.374079],[-104.793383,39.374012],[-104.793415,39.373998],[-104.793704,39.374089],[-104.793936,39.374103],[-104.793978,39.374116],[-104.794011,39.374143],[-104.794039,39.374215],[-104.794075,39.37445],[-104.794099,39.374535],[-104.794147,39.374626],[-104.794307,39.374856],[-104.794375,39.374996],[-104.794364,39.375026]]],"type":"Polygon"},"properties":{"area_sqkm":0.021,"evidence":0,"fcode":39004,"gnis_id":null,"hydro_category":"perennial","id":"nhd-120655625","name":null,"water_class":"lake_pond"},"type":"Feature"},{"geometry":{"coordinates":[[[-105.060688,39.556788],[-105.059758,39.556574],[-105.058467,39.55631],[-105.057324,39.556057],[-105.056828,39.555942],[-105.05626,39.555788],[-105.054706,39.555382],[-105.053706,39.555134],[-105.052556,39.554871],[-105.051534,39.554695],[-105.051024,39.554552],[-105.050662,39.554426],[-105.050357,39.55425],[-105.049973,39.554008],[-105.04981,39.553827],[-105.049498,39.553492],[-105.049299,39.553151],[-105.048945,39.552393],[-105.048775,39.551838],[-105.048598,39.551047],[-105.048498,39.550679],[-105.048349,39.550075],[-105.048349,39.549943],[-105.048307,39.549581],[-105.0483,39.549427],[-105.048314,39.549185],[-105.048336,39.548982],[-105.048382,39.548895],[-105.048456,39.548757],[-105.048463,39.548696],[-105.04847,39.548608],[-105.048428,39.548493],[-105.048378,39.548361],[-105.04835,39.548196],[-105.048279,39.547977],[-105.048229,39.547779],[-105.048073,39.547653],[-105.047726,39.5474],[-105.047577,39.547306],[-105.047449,39.547235],[-105.047286,39.547125],[-105.047172,39.546977],[-105.046981,39.546757],[-105.046889,39.546669],[-105.046789,39.546565],[-105.046683,39.546307],[-105.046527,39.546076],[-105.046293,39.545576],[-105.046087,39.545186],[-105.045782,39.544505],[-105.045031,39.543033],[-105.044811,39.542632],[-105.044627,39.542275],[-105.044513,39.542027],[-105.044471,39.541802],[-105.044102,39.541],[-105.044201,39.540566],[-105.044577,39.540363],[-105.044989,39.540363],[-105.0455,39.540369],[-105.046103,39.540182],[-105.046897,39.540336],[-105.047451,39.540292],[-105.047891,39.539787],[-105.048118,39.539216],[-105.048302,39.538853],[-105.048593,39.538699],[-105.049111,39.538738],[-105.049678,39.538925],[-105.050047,39.539194],[-105.050381,39.539798],[-105.050721,39.5406],[-105.050969,39.541012],[-105.051239,39.541353],[-105.051707,39.541567],[-105.052203,39.541688],[-105.052601,39.541583],[-105.052764,39.541259],[-105.052743,39.541007],[-105.052707,39.54077],[-105.052729,39.540347],[-105.052892,39.540161],[-105.053211,39.540166],[-105.053814,39.540457],[-105.054509,39.540891],[-105.054906,39.541276],[-105.055084,39.541463],[-105.055432,39.54149],[-105.055914,39.541413],[-105.05641,39.541452],[-105.056801,39.541408],[-105.057375,39.541727],[-105.057659,39.541919],[-105.057758,39.542056],[-105.057914,39.542215],[-105.057922,39.542496],[-105.057872,39.542798],[-105.057758,39.54321],[-105.057482,39.54383],[-105.057716,39.544089],[-105.058319,39.544259],[-105.058617,39.54427],[-105.058865,39.544143],[-105.059213,39.54377],[-105.059631,39.543622],[-105.060327,39.543616],[-105.060646,39.543616],[-105.060908,39.543682],[-105.0611,39.543841],[-105.061561,39.543852],[-105.06198,39.544094],[-105.062462,39.544275],[-105.062788,39.544506],[-105.062966,39.544951],[-105.063207,39.545286],[-105.063668,39.545478],[-105.063931,39.545791],[-105.064072,39.545868],[-105.064534,39.546039],[-105.064739,39.546028],[-105.064888,39.546039],[-105.065052,39.545984],[-105.065215,39.545896],[-105.065371,39.545786],[-105.065584,39.545566],[-105.065754,39.545116],[-105.066016,39.544698],[-105.06618,39.544479],[-105.066478,39.544154],[-105.066797,39.543825],[-105.067095,39.543698],[-105.067322,39.543622],[-105.06757,39.543611],[-105.067847,39.543506],[-105.068294,39.543473],[-105.068492,39.543303],[-105.068641,39.543171],[-105.068741,39.54305],[-105.068826,39.54299],[-105.068911,39.54294],[-105.068982,39.542864],[-105.068897,39.542737],[-105.068861,39.542622],[-105.06884,39.542523],[-105.068868,39.542479],[-105.068946,39.542495],[-105.069053,39.542501],[-105.069173,39.542457],[-105.069287,39.542347],[-105.069493,39.542171],[-105.069663,39.54199],[-105.069769,39.541853],[-105.06984,39.541787],[-105.069925,39.541726],[-105.069982,39.5416],[-105.069876,39.541496],[-105.069854,39.541397],[-105.069762,39.541336],[-105.069691,39.541271],[-105.069684,39.541221],[-105.069705,39.541183],[-105.069769,39.541183],[-105.069904,39.541249],[-105.070046,39.541227],[-105.070152,39.541205],[-105.070337,39.54121],[-105.070443,39.541172],[-105.070486,39.541095],[-105.070542,39.540908],[-105.07055,39.540782],[-105.070528,39.540672],[-105.070578,39.540573],[-105.070557,39.540271],[-105.070713,39.540112],[-105.070713,39.539963],[-105.070677,39.539771],[-105.070705,39.539672],[-105.070741,39.539623],[-105.07084,39.539507],[-105.070833,39.539342],[-105.070826,39.539277],[-105.070791,39.539178],[-105.070734,39.539062],[-105.07072,39.539018],[-105.070769,39.539007],[-105.07089,39.538996],[-105.07101,39.538952],[-105.07111,39.538859],[-105.071103,39.538727],[-105.071053,39.538656],[-105.071131,39.538606],[-105.071316,39.538519],[-105.0715,39.538387],[-105.071606,39.538271],[-105.071486,39.538085],[-105.07172,39.538046],[-105.071833,39.53798],[-105.071961,39.537865],[-105.07206,39.537766],[-105.07206,39.537706],[-105.072067,39.537612],[-105.072096,39.537574],[-105.072273,39.53753],[-105.072408,39.537475],[-105.072465,39.537387],[-105.072528,39.537343],[-105.072699,39.537294],[-105.072777,39.537244],[-105.072897,39.537189],[-105.07306,39.53703],[-105.073174,39.536898],[-105.073337,39.536612],[-105.073365,39.536338],[-105.07333,39.53625],[-105.073202,39.536157],[-105.072911,39.536085],[-105.072628,39.536047],[-105.07255,39.535992],[-105.072564,39.535959],[-105.072684,39.535937],[-105.073011,39.53592],[-105.07328,39.535882],[-105.073351,39.535838],[-105.073387,39.535755],[-105.073351,39.53564],[-105.073351,39.53553],[-105.073379,39.53542],[-105.073394,39.535299],[-105.073386,39.535228],[-105.073372,39.535113],[-105.073379,39.535041],[-105.073457,39.53486],[-105.073471,39.534607],[-105.073471,39.534498],[-105.073457,39.534349],[-105.073344,39.534113],[-105.073266,39.534042],[-105.073259,39.533976],[-105.073329,39.533904],[-105.073464,39.533943],[-105.073549,39.534009],[-105.073635,39.533981],[-105.073698,39.533943],[-105.073847,39.533783],[-105.074245,39.533322],[-105.074557,39.533025],[-105.074812,39.53285],[-105.074897,39.532762],[-105.074904,39.532663],[-105.074989,39.532575],[-105.075188,39.532509],[-105.075337,39.532355],[-105.075408,39.532212],[-105.075472,39.532048],[-105.075521,39.531982],[-105.075557,39.531899],[-105.075635,39.531756],[-105.075755,39.531614],[-105.075847,39.531493],[-105.07584,39.531399],[-105.075783,39.531344],[-105.075812,39.53124],[-105.07594,39.53113],[-105.07601,39.530976],[-105.076145,39.530663],[-105.076301,39.530438],[-105.076337,39.530235],[-105.076542,39.530081],[-105.076656,39.52979],[-105.076712,39.529664],[-105.076868,39.52951],[-105.076982,39.529262],[-105.076975,39.528971],[-105.07706,39.528779],[-105.077053,39.52862],[-105.076953,39.528532],[-105.076854,39.528482],[-105.07684,39.5284],[-105.076904,39.528296],[-105.077003,39.528296],[-105.077159,39.528235],[-105.077251,39.528164],[-105.07728,39.528082],[-105.077216,39.527994],[-105.077045,39.527867],[-105.076982,39.527702],[-105.076875,39.527521],[-105.076902,39.527264],[-105.076881,39.527077],[-105.076946,39.526961],[-105.077038,39.526889],[-105.077109,39.526752],[-105.077173,39.526384],[-105.077293,39.525989],[-105.077435,39.525785],[-105.077584,39.525774],[-105.077776,39.525895],[-105.077932,39.525961],[-105.078059,39.526032],[-105.078208,39.526104],[-105.078364,39.526071],[-105.078449,39.52601],[-105.078513,39.525933],[-105.078591,39.525802],[-105.079099,39.525856],[-105.079066,39.525931],[-105.078829,39.52629],[-105.078642,39.526446],[-105.07855,39.526493],[-105.078269,39.526609],[-105.07783,39.526743],[-105.077688,39.526758],[-105.077529,39.526738],[-105.07745,39.526754],[-105.077389,39.526796],[-105.077251,39.526925],[-105.077187,39.527027],[-105.077178,39.527093],[-105.077205,39.527263],[-105.077242,39.527377],[-105.077297,39.527511],[-105.077381,39.527672],[-105.077523,39.527891],[-105.07755,39.528002],[-105.077533,39.528392],[-105.077473,39.528701],[-105.077316,39.529121],[-105.076807,39.530432],[-105.076685,39.530838],[-105.076572,39.531108],[-105.076451,39.531291],[-105.076222,39.531576],[-105.076141,39.531691],[-105.076058,39.531852],[-105.076036,39.531909],[-105.075998,39.532043],[-105.075969,39.53221],[-105.075923,39.532529],[-105.075906,39.532886],[-105.07601,39.533262],[-105.076219,39.533945],[-105.076335,39.534352],[-105.076411,39.534678],[-105.076416,39.534807],[-105.076391,39.535131],[-105.076418,39.535295],[-105.076492,39.535446],[-105.076676,39.535636],[-105.077112,39.535928],[-105.077253,39.536029],[-105.077403,39.53617],[-105.077629,39.536402],[-105.077654,39.53644],[-105.077668,39.536629],[-105.077654,39.536714],[-105.077571,39.53705],[-105.077533,39.537165],[-105.077432,39.537384],[-105.077343,39.537512],[-105.077004,39.537877],[-105.076881,39.538045],[-105.076802,39.538252],[-105.076752,39.538554],[-105.07674,39.538805],[-105.076742,39.539124],[-105.076735,39.539572],[-105.076712,39.539775],[-105.07669,39.539899],[-105.07642,39.54024],[-105.076055,39.540703],[-105.075784,39.541005],[-105.075553,39.541152],[-105.075424,39.541216],[-105.075208,39.541288],[-105.074851,39.541503],[-105.074586,39.54174],[-105.074363,39.541973],[-105.074184,39.542223],[-105.07414,39.542348],[-105.074142,39.54252],[-105.074191,39.542777],[-105.074283,39.54303],[-105.074303,39.543155],[-105.074282,39.543192],[-105.074196,39.543254],[-105.074167,39.543286],[-105.074125,39.543387],[-105.074064,39.543595],[-105.073873,39.544209],[-105.073812,39.544407],[-105.073776,39.544466],[-105.073694,39.544579],[-105.073558,39.544785],[-105.073045,39.545265],[-105.072719,39.545491],[-105.072495,39.545595],[-105.072196,39.54571],[-105.071848,39.545836],[-105.071646,39.545915],[-105.071379,39.546101],[-105.071298,39.546213],[-105.071179,39.546322],[-105.071152,39.546378],[-105.071106,39.546517],[-105.071041,39.546654],[-105.070826,39.547035],[-105.070763,39.547143],[-105.070727,39.547325],[-105.070672,39.54759],[-105.070497,39.547864],[-105.070146,39.548312],[-105.070023,39.548429],[-105.069822,39.548527],[-105.069677,39.548584],[-105.06911,39.548768],[-105.068246,39.549398],[-105.068175,39.549491],[-105.068059,39.549642],[-105.067905,39.549875],[-105.067778,39.549988],[-105.067015,39.550492],[-105.066793,39.550659],[-105.06667,39.550721],[-105.066557,39.551102],[-105.066402,39.551495],[-105.066255,39.552465],[-105.066152,39.552861],[-105.066032,39.553081],[-105.065787,39.553402],[-105.06552,39.553653],[-105.065238,39.553813],[-105.064745,39.554034],[-105.064536,39.554165],[-105.064462,39.554224],[-105.064419,39.554269],[-105.064236,39.554473],[-105.064183,39.554553],[-105.064151,39.554627],[-105.064139,39.554693],[-105.064144,39.554752],[-105.064163,39.55482],[-105.064194,39.554893],[-105.064313,39.555127],[-105.064345,39.55521],[-105.064411,39.555431],[-105.064397,39.555534],[-105.06426,39.555657],[-105.063831,39.555934],[-105.06358,39.555988],[-105.062649,39.556202],[-105.062035,39.55634],[-105.061395,39.55674],[-105.06138,39.556829],[-105.061372,39.556972],[-105.061372,39.556976],[-105.060688,39.556788]]],"type":"Polygon"},"properties":{"area_sqkm":5.62239081,"evidence":0,"fcode":39009,"gnis_id":"00202884","hydro_category":"perennial","id":"nhd-117822739","name":"Chatfield Lake","water_class":"lake_pond"},"type":"Feature"},{"geometry":{"coordinates":[[[-105.082528,39.500248],[-105.082592,39.50038],[-105.082471,39.500545],[-105.082344,39.50077],[-105.082408,39.501001],[-105.082613,39.501198],[-105.08272,39.501621],[-105.082677,39.502401],[-105.0826,39.502989],[-105.08277,39.503384],[-105.082685,39.50361],[-105.082557,39.504115],[-105.082515,39.504626],[-105.08243,39.505131],[-105.082622,39.505801],[-105.0826,39.506109],[-105.082558,39.506614],[-105.082601,39.506895],[-105.082601,39.507103],[-105.078892,39.507076],[-105.07858,39.507027],[-105.07824,39.506978],[-105.078133,39.506945],[-105.077984,39.506813],[-105.077885,39.506654],[-105.077842,39.506456],[-105.077878,39.506225],[-105.077963,39.505917],[-105.078218,39.505571],[-105.078452,39.505412],[-105.078807,39.505247],[-105.079232,39.504983],[-105.079757,39.504791],[-105.079906,39.504462],[-105.07982,39.504236],[-105.07965,39.504006],[-105.079778,39.503484],[-105.079834,39.503253],[-105.080068,39.503253],[-105.080366,39.503187],[-105.080742,39.502814],[-105.080827,39.502484],[-105.08089,39.502143],[-105.080912,39.501737],[-105.080997,39.501325],[-105.081082,39.501001],[-105.08116,39.500803],[-105.081266,39.500627],[-105.081415,39.500463],[-105.0815,39.500413],[-105.081627,39.500265],[-105.082528,39.500248]]],"type":"Polygon"},"properties":{"area_sqkm":0.18184365000000002,"evidence":0,"fcode":39004,"gnis_id":null,"hydro_category":"perennial","id":"nhd-117822925","name":null,"water_class":"lake_pond"},"type":"Feature"},{"geometry":{"coordinates":[[[-105.048225,39.565383],[-105.049077,39.564472],[-105.049333,39.564252],[-105.049524,39.564131],[-105.04978,39.564082],[-105.050064,39.564054],[-105.050156,39.563983],[-105.050475,39.563785],[-105.050603,39.563665],[-105.050759,39.563489],[-105.050887,39.563319],[-105.051169,39.563463],[-105.049386,39.565092],[-105.048962,39.565574],[-105.048922,39.565619],[-105.048225,39.565383]]],"type":"Polygon"},"properties":{"area_sqkm":0.028,"evidence":0,"fcode":39004,"gnis_id":null,"hydro_category":"perennial","id":"nhd-117822709","name":null,"water_class":"lake_pond"},"type":"Feature"},{"geometry":{"coordinates":[[[-105.077637,39.508269],[-105.077949,39.508268],[-105.078105,39.508389],[-105.078311,39.508587],[-105.078573,39.508768],[-105.078729,39.508829],[-105.078985,39.508867],[-105.078985,39.509147],[-105.078886,39.509389],[-105.078808,39.509631],[-105.078574,39.510075],[-105.078368,39.510477],[-105.078212,39.510757],[-105.078134,39.510954],[-105.0779,39.511119],[-105.077879,39.51124],[-105.077851,39.51146],[-105.077822,39.511559],[-105.077773,39.511619],[-105.077645,39.511597],[-105.077383,39.511498],[-105.077227,39.511399],[-105.077071,39.511158],[-105.076915,39.510779],[-105.076815,39.510356],[-105.076709,39.509796],[-105.076709,39.50923],[-105.076886,39.508911],[-105.07707,39.508587],[-105.077276,39.508428],[-105.077637,39.508269]]],"type":"Polygon"},"properties":{"area_sqkm":0.048,"evidence":0,"fcode":39004,"gnis_id":null,"hydro_category":"perennial","id":"nhd-117822921","name":null,"water_class":"lake_pond"},"type":"Feature"},{"geometry":{"coordinates":[[[-104.742012,39.449657],[-104.742068,39.449667],[-104.742125,39.449695],[-104.742196,39.449739],[-104.74226,39.449766],[-104.742309,39.449783],[-104.742373,39.449794],[-104.742472,39.449794],[-104.742529,39.449788],[-104.742685,39.449777],[-104.742848,39.449766],[-104.742883,39.449766],[-104.743103,39.449749],[-104.743216,39.449733],[-104.743287,39.449694],[-104.743323,39.449678],[-104.743386,39.449645],[-104.743478,39.449606],[-104.74357,39.449562],[-104.743684,39.449518],[-104.743776,39.449463],[-104.743847,39.449408],[-104.743889,39.449348],[-104.743903,39.449304],[-104.743896,39.449249],[-104.743875,39.449205],[-104.743889,39.449156],[-104.743903,39.44915],[-104.743938,39.44915],[-104.743974,39.449139],[-104.743995,39.44915],[-104.744016,39.449167],[-104.744052,39.449211],[-104.744087,39.449266],[-104.74413,39.449348],[-104.74418,39.449419],[-104.744236,39.449463],[-104.744279,39.449502],[-104.744357,39.449535],[-104.744449,39.44959],[-104.744527,39.449639],[-104.744598,39.449666],[-104.744676,39.449683],[-104.744768,39.449694],[-104.744839,39.449683],[-104.744895,39.449672],[-104.744973,39.449644],[-104.745016,39.449628],[-104.745058,39.4496],[-104.745129,39.449556],[-104.7452,39.449501],[-104.745292,39.449441],[-104.745356,39.449397],[-104.745426,39.449375],[-104.745483,39.449375],[-104.745582,39.449386],[-104.745682,39.449408],[-104.745795,39.449424],[-104.745894,39.449424],[-104.745965,39.449413],[-104.746057,39.449385],[-104.746171,39.449369],[-104.746234,39.449352],[-104.74627,39.44938],[-104.746284,39.449413],[-104.746277,39.449468],[-104.746248,39.449512],[-104.746199,39.449567],[-104.746142,39.44966],[-104.7461,39.449721],[-104.746057,39.449787],[-104.746029,39.449874],[-104.746008,39.449957],[-104.746008,39.450012],[-104.746022,39.450072],[-104.746022,39.45016],[-104.746037,39.450297],[-104.746065,39.450534],[-104.745973,39.450731],[-104.745393,39.452033],[-104.745315,39.452061],[-104.745216,39.452099],[-104.745053,39.452187],[-104.744848,39.452325],[-104.744699,39.452396],[-104.744536,39.452495],[-104.744437,39.452556],[-104.744352,39.452616],[-104.74426,39.452666],[-104.744147,39.452682],[-104.744055,39.452688],[-104.743892,39.452682],[-104.743686,39.452655],[-104.74358,39.452628],[-104.743388,39.452562],[-104.743254,39.452501],[-104.743169,39.452446],[-104.74307,39.452353],[-104.742956,39.452265],[-104.742843,39.452144],[-104.742729,39.452018],[-104.742665,39.451958],[-104.742644,39.451919],[-104.742637,39.451886],[-104.742637,39.451842],[-104.74263,39.451804],[-104.742616,39.451749],[-104.742594,39.451705],[-104.74258,39.451667],[-104.742566,39.451634],[-104.74253,39.451579],[-104.742502,39.451524],[-104.742474,39.451442],[-104.742431,39.451337],[-104.742388,39.451244],[-104.74236,39.451183],[-104.742339,39.451085],[-104.742332,39.451035],[-104.742339,39.450991],[-104.742339,39.450964],[-104.742331,39.450931],[-104.742303,39.450865],[-104.742239,39.450804],[-104.74219,39.450777],[-104.742154,39.45075],[-104.742112,39.450706],[-104.742105,39.450678],[-104.742112,39.450651],[-104.74214,39.450623],[-104.742175,39.450596],[-104.742211,39.450557],[-104.742253,39.450524],[-104.742274,39.45048],[-104.742275,39.450431],[-104.742267,39.450387],[-104.74226,39.450354],[-104.742239,39.450327],[-104.742196,39.450272],[-104.742147,39.450217],[-104.742069,39.450145],[-104.741955,39.45008],[-104.74187,39.450036],[-104.741743,39.449992],[-104.741566,39.449937],[-104.741481,39.449909],[-104.741438,39.449898],[-104.741417,39.449882],[-104.741381,39.449844],[-104.74136,39.449811],[-104.741353,39.449772],[-104.74136,39.449756],[-104.741381,39.449745],[-104.74141,39.449745],[-104.741488,39.449756],[-104.741537,39.449772],[-104.741587,39.449783],[-104.741615,39.449794],[-104.741778,39.449777],[-104.741813,39.449777],[-104.741849,39.44975],[-104.74187,39.449723],[-104.741884,39.449695],[-104.741891,39.449657],[-104.741906,39.449651],[-104.741927,39.449629],[-104.742012,39.449657]]],"type":"Polygon"},"properties":{"area_sqkm":0.096,"evidence":0,"fcode":39009,"gnis_id":"00198737","hydro_category":"perennial","id":"nhd-120655286","name":"Pinery Reservoir","water_class":"lake_pond"},"type":"Feature"},{"geometry":{"coordinates":[[[-105.083392,39.492108],[-105.083316,39.492027],[-105.08327,39.491942],[-105.083254,39.491879],[-105.083255,39.491798],[-105.083285,39.491707],[-105.083369,39.491545],[-105.083461,39.491396],[-105.083514,39.491257],[-105.083575,39.491085],[-105.083613,39.490937],[-105.083621,39.490838],[-105.083613,39.490716],[-105.08356,39.490473],[-105.083514,39.490166],[-105.083468,39.489973],[-105.083415,39.489644],[-105.083339,39.489333],[-105.083316,39.489162],[-105.083239,39.488833],[-105.083201,39.488626],[-105.083194,39.488477],[-105.083209,39.488369],[-105.083232,39.488292],[-105.08327,39.488229],[-105.083369,39.488171],[-105.083453,39.488121],[-105.083529,39.488067],[-105.083575,39.488004],[-105.083606,39.487963],[-105.083606,39.487945],[-105.083605,39.487905],[-105.083605,39.487851],[-105.083606,39.487801],[-105.083575,39.487752],[-105.083552,39.487716],[-105.083514,39.487679],[-105.083468,39.487657],[-105.083369,39.48763],[-105.083285,39.487607],[-105.083193,39.487585],[-105.083049,39.487563],[-105.082965,39.487554],[-105.082873,39.487536],[-105.082843,39.487518],[-105.082843,39.487495],[-105.082843,39.487468],[-105.082881,39.487441],[-105.08301,39.487423],[-105.08314,39.487423],[-105.083316,39.487445],[-105.083468,39.48749],[-105.083575,39.48754],[-105.083682,39.487603],[-105.083735,39.487643],[-105.083804,39.487733],[-105.08385,39.487801],[-105.083873,39.487855],[-105.083911,39.487904],[-105.083964,39.487954],[-105.08401,39.487976],[-105.084079,39.48799],[-105.084223,39.487994],[-105.084368,39.487981],[-105.084514,39.487967],[-105.084689,39.487949],[-105.084895,39.487949],[-105.085231,39.487944],[-105.085544,39.487935],[-105.085673,39.487935],[-105.085841,39.48793],[-105.086139,39.487939],[-105.086512,39.487975],[-105.086825,39.488015],[-105.087008,39.488042],[-105.087191,39.488055],[-105.087321,39.488064],[-105.087443,39.488064],[-105.087596,39.48805],[-105.087809,39.488023],[-105.088092,39.487969],[-105.088321,39.487915],[-105.088641,39.487815],[-105.088801,39.487806],[-105.088939,39.487811],[-105.089129,39.487829],[-105.089206,39.487828],[-105.08932,39.487828],[-105.089412,39.487824],[-105.08948,39.48781],[-105.089595,39.487779],[-105.089694,39.487729],[-105.08977,39.487715],[-105.089862,39.487715],[-105.089946,39.487729],[-105.090045,39.487778],[-105.090083,39.48781],[-105.090144,39.487859],[-105.09022,39.487909],[-105.090343,39.487981],[-105.090396,39.488003],[-105.090495,39.488026],[-105.090625,39.48803],[-105.090762,39.48803],[-105.090869,39.488025],[-105.09096,39.488048],[-105.091022,39.488097],[-105.091075,39.488138],[-105.091136,39.488219],[-105.091159,39.488259],[-105.091182,39.488313],[-105.09119,39.488359],[-105.091182,39.488408],[-105.091159,39.488458],[-105.091121,39.48853],[-105.091075,39.488579],[-105.090976,39.488683],[-105.090823,39.488827],[-105.090686,39.488967],[-105.090526,39.489111],[-105.090365,39.489283],[-105.090236,39.489409],[-105.090098,39.489562],[-105.089969,39.489671],[-105.089824,39.489819],[-105.089145,39.490514],[-105.089068,39.490586],[-105.088931,39.49069],[-105.088809,39.490784],[-105.088756,39.49082],[-105.088702,39.490838],[-105.088649,39.490852],[-105.088611,39.490852],[-105.08855,39.490838],[-105.088488,39.490821],[-105.088382,39.490767],[-105.088176,39.490654],[-105.088031,39.490569],[-105.087894,39.490488],[-105.087779,39.490452],[-105.087695,39.490429],[-105.087542,39.490407],[-105.087359,39.490402],[-105.087215,39.490411],[-105.087115,39.490416],[-105.08697,39.490461],[-105.086871,39.490515],[-105.086779,39.49057],[-105.086665,39.490646],[-105.086543,39.490727],[-105.086429,39.490827],[-105.086322,39.49093],[-105.086261,39.491002],[-105.086169,39.491084],[-105.08604,39.491192],[-105.085833,39.491381],[-105.085582,39.491589],[-105.085421,39.491724],[-105.085253,39.491841],[-105.085185,39.4919],[-105.085055,39.491972],[-105.084979,39.491999],[-105.084834,39.492062],[-105.084735,39.492103],[-105.084612,39.492139],[-105.084345,39.492229],[-105.084208,39.49227],[-105.084078,39.492297],[-105.084002,39.492311],[-105.083918,39.492311],[-105.083812,39.492306],[-105.083705,39.492284],[-105.083575,39.49223],[-105.083569,39.492226],[-105.083392,39.492108]]],"type":"Polygon"},"properties":{"area_sqkm":0.21346251,"evidence":0,"fcode":39009,"gnis_id":"00183379","hydro_category":"perennial","id":"nhd-117819363","name":"Platte Canyon Reservoir","water_class":"lake_pond"},"type":"Feature"},{"geometry":{"coordinates":[[[-105.118925,39.160087],[-105.118978,39.160101],[-105.119031,39.16015],[-105.119062,39.160213],[-105.119108,39.160294],[-105.119123,39.160348],[-105.119138,39.160411],[-105.119138,39.160488],[-105.119146,39.160592],[-105.119123,39.160871],[-105.119123,39.160916],[-105.119138,39.160952],[-105.119161,39.160983],[-105.119207,39.161006],[-105.119268,39.161028],[-105.119352,39.161033],[-105.119481,39.161069],[-105.119598,39.161091],[-105.119596,39.161105],[-105.119664,39.161127],[-105.119733,39.161168],[-105.119817,39.161235],[-105.119886,39.161307],[-105.119955,39.161388],[-105.120016,39.161487],[-105.120092,39.161622],[-105.120168,39.161753],[-105.120206,39.161834],[-105.120221,39.161911],[-105.120237,39.161996],[-105.120244,39.162208],[-105.120267,39.16237],[-105.120275,39.162487],[-105.120298,39.162595],[-105.120313,39.16269],[-105.120351,39.162776],[-105.120412,39.16287],[-105.120473,39.16296],[-105.120588,39.163118],[-105.120656,39.163208],[-105.120725,39.163311],[-105.120748,39.163374],[-105.120771,39.163428],[-105.120771,39.163505],[-105.120771,39.163613],[-105.120748,39.163879],[-105.120756,39.16396],[-105.120771,39.164046],[-105.120817,39.164122],[-105.120847,39.164199],[-105.120878,39.164365],[-105.120931,39.164636],[-105.120946,39.164708],[-105.120962,39.164757],[-105.121007,39.164798],[-105.121091,39.164861],[-105.121152,39.164906],[-105.121198,39.16496],[-105.121214,39.165041],[-105.121236,39.165172],[-105.121244,39.165275],[-105.121236,39.165419],[-105.121221,39.165505],[-105.121198,39.165595],[-105.121183,39.165645],[-105.121107,39.165753],[-105.121023,39.165866],[-105.120961,39.165938],[-105.120908,39.165992],[-105.120824,39.166042],[-105.120687,39.166118],[-105.120457,39.166245],[-105.120283,39.166326],[-105.120244,39.166331],[-105.120214,39.166317],[-105.120176,39.166254],[-105.120122,39.166146],[-105.120092,39.165979],[-105.120061,39.165889],[-105.120031,39.165813],[-105.119977,39.165759],[-105.119901,39.165691],[-105.119825,39.16561],[-105.119741,39.165538],[-105.119642,39.165417],[-105.119558,39.165299],[-105.119504,39.165191],[-105.119466,39.165106],[-105.119443,39.165038],[-105.119451,39.164975],[-105.119481,39.164917],[-105.11954,39.164858],[-105.119588,39.164768],[-105.119596,39.164705],[-105.119596,39.164574],[-105.119596,39.164502],[-105.119573,39.16443],[-105.119527,39.164362],[-105.119443,39.164281],[-105.119306,39.164151],[-105.119237,39.164043],[-105.119161,39.163953],[-105.119138,39.163872],[-105.119108,39.163768],[-105.119092,39.163655],[-105.119077,39.163448],[-105.119054,39.163304],[-105.119047,39.163178],[-105.119016,39.163061],[-105.118986,39.162935],[-105.118932,39.162804],[-105.118923,39.16278],[-105.118894,39.1627],[-105.118848,39.162624],[-105.118795,39.162547],[-105.118711,39.162471],[-105.118627,39.162381],[-105.118513,39.162268],[-105.118421,39.162187],[-105.118352,39.162097],[-105.118291,39.162016],[-105.118245,39.161908],[-105.118207,39.161818],[-105.118177,39.161701],[-105.118131,39.161512],[-105.118116,39.161381],[-105.118116,39.1613],[-105.118131,39.161246],[-105.118192,39.161183],[-105.118261,39.161084],[-105.118322,39.160993],[-105.118375,39.160872],[-105.118413,39.160732],[-105.118421,39.160619],[-105.118444,39.160502],[-105.118421,39.16043],[-105.118413,39.160367],[-105.118383,39.160322],[-105.118398,39.160295],[-105.11845,39.160263],[-105.118925,39.160087]]],"type":"Polygon"},"properties":{"area_sqkm":0.083,"evidence":0,"fcode":39004,"gnis_id":null,"hydro_category":"perennial","id":"nhd-117797753","name":null,"water_class":"lake_pond"},"type":"Feature"},{"geometry":{"coordinates":[[[-105.037005,39.566035],[-105.037232,39.565958],[-105.037743,39.565964],[-105.03802,39.566003],[-105.038112,39.566046],[-105.038214,39.56619],[-105.038209,39.56619],[-105.037975,39.566189],[-105.037272,39.566188],[-105.037039,39.566188],[-105.036982,39.566188],[-105.036811,39.566188],[-105.036773,39.566188],[-105.037005,39.566035]]],"type":"Polygon"},"properties":{"area_sqkm":0.034,"evidence":0,"fcode":39004,"gnis_id":"00182624","hydro_category":"perennial","id":"nhd-117822893","name":"Wolhurst Lake","water_class":"lake_pond"},"type":"Feature"},{"geometry":{"coordinates":[[[-104.865353,39.383989],[-104.865381,39.383978],[-104.865402,39.383945],[-104.865438,39.383928],[-104.865452,39.383917],[-104.865508,39.383917],[-104.865579,39.383933],[-104.86565,39.383944],[-104.865749,39.383972],[-104.865777,39.383972],[-104.865806,39.383983],[-104.865862,39.384005],[-104.865919,39.384071],[-104.865954,39.384126],[-104.866011,39.384224],[-104.866458,39.385444],[-104.866465,39.38546],[-104.866458,39.385515],[-104.866444,39.385532],[-104.866409,39.385559],[-104.866387,39.385565],[-104.866359,39.385587],[-104.866324,39.385592],[-104.866189,39.385587],[-104.866175,39.385587],[-104.865779,39.385559],[-104.865233,39.385521],[-104.864611,39.385483],[-104.864427,39.385472],[-104.864342,39.385467],[-104.864299,39.385456],[-104.864271,39.385439],[-104.86425,39.385423],[-104.864242,39.385357],[-104.864249,39.385302],[-104.864249,39.385258],[-104.864256,39.385214],[-104.864256,39.385198],[-104.864249,39.385159],[-104.864921,39.384447],[-104.865353,39.383989]]],"type":"Polygon"},"properties":{"area_sqkm":0.023,"evidence":0,"fcode":39004,"gnis_id":null,"hydro_category":"perennial","id":"nhd-117792557","name":null,"water_class":"lake_pond"},"type":"Feature"},{"geometry":{"coordinates":[[[-105.066752,39.447092],[-105.066805,39.447169],[-105.066874,39.447241],[-105.066943,39.447309],[-105.067011,39.447367],[-105.067072,39.447412],[-105.067141,39.447489],[-105.067179,39.447538],[-105.067225,39.447637],[-105.067301,39.447826],[-105.067355,39.447885],[-105.067408,39.447948],[-105.067546,39.448056],[-105.067599,39.448106],[-105.067614,39.448155],[-105.067645,39.448209],[-105.067645,39.448268],[-105.06766,39.448308],[-105.067698,39.448358],[-105.067759,39.448407],[-105.067843,39.448439],[-105.06798,39.448502],[-105.068049,39.448533],[-105.068072,39.448542],[-105.068095,39.448565],[-105.068102,39.448592],[-105.068095,39.448633],[-105.068079,39.448682],[-105.068072,39.448727],[-105.068072,39.448768],[-105.068095,39.448808],[-105.068102,39.448849],[-105.068178,39.449065],[-105.06824,39.449227],[-105.068331,39.449403],[-105.068415,39.449551],[-105.068469,39.449655],[-105.068553,39.449835],[-105.068705,39.450164],[-105.068759,39.450304],[-105.068789,39.450407],[-105.06885,39.450511],[-105.06901,39.450727],[-105.069102,39.450885],[-105.069201,39.451074],[-105.06927,39.451218],[-105.0693,39.451321],[-105.069338,39.451484],[-105.069354,39.451596],[-105.069361,39.451686],[-105.069354,39.451749],[-105.069338,39.451799],[-105.069316,39.451862],[-105.069262,39.451934],[-105.069209,39.451984],[-105.06914,39.452033],[-105.069048,39.452079],[-105.068949,39.45211],[-105.068782,39.452151],[-105.068545,39.452182],[-105.068125,39.45225],[-105.067728,39.452287],[-105.067545,39.452323],[-105.067393,39.452336],[-105.067019,39.452341],[-105.066905,39.452337],[-105.066851,39.452314],[-105.066775,39.452283],[-105.066622,39.452179],[-105.066248,39.451959],[-105.066012,39.451805],[-105.065585,39.451544],[-105.065325,39.4514],[-105.064845,39.451094],[-105.064654,39.450977],[-105.064394,39.45082],[-105.064288,39.450748],[-105.063723,39.450406],[-105.063242,39.450104],[-105.062609,39.449721],[-105.061892,39.449285],[-105.061731,39.44919],[-105.06167,39.44915],[-105.06164,39.449123],[-105.061609,39.449087],[-105.061594,39.449042],[-105.061594,39.44896],[-105.061571,39.448852],[-105.061579,39.448713],[-105.061594,39.448591],[-105.06161,39.448496],[-105.061632,39.448361],[-105.061678,39.44824],[-105.061709,39.448181],[-105.061755,39.448154],[-105.061793,39.448145],[-105.061839,39.448145],[-105.061922,39.448163],[-105.062029,39.448176],[-105.062159,39.44819],[-105.062319,39.44819],[-105.062449,39.44819],[-105.062525,39.448172],[-105.062624,39.448113],[-105.062685,39.448054],[-105.062739,39.447978],[-105.062785,39.447892],[-105.062785,39.447793],[-105.062784,39.447698],[-105.062784,39.447599],[-105.062762,39.447482],[-105.062792,39.447261],[-105.062861,39.447063],[-105.062891,39.446995],[-105.062945,39.446959],[-105.062998,39.446941],[-105.063105,39.446928],[-105.063243,39.446914],[-105.063395,39.446914],[-105.06354,39.4469],[-105.063654,39.446891],[-105.063738,39.446878],[-105.063822,39.44686],[-105.063891,39.446828],[-105.063944,39.446801],[-105.06399,39.446752],[-105.064028,39.446702],[-105.064104,39.446621],[-105.064158,39.446531],[-105.06425,39.446418],[-105.06431,39.446337],[-105.064349,39.446287],[-105.064455,39.446215],[-105.064585,39.446111],[-105.064639,39.446066],[-105.064692,39.445994],[-105.064722,39.445909],[-105.064761,39.445796],[-105.064791,39.445728],[-105.064799,39.445697],[-105.064844,39.44567],[-105.06489,39.445661],[-105.064951,39.445661],[-105.065012,39.445661],[-105.065073,39.445688],[-105.065119,39.445737],[-105.065455,39.445971],[-105.065638,39.446133],[-105.065798,39.44625],[-105.066073,39.446412],[-105.06634,39.446552],[-105.066424,39.446611],[-105.0665,39.446683],[-105.066592,39.446782],[-105.066668,39.446899],[-105.066699,39.446957],[-105.066714,39.447011],[-105.066752,39.447092]]],"type":"Polygon"},"properties":{"area_sqkm":0.26936312,"evidence":0,"fcode":39009,"gnis_id":"00198659","hydro_category":"perennial","id":"nhd-117819465","name":"Aurora-Rampart Reservoir","water_class":"lake_pond"},"type":"Feature"},{"geometry":{"coordinates":[[[-104.772122,39.140383],[-104.772292,39.140397],[-104.77249,39.140379],[-104.772581,39.140397],[-104.772674,39.140501],[-104.772668,39.140636],[-104.77259,39.140821],[-104.772488,39.140992],[-104.772476,39.14128],[-104.772492,39.141487],[-104.772466,39.141753],[-104.772362,39.141906],[-104.772277,39.141938],[-104.772185,39.141901],[-104.772012,39.141734],[-104.771758,39.141491],[-104.771602,39.141346],[-104.771203,39.140967],[-104.771133,39.140904],[-104.770868,39.140655],[-104.770858,39.140601],[-104.770916,39.140525],[-104.771078,39.14043],[-104.771436,39.140174],[-104.771562,39.140134],[-104.771739,39.140121],[-104.77193,39.140216],[-104.772028,39.140302],[-104.772122,39.140383]]],"type":"Polygon"},"properties":{"area_sqkm":0.018000000000000002,"evidence":0,"fcode":39004,"gnis_id":"00198765","hydro_category":"perennial","id":"nhd-120656489","name":"West Cherry Creek Detention Number 7 Reservoir","water_class":"lake_pond"},"type":"Feature"},{"geometry":{"coordinates":[[[-104.725483,39.463966],[-104.725391,39.464208],[-104.725355,39.464279],[-104.725313,39.464334],[-104.725249,39.464378],[-104.725192,39.464406],[-104.725122,39.464433],[-104.725065,39.464466],[-104.725001,39.464494],[-104.72493,39.464521],[-104.724867,39.464532],[-104.724789,39.464516],[-104.724711,39.46451],[-104.724611,39.464505],[-104.724512,39.46451],[-104.724427,39.464521],[-104.724321,39.464532],[-104.7242,39.464582],[-104.724115,39.464593],[-104.724016,39.464626],[-104.723924,39.464653],[-104.723825,39.464681],[-104.723733,39.464736],[-104.723641,39.464796],[-104.723563,39.464846],[-104.723457,39.464895],[-104.723372,39.464967],[-104.72328,39.465049],[-104.723194,39.465121],[-104.723109,39.465192],[-104.72301,39.465274],[-104.722925,39.465329],[-104.722805,39.465401],[-104.722713,39.465461],[-104.722635,39.465511],[-104.72255,39.465533],[-104.722401,39.465582],[-104.72221,39.465604],[-104.722075,39.465615],[-104.721947,39.465632],[-104.721707,39.465632],[-104.721622,39.465643],[-104.721579,39.465632],[-104.721572,39.465604],[-104.721565,39.46556],[-104.721558,39.465516],[-104.721565,39.465478],[-104.721536,39.465434],[-104.72148,39.465396],[-104.721416,39.465379],[-104.721359,39.465363],[-104.721295,39.465352],[-104.72121,39.465335],[-104.721132,39.465324],[-104.721083,39.465313],[-104.721019,39.465313],[-104.720962,39.465308],[-104.72092,39.46528],[-104.720913,39.465253],[-104.72092,39.465215],[-104.720934,39.465182],[-104.720955,39.46516],[-104.720983,39.465143],[-104.721012,39.465132],[-104.721083,39.465127],[-104.721161,39.465127],[-104.721231,39.465127],[-104.721324,39.465127],[-104.721387,39.465127],[-104.721543,39.465137],[-104.721657,39.465143],[-104.721777,39.465137],[-104.721876,39.465137],[-104.721961,39.465126],[-104.722039,39.465099],[-104.722103,39.465077],[-104.72216,39.465038],[-104.722231,39.464984],[-104.722309,39.464923],[-104.722436,39.464813],[-104.722528,39.464731],[-104.722556,39.464681],[-104.722599,39.464626],[-104.722627,39.464582],[-104.722656,39.464517],[-104.722677,39.464462],[-104.722705,39.464407],[-104.722733,39.464346],[-104.722748,39.464291],[-104.72274,39.464258],[-104.722719,39.464231],[-104.722677,39.464192],[-104.72262,39.464165],[-104.722556,39.464148],[-104.7225,39.464127],[-104.722422,39.464094],[-104.722336,39.464066],[-104.722294,39.464039],[-104.722287,39.464],[-104.722294,39.463984],[-104.722322,39.463978],[-104.722344,39.463978],[-104.722386,39.463967],[-104.722429,39.463951],[-104.722478,39.463929],[-104.722521,39.463896],[-104.722549,39.463868],[-104.722563,39.463813],[-104.72257,39.463786],[-104.722563,39.463742],[-104.722535,39.463676],[-104.722464,39.463588],[-104.72262,39.463363],[-104.722775,39.463132],[-104.722825,39.463132],[-104.722846,39.463149],[-104.72286,39.46316],[-104.722875,39.463193],[-104.722896,39.463237],[-104.722924,39.463281],[-104.722946,39.463335],[-104.722988,39.46339],[-104.723024,39.463434],[-104.72308,39.463484],[-104.72313,39.463511],[-104.72318,39.463528],[-104.723208,39.463528],[-104.723265,39.463517],[-104.723342,39.463511],[-104.723406,39.463489],[-104.72347,39.463467],[-104.723541,39.463429],[-104.723583,39.463401],[-104.723626,39.463346],[-104.723647,39.463313],[-104.723675,39.463258],[-104.723682,39.463203],[-104.723704,39.463148],[-104.723725,39.463088],[-104.72376,39.463061],[-104.723789,39.463044],[-104.723824,39.463033],[-104.72386,39.463044],[-104.723902,39.463049],[-104.723938,39.463071],[-104.723987,39.463099],[-104.724044,39.463126],[-104.724079,39.463132],[-104.724129,39.463132],[-104.724179,39.463132],[-104.724221,39.463126],[-104.724271,39.463104],[-104.724341,39.463099],[-104.724377,39.463104],[-104.724441,39.463143],[-104.724476,39.463159],[-104.724547,39.463209],[-104.724604,39.463231],[-104.724724,39.463258],[-104.724802,39.463258],[-104.724916,39.463263],[-104.725015,39.463263],[-104.725086,39.463263],[-104.725192,39.46328],[-104.725341,39.463296],[-104.725575,39.463318],[-104.725631,39.463324],[-104.725674,39.463346],[-104.725695,39.463373],[-104.725702,39.463401],[-104.725702,39.463433],[-104.725688,39.463477],[-104.725582,39.463714],[-104.725568,39.463758],[-104.72553,39.463849],[-104.725483,39.463966]]],"type":"Polygon"},"properties":{"area_sqkm":0.049,"evidence":0,"fcode":39009,"gnis_id":"00198667","hydro_category":"perennial","id":"nhd-120655219","name":"Circle 2 Ranch Reservoir Number 1","water_class":"lake_pond"},"type":"Feature"},{"geometry":{"coordinates":[[[-104.985459,39.262009],[-104.984879,39.262085],[-104.984803,39.262085],[-104.984757,39.262058],[-104.984726,39.262031],[-104.984467,39.261648],[-104.98436,39.261468],[-104.984261,39.261306],[-104.984238,39.261238],[-104.984223,39.261112],[-104.984192,39.260932],[-104.984223,39.260832],[-104.984231,39.260774],[-104.984253,39.260675],[-104.984307,39.260499],[-104.984406,39.260323],[-104.984429,39.260256],[-104.984436,39.260166],[-104.984437,39.259877],[-104.984437,39.259391],[-104.984459,39.259355],[-104.984513,39.259197],[-104.98456,39.259057],[-104.984566,39.259039],[-104.984643,39.258895],[-104.984688,39.258769],[-104.984711,39.258575],[-104.984757,39.258472],[-104.984787,39.258413],[-104.984818,39.258382],[-104.984842,39.258368],[-104.984879,39.258346],[-104.98494,39.258332],[-104.984994,39.258341],[-104.985062,39.258346],[-104.985138,39.258368],[-104.985283,39.258395],[-104.985428,39.25844],[-104.985482,39.258467],[-104.985528,39.25849],[-104.985581,39.258476],[-104.98571,39.258319],[-104.985772,39.258228],[-104.985787,39.258206],[-104.98584,39.258161],[-104.985993,39.258084],[-104.986077,39.258017],[-104.986168,39.257918],[-104.986214,39.257873],[-104.986232,39.257819],[-104.986242,39.257787],[-104.986256,39.257751],[-104.98626,39.257688],[-104.986252,39.257598],[-104.986229,39.257548],[-104.986206,39.257512],[-104.986176,39.257476],[-104.986153,39.257436],[-104.9861,39.257363],[-104.986092,39.257332],[-104.986077,39.257273],[-104.986077,39.257188],[-104.986107,39.257129],[-104.986138,39.257084],[-104.986245,39.25699],[-104.986267,39.256972],[-104.986367,39.256908],[-104.986443,39.256877],[-104.986496,39.256899],[-104.986519,39.256913],[-104.986527,39.256945],[-104.986558,39.257066],[-104.986588,39.257197],[-104.986611,39.257287],[-104.98658,39.25749],[-104.98658,39.257656],[-104.986573,39.257737],[-104.98655,39.257841],[-104.986527,39.257895],[-104.986489,39.257972],[-104.98642,39.258111],[-104.986397,39.258179],[-104.986359,39.258292],[-104.986336,39.258368],[-104.986314,39.258445],[-104.986283,39.258481],[-104.986222,39.258526],[-104.986176,39.258557],[-104.986123,39.258589],[-104.986062,39.258593],[-104.985916,39.258634],[-104.985741,39.25867],[-104.985718,39.258693],[-104.985703,39.258711],[-104.985703,39.258747],[-104.985711,39.258796],[-104.985734,39.258855],[-104.985756,39.258855],[-104.985802,39.258864],[-104.985863,39.258855],[-104.986092,39.258819],[-104.986169,39.258801],[-104.986207,39.258805],[-104.98626,39.258828],[-104.986298,39.258855],[-104.986313,39.258873],[-104.986298,39.258918],[-104.986283,39.258963],[-104.986268,39.258999],[-104.986207,39.259067],[-104.98613,39.259139],[-104.986024,39.259229],[-104.985947,39.259341],[-104.985917,39.259445],[-104.985917,39.259477],[-104.985917,39.259517],[-104.985947,39.259567],[-104.985993,39.259625],[-104.9861,39.259733],[-104.986207,39.259842],[-104.986321,39.259972],[-104.986336,39.260013],[-104.986367,39.260085],[-104.986397,39.260179],[-104.986412,39.26022],[-104.986443,39.260261],[-104.986474,39.260297],[-104.986489,39.260315],[-104.986542,39.260369],[-104.986649,39.260427],[-104.986733,39.260486],[-104.98674,39.260526],[-104.986764,39.260558],[-104.986771,39.260657],[-104.986786,39.260824],[-104.986786,39.260842],[-104.986786,39.260986],[-104.986786,39.261103],[-104.986771,39.261193],[-104.986764,39.26127],[-104.986764,39.26136],[-104.986741,39.261576],[-104.986733,39.261689],[-104.986718,39.261761],[-104.986676,39.261842],[-104.986573,39.261855],[-104.986428,39.261878],[-104.986001,39.261923],[-104.985779,39.261959],[-104.985459,39.262009]]],"type":"Polygon"},"properties":{"area_sqkm":0.07400000000000001,"evidence":0,"fcode":39004,"gnis_id":"00198751","hydro_category":"perennial","id":"nhd-117800481","name":"Waucondah Reservoir","water_class":"lake_pond"},"type":"Feature"},{"geometry":{"coordinates":[[[-104.853366,39.132841],[-104.853156,39.133084],[-104.852981,39.133282],[-104.852806,39.133421],[-104.852707,39.133448],[-104.852509,39.133362],[-104.852352,39.133277],[-104.852018,39.133046],[-104.851819,39.132938],[-104.851636,39.132915],[-104.851465,39.132856],[-104.851345,39.132771],[-104.851094,39.132405],[-104.85109,39.132335],[-104.851089,39.132306],[-104.851086,39.132234],[-104.851127,39.132158],[-104.851205,39.132113],[-104.85136,39.132077],[-104.851492,39.131955],[-104.851599,39.131964],[-104.85176,39.131951],[-104.851905,39.131929],[-104.852086,39.131929],[-104.852207,39.131961],[-104.852306,39.132019],[-104.85242,39.132128],[-104.852654,39.132227],[-104.852802,39.132205],[-104.853,39.13221],[-104.853143,39.132322],[-104.853406,39.132512],[-104.85347,39.132571],[-104.853478,39.132665],[-104.853407,39.132777],[-104.853366,39.132841]]],"type":"Polygon"},"properties":{"area_sqkm":0.021,"evidence":0,"fcode":39004,"gnis_id":"00200277","hydro_category":"perennial","id":"nhd-117813853","name":"Allis Reservoir","water_class":"lake_pond"},"type":"Feature"},{"geometry":{"coordinates":[[[-104.780629,39.210182],[-104.780694,39.210358],[-104.780695,39.210506],[-104.780641,39.210763],[-104.780543,39.210871],[-104.780135,39.211122],[-104.78005,39.211221],[-104.780038,39.211415],[-104.779955,39.211577],[-104.779941,39.211604],[-104.779823,39.211946],[-104.779788,39.212005],[-104.779599,39.212149],[-104.779452,39.212342],[-104.779412,39.212653],[-104.77937,39.212743],[-104.779314,39.212783],[-104.779159,39.212824],[-104.778981,39.212792],[-104.778847,39.212796],[-104.778713,39.212859],[-104.778544,39.212962],[-104.778299,39.2132],[-104.778158,39.213295],[-104.777911,39.213303],[-104.777783,39.213326],[-104.777671,39.213402],[-104.777615,39.213515],[-104.777496,39.213636],[-104.77739,39.213672],[-104.777322,39.213649],[-104.777011,39.213261],[-104.776908,39.213135],[-104.776652,39.212814],[-104.776586,39.212738],[-104.776257,39.212345],[-104.775711,39.211664],[-104.775668,39.211551],[-104.775857,39.211231],[-104.776012,39.211133],[-104.776166,39.210993],[-104.776334,39.210777],[-104.776545,39.210629],[-104.77663,39.210625],[-104.77669,39.210625],[-104.776761,39.21067],[-104.776855,39.210792],[-104.777001,39.210972],[-104.777192,39.211103],[-104.777285,39.211167],[-104.777455,39.211212],[-104.777624,39.21119],[-104.777864,39.211087],[-104.778076,39.211046],[-104.778464,39.210971],[-104.778796,39.210845],[-104.77907,39.210679],[-104.77926,39.210607],[-104.779402,39.210594],[-104.779622,39.210599],[-104.779805,39.210581],[-104.779931,39.210505],[-104.780031,39.210415],[-104.780059,39.210325],[-104.780127,39.210163],[-104.780239,39.210077],[-104.78037,39.209978],[-104.780474,39.209965],[-104.780629,39.210182]]],"type":"Polygon"},"properties":{"area_sqkm":0.084,"evidence":0,"fcode":39004,"gnis_id":null,"hydro_category":"perennial","id":"nhd-120656304","name":null,"water_class":"lake_pond"},"type":"Feature"},{"geometry":{"coordinates":[[[-104.80506,39.547028],[-104.80508,39.54691],[-104.805059,39.546812],[-104.804999,39.546703],[-104.804882,39.546643],[-104.804828,39.546616],[-104.804679,39.546613],[-104.804545,39.546623],[-104.804414,39.546626],[-104.804284,39.546609],[-104.804185,39.546555],[-104.804106,39.54647],[-104.804074,39.546376],[-104.804067,39.546289],[-104.804108,39.546241],[-104.804107,39.546164],[-104.804063,39.546077],[-104.804059,39.545978],[-104.804094,39.54592],[-104.804216,39.545876],[-104.804416,39.545885],[-104.804726,39.545885],[-104.805045,39.545895],[-104.805402,39.545902],[-104.805699,39.545907],[-104.805941,39.545915],[-104.806171,39.545919],[-104.806365,39.545911],[-104.806568,39.545913],[-104.806642,39.545959],[-104.806656,39.546039],[-104.806571,39.546248],[-104.80638,39.54659],[-104.806266,39.546836],[-104.806145,39.547064],[-104.806044,39.547203],[-104.805884,39.547349],[-104.805736,39.547456],[-104.805534,39.547577],[-104.805367,39.547666],[-104.805251,39.547687],[-104.805118,39.547674],[-104.805018,39.547581],[-104.804983,39.547471],[-104.805027,39.547175],[-104.80506,39.547028]]],"type":"Polygon"},"properties":{"area_sqkm":0.027,"evidence":0,"fcode":39011,"gnis_id":null,"hydro_category":"perennial","id":"nhd-34ab3d08-b638-4011-9e3d-167cd78fd4b5","name":null,"water_class":"lake_pond"},"type":"Feature"},{"geometry":{"coordinates":[[[-104.84865,39.540843],[-104.848632,39.540752],[-104.848631,39.540628],[-104.848631,39.540568],[-104.848551,39.540444],[-104.848501,39.540324],[-104.848494,39.540205],[-104.848563,39.540135],[-104.848668,39.540058],[-104.848747,39.539955],[-104.848829,39.539868],[-104.84883,39.53976],[-104.848785,39.539628],[-104.848705,39.539498],[-104.8485,39.539388],[-104.848363,39.539371],[-104.848197,39.539356],[-104.848038,39.539335],[-104.847913,39.539246],[-104.847826,39.539171],[-104.847748,39.539058],[-104.847728,39.538951],[-104.8477,39.538786],[-104.847682,39.538636],[-104.84774,39.538475],[-104.847772,39.538386],[-104.847803,39.538287],[-104.847845,39.538165],[-104.847831,39.538057],[-104.847851,39.537932],[-104.847796,39.537828],[-104.847719,39.53772],[-104.847649,39.537616],[-104.847591,39.537491],[-104.847573,39.537346],[-104.847565,39.537222],[-104.84769,39.537078],[-104.847773,39.537002],[-104.847891,39.536983],[-104.848006,39.536986],[-104.848098,39.536984],[-104.848197,39.536983],[-104.848284,39.536939],[-104.848353,39.536923],[-104.848426,39.536934],[-104.848512,39.536939],[-104.8486,39.536906],[-104.848697,39.536823],[-104.848796,39.536762],[-104.848878,39.536789],[-104.84896,39.536821],[-104.849022,39.536805],[-104.849126,39.536787],[-104.849255,39.536789],[-104.849385,39.536807],[-104.849496,39.536842],[-104.849589,39.536852],[-104.849683,39.536861],[-104.849775,39.536855],[-104.849886,39.536895],[-104.849966,39.53696],[-104.850088,39.537027],[-104.850186,39.537074],[-104.850299,39.537066],[-104.850386,39.537082],[-104.850464,39.537136],[-104.850527,39.537185],[-104.850626,39.537243],[-104.850755,39.53725],[-104.850811,39.5373],[-104.850928,39.537384],[-104.850987,39.537455],[-104.851018,39.537539],[-104.851072,39.537633],[-104.851161,39.537713],[-104.851219,39.537785],[-104.851222,39.537865],[-104.851268,39.537954],[-104.85122,39.538022],[-104.851183,39.538128],[-104.85119,39.538181],[-104.851192,39.538262],[-104.851228,39.538319],[-104.851249,39.538437],[-104.85124,39.538534],[-104.851234,39.538659],[-104.851201,39.538737],[-104.851145,39.538801],[-104.851043,39.5389],[-104.850918,39.538984],[-104.850825,39.539034],[-104.850714,39.539112],[-104.850535,39.539163],[-104.850389,39.53919],[-104.850276,39.539198],[-104.850148,39.539201],[-104.849996,39.53918],[-104.849912,39.539186],[-104.849818,39.53923],[-104.849684,39.539358],[-104.849608,39.539434],[-104.849565,39.539551],[-104.849554,39.539633],[-104.849572,39.539718],[-104.849583,39.539809],[-104.849585,39.539884],[-104.849582,39.539971],[-104.849577,39.540053],[-104.849571,39.540118],[-104.849502,39.540193],[-104.849451,39.540294],[-104.849408,39.540411],[-104.849376,39.540494],[-104.849359,39.540592],[-104.849351,39.540696],[-104.849275,39.540777],[-104.849214,39.540862],[-104.849137,39.540927],[-104.848992,39.540959],[-104.848937,39.540979],[-104.848815,39.540966],[-104.848753,39.540927],[-104.84865,39.540843]]],"type":"Polygon"},"properties":{"area_sqkm":0.08700000000000001,"evidence":0,"fcode":39011,"gnis_id":null,"hydro_category":"perennial","id":"nhd-13e573b1-c56c-49c5-9298-be551598d368","name":null,"water_class":"lake_pond"},"type":"Feature"},{"geometry":{"coordinates":[[[[-105.144163,39.419157],[-105.144201,39.419098],[-105.144338,39.419039],[-105.144422,39.418981],[-105.144437,39.418972],[-105.144506,39.418881],[-105.144536,39.418859],[-105.144552,39.41885],[-105.144582,39.418845],[-105.144628,39.418836],[-105.144727,39.418836],[-105.144773,39.418832],[-105.144811,39.418818],[-105.144895,39.418741],[-105.144941,39.418665],[-105.144971,39.418647],[-105.145002,39.418642],[-105.145056,39.418646],[-105.145147,39.418664],[-105.145292,39.4187],[-105.145383,39.4187],[-105.145467,39.418682],[-105.145818,39.418555],[-105.145841,39.418542],[-105.145917,39.418542],[-105.145971,39.418546],[-105.146032,39.41856],[-105.146085,39.418564],[-105.146154,39.418569],[-105.146223,39.418559],[-105.146292,39.41855],[-105.146368,39.418528],[-105.146559,39.418455],[-105.146772,39.418378],[-105.146833,39.418351],[-105.146978,39.41832],[-105.147047,39.418297],[-105.147115,39.418265],[-105.147298,39.418139],[-105.147352,39.418112],[-105.147382,39.418103],[-105.147405,39.418107],[-105.147528,39.418125],[-105.147596,39.418134],[-105.147688,39.418134],[-105.147726,39.418134],[-105.147985,39.418075],[-105.148037,39.418146],[-105.148033,39.418147],[-105.14775,39.418211],[-105.147599,39.418246],[-105.147153,39.418327],[-105.146927,39.418462],[-105.146679,39.418611],[-105.146598,39.418633],[-105.146501,39.41866],[-105.146307,39.418691],[-105.146142,39.418702],[-105.14582,39.418707],[-105.145402,39.418715],[-105.145114,39.418739],[-105.14475,39.418847],[-105.1447,39.418872],[-105.144585,39.418941],[-105.144462,39.418995],[-105.144358,39.419047],[-105.144126,39.419251],[-105.144104,39.419274],[-105.144163,39.419157]]],[[[-105.140783,39.421666],[-105.140767,39.421423],[-105.140768,39.42135],[-105.140775,39.421328],[-105.140813,39.421265],[-105.140821,39.421233],[-105.140821,39.421206],[-105.140798,39.421148],[-105.140737,39.421071],[-105.140684,39.420986],[-105.140653,39.420941],[-105.140653,39.420909],[-105.140661,39.42085],[-105.140645,39.420796],[-105.140615,39.420747],[-105.140554,39.420621],[-105.140531,39.42058],[-105.140537,39.42054],[-105.140577,39.420549],[-105.140638,39.420607],[-105.140752,39.420666],[-105.140844,39.420702],[-105.140935,39.420724],[-105.140981,39.420728],[-105.141065,39.420728],[-105.141103,39.420728],[-105.141172,39.420701],[-105.141225,39.420688],[-105.141271,39.420656],[-105.141385,39.420579],[-105.141423,39.420534],[-105.141454,39.420516],[-105.141508,39.420498],[-105.141538,39.420489],[-105.141584,39.420502],[-105.141614,39.420498],[-105.141668,39.420489],[-105.141767,39.420412],[-105.141775,39.420394],[-105.141774,39.420345],[-105.141752,39.420263],[-105.141744,39.420196],[-105.141767,39.420119],[-105.141797,39.420106],[-105.141828,39.420088],[-105.141851,39.420092],[-105.141881,39.420115],[-105.141915,39.420141],[-105.141927,39.420151],[-105.142004,39.420187],[-105.142087,39.4202],[-105.142225,39.420204],[-105.142408,39.420186],[-105.142507,39.420181],[-105.142576,39.420163],[-105.142697,39.420073],[-105.142751,39.42005],[-105.142782,39.420041],[-105.142858,39.419996],[-105.142904,39.419974],[-105.142912,39.41992],[-105.142957,39.419811],[-105.142995,39.419717],[-105.143041,39.419667],[-105.143071,39.419654],[-105.143224,39.419653],[-105.143575,39.419648],[-105.143621,39.419648],[-105.143674,39.419626],[-105.143774,39.419549],[-105.143812,39.419482],[-105.143865,39.41945],[-105.143888,39.419445],[-105.143911,39.41945],[-105.143942,39.419454],[-105.143972,39.419432],[-105.14398,39.419425],[-105.143925,39.419502],[-105.143874,39.419555],[-105.143616,39.419758],[-105.143545,39.41982],[-105.1434,39.419912],[-105.143356,39.419947],[-105.143179,39.420044],[-105.143046,39.420118],[-105.142876,39.420212],[-105.142798,39.420249],[-105.141737,39.420589],[-105.141724,39.420605],[-105.140828,39.421738],[-105.140783,39.421794],[-105.140783,39.421666]]],[[[-105.126257,39.432757],[-105.126249,39.432748],[-105.126018,39.432451],[-105.125806,39.432325],[-105.125836,39.432266],[-105.125874,39.432185],[-105.12592,39.432162],[-105.125966,39.432153],[-105.126012,39.432117],[-105.126057,39.432077],[-105.126134,39.432022],[-105.126164,39.431977],[-105.126172,39.431946],[-105.126156,39.431901],[-105.126141,39.431874],[-105.126134,39.431838],[-105.126141,39.431802],[-105.126172,39.431802],[-105.126241,39.431829],[-105.126355,39.431869],[-105.12643,39.431882],[-105.126444,39.431887],[-105.126485,39.431882],[-105.126508,39.431855],[-105.126485,39.431824],[-105.126401,39.43177],[-105.126355,39.431725],[-105.126347,39.431675],[-105.126347,39.431608],[-105.126355,39.431558],[-105.12637,39.431527],[-105.126431,39.431491],[-105.126477,39.431486],[-105.126515,39.431499],[-105.126576,39.431508],[-105.126654,39.431522],[-105.126675,39.431526],[-105.126775,39.431535],[-105.126897,39.431535],[-105.12698,39.431539],[-105.127248,39.431526],[-105.1274,39.431516],[-105.127461,39.431512],[-105.127537,39.43148],[-105.12769,39.431358],[-105.127713,39.431345],[-105.127744,39.43134],[-105.127866,39.431327],[-105.127896,39.431322],[-105.127942,39.431309],[-105.128041,39.4312],[-105.128087,39.431169],[-105.128117,39.431155],[-105.128156,39.431146],[-105.128194,39.431155],[-105.128247,39.431169],[-105.1283,39.431191],[-105.128361,39.431187],[-105.128408,39.431177],[-105.128522,39.431141],[-105.128606,39.431083],[-105.128651,39.430952],[-105.128682,39.430907],[-105.12872,39.430889],[-105.128751,39.430866],[-105.128827,39.430808],[-105.128857,39.430767],[-105.128873,39.430731],[-105.128842,39.43065],[-105.128873,39.430564],[-105.128881,39.430488],[-105.128873,39.430402],[-105.12888,39.430361],[-105.128896,39.43033],[-105.128934,39.430285],[-105.128957,39.430253],[-105.128957,39.430226],[-105.128941,39.430181],[-105.128858,39.430087],[-105.128827,39.430046],[-105.128827,39.429997],[-105.128842,39.429979],[-105.12888,39.429974],[-105.128911,39.429969],[-105.128911,39.429952],[-105.128911,39.429938],[-105.128926,39.429906],[-105.128926,39.429888],[-105.128964,39.429888],[-105.128987,39.429893],[-105.128998,39.429898],[-105.129018,39.429906],[-105.129086,39.429942],[-105.129132,39.429951],[-105.129193,39.429951],[-105.129277,39.429924],[-105.129384,39.429883],[-105.12946,39.429834],[-105.129544,39.42973],[-105.129697,39.42955],[-105.129742,39.429455],[-105.129758,39.429392],[-105.129758,39.429351],[-105.129758,39.429311],[-105.129804,39.429257],[-105.129811,39.429225],[-105.129826,39.429176],[-105.129857,39.429126],[-105.12991,39.429108],[-105.130048,39.429099],[-105.130162,39.429054],[-105.1302,39.429022],[-105.130231,39.428977],[-105.130261,39.428923],[-105.130322,39.428918],[-105.130437,39.428918],[-105.13049,39.428918],[-105.130574,39.4289],[-105.13065,39.428868],[-105.130757,39.428792],[-105.130803,39.428733],[-105.130841,39.428697],[-105.130971,39.428697],[-105.131078,39.428688],[-105.131207,39.42866],[-105.131291,39.428624],[-105.131444,39.428547],[-105.131474,39.428516],[-105.131497,39.428475],[-105.131497,39.428417],[-105.131505,39.428403],[-105.131566,39.428367],[-105.131658,39.428281],[-105.131787,39.428088],[-105.131841,39.428024],[-105.131871,39.427961],[-105.131864,39.427903],[-105.131841,39.427867],[-105.131841,39.427808],[-105.131841,39.427786],[-105.131902,39.427727],[-105.131955,39.427655],[-105.131994,39.427641],[-105.132032,39.427623],[-105.132123,39.427605],[-105.132161,39.427569],[-105.132207,39.427537],[-105.132291,39.427429],[-105.132344,39.427353],[-105.132375,39.42728],[-105.132383,39.427195],[-105.132375,39.427123],[-105.132367,39.427078],[-105.132352,39.427042],[-105.132352,39.427015],[-105.132367,39.42701],[-105.132398,39.426983],[-105.132398,39.426933],[-105.132405,39.426888],[-105.132421,39.426852],[-105.132443,39.426843],[-105.132497,39.426839],[-105.132558,39.426825],[-105.132604,39.42678],[-105.132611,39.426758],[-105.132611,39.426712],[-105.132596,39.4266],[-105.132581,39.426568],[-105.132573,39.426532],[-105.132581,39.426514],[-105.132604,39.426492],[-105.132688,39.426424],[-105.132695,39.426392],[-105.132695,39.426361],[-105.132688,39.426338],[-105.132573,39.426221],[-105.132512,39.42619],[-105.132466,39.426172],[-105.132421,39.426145],[-105.132276,39.426073],[-105.132176,39.42601],[-105.132123,39.425979],[-105.132085,39.425943],[-105.132062,39.425902],[-105.132032,39.425875],[-105.131948,39.425848],[-105.131887,39.425835],[-105.131826,39.42583],[-105.131711,39.42583],[-105.131536,39.425889],[-105.131276,39.425962],[-105.131215,39.425966],[-105.131162,39.425962],[-105.130925,39.425917],[-105.130795,39.425895],[-105.130711,39.42589],[-105.13065,39.42589],[-105.130597,39.42589],[-105.130544,39.425881],[-105.13049,39.425841],[-105.130391,39.42576],[-105.130315,39.425706],[-105.130223,39.42567],[-105.130017,39.425621],[-105.129842,39.42558],[-105.129781,39.425571],[-105.129727,39.425522],[-105.129598,39.425373],[-105.129384,39.425135],[-105.129155,39.424901],[-105.129132,39.424829],[-105.129094,39.424675],[-105.129067,39.424558],[-105.129132,39.424621],[-105.129201,39.424671],[-105.129232,39.424707],[-105.129277,39.424752],[-105.129483,39.425017],[-105.129567,39.425125],[-105.129598,39.425157],[-105.129651,39.425197],[-105.129857,39.425296],[-105.12991,39.42531],[-105.130177,39.425382],[-105.130422,39.42544],[-105.130597,39.425467],[-105.130704,39.42548],[-105.130788,39.42548],[-105.130887,39.425462],[-105.131024,39.42539],[-105.131162,39.425295],[-105.131261,39.425105],[-105.131368,39.425033],[-105.131497,39.424889],[-105.131543,39.424862],[-105.131581,39.424844],[-105.131642,39.424839],[-105.131757,39.424835],[-105.131833,39.424844],[-105.131948,39.424875],[-105.132032,39.424879],[-105.132161,39.424893],[-105.132314,39.424893],[-105.132398,39.424902],[-105.132451,39.424933],[-105.132566,39.425014],[-105.132611,39.42505],[-105.132657,39.425059],[-105.132741,39.425095],[-105.132871,39.425095],[-105.132932,39.425108],[-105.132955,39.425126],[-105.132978,39.425203],[-105.132993,39.425266],[-105.133023,39.425324],[-105.133046,39.425342],[-105.133092,39.425369],[-105.133237,39.425405],[-105.133512,39.425441],[-105.133565,39.425445],[-105.133641,39.425526],[-105.133672,39.425576],[-105.133695,39.425603],[-105.133718,39.42563],[-105.133741,39.425643],[-105.133794,39.425679],[-105.133916,39.425805],[-105.134046,39.425981],[-105.134076,39.426003],[-105.134092,39.426008],[-105.134153,39.426021],[-105.134221,39.426053],[-105.134298,39.426098],[-105.134412,39.42617],[-105.134473,39.426192],[-105.134511,39.426206],[-105.134557,39.42621],[-105.134702,39.426255],[-105.134984,39.426327],[-105.135091,39.426354],[-105.135198,39.42639],[-105.135244,39.426421],[-105.135282,39.426444],[-105.135305,39.426457],[-105.135358,39.426457],[-105.135442,39.426421],[-105.13551,39.426367],[-105.135556,39.426344],[-105.135595,39.42634],[-105.135671,39.426339],[-105.135717,39.42633],[-105.135777,39.426249],[-105.135793,39.426204],[-105.135816,39.426177],[-105.135915,39.4261],[-105.135938,39.426069],[-105.135938,39.426042],[-105.135938,39.425965],[-105.135923,39.425871],[-105.135938,39.425844],[-105.135961,39.42583],[-105.136037,39.425807],[-105.136075,39.425771],[-105.136083,39.425708],[-105.13609,39.42569],[-105.136136,39.425663],[-105.136151,39.425632],[-105.136167,39.425528],[-105.136182,39.425465],[-105.136197,39.425433],[-105.136228,39.425406],[-105.136266,39.425388],[-105.136304,39.425361],[-105.136327,39.425298],[-105.136335,39.425271],[-105.136388,39.425235],[-105.136411,39.425221],[-105.136464,39.425203],[-105.136518,39.425176],[-105.136518,39.425154],[-105.136525,39.425131],[-105.136533,39.4251],[-105.136647,39.425009],[-105.136754,39.424897],[-105.136777,39.424842],[-105.136762,39.424752],[-105.136731,39.424631],[-105.136716,39.424527],[-105.136716,39.424482],[-105.136724,39.424433],[-105.136731,39.424392],[-105.136754,39.424342],[-105.136797,39.424203],[-105.136846,39.42414],[-105.136884,39.42413],[-105.136937,39.424117],[-105.137006,39.424103],[-105.137074,39.424085],[-105.137113,39.42404],[-105.137128,39.424009],[-105.137143,39.423972],[-105.137136,39.423923],[-105.137113,39.423869],[-105.137037,39.42381],[-105.136983,39.42377],[-105.136937,39.423743],[-105.136876,39.423725],[-105.136861,39.423707],[-105.136861,39.423684],[-105.136876,39.423675],[-105.136944,39.423633],[-105.137258,39.423436],[-105.137433,39.423296],[-105.137487,39.423242],[-105.137525,39.423188],[-105.137563,39.423143],[-105.137586,39.423071],[-105.137624,39.422999],[-105.137662,39.422927],[-105.137708,39.42289],[-105.137754,39.422868],[-105.137807,39.42285],[-105.137876,39.422832],[-105.138005,39.422755],[-105.138097,39.422674],[-105.138143,39.42262],[-105.138174,39.422588],[-105.138257,39.422579],[-105.138295,39.422579],[-105.138372,39.422588],[-105.138456,39.422601],[-105.138723,39.422551],[-105.139165,39.422357],[-105.139242,39.422339],[-105.139325,39.422348],[-105.139371,39.422357],[-105.139447,39.422375],[-105.139516,39.422375],[-105.139753,39.422262],[-105.139776,39.422244],[-105.139867,39.422226],[-105.139928,39.422212],[-105.139982,39.422216],[-105.140058,39.422212],[-105.140096,39.422198],[-105.140218,39.422099],[-105.140256,39.422085],[-105.140317,39.422072],[-105.140371,39.422067],[-105.140462,39.422067],[-105.140531,39.422058],[-105.140561,39.422045],[-105.140592,39.422017],[-105.140638,39.421968],[-105.140653,39.421941],[-105.140676,39.421923],[-105.140684,39.421918],[-105.140545,39.422091],[-105.140452,39.422184],[-105.140343,39.42227],[-105.140268,39.422311],[-105.139933,39.422444],[-105.13972,39.422518],[-105.13952,39.422573],[-105.139117,39.422657],[-105.138322,39.422819],[-105.138211,39.422853],[-105.138024,39.422937],[-105.137871,39.423026],[-105.137794,39.423079],[-105.137741,39.423134],[-105.137669,39.423232],[-105.137604,39.423339],[-105.137543,39.423499],[-105.137436,39.423849],[-105.137386,39.42401],[-105.137257,39.424352],[-105.137232,39.424394],[-105.137202,39.424485],[-105.137179,39.424522],[-105.136893,39.424876],[-105.136704,39.425133],[-105.136601,39.425305],[-105.136515,39.42539],[-105.13648,39.425428],[-105.136454,39.425472],[-105.13631,39.4258],[-105.136265,39.42588],[-105.135982,39.426261],[-105.135873,39.426393],[-105.135794,39.426474],[-105.135667,39.426578],[-105.135555,39.426662],[-105.135442,39.426719],[-105.13539,39.426738],[-105.135287,39.426755],[-105.135184,39.426743],[-105.135009,39.426693],[-105.134623,39.42657],[-105.134193,39.426441],[-105.133873,39.426379],[-105.133537,39.426378],[-105.13334,39.426384],[-105.133282,39.426394],[-105.13316,39.426459],[-105.13305,39.426565],[-105.132946,39.426698],[-105.132909,39.42676],[-105.132801,39.427042],[-105.132736,39.427205],[-105.132577,39.427555],[-105.13255,39.427589],[-105.132176,39.428066],[-105.13209,39.428192],[-105.13204,39.428279],[-105.131906,39.428507],[-105.1318,39.428637],[-105.131663,39.428759],[-105.131259,39.429044],[-105.131108,39.429125],[-105.130982,39.429167],[-105.130719,39.429193],[-105.130561,39.429232],[-105.130485,39.429277],[-105.130389,39.429361],[-105.130153,39.429622],[-105.130022,39.429788],[-105.129677,39.43029],[-105.129371,39.430688],[-105.128974,39.431163],[-105.128562,39.431462],[-105.127986,39.431869],[-105.127642,39.432093],[-105.127377,39.43221],[-105.1271,39.432356],[-105.126728,39.432551],[-105.126282,39.432789],[-105.126257,39.432757]]]],"type":"MultiPolygon"},"properties":{"area_sqkm":0.328,"evidence":0,"fcode":39004,"gnis_id":"00197627","hydro_category":"perennial","id":"nhd-117834809","name":"Strontia Springs Reservoir","water_class":"lake_pond"},"type":"Feature"},{"geometry":{"coordinates":[[[-104.820321,39.488577],[-104.819384,39.488316],[-104.818889,39.487561],[-104.818941,39.486676],[-104.819514,39.486181],[-104.819514,39.485738],[-104.819775,39.485348],[-104.820712,39.485192],[-104.821519,39.484384],[-104.823193,39.48378],[-104.823707,39.483655],[-104.824514,39.484202],[-104.825087,39.485061],[-104.825972,39.484749],[-104.826623,39.48415],[-104.827508,39.483968],[-104.828081,39.483577],[-104.828197,39.483016],[-104.828654,39.482457],[-104.829956,39.482692],[-104.830581,39.482249],[-104.830607,39.481676],[-104.830972,39.481572],[-104.831284,39.48165],[-104.831779,39.481884],[-104.832638,39.481624],[-104.833159,39.481051],[-104.834115,39.480343],[-104.834402,39.480573],[-104.834608,39.480738],[-104.834826,39.480973],[-104.834097,39.481702],[-104.834513,39.482197],[-104.834123,39.482926],[-104.833081,39.483525],[-104.832586,39.483837],[-104.832065,39.483837],[-104.831597,39.484176],[-104.830626,39.484988],[-104.830373,39.485452],[-104.830034,39.485843],[-104.829956,39.486754],[-104.830191,39.487561],[-104.830711,39.488004],[-104.831987,39.48829],[-104.831805,39.488603],[-104.832404,39.488863],[-104.831899,39.489663],[-104.832612,39.490217],[-104.83269,39.490556],[-104.832274,39.490608],[-104.83131,39.490426],[-104.830581,39.490478],[-104.829487,39.490582],[-104.828827,39.490949],[-104.828709,39.491348],[-104.82868,39.491754],[-104.827975,39.492],[-104.821194,39.491072],[-104.820658,39.490858],[-104.820321,39.488577]]],"type":"Polygon"},"properties":{"area_sqkm":0.87539065,"evidence":0,"fcode":43619,"gnis_id":"02761016","hydro_category":"unknown","id":"nhd-C4A03B96-2738-484A-995F-2B66C36738E0","name":"Rueter-Hess Reservoir","water_class":"reservoir"},"type":"Feature"}],"layer_id":"waterbodies","type":"FeatureCollection"}
