layer,id_before,id_after,source_before,source_after,name_before,name_after,ftype_before,ftype_after,fcode_before,fcode_after,touches_old_clip,geometry_equal,other_source_changes,classification,change_kind,issues
waterways,nhd-0106cc15-5583-4d5e-9c01-bede8aac0e1d,nhd-0106cc15-5583-4d5e-9c01-bede8aac0e1d,0106cc15-5583-4d5e-9c01-bede8aac0e1d,0106cc15-5583-4d5e-9c01-bede8aac0e1d,East Cherry Creek,East Cherry Creek,460,460,46003,46003,False,True,,EXPLAINED,UNCHANGED,
waterways,nhd-117793299,nhd-117793299,117793299,117793299,East Plum Creek,East Plum Creek,460,460,46006,46006,False,True,,EXPLAINED,UNCHANGED,
waterways,nhd-117793319,nhd-117793319,117793319,117793319,East Plum Creek,East Plum Creek,460,460,46006,46006,False,True,,EXPLAINED,UNCHANGED,
waterways,nhd-117793421,nhd-117793421,117793421,117793421,East Plum Creek,East Plum Creek,460,460,46006,46006,False,True,,EXPLAINED,UNCHANGED,
waterways,nhd-117793469,nhd-117793469,117793469,117793469,East Plum Creek,East Plum Creek,460,460,46006,46006,False,True,,EXPLAINED,UNCHANGED,
waterways,nhd-117794115,nhd-117794115,117794115,117794115,East Plum Creek,East Plum Creek,460,460,46006,46006,False,True,,EXPLAINED,UNCHANGED,
waterways,nhd-117794185,nhd-117794185,117794185,117794185,East Plum Creek,East Plum Creek,460,460,46006,46006,False,True,,EXPLAINED,UNCHANGED,
waterways,nhd-117794189,nhd-117794189,117794189,117794189,East Plum Creek,East Plum Creek,460,460,46006,46006,False,True,,EXPLAINED,UNCHANGED,
waterways,nhd-117794213,nhd-117794213,117794213,117794213,East Plum Creek,East Plum Creek,460,460,46006,46006,False,True,,EXPLAINED,UNCHANGED,
waterways,nhd-117794231,nhd-117794231,117794231,117794231,East Plum Creek,East Plum Creek,460,460,46006,46006,False,True,,EXPLAINED,UNCHANGED,
waterways,nhd-117794259,nhd-117794259,117794259,117794259,East Plum Creek,East Plum Creek,460,460,46006,46006,False,True,,EXPLAINED,UNCHANGED,
waterways,nhd-117794271,nhd-117794271,117794271,117794271,East Plum Creek,East Plum Creek,460,460,46006,46006,False,True,,EXPLAINED,UNCHANGED,
waterways,nhd-117794273,nhd-117794273,117794273,117794273,East Plum Creek,East Plum Creek,460,460,46006,46006,False,True,,EXPLAINED,UNCHANGED,
waterways,nhd-117794289,nhd-117794289,117794289,117794289,East Plum Creek,East Plum Creek,460,460,46006,46006,False,True,,EXPLAINED,UNCHANGED,
waterways,nhd-117794319,nhd-117794319,117794319,117794319,East Plum Creek,East Plum Creek,460,460,46006,46006,False,True,,EXPLAINED,UNCHANGED,
waterways,nhd-117794333,nhd-117794333,117794333,117794333,East Plum Creek,East Plum Creek,460,460,46006,46006,False,True,,EXPLAINED,UNCHANGED,
waterways,nhd-117794345,nhd-117794345,117794345,117794345,East Plum Creek,East Plum Creek,460,460,46006,46006,False,True,,EXPLAINED,UNCHANGED,
waterways,nhd-117795343,nhd-117795343,117795343,117795343,South Platte River,South Platte River,558,558,55800,55800,True,False,,NOT EXPLAINED,UNEXPLAINED_GEOMETRY_CHANGE,changed_source_fields_or_geometry
waterways,,nhd-117795373,,117795373,,South Platte River,,558,,55800,False,False,,EXPLAINED,ADDED_IN_STRIP,
waterways,,nhd-117795375,,117795375,,Wigwam Creek,,558,,55800,False,False,,EXPLAINED,ADDED_IN_STRIP,
waterways,,nhd-117795413,,117795413,,South Platte River,,558,,55800,False,False,,EXPLAINED,ADDED_IN_STRIP,
waterways,,nhd-117795465,,117795465,,South Platte River,,558,,55800,False,False,,EXPLAINED,ADDED_IN_STRIP,
waterways,,nhd-117795479,,117795479,,South Platte River,,558,,55800,False,False,,EXPLAINED,ADDED_IN_STRIP,
waterways,,nhd-117795557,,117795557,,South Platte River,,558,,55800,False,False,,EXPLAINED,ADDED_IN_STRIP,
waterways,,nhd-117795607,,117795607,,South Platte River,,558,,55800,False,False,,EXPLAINED,ADDED_IN_STRIP,
waterways,,nhd-117795615,,117795615,,South Platte River,,558,,55800,False,False,,EXPLAINED,ADDED_IN_STRIP,
waterways,,nhd-117795723,,117795723,,South Platte River,,558,,55800,False,False,,EXPLAINED,ADDED_IN_STRIP,
waterways,,nhd-117795737,,117795737,,South Platte River,,558,,55800,False,False,,EXPLAINED,ADDED_IN_STRIP,
waterways,,nhd-117795751,,117795751,,South Platte River,,558,,55800,False,False,,EXPLAINED,ADDED_IN_STRIP,
waterways,,nhd-117795753,,117795753,,South Platte River,,558,,55800,False,False,,EXPLAINED,ADDED_IN_STRIP,
waterways,,nhd-117795757,,117795757,,South Platte River,,460,,46006,False,False,,EXPLAINED,ADDED_IN_STRIP,
waterways,,nhd-117795759,,117795759,,South Platte River,,558,,55800,False,False,,EXPLAINED,ADDED_IN_STRIP,
waterways,,nhd-117795765,,117795765,,South Platte River,,558,,55800,False,False,,EXPLAINED,ADDED_IN_STRIP,
waterways,,nhd-117795771,,117795771,,South Platte River,,558,,55800,False,False,,EXPLAINED,ADDED_IN_STRIP,
waterways,nhd-117795775,nhd-117795775,117795775,117795775,South Platte River,South Platte River,558,558,55800,55800,True,False,,NOT EXPLAINED,UNEXPLAINED_GEOMETRY_CHANGE,changed_source_fields_or_geometry
waterways,nhd-117795879,nhd-117795879,117795879,117795879,South Platte River,South Platte River,558,558,55800,55800,False,True,,EXPLAINED,UNCHANGED,
waterways,nhd-117795889,nhd-117795889,117795889,117795889,South Platte River,South Platte River,558,558,55800,55800,True,False,,NOT EXPLAINED,UNEXPLAINED_GEOMETRY_CHANGE,changed_source_fields_or_geometry
waterways,,nhd-117795895,,117795895,,South Platte River,,558,,55800,False,False,,EXPLAINED,ADDED_IN_STRIP,
waterways,,nhd-117796039,,117796039,,South Platte River,,558,,55800,False,False,,EXPLAINED,ADDED_IN_STRIP,
waterways,,nhd-117796057,,117796057,,South Platte River,,558,,55800,False,False,,EXPLAINED,ADDED_IN_STRIP,
waterways,,nhd-117796071,,117796071,,South Platte River,,558,,55800,False,False,,EXPLAINED,ADDED_IN_STRIP,
waterways,nhd-117796115,nhd-117796115,117796115,117796115,South Platte River,South Platte River,558,558,55800,55800,True,False,,NOT EXPLAINED,UNEXPLAINED_GEOMETRY_CHANGE,changed_source_fields_or_geometry
waterways,nhd-117796207,nhd-117796207,117796207,117796207,Turkey Creek,Turkey Creek,558,558,55800,55800,False,True,,EXPLAINED,UNCHANGED,
waterways,nhd-117796231,nhd-117796231,117796231,117796231,Turkey Creek,Turkey Creek,558,558,55800,55800,False,True,,EXPLAINED,UNCHANGED,
waterways,nhd-117796267,nhd-117796267,117796267,117796267,Turkey Creek,Turkey Creek,558,558,55800,55800,False,True,,EXPLAINED,UNCHANGED,
waterways,nhd-117796295,nhd-117796295,117796295,117796295,Turkey Creek,Turkey Creek,460,460,46006,46006,False,True,,EXPLAINED,UNCHANGED,
waterways,nhd-117796301,nhd-117796301,117796301,117796301,South Platte River,South Platte River,558,558,55800,55800,True,False,,NOT EXPLAINED,UNEXPLAINED_GEOMETRY_CHANGE,changed_source_fields_or_geometry
waterways,,nhd-117796317,,117796317,,South Platte River,,558,,55800,False,False,,EXPLAINED,ADDED_IN_STRIP,
waterways,nhd-117796319,nhd-117796319,117796319,117796319,Turkey Creek,Turkey Creek,460,460,46006,46006,False,True,,EXPLAINED,UNCHANGED,
waterways,nhd-117796337,nhd-117796337,117796337,117796337,Turkey Creek,Turkey Creek,460,460,46006,46006,False,True,,EXPLAINED,UNCHANGED,
waterways,nhd-117796391,nhd-117796391,117796391,117796391,Turkey Creek,Turkey Creek,460,460,46006,46006,False,True,,EXPLAINED,UNCHANGED,
waterways,nhd-117796421,nhd-117796421,117796421,117796421,Douglas Creek,Douglas Creek,460,460,46003,46003,False,True,,EXPLAINED,UNCHANGED,
waterways,nhd-117796437,nhd-117796437,117796437,117796437,Turkey Creek,Turkey Creek,460,460,46006,46006,False,True,,EXPLAINED,UNCHANGED,
waterways,nhd-117796501,nhd-117796501,117796501,117796501,Turkey Creek,Turkey Creek,460,460,46006,46006,False,True,,EXPLAINED,UNCHANGED,
waterways,nhd-117796523,nhd-117796523,117796523,117796523,Turkey Creek,Turkey Creek,460,460,46006,46006,False,True,,EXPLAINED,UNCHANGED,
waterways,nhd-117796539,nhd-117796539,117796539,117796539,South Platte River,South Platte River,558,558,55800,55800,True,False,,NOT EXPLAINED,UNEXPLAINED_GEOMETRY_CHANGE,changed_source_fields_or_geometry
waterways,nhd-117796543,nhd-117796543,117796543,117796543,Douglas Creek,Douglas Creek,460,460,46003,46003,False,True,,EXPLAINED,UNCHANGED,
waterways,nhd-117796587,nhd-117796587,117796587,117796587,Little Turkey Creek,Little Turkey Creek,460,460,46003,46003,False,True,,EXPLAINED,UNCHANGED,
waterways,,nhd-117796589,,117796589,,South Platte River,,558,,55800,False,False,,EXPLAINED,ADDED_IN_STRIP,
waterways,nhd-117796595,nhd-117796595,117796595,117796595,Little Turkey Creek,Little Turkey Creek,460,460,46006,46006,False,True,,EXPLAINED,UNCHANGED,
waterways,,nhd-117796603,,117796603,,South Platte River,,558,,55800,False,False,,EXPLAINED,ADDED_IN_STRIP,
waterways,,nhd-117796609,,117796609,,South Platte River,,558,,55800,False,False,,EXPLAINED,ADDED_IN_STRIP,
waterways,,nhd-117796619,,117796619,,South Platte River,,558,,55800,False,False,,EXPLAINED,ADDED_IN_STRIP,
waterways,,nhd-117796645,,117796645,,South Platte River,,558,,55800,False,False,,EXPLAINED,ADDED_IN_STRIP,
waterways,nhd-117796651,nhd-117796651,117796651,117796651,Little Turkey Creek,Little Turkey Creek,460,460,46006,46006,False,True,,EXPLAINED,UNCHANGED,
waterways,,nhd-117796663,,117796663,,South Platte River,,558,,55800,False,False,,EXPLAINED,ADDED_IN_STRIP,
waterways,nhd-117796669,nhd-117796669,117796669,117796669,Little Turkey Creek,Little Turkey Creek,460,460,46006,46006,False,True,,EXPLAINED,UNCHANGED,
waterways,,nhd-117796671,,117796671,,South Platte River,,558,,55800,False,False,,EXPLAINED,ADDED_IN_STRIP,
waterways,,nhd-117796681,,117796681,,South Platte River,,558,,55800,False,False,,EXPLAINED,ADDED_IN_STRIP,
waterways,,nhd-117796683,,117796683,,Wildcat Creek,,558,,55800,False,False,,EXPLAINED,ADDED_IN_STRIP,
waterways,nhd-117796709,nhd-117796709,117796709,117796709,Little Turkey Creek,Little Turkey Creek,460,460,46006,46006,False,True,,EXPLAINED,UNCHANGED,
waterways,nhd-117796737,nhd-117796737,117796737,117796737,Little Turkey Creek,Little Turkey Creek,460,460,46006,46006,False,True,,EXPLAINED,UNCHANGED,
waterways,nhd-117796745,nhd-117796745,117796745,117796745,Little Turkey Creek,Little Turkey Creek,460,460,46006,46006,False,True,,EXPLAINED,UNCHANGED,
waterways,nhd-117796765,nhd-117796765,117796765,117796765,Little Turkey Creek,Little Turkey Creek,460,460,46006,46006,False,True,,EXPLAINED,UNCHANGED,
waterways,nhd-117796785,nhd-117796785,117796785,117796785,Little Turkey Creek,Little Turkey Creek,460,460,46006,46006,False,True,,EXPLAINED,UNCHANGED,
waterways,nhd-117796793,nhd-117796793,117796793,117796793,Little Turkey Creek,Little Turkey Creek,460,460,46006,46006,False,True,,EXPLAINED,UNCHANGED,
waterways,nhd-117796811,nhd-117796811,117796811,117796811,Little Turkey Creek,Little Turkey Creek,460,460,46006,46006,False,True,,EXPLAINED,UNCHANGED,
waterways,,nhd-117796885,,117796885,,South Platte River,,558,,55800,False,False,,EXPLAINED,ADDED_IN_STRIP,
waterways,nhd-117797827,nhd-117797827,117797827,117797827,Jackson Creek,Jackson Creek,460,460,46006,46006,False,True,,EXPLAINED,UNCHANGED,
waterways,nhd-117797843,nhd-117797843,117797843,117797843,Jackson Creek,Jackson Creek,460,460,46003,46003,False,True,,EXPLAINED,UNCHANGED,
waterways,nhd-117797851,nhd-117797851,117797851,117797851,Watson Park Creek,Watson Park Creek,460,460,46006,46006,False,True,,EXPLAINED,UNCHANGED,
waterways,nhd-117797909,nhd-117797909,117797909,117797909,Jackson Creek,Jackson Creek,460,460,46003,46003,False,True,,EXPLAINED,UNCHANGED,
waterways,nhd-117797923,nhd-117797923,117797923,117797923,Jackson Creek,Jackson Creek,460,460,46003,46003,False,True,,EXPLAINED,UNCHANGED,
waterways,nhd-117797933,nhd-117797933,117797933,117797933,Jackson Creek,Jackson Creek,460,460,46003,46003,False,True,,EXPLAINED,UNCHANGED,
waterways,nhd-117797969,nhd-117797969,117797969,117797969,Jackson Creek,Jackson Creek,460,460,46003,46003,False,True,,EXPLAINED,UNCHANGED,
waterways,nhd-117797975,nhd-117797975,117797975,117797975,Bear Creek,Bear Creek,460,460,46006,46006,False,True,,EXPLAINED,UNCHANGED,
waterways,nhd-117797999,nhd-117797999,117797999,117797999,Bear Creek,Bear Creek,460,460,46006,46006,False,True,,EXPLAINED,UNCHANGED,
waterways,nhd-117798019,nhd-117798019,117798019,117798019,Bear Creek,Bear Creek,460,460,46006,46006,False,True,,EXPLAINED,UNCHANGED,
waterways,nhd-117798025,nhd-117798025,117798025,117798025,Bear Creek,Bear Creek,460,460,46006,46006,False,True,,EXPLAINED,UNCHANGED,
waterways,nhd-117798033,nhd-117798033,117798033,117798033,Watson Park Creek,Watson Park Creek,460,460,46003,46003,False,True,,EXPLAINED,UNCHANGED,
waterways,nhd-117798043,nhd-117798043,117798043,117798043,Bear Creek,Bear Creek,460,460,46006,46006,False,True,,EXPLAINED,UNCHANGED,
waterways,nhd-117798045,nhd-117798045,117798045,117798045,Watson Park Creek,Watson Park Creek,460,460,46003,46003,False,True,,EXPLAINED,UNCHANGED,
waterways,nhd-117798059,nhd-117798059,117798059,117798059,Watson Park Creek,Watson Park Creek,460,460,46003,46003,False,True,,EXPLAINED,UNCHANGED,
waterways,nhd-117798067,nhd-117798067,117798067,117798067,Watson Park Creek,Watson Park Creek,460,460,46003,46003,False,True,,EXPLAINED,UNCHANGED,
waterways,nhd-117798115,nhd-117798115,117798115,117798115,Watson Park Creek,Watson Park Creek,460,460,46003,46003,False,True,,EXPLAINED,UNCHANGED,
waterways,nhd-117798119,nhd-117798119,117798119,117798119,Watson Park Creek,Watson Park Creek,460,460,46003,46003,False,True,,EXPLAINED,UNCHANGED,
waterways,nhd-117798149,nhd-117798149,117798149,117798149,Bear Creek,Bear Creek,460,460,46006,46006,False,True,,EXPLAINED,UNCHANGED,
waterways,nhd-117798151,nhd-117798151,117798151,117798151,Eagle Creek,Eagle Creek,460,460,46003,46003,False,True,,EXPLAINED,UNCHANGED,
waterways,nhd-117798157,nhd-117798157,117798157,117798157,Bear Creek,Bear Creek,460,460,46006,46006,False,True,,EXPLAINED,UNCHANGED,
waterways,nhd-117798169,nhd-117798169,117798169,117798169,Bear Creek,Bear Creek,460,460,46006,46006,False,True,,EXPLAINED,UNCHANGED,
waterways,nhd-117798181,nhd-117798181,117798181,117798181,Bear Creek,Bear Creek,460,460,46006,46006,False,True,,EXPLAINED,UNCHANGED,
waterways,nhd-117798385,nhd-117798385,117798385,117798385,Eagle Creek,Eagle Creek,460,460,46006,46006,False,True,,EXPLAINED,UNCHANGED,
waterways,nhd-117798391,nhd-117798391,117798391,117798391,Bear Creek,Bear Creek,460,460,46006,46006,False,True,,EXPLAINED,UNCHANGED,
waterways,nhd-117798395,nhd-117798395,117798395,117798395,Eagle Creek,Eagle Creek,460,460,46006,46006,False,True,,EXPLAINED,UNCHANGED,
waterways,nhd-117798403,nhd-117798403,117798403,117798403,Bear Creek,Bear Creek,460,460,46006,46006,False,True,,EXPLAINED,UNCHANGED,
waterways,nhd-117798413,nhd-117798413,117798413,117798413,Eagle Creek,Eagle Creek,460,460,46006,46006,False,True,,EXPLAINED,UNCHANGED,
waterways,nhd-117798435,nhd-117798435,117798435,117798435,Bear Creek,Bear Creek,460,460,46006,46006,False,True,,EXPLAINED,UNCHANGED,
waterways,nhd-117798451,nhd-117798451,117798451,117798451,Stark Creek,Stark Creek,460,460,46006,46006,False,True,,EXPLAINED,UNCHANGED,
waterways,nhd-117798465,nhd-117798465,117798465,117798465,Eagle Creek,Eagle Creek,460,460,46006,46006,False,True,,EXPLAINED,UNCHANGED,
waterways,nhd-117798487,nhd-117798487,117798487,117798487,Bear Creek,Bear Creek,460,460,46006,46006,False,True,,EXPLAINED,UNCHANGED,
waterways,nhd-117798495,nhd-117798495,117798495,117798495,Stark Creek,Stark Creek,460,460,46006,46006,False,True,,EXPLAINED,UNCHANGED,
waterways,nhd-117798553,nhd-117798553,117798553,117798553,Eagle Creek,Eagle Creek,460,460,46006,46006,False,True,,EXPLAINED,UNCHANGED,
waterways,nhd-117798601,nhd-117798601,117798601,117798601,Stark Creek,Stark Creek,460,460,46006,46006,False,True,,EXPLAINED,UNCHANGED,
waterways,nhd-117798683,nhd-117798683,117798683,117798683,Stark Creek,Stark Creek,460,460,46006,46006,False,True,,EXPLAINED,UNCHANGED,
waterways,nhd-117798841,nhd-117798841,117798841,117798841,Stark Creek,Stark Creek,460,460,46006,46006,False,True,,EXPLAINED,UNCHANGED,
waterways,nhd-117798963,nhd-117798963,117798963,117798963,Stark Creek,Stark Creek,460,460,46006,46006,False,True,,EXPLAINED,UNCHANGED,
waterways,nhd-117799031,nhd-117799031,117799031,117799031,Stark Creek,Stark Creek,460,460,46006,46006,False,True,,EXPLAINED,UNCHANGED,
waterways,nhd-117799075,nhd-117799075,117799075,117799075,Stark Creek,Stark Creek,460,460,46003,46003,False,True,,EXPLAINED,UNCHANGED,
waterways,nhd-117799093,nhd-117799093,117799093,117799093,Stark Creek,Stark Creek,460,460,46003,46003,False,True,,EXPLAINED,UNCHANGED,
waterways,nhd-117799099,nhd-117799099,117799099,117799099,Stark Creek,Stark Creek,460,460,46003,46003,False,True,,EXPLAINED,UNCHANGED,
waterways,nhd-117799137,nhd-117799137,117799137,117799137,Stark Creek,Stark Creek,460,460,46003,46003,False,True,,EXPLAINED,UNCHANGED,
waterways,nhd-117799147,nhd-117799147,117799147,117799147,Trout Creek,Trout Creek,460,460,46006,46006,False,True,,EXPLAINED,UNCHANGED,
waterways,nhd-117799175,nhd-117799175,117799175,117799175,Gove Creek,Gove Creek,460,460,46003,46003,False,True,,EXPLAINED,UNCHANGED,
waterways,nhd-117799201,nhd-117799201,117799201,117799201,Fern Creek,Fern Creek,460,460,46006,46006,False,True,,EXPLAINED,UNCHANGED,
waterways,nhd-117799209,nhd-117799209,117799209,117799209,Gove Creek,Gove Creek,460,460,46003,46003,False,True,,EXPLAINED,UNCHANGED,
waterways,nhd-117799217,nhd-117799217,117799217,117799217,Gove Creek,Gove Creek,460,460,46003,46003,False,True,,EXPLAINED,UNCHANGED,
waterways,nhd-117799243,nhd-117799243,117799243,117799243,Trout Creek,Trout Creek,460,460,46006,46006,False,True,,EXPLAINED,UNCHANGED,
waterways,nhd-117799255,nhd-117799255,117799255,117799255,Fern Creek,Fern Creek,460,460,46006,46006,False,True,,EXPLAINED,UNCHANGED,
waterways,nhd-117799259,nhd-117799259,117799259,117799259,Fern Creek,Fern Creek,460,460,46006,46006,False,True,,EXPLAINED,UNCHANGED,
waterways,nhd-117799275,nhd-117799275,117799275,117799275,Gove Creek,Gove Creek,460,460,46003,46003,False,True,,EXPLAINED,UNCHANGED,
waterways,nhd-117799279,nhd-117799279,117799279,117799279,Fern Creek,Fern Creek,460,460,46006,46006,False,True,,EXPLAINED,UNCHANGED,
waterways,nhd-117799281,nhd-117799281,117799281,117799281,Fern Creek,Fern Creek,460,460,46006,46006,False,True,,EXPLAINED,UNCHANGED,
waterways,nhd-117799297,nhd-117799297,117799297,117799297,Fern Creek,Fern Creek,460,460,46003,46003,False,True,,EXPLAINED,UNCHANGED,
waterways,nhd-117799301,nhd-117799301,117799301,117799301,Fern Creek,Fern Creek,460,460,46006,46006,False,True,,EXPLAINED,UNCHANGED,
waterways,nhd-117799311,nhd-117799311,117799311,117799311,Fern Creek,Fern Creek,460,460,46003,46003,False,True,,EXPLAINED,UNCHANGED,
waterways,nhd-117799331,nhd-117799331,117799331,117799331,Fern Creek,Fern Creek,460,460,46006,46006,False,True,,EXPLAINED,UNCHANGED,
waterways,nhd-117799363,nhd-117799363,117799363,117799363,Fern Creek,Fern Creek,460,460,46006,46006,False,True,,EXPLAINED,UNCHANGED,
waterways,nhd-117799377,nhd-117799377,117799377,117799377,Fern Creek,Fern Creek,460,460,46006,46006,False,True,,EXPLAINED,UNCHANGED,
waterways,nhd-117799385,nhd-117799385,117799385,117799385,Trout Creek,Trout Creek,460,460,46006,46006,False,True,,EXPLAINED,UNCHANGED,
waterways,nhd-117799415,nhd-117799415,117799415,117799415,Fern Creek,Fern Creek,460,460,46006,46006,False,True,,EXPLAINED,UNCHANGED,
waterways,nhd-117799445,nhd-117799445,117799445,117799445,Fern Creek,Fern Creek,460,460,46006,46006,False,True,,EXPLAINED,UNCHANGED,
waterways,nhd-117799483,nhd-117799483,117799483,117799483,Trout Creek,Trout Creek,460,460,46006,46006,False,True,,EXPLAINED,UNCHANGED,
waterways,nhd-117799485,nhd-117799485,117799485,117799485,Fern Creek,Fern Creek,460,460,46006,46006,False,True,,EXPLAINED,UNCHANGED,
waterways,nhd-117799511,nhd-117799511,117799511,117799511,Trout Creek,Trout Creek,460,460,46006,46006,False,True,,EXPLAINED,UNCHANGED,
waterways,nhd-117799603,nhd-117799603,117799603,117799603,Trout Creek,Trout Creek,460,460,46006,46006,False,True,,EXPLAINED,UNCHANGED,
waterways,nhd-117799707,nhd-117799707,117799707,117799707,East Plum Creek,East Plum Creek,460,460,46006,46006,False,True,,EXPLAINED,UNCHANGED,
waterways,nhd-117799711,nhd-117799711,117799711,117799711,East Plum Creek,East Plum Creek,460,460,46006,46006,False,True,,EXPLAINED,UNCHANGED,
waterways,nhd-117799717,nhd-117799717,117799717,117799717,East Plum Creek,East Plum Creek,460,460,46006,46006,False,True,,EXPLAINED,UNCHANGED,
waterways,nhd-117799743,nhd-117799743,117799743,117799743,Trout Creek,Trout Creek,460,460,46006,46006,False,True,,EXPLAINED,UNCHANGED,
waterways,nhd-117799759,nhd-117799759,117799759,117799759,East Plum Creek,East Plum Creek,460,460,46006,46006,False,True,,EXPLAINED,UNCHANGED,
waterways,nhd-117799763,nhd-117799763,117799763,117799763,Trout Creek,Trout Creek,460,460,46006,46006,False,True,,EXPLAINED,UNCHANGED,
waterways,nhd-117799777,nhd-117799777,117799777,117799777,East Plum Creek,East Plum Creek,460,460,46006,46006,False,True,,EXPLAINED,UNCHANGED,
waterways,nhd-117799865,nhd-117799865,117799865,117799865,East Plum Creek,East Plum Creek,460,460,46006,46006,False,True,,EXPLAINED,UNCHANGED,
waterways,nhd-117799911,nhd-117799911,117799911,117799911,East Plum Creek,East Plum Creek,460,460,46006,46006,False,True,,EXPLAINED,UNCHANGED,
waterways,nhd-117799915,nhd-117799915,117799915,117799915,East Plum Creek,East Plum Creek,460,460,46006,46006,True,False,,NOT EXPLAINED,UNEXPLAINED_GEOMETRY_CHANGE,changed_source_fields_or_geometry
waterways,nhd-117799923,nhd-117799923,117799923,117799923,Trout Creek,Trout Creek,460,460,46006,46006,False,True,,EXPLAINED,UNCHANGED,
waterways,nhd-117799993,nhd-117799993,117799993,117799993,Trout Creek,Trout Creek,460,460,46006,46006,True,False,,NOT EXPLAINED,UNEXPLAINED_GEOMETRY_CHANGE,changed_source_fields_or_geometry
waterways,,nhd-117799995,,117799995,,Trout Creek,,460,,46006,False,False,,EXPLAINED,ADDED_IN_STRIP,
waterways,nhd-117800033,nhd-117800033,117800033,117800033,Trout Creek,Trout Creek,558,558,55800,55800,False,True,,EXPLAINED,UNCHANGED,
waterways,nhd-117800037,nhd-117800037,117800037,117800037,Trout Creek,Trout Creek,558,558,55800,55800,False,True,,EXPLAINED,UNCHANGED,
waterways,nhd-117800039,nhd-117800039,117800039,117800039,Trout Creek,Trout Creek,558,558,55800,55800,False,True,,EXPLAINED,UNCHANGED,
waterways,nhd-117800043,nhd-117800043,117800043,117800043,Trout Creek,Trout Creek,558,558,55800,55800,False,True,,EXPLAINED,UNCHANGED,
waterways,nhd-117800049,nhd-117800049,117800049,117800049,Trout Creek,Trout Creek,558,558,55800,55800,False,True,,EXPLAINED,UNCHANGED,
waterways,nhd-117800053,nhd-117800053,117800053,117800053,Watson Park Creek,Watson Park Creek,558,558,55800,55800,False,True,,EXPLAINED,UNCHANGED,
waterways,nhd-117800055,nhd-117800055,117800055,117800055,Watson Park Creek,Watson Park Creek,558,558,55800,55800,False,True,,EXPLAINED,UNCHANGED,
waterways,nhd-117800059,nhd-117800059,117800059,117800059,Jackson Creek,Jackson Creek,558,558,55800,55800,False,True,,EXPLAINED,UNCHANGED,
waterways,nhd-117800061,nhd-117800061,117800061,117800061,Jackson Creek,Jackson Creek,558,558,55800,55800,False,True,,EXPLAINED,UNCHANGED,
waterways,nhd-117800067,nhd-117800067,117800067,117800067,Jackson Creek,Jackson Creek,558,558,55800,55800,False,True,,EXPLAINED,UNCHANGED,
waterways,nhd-117800069,nhd-117800069,117800069,117800069,Stark Creek,Stark Creek,558,558,55800,55800,False,True,,EXPLAINED,UNCHANGED,
waterways,nhd-117800073,nhd-117800073,117800073,117800073,Stark Creek,Stark Creek,558,558,55800,55800,False,True,,EXPLAINED,UNCHANGED,
waterways,nhd-117800075,nhd-117800075,117800075,117800075,Stark Creek,Stark Creek,558,558,55800,55800,False,True,,EXPLAINED,UNCHANGED,
waterways,nhd-117800531,nhd-117800531,117800531,117800531,West Plum Creek,West Plum Creek,460,460,46006,46006,False,True,,EXPLAINED,UNCHANGED,
waterways,nhd-117800533,nhd-117800533,117800533,117800533,West Plum Creek,West Plum Creek,460,460,46006,46006,False,True,,EXPLAINED,UNCHANGED,
waterways,nhd-117800547,nhd-117800547,117800547,117800547,Garber Creek,Garber Creek,460,460,46006,46006,False,True,,EXPLAINED,UNCHANGED,
waterways,nhd-117800549,nhd-117800549,117800549,117800549,Garber Creek,Garber Creek,460,460,46006,46006,False,True,,EXPLAINED,UNCHANGED,
waterways,nhd-117800561,nhd-117800561,117800561,117800561,Garber Creek,Garber Creek,460,460,46006,46006,False,True,,EXPLAINED,UNCHANGED,
waterways,nhd-117800567,nhd-117800567,117800567,117800567,Garber Creek,Garber Creek,460,460,46006,46006,False,True,,EXPLAINED,UNCHANGED,
waterways,nhd-117800579,nhd-117800579,117800579,117800579,West Plum Creek,West Plum Creek,460,460,46006,46006,False,True,,EXPLAINED,UNCHANGED,
waterways,nhd-117800581,nhd-117800581,117800581,117800581,Garber Creek,Garber Creek,460,460,46006,46006,False,True,,EXPLAINED,UNCHANGED,
waterways,nhd-117800583,nhd-117800583,117800583,117800583,West Plum Creek,West Plum Creek,460,460,46006,46006,False,True,,EXPLAINED,UNCHANGED,
waterways,nhd-117800585,nhd-117800585,117800585,117800585,Garber Creek,Garber Creek,460,460,46006,46006,False,True,,EXPLAINED,UNCHANGED,
waterways,nhd-117800595,nhd-117800595,117800595,117800595,Garber Creek,Garber Creek,460,460,46006,46006,False,True,,EXPLAINED,UNCHANGED,
waterways,nhd-117800653,nhd-117800653,117800653,117800653,West Plum Creek,West Plum Creek,460,460,46006,46006,False,True,,EXPLAINED,UNCHANGED,
waterways,nhd-117800685,nhd-117800685,117800685,117800685,West Plum Creek,West Plum Creek,460,460,46006,46006,False,True,,EXPLAINED,UNCHANGED,
waterways,nhd-117800711,nhd-117800711,117800711,117800711,West Plum Creek,West Plum Creek,460,460,46006,46006,False,True,,EXPLAINED,UNCHANGED,
waterways,nhd-117800725,nhd-117800725,117800725,117800725,Jackson Creek,Jackson Creek,460,460,46006,46006,False,True,,EXPLAINED,UNCHANGED,
waterways,nhd-117800727,nhd-117800727,117800727,117800727,West Plum Creek,West Plum Creek,460,460,46006,46006,False,True,,EXPLAINED,UNCHANGED,
waterways,nhd-117800751,nhd-117800751,117800751,117800751,Jackson Creek,Jackson Creek,460,460,46006,46006,False,True,,EXPLAINED,UNCHANGED,
waterways,nhd-117800753,nhd-117800753,117800753,117800753,Jackson Creek,Jackson Creek,460,460,46006,46006,False,True,,EXPLAINED,UNCHANGED,
waterways,nhd-117800765,nhd-117800765,117800765,117800765,Jackson Creek,Jackson Creek,460,460,46006,46006,False,True,,EXPLAINED,UNCHANGED,
waterways,nhd-117800779,nhd-117800779,117800779,117800779,Jackson Creek,Jackson Creek,460,460,46006,46006,False,True,,EXPLAINED,UNCHANGED,
waterways,nhd-117800803,nhd-117800803,117800803,117800803,West Plum Creek,West Plum Creek,460,460,46006,46006,False,True,,EXPLAINED,UNCHANGED,
waterways,nhd-117800829,nhd-117800829,117800829,117800829,West Plum Creek,West Plum Creek,460,460,46006,46006,False,True,,EXPLAINED,UNCHANGED,
waterways,nhd-117800847,nhd-117800847,117800847,117800847,West Plum Creek,West Plum Creek,460,460,46006,46006,False,True,,EXPLAINED,UNCHANGED,
waterways,nhd-117800851,nhd-117800851,117800851,117800851,West Plum Creek,West Plum Creek,460,460,46006,46006,False,True,,EXPLAINED,UNCHANGED,
waterways,nhd-117800875,nhd-117800875,117800875,117800875,West Plum Creek,West Plum Creek,460,460,46006,46006,False,True,,EXPLAINED,UNCHANGED,
waterways,nhd-117800891,nhd-117800891,117800891,117800891,West Plum Creek,West Plum Creek,460,460,46006,46006,False,True,,EXPLAINED,UNCHANGED,
waterways,nhd-117800905,nhd-117800905,117800905,117800905,West Plum Creek,West Plum Creek,460,460,46006,46006,False,True,,EXPLAINED,UNCHANGED,
waterways,nhd-117800921,nhd-117800921,117800921,117800921,East Plum Creek,East Plum Creek,460,460,46006,46006,False,True,,EXPLAINED,UNCHANGED,
waterways,nhd-117800929,nhd-117800929,117800929,117800929,East Plum Creek,East Plum Creek,460,460,46006,46006,False,True,,EXPLAINED,UNCHANGED,
waterways,nhd-117800939,nhd-117800939,117800939,117800939,West Plum Creek,West Plum Creek,460,460,46006,46006,False,True,,EXPLAINED,UNCHANGED,
waterways,nhd-117800941,nhd-117800941,117800941,117800941,West Plum Creek,West Plum Creek,460,460,46006,46006,False,True,,EXPLAINED,UNCHANGED,
waterways,nhd-117800955,nhd-117800955,117800955,117800955,East Plum Creek,East Plum Creek,460,460,46006,46006,False,True,,EXPLAINED,UNCHANGED,
waterways,nhd-117800975,nhd-117800975,117800975,117800975,West Plum Creek,West Plum Creek,460,460,46006,46006,False,True,,EXPLAINED,UNCHANGED,
waterways,nhd-117800977,nhd-117800977,117800977,117800977,East Plum Creek,East Plum Creek,460,460,46006,46006,False,True,,EXPLAINED,UNCHANGED,
waterways,nhd-117801009,nhd-117801009,117801009,117801009,West Plum Creek,West Plum Creek,460,460,46006,46006,False,True,,EXPLAINED,UNCHANGED,
waterways,nhd-117801017,nhd-117801017,117801017,117801017,East Plum Creek,East Plum Creek,460,460,46006,46006,False,True,,EXPLAINED,UNCHANGED,
waterways,nhd-117801023,nhd-117801023,117801023,117801023,West Plum Creek,West Plum Creek,460,460,46006,46006,False,True,,EXPLAINED,UNCHANGED,
waterways,nhd-117801039,nhd-117801039,117801039,117801039,East Plum Creek,East Plum Creek,460,460,46006,46006,False,True,,EXPLAINED,UNCHANGED,
waterways,nhd-117801051,nhd-117801051,117801051,117801051,Spring Creek,Spring Creek,460,460,46006,46006,False,True,,EXPLAINED,UNCHANGED,
waterways,nhd-117801057,nhd-117801057,117801057,117801057,Spring Creek,Spring Creek,460,460,46006,46006,False,True,,EXPLAINED,UNCHANGED,
waterways,nhd-117801063,nhd-117801063,117801063,117801063,Spring Creek,Spring Creek,460,460,46006,46006,False,True,,EXPLAINED,UNCHANGED,
waterways,nhd-117801065,nhd-117801065,117801065,117801065,Spring Creek,Spring Creek,460,460,46006,46006,False,True,,EXPLAINED,UNCHANGED,
waterways,nhd-117801071,nhd-117801071,117801071,117801071,Spring Creek,Spring Creek,460,460,46006,46006,False,True,,EXPLAINED,UNCHANGED,
waterways,nhd-117801097,nhd-117801097,117801097,117801097,West Plum Creek,West Plum Creek,460,460,46006,46006,False,True,,EXPLAINED,UNCHANGED,
waterways,nhd-117801101,nhd-117801101,117801101,117801101,East Plum Creek,East Plum Creek,460,460,46006,46006,False,True,,EXPLAINED,UNCHANGED,
waterways,nhd-117801115,nhd-117801115,117801115,117801115,West Plum Creek,West Plum Creek,460,460,46006,46006,False,True,,EXPLAINED,UNCHANGED,
waterways,nhd-117801119,nhd-117801119,117801119,117801119,East Plum Creek,East Plum Creek,460,460,46006,46006,False,True,,EXPLAINED,UNCHANGED,
waterways,nhd-117801133,nhd-117801133,117801133,117801133,East Plum Creek,East Plum Creek,460,460,46006,46006,False,True,,EXPLAINED,UNCHANGED,
waterways,nhd-117801135,nhd-117801135,117801135,117801135,East Plum Creek,East Plum Creek,460,460,46006,46006,False,True,,EXPLAINED,UNCHANGED,
waterways,nhd-117801157,nhd-117801157,117801157,117801157,West Plum Creek,West Plum Creek,460,460,46006,46006,False,True,,EXPLAINED,UNCHANGED,
waterways,nhd-117801161,nhd-117801161,117801161,117801161,West Plum Creek,West Plum Creek,460,460,46006,46006,False,True,,EXPLAINED,UNCHANGED,
waterways,nhd-117801177,nhd-117801177,117801177,117801177,East Plum Creek,East Plum Creek,460,460,46006,46006,False,True,,EXPLAINED,UNCHANGED,
waterways,nhd-117801185,nhd-117801185,117801185,117801185,Bear Creek,Bear Creek,460,460,46006,46006,False,True,,EXPLAINED,UNCHANGED,
waterways,nhd-117801195,nhd-117801195,117801195,117801195,East Plum Creek,East Plum Creek,460,460,46006,46006,False,True,,EXPLAINED,UNCHANGED,
waterways,nhd-117801197,nhd-117801197,117801197,117801197,Bear Creek,Bear Creek,460,460,46006,46006,False,True,,EXPLAINED,UNCHANGED,
waterways,nhd-117801211,nhd-117801211,117801211,117801211,East Plum Creek,East Plum Creek,460,460,46006,46006,False,True,,EXPLAINED,UNCHANGED,
waterways,nhd-117801235,nhd-117801235,117801235,117801235,East Plum Creek,East Plum Creek,460,460,46006,46006,False,True,,EXPLAINED,UNCHANGED,
waterways,nhd-117801281,nhd-117801281,117801281,117801281,West Plum Creek,West Plum Creek,460,460,46006,46006,False,True,,EXPLAINED,UNCHANGED,
waterways,nhd-117801283,nhd-117801283,117801283,117801283,East Plum Creek,East Plum Creek,460,460,46006,46006,False,True,,EXPLAINED,UNCHANGED,
waterways,nhd-117801287,nhd-117801287,117801287,117801287,East Plum Creek,East Plum Creek,460,460,46006,46006,False,True,,EXPLAINED,UNCHANGED,
waterways,nhd-117801293,nhd-117801293,117801293,117801293,West Plum Creek,West Plum Creek,460,460,46006,46006,False,True,,EXPLAINED,UNCHANGED,
waterways,nhd-117801307,nhd-117801307,117801307,117801307,West Plum Creek,West Plum Creek,460,460,46006,46006,False,True,,EXPLAINED,UNCHANGED,
waterways,nhd-117801321,nhd-117801321,117801321,117801321,East Plum Creek,East Plum Creek,460,460,46006,46006,False,True,,EXPLAINED,UNCHANGED,
waterways,nhd-117801327,nhd-117801327,117801327,117801327,Bear Creek,Bear Creek,460,460,46006,46006,False,True,,EXPLAINED,UNCHANGED,
waterways,nhd-117801335,nhd-117801335,117801335,117801335,Pleasant Park Ditch,Pleasant Park Ditch,336,336,33600,33600,False,True,,EXPLAINED,UNCHANGED,
waterways,nhd-117801339,nhd-117801339,117801339,117801339,East Plum Creek,East Plum Creek,460,460,46006,46006,False,True,,EXPLAINED,UNCHANGED,
waterways,nhd-117801353,nhd-117801353,117801353,117801353,West Plum Creek,West Plum Creek,460,460,46006,46006,False,True,,EXPLAINED,UNCHANGED,
waterways,nhd-117801363,nhd-117801363,117801363,117801363,West Plum Creek,West Plum Creek,460,460,46006,46006,False,True,,EXPLAINED,UNCHANGED,
waterways,nhd-117801369,nhd-117801369,117801369,117801369,East Plum Creek,East Plum Creek,460,460,46006,46006,False,True,,EXPLAINED,UNCHANGED,
waterways,nhd-117801371,nhd-117801371,117801371,117801371,Bear Creek,Bear Creek,460,460,46006,46006,False,True,,EXPLAINED,UNCHANGED,
waterways,nhd-117801377,nhd-117801377,117801377,117801377,Bear Creek,Bear Creek,460,460,46006,46006,False,True,,EXPLAINED,UNCHANGED,
waterways,nhd-117801399,nhd-117801399,117801399,117801399,East Plum Creek,East Plum Creek,460,460,46006,46006,False,True,,EXPLAINED,UNCHANGED,
waterways,nhd-117801411,nhd-117801411,117801411,117801411,Bear Creek,Bear Creek,460,460,46006,46006,False,True,,EXPLAINED,UNCHANGED,
waterways,nhd-117801429,nhd-117801429,117801429,117801429,Bear Creek,Bear Creek,460,460,46006,46006,False,True,,EXPLAINED,UNCHANGED,
waterways,nhd-117801437,nhd-117801437,117801437,117801437,East Plum Creek,East Plum Creek,460,460,46006,46006,False,True,,EXPLAINED,UNCHANGED,
waterways,nhd-117801441,nhd-117801441,117801441,117801441,West Plum Creek,West Plum Creek,460,460,46006,46006,False,True,,EXPLAINED,UNCHANGED,
waterways,nhd-117801443,nhd-117801443,117801443,117801443,West Plum Creek,West Plum Creek,460,460,46006,46006,False,True,,EXPLAINED,UNCHANGED,
waterways,nhd-117801453,nhd-117801453,117801453,117801453,West Plum Creek,West Plum Creek,460,460,46006,46006,False,True,,EXPLAINED,UNCHANGED,
waterways,nhd-117801457,nhd-117801457,117801457,117801457,Benjamin Quick Ditch,Benjamin Quick Ditch,336,336,33600,33600,False,True,,EXPLAINED,UNCHANGED,
waterways,nhd-117801463,nhd-117801463,117801463,117801463,West Plum Creek,West Plum Creek,460,460,46006,46006,False,True,,EXPLAINED,UNCHANGED,
waterways,nhd-117801477,nhd-117801477,117801477,117801477,Bear Creek,Bear Creek,460,460,46006,46006,False,True,,EXPLAINED,UNCHANGED,
waterways,nhd-117801497,nhd-117801497,117801497,117801497,Benjamin Quick Ditch,Benjamin Quick Ditch,336,336,33600,33600,False,True,,EXPLAINED,UNCHANGED,
waterways,nhd-117801515,nhd-117801515,117801515,117801515,Benjamin Quick Ditch,Benjamin Quick Ditch,336,336,33600,33600,False,True,,EXPLAINED,UNCHANGED,
waterways,nhd-117801517,nhd-117801517,117801517,117801517,West Plum Creek,West Plum Creek,460,460,46006,46006,False,True,,EXPLAINED,UNCHANGED,
waterways,nhd-117801519,nhd-117801519,117801519,117801519,West Plum Creek,West Plum Creek,460,460,46006,46006,False,True,,EXPLAINED,UNCHANGED,
waterways,nhd-117801521,nhd-117801521,117801521,117801521,West Plum Creek,West Plum Creek,460,460,46006,46006,False,True,,EXPLAINED,UNCHANGED,
waterways,nhd-117801525,nhd-117801525,117801525,117801525,East Plum Creek,East Plum Creek,460,460,46006,46006,False,True,,EXPLAINED,UNCHANGED,
waterways,nhd-117801527,nhd-117801527,117801527,117801527,West Plum Creek,West Plum Creek,460,460,46006,46006,False,True,,EXPLAINED,UNCHANGED,
waterways,nhd-117801727,nhd-117801727,117801727,117801727,Bear Creek,Bear Creek,558,558,55800,55800,False,True,,EXPLAINED,UNCHANGED,
waterways,nhd-117801729,nhd-117801729,117801729,117801729,Bear Creek,Bear Creek,558,558,55800,55800,False,True,,EXPLAINED,UNCHANGED,
waterways,nhd-117801733,nhd-117801733,117801733,117801733,Bear Creek,Bear Creek,558,558,55800,55800,False,True,,EXPLAINED,UNCHANGED,
waterways,nhd-117801735,nhd-117801735,117801735,117801735,Pleasant Park Ditch,Pleasant Park Ditch,558,558,55800,55800,False,True,,EXPLAINED,UNCHANGED,
waterways,nhd-117801765,nhd-117801765,117801765,117801765,Bear Creek,Bear Creek,558,558,55800,55800,False,True,,EXPLAINED,UNCHANGED,
waterways,nhd-117801769,nhd-117801769,117801769,117801769,Bear Creek,Bear Creek,558,558,55800,55800,False,True,,EXPLAINED,UNCHANGED,
waterways,nhd-117801773,nhd-117801773,117801773,117801773,Bear Creek,Bear Creek,558,558,55800,55800,False,True,,EXPLAINED,UNCHANGED,
waterways,nhd-117801777,nhd-117801777,117801777,117801777,Bear Creek,Bear Creek,558,558,55800,55800,False,True,,EXPLAINED,UNCHANGED,
waterways,nhd-117801781,nhd-117801781,117801781,117801781,Bear Creek,Bear Creek,558,558,55800,55800,False,True,,EXPLAINED,UNCHANGED,
waterways,nhd-117801785,nhd-117801785,117801785,117801785,Bear Creek,Bear Creek,558,558,55800,55800,False,True,,EXPLAINED,UNCHANGED,
waterways,nhd-117801787,nhd-117801787,117801787,117801787,Bear Creek,Bear Creek,558,558,55800,55800,False,True,,EXPLAINED,UNCHANGED,
waterways,nhd-117801831,nhd-117801831,117801831,117801831,Spring Creek,Spring Creek,558,558,55800,55800,False,True,,EXPLAINED,UNCHANGED,
waterways,nhd-117802345,nhd-117802345,117802345,117802345,Pine Creek,Pine Creek,460,460,46006,46006,False,True,,EXPLAINED,UNCHANGED,
waterways,nhd-117802351,nhd-117802351,117802351,117802351,Pine Creek,Pine Creek,460,460,46006,46006,False,True,,EXPLAINED,UNCHANGED,
waterways,nhd-117802355,nhd-117802355,117802355,117802355,Pine Creek,Pine Creek,460,460,46006,46006,False,True,,EXPLAINED,UNCHANGED,
waterways,nhd-117802383,nhd-117802383,117802383,117802383,Pine Creek,Pine Creek,460,460,46006,46006,False,True,,EXPLAINED,UNCHANGED,
waterways,nhd-117802409,nhd-117802409,117802409,117802409,Pine Creek,Pine Creek,460,460,46006,46006,False,True,,EXPLAINED,UNCHANGED,
waterways,nhd-117802411,nhd-117802411,117802411,117802411,Pine Creek,Pine Creek,460,460,46006,46006,False,True,,EXPLAINED,UNCHANGED,
waterways,nhd-117802443,nhd-117802443,117802443,117802443,Pine Creek,Pine Creek,460,460,46006,46006,False,True,,EXPLAINED,UNCHANGED,
waterways,nhd-117802469,nhd-117802469,117802469,117802469,Pine Creek,Pine Creek,460,460,46006,46006,False,True,,EXPLAINED,UNCHANGED,
waterways,nhd-117802473,nhd-117802473,117802473,117802473,Pine Creek,Pine Creek,460,460,46006,46006,False,True,,EXPLAINED,UNCHANGED,
waterways,nhd-117802477,nhd-117802477,117802477,117802477,Pine Creek,Pine Creek,460,460,46006,46006,False,True,,EXPLAINED,UNCHANGED,
waterways,nhd-117803275,nhd-117803275,117803275,117803275,Sugar Creek,Sugar Creek,460,460,46006,46006,False,True,,EXPLAINED,UNCHANGED,
waterways,,nhd-117803341,,117803341,,Gunbarrel Creek,,460,,46006,False,False,,EXPLAINED,ADDED_IN_STRIP,
waterways,,nhd-117803349,,117803349,,Gunbarrel Creek,,460,,46006,False,False,,EXPLAINED,ADDED_IN_STRIP,
waterways,nhd-117803373,nhd-117803373,117803373,117803373,Sugar Creek,Sugar Creek,460,460,46006,46006,False,True,,EXPLAINED,UNCHANGED,
waterways,nhd-117803403,nhd-117803403,117803403,117803403,Sugar Creek,Sugar Creek,460,460,46006,46006,False,True,,EXPLAINED,UNCHANGED,
waterways,nhd-117803413,nhd-117803413,117803413,117803413,Sugar Creek,Sugar Creek,460,460,46006,46006,False,True,,EXPLAINED,UNCHANGED,
waterways,nhd-117803501,nhd-117803501,117803501,117803501,Deep Creek,Deep Creek,460,460,46003,46003,False,True,,EXPLAINED,UNCHANGED,
waterways,nhd-117803509,nhd-117803509,117803509,117803509,Deep Creek,Deep Creek,460,460,46003,46003,False,True,,EXPLAINED,UNCHANGED,
waterways,nhd-117803513,nhd-117803513,117803513,117803513,Deep Creek,Deep Creek,460,460,46003,46003,False,True,,EXPLAINED,UNCHANGED,
waterways,nhd-117803515,nhd-117803515,117803515,117803515,Sugar Creek,Sugar Creek,460,460,46006,46006,False,True,,EXPLAINED,UNCHANGED,
waterways,nhd-117803525,nhd-117803525,117803525,117803525,Sugar Creek,Sugar Creek,460,460,46006,46006,False,True,,EXPLAINED,UNCHANGED,
waterways,nhd-117803549,nhd-117803549,117803549,117803549,Sugar Creek,Sugar Creek,460,460,46006,46006,False,True,,EXPLAINED,UNCHANGED,
waterways,nhd-117803565,nhd-117803565,117803565,117803565,Sugar Creek,Sugar Creek,460,460,46006,46006,False,True,,EXPLAINED,UNCHANGED,
waterways,nhd-117803593,nhd-117803593,117803593,117803593,Sugar Creek,Sugar Creek,460,460,46006,46006,False,True,,EXPLAINED,UNCHANGED,
waterways,nhd-117803609,nhd-117803609,117803609,117803609,Sugar Creek,Sugar Creek,460,460,46006,46006,False,True,,EXPLAINED,UNCHANGED,
waterways,nhd-117803615,nhd-117803615,117803615,117803615,Sugar Creek,Sugar Creek,460,460,46006,46006,False,True,,EXPLAINED,UNCHANGED,
waterways,nhd-117803683,nhd-117803683,117803683,117803683,Deep Creek,Deep Creek,460,460,46003,46003,False,True,,EXPLAINED,UNCHANGED,
waterways,,nhd-117804471,,117804471,,Brush Creek,,460,,46006,False,False,,EXPLAINED,ADDED_IN_STRIP,
waterways,,nhd-117804577,,117804577,,Brush Creek,,460,,46006,False,False,,EXPLAINED,ADDED_IN_STRIP,
waterways,,nhd-117804583,,117804583,,Brush Creek,,460,,46006,False,False,,EXPLAINED,ADDED_IN_STRIP,
waterways,nhd-117804773,nhd-117804773,117804773,117804773,Horse Creek,Horse Creek,460,460,46006,46006,False,True,,EXPLAINED,UNCHANGED,
waterways,nhd-117804803,nhd-117804803,117804803,117804803,Horse Creek,Horse Creek,460,460,46006,46006,False,True,,EXPLAINED,UNCHANGED,
waterways,,nhd-117804887,,117804887,,Gunbarrel Creek,,558,,55800,False,False,,EXPLAINED,ADDED_IN_STRIP,
waterways,,nhd-117804889,,117804889,,South Platte River,,558,,55800,False,False,,EXPLAINED,ADDED_IN_STRIP,
waterways,nhd-117804895,nhd-117804895,117804895,117804895,South Platte River,South Platte River,558,558,55800,55800,True,False,,NOT EXPLAINED,UNEXPLAINED_GEOMETRY_CHANGE,changed_source_fields_or_geometry
waterways,,nhd-117804897,,117804897,,South Platte River,,558,,55800,False,False,,EXPLAINED,ADDED_IN_STRIP,
waterways,,nhd-117804899,,117804899,,South Platte River,,558,,55800,False,False,,EXPLAINED,ADDED_IN_STRIP,
waterways,,nhd-117804901,,117804901,,South Platte River,,558,,55800,False,False,,EXPLAINED,ADDED_IN_STRIP,
waterways,,nhd-117804911,,117804911,,South Platte River,,558,,55800,False,False,,EXPLAINED,ADDED_IN_STRIP,
waterways,,nhd-117804919,,117804919,,South Platte River,,558,,55800,False,False,,EXPLAINED,ADDED_IN_STRIP,
waterways,,nhd-117804921,,117804921,,South Platte River,,558,,55800,False,False,,EXPLAINED,ADDED_IN_STRIP,
waterways,,nhd-117804923,,117804923,,South Platte River,,558,,55800,False,False,,EXPLAINED,ADDED_IN_STRIP,
waterways,nhd-117804939,nhd-117804939,117804939,117804939,Pine Creek,Pine Creek,558,558,55800,55800,True,False,,NOT EXPLAINED,UNEXPLAINED_GEOMETRY_CHANGE,changed_source_fields_or_geometry
waterways,,nhd-117804945,,117804945,,South Platte River,,558,,55800,False,False,,EXPLAINED,ADDED_IN_STRIP,
waterways,,nhd-117804947,,117804947,,South Platte River,,558,,55800,False,False,,EXPLAINED,ADDED_IN_STRIP,
waterways,,nhd-117804949,,117804949,,South Platte River,,558,,55800,False,False,,EXPLAINED,ADDED_IN_STRIP,
waterways,,nhd-117804959,,117804959,,South Platte River,,558,,55800,False,False,,EXPLAINED,ADDED_IN_STRIP,
waterways,,nhd-117804961,,117804961,,South Platte River,,558,,55800,False,False,,EXPLAINED,ADDED_IN_STRIP,
waterways,,nhd-117804963,,117804963,,South Platte River,,558,,55800,False,False,,EXPLAINED,ADDED_IN_STRIP,
waterways,nhd-117804975,nhd-117804975,117804975,117804975,South Platte River,South Platte River,558,558,55800,55800,False,True,,EXPLAINED,UNCHANGED,
waterways,nhd-117804977,nhd-117804977,117804977,117804977,South Platte River,South Platte River,558,558,55800,55800,True,False,,NOT EXPLAINED,UNEXPLAINED_GEOMETRY_CHANGE,changed_source_fields_or_geometry
waterways,,nhd-117804979,,117804979,,South Platte River,,558,,55800,False,False,,EXPLAINED,ADDED_IN_STRIP,
waterways,,nhd-117804981,,117804981,,South Platte River,,558,,55800,False,False,,EXPLAINED,ADDED_IN_STRIP,
waterways,,nhd-117804983,,117804983,,South Platte River,,558,,55800,False,False,,EXPLAINED,ADDED_IN_STRIP,
waterways,,nhd-117804985,,117804985,,South Platte River,,558,,55800,False,False,,EXPLAINED,ADDED_IN_STRIP,
waterways,,nhd-117804995,,117804995,,South Platte River,,558,,55800,False,False,,EXPLAINED,ADDED_IN_STRIP,
waterways,,nhd-117804997,,117804997,,South Platte River,,558,,55800,False,False,,EXPLAINED,ADDED_IN_STRIP,
waterways,,nhd-117804999,,117804999,,South Platte River,,558,,55800,False,False,,EXPLAINED,ADDED_IN_STRIP,
waterways,,nhd-117805003,,117805003,,South Platte River,,558,,55800,False,False,,EXPLAINED,ADDED_IN_STRIP,
waterways,,nhd-117805005,,117805005,,South Platte River,,558,,55800,False,False,,EXPLAINED,ADDED_IN_STRIP,
waterways,,nhd-117805041,,117805041,,South Platte River,,558,,55800,False,False,,EXPLAINED,ADDED_IN_STRIP,
waterways,nhd-117805045,nhd-117805045,117805045,117805045,South Platte River,South Platte River,558,558,55800,55800,True,False,,NOT EXPLAINED,UNEXPLAINED_GEOMETRY_CHANGE,changed_source_fields_or_geometry
waterways,,nhd-117805055,,117805055,,South Platte River,,558,,55800,False,False,,EXPLAINED,ADDED_IN_STRIP,
waterways,nhd-117805057,nhd-117805057,117805057,117805057,Sugar Creek,Sugar Creek,558,558,55800,55800,True,False,,NOT EXPLAINED,UNEXPLAINED_GEOMETRY_CHANGE,changed_source_fields_or_geometry
waterways,,nhd-117805059,,117805059,,Gunbarrel Creek,,558,,55800,False,False,,EXPLAINED,ADDED_IN_STRIP,
waterways,,nhd-117805067,,117805067,,South Platte River,,558,,55800,False,False,,EXPLAINED,ADDED_IN_STRIP,
waterways,,nhd-117805071,,117805071,,South Platte River,,558,,55800,False,False,,EXPLAINED,ADDED_IN_STRIP,
waterways,,nhd-117805085,,117805085,,South Platte River,,558,,55800,False,False,,EXPLAINED,ADDED_IN_STRIP,
waterways,,nhd-117805093,,117805093,,South Platte River,,558,,55800,False,False,,EXPLAINED,ADDED_IN_STRIP,
waterways,,nhd-117805095,,117805095,,South Platte River,,558,,55800,False,False,,EXPLAINED,ADDED_IN_STRIP,
waterways,,nhd-117805097,,117805097,,South Platte River,,558,,55800,False,False,,EXPLAINED,ADDED_IN_STRIP,
waterways,nhd-117805101,nhd-117805101,117805101,117805101,South Platte River,South Platte River,558,558,55800,55800,True,False,,NOT EXPLAINED,UNEXPLAINED_GEOMETRY_CHANGE,changed_source_fields_or_geometry
waterways,,nhd-117805103,,117805103,,South Platte River,,558,,55800,False,False,,EXPLAINED,ADDED_IN_STRIP,
waterways,,nhd-117805105,,117805105,,South Platte River,,558,,55800,False,False,,EXPLAINED,ADDED_IN_STRIP,
waterways,nhd-117805109,nhd-117805109,117805109,117805109,South Platte River,South Platte River,558,558,55800,55800,True,False,,NOT EXPLAINED,UNEXPLAINED_GEOMETRY_CHANGE,changed_source_fields_or_geometry
waterways,,nhd-117805111,,117805111,,South Platte River,,558,,55800,False,False,,EXPLAINED,ADDED_IN_STRIP,
waterways,,nhd-117805113,,117805113,,South Platte River,,558,,55800,False,False,,EXPLAINED,ADDED_IN_STRIP,
waterways,,nhd-117805117,,117805117,,South Platte River,,558,,55800,False,False,,EXPLAINED,ADDED_IN_STRIP,
waterways,nhd-117805119,nhd-117805119,117805119,117805119,South Platte River,South Platte River,558,558,55800,55800,True,False,,NOT EXPLAINED,UNEXPLAINED_GEOMETRY_CHANGE,changed_source_fields_or_geometry
waterways,nhd-117805125,nhd-117805125,117805125,117805125,South Platte River,South Platte River,558,558,55800,55800,True,False,,NOT EXPLAINED,UNEXPLAINED_GEOMETRY_CHANGE,changed_source_fields_or_geometry
waterways,,nhd-117805127,,117805127,,South Platte River,,558,,55800,False,False,,EXPLAINED,ADDED_IN_STRIP,
waterways,,nhd-117805129,,117805129,,South Platte River,,558,,55800,False,False,,EXPLAINED,ADDED_IN_STRIP,
waterways,,nhd-117805131,,117805131,,South Platte River,,558,,55800,False,False,,EXPLAINED,ADDED_IN_STRIP,
waterways,nhd-117805135,nhd-117805135,117805135,117805135,South Platte River,South Platte River,558,558,55800,55800,False,True,,EXPLAINED,UNCHANGED,
waterways,,nhd-117805137,,117805137,,South Platte River,,558,,55800,False,False,,EXPLAINED,ADDED_IN_STRIP,
waterways,,nhd-117805183,,117805183,,Brush Creek,,558,,55800,False,False,,EXPLAINED,ADDED_IN_STRIP,
waterways,nhd-117805193,nhd-117805193,117805193,117805193,Horse Creek,Horse Creek,558,558,55800,55800,False,True,,EXPLAINED,UNCHANGED,
waterways,nhd-117805275,nhd-117805275,117805275,117805275,Bear Creek,Bear Creek,460,460,46006,46006,False,True,,EXPLAINED,UNCHANGED,
waterways,nhd-117805285,nhd-117805285,117805285,117805285,Bear Creek,Bear Creek,460,460,46006,46006,False,True,,EXPLAINED,UNCHANGED,
waterways,nhd-117805335,nhd-117805335,117805335,117805335,Jarre Creek,Jarre Creek,460,460,46003,46003,False,True,,EXPLAINED,UNCHANGED,
waterways,nhd-117805351,nhd-117805351,117805351,117805351,Jarre Creek,Jarre Creek,460,460,46003,46003,False,True,,EXPLAINED,UNCHANGED,
waterways,nhd-117805361,nhd-117805361,117805361,117805361,Jarre Creek,Jarre Creek,460,460,46003,46003,False,True,,EXPLAINED,UNCHANGED,
waterways,nhd-117805387,nhd-117805387,117805387,117805387,Garber Creek,Garber Creek,460,460,46006,46006,False,True,,EXPLAINED,UNCHANGED,
waterways,nhd-117805523,nhd-117805523,117805523,117805523,Bear Creek,Bear Creek,460,460,46006,46006,False,True,,EXPLAINED,UNCHANGED,
waterways,nhd-117805545,nhd-117805545,117805545,117805545,Bear Creek,Bear Creek,460,460,46006,46006,False,True,,EXPLAINED,UNCHANGED,
waterways,nhd-117805605,nhd-117805605,117805605,117805605,Garber Creek,Garber Creek,460,460,46006,46006,False,True,,EXPLAINED,UNCHANGED,
waterways,nhd-117805613,nhd-117805613,117805613,117805613,Garber Creek,Garber Creek,460,460,46006,46006,False,True,,EXPLAINED,UNCHANGED,
waterways,nhd-117805627,nhd-117805627,117805627,117805627,North Garber Creek,North Garber Creek,460,460,46006,46006,False,True,,EXPLAINED,UNCHANGED,
waterways,nhd-117805637,nhd-117805637,117805637,117805637,Garber Creek,Garber Creek,460,460,46006,46006,False,True,,EXPLAINED,UNCHANGED,
waterways,nhd-117805639,nhd-117805639,117805639,117805639,North Garber Creek,North Garber Creek,460,460,46006,46006,False,True,,EXPLAINED,UNCHANGED,
waterways,nhd-117805651,nhd-117805651,117805651,117805651,North Garber Creek,North Garber Creek,460,460,46006,46006,False,True,,EXPLAINED,UNCHANGED,
waterways,nhd-117805681,nhd-117805681,117805681,117805681,North Garber Creek,North Garber Creek,460,460,46006,46006,False,True,,EXPLAINED,UNCHANGED,
waterways,nhd-117805703,nhd-117805703,117805703,117805703,North Garber Creek,North Garber Creek,460,460,46006,46006,False,True,,EXPLAINED,UNCHANGED,
waterways,nhd-117805709,nhd-117805709,117805709,117805709,North Garber Creek,North Garber Creek,460,460,46006,46006,False,True,,EXPLAINED,UNCHANGED,
waterways,nhd-117805717,nhd-117805717,117805717,117805717,North Garber Creek,North Garber Creek,460,460,46006,46006,False,True,,EXPLAINED,UNCHANGED,
waterways,nhd-117805721,nhd-117805721,117805721,117805721,North Garber Creek,North Garber Creek,460,460,46006,46006,False,True,,EXPLAINED,UNCHANGED,
waterways,nhd-117805743,nhd-117805743,117805743,117805743,Middle Garber Creek,Middle Garber Creek,460,460,46006,46006,False,True,,EXPLAINED,UNCHANGED,
waterways,nhd-117805777,nhd-117805777,117805777,117805777,Pine Creek,Pine Creek,460,460,46006,46006,False,True,,EXPLAINED,UNCHANGED,
waterways,nhd-117805795,nhd-117805795,117805795,117805795,Middle Garber Creek,Middle Garber Creek,460,460,46006,46006,False,True,,EXPLAINED,UNCHANGED,
waterways,nhd-117805797,nhd-117805797,117805797,117805797,North Garber Creek,North Garber Creek,460,460,46006,46006,False,True,,EXPLAINED,UNCHANGED,
waterways,nhd-117805825,nhd-117805825,117805825,117805825,South Garber Creek,South Garber Creek,460,460,46006,46006,False,True,,EXPLAINED,UNCHANGED,
waterways,nhd-117805829,nhd-117805829,117805829,117805829,Middle Garber Creek,Middle Garber Creek,460,460,46006,46006,False,True,,EXPLAINED,UNCHANGED,
waterways,nhd-117805835,nhd-117805835,117805835,117805835,Pine Creek,Pine Creek,460,460,46006,46006,False,True,,EXPLAINED,UNCHANGED,
waterways,nhd-117805847,nhd-117805847,117805847,117805847,Pine Creek,Pine Creek,460,460,46006,46006,False,True,,EXPLAINED,UNCHANGED,
waterways,nhd-117805865,nhd-117805865,117805865,117805865,Pine Creek,Pine Creek,460,460,46006,46006,False,True,,EXPLAINED,UNCHANGED,
waterways,nhd-117805889,nhd-117805889,117805889,117805889,Pine Creek,Pine Creek,460,460,46006,46006,False,True,,EXPLAINED,UNCHANGED,
waterways,nhd-117805899,nhd-117805899,117805899,117805899,Pine Creek,Pine Creek,460,460,46006,46006,False,True,,EXPLAINED,UNCHANGED,
waterways,nhd-117805921,nhd-117805921,117805921,117805921,Middle Garber Creek,Middle Garber Creek,460,460,46006,46006,False,True,,EXPLAINED,UNCHANGED,
waterways,nhd-117805947,nhd-117805947,117805947,117805947,Bear Creek,Bear Creek,558,558,55800,55800,False,True,,EXPLAINED,UNCHANGED,
waterways,nhd-117805961,nhd-117805961,117805961,117805961,Pine Creek,Pine Creek,460,460,46006,46006,False,True,,EXPLAINED,UNCHANGED,
waterways,nhd-117805993,nhd-117805993,117805993,117805993,Pine Creek,Pine Creek,460,460,46006,46006,False,True,,EXPLAINED,UNCHANGED,
waterways,nhd-117806031,nhd-117806031,117806031,117806031,South Garber Creek,South Garber Creek,460,460,46006,46006,False,True,,EXPLAINED,UNCHANGED,
waterways,nhd-117806035,nhd-117806035,117806035,117806035,Bear Creek,Bear Creek,460,460,46006,46006,False,True,,EXPLAINED,UNCHANGED,
waterways,nhd-117806051,nhd-117806051,117806051,117806051,Jackson Creek,Jackson Creek,460,460,46006,46006,False,True,,EXPLAINED,UNCHANGED,
waterways,nhd-117806053,nhd-117806053,117806053,117806053,Jackson Creek,Jackson Creek,460,460,46006,46006,False,True,,EXPLAINED,UNCHANGED,
waterways,nhd-117806069,nhd-117806069,117806069,117806069,Middle Garber Creek,Middle Garber Creek,460,460,46006,46006,False,True,,EXPLAINED,UNCHANGED,
waterways,nhd-117806077,nhd-117806077,117806077,117806077,Middle Garber Creek,Middle Garber Creek,460,460,46003,46003,False,True,,EXPLAINED,UNCHANGED,
waterways,nhd-117806107,nhd-117806107,117806107,117806107,Middle Garber Creek,Middle Garber Creek,460,460,46003,46003,False,True,,EXPLAINED,UNCHANGED,
waterways,nhd-117806117,nhd-117806117,117806117,117806117,Bear Creek,Bear Creek,460,460,46006,46006,False,True,,EXPLAINED,UNCHANGED,
waterways,nhd-117806127,nhd-117806127,117806127,117806127,South Garber Creek,South Garber Creek,460,460,46006,46006,False,True,,EXPLAINED,UNCHANGED,
waterways,nhd-117806145,nhd-117806145,117806145,117806145,Middle Garber Creek,Middle Garber Creek,460,460,46003,46003,False,True,,EXPLAINED,UNCHANGED,
waterways,nhd-117806155,nhd-117806155,117806155,117806155,Pine Creek,Pine Creek,460,460,46006,46006,False,True,,EXPLAINED,UNCHANGED,
waterways,nhd-117806161,nhd-117806161,117806161,117806161,Pine Creek,Pine Creek,460,460,46006,46006,False,True,,EXPLAINED,UNCHANGED,
waterways,nhd-117806249,nhd-117806249,117806249,117806249,Pine Creek,Pine Creek,460,460,46006,46006,False,True,,EXPLAINED,UNCHANGED,
waterways,nhd-117806265,nhd-117806265,117806265,117806265,Pine Creek,Pine Creek,460,460,46006,46006,False,True,,EXPLAINED,UNCHANGED,
waterways,nhd-117806285,nhd-117806285,117806285,117806285,Jackson Creek,Jackson Creek,460,460,46006,46006,False,True,,EXPLAINED,UNCHANGED,
waterways,nhd-117806299,nhd-117806299,117806299,117806299,South Garber Creek,South Garber Creek,460,460,46006,46006,False,True,,EXPLAINED,UNCHANGED,
waterways,nhd-117806307,nhd-117806307,117806307,117806307,Middle Garber Creek,Middle Garber Creek,460,460,46003,46003,False,True,,EXPLAINED,UNCHANGED,
waterways,nhd-117806351,nhd-117806351,117806351,117806351,Jackson Creek,Jackson Creek,460,460,46006,46006,False,True,,EXPLAINED,UNCHANGED,
waterways,nhd-117806355,nhd-117806355,117806355,117806355,Jackson Creek,Jackson Creek,460,460,46006,46006,False,True,,EXPLAINED,UNCHANGED,
waterways,nhd-117806373,nhd-117806373,117806373,117806373,Jackson Creek,Jackson Creek,460,460,46006,46006,False,True,,EXPLAINED,UNCHANGED,
waterways,nhd-117806423,nhd-117806423,117806423,117806423,Pine Creek,Pine Creek,460,460,46006,46006,False,True,,EXPLAINED,UNCHANGED,
waterways,nhd-117806473,nhd-117806473,117806473,117806473,Pine Creek,Pine Creek,460,460,46006,46006,False,True,,EXPLAINED,UNCHANGED,
waterways,nhd-117806491,nhd-117806491,117806491,117806491,Jackson Creek,Jackson Creek,460,460,46006,46006,False,True,,EXPLAINED,UNCHANGED,
waterways,nhd-117806499,nhd-117806499,117806499,117806499,Jackson Creek,Jackson Creek,460,460,46006,46006,False,True,,EXPLAINED,UNCHANGED,
waterways,nhd-117806505,nhd-117806505,117806505,117806505,Pine Creek,Pine Creek,460,460,46006,46006,False,True,,EXPLAINED,UNCHANGED,
waterways,nhd-117806525,nhd-117806525,117806525,117806525,Jackson Creek,Jackson Creek,460,460,46006,46006,False,True,,EXPLAINED,UNCHANGED,
waterways,nhd-117806553,nhd-117806553,117806553,117806553,Pine Creek,Pine Creek,460,460,46006,46006,False,True,,EXPLAINED,UNCHANGED,
waterways,nhd-117806559,nhd-117806559,117806559,117806559,Jackson Creek,Jackson Creek,460,460,46006,46006,False,True,,EXPLAINED,UNCHANGED,
waterways,nhd-117806565,nhd-117806565,117806565,117806565,Jackson Creek,Jackson Creek,460,460,46006,46006,False,True,,EXPLAINED,UNCHANGED,
waterways,nhd-117806571,nhd-117806571,117806571,117806571,Pine Creek,Pine Creek,460,460,46006,46006,False,True,,EXPLAINED,UNCHANGED,
waterways,nhd-117806585,nhd-117806585,117806585,117806585,Jackson Creek,Jackson Creek,460,460,46006,46006,False,True,,EXPLAINED,UNCHANGED,
waterways,nhd-117806591,nhd-117806591,117806591,117806591,Jackson Creek,Jackson Creek,460,460,46006,46006,False,True,,EXPLAINED,UNCHANGED,
waterways,nhd-117806595,nhd-117806595,117806595,117806595,Pine Creek,Pine Creek,460,460,46006,46006,False,True,,EXPLAINED,UNCHANGED,
waterways,nhd-117806645,nhd-117806645,117806645,117806645,Jackson Creek,Jackson Creek,460,460,46006,46006,False,True,,EXPLAINED,UNCHANGED,
waterways,nhd-117806651,nhd-117806651,117806651,117806651,Jackson Creek,Jackson Creek,460,460,46006,46006,False,True,,EXPLAINED,UNCHANGED,
waterways,nhd-117806721,nhd-117806721,117806721,117806721,Pine Creek,Pine Creek,460,460,46006,46006,False,True,,EXPLAINED,UNCHANGED,
waterways,nhd-117806907,nhd-117806907,117806907,117806907,Pine Creek,Pine Creek,460,460,46006,46006,False,True,,EXPLAINED,UNCHANGED,
waterways,nhd-117806929,nhd-117806929,117806929,117806929,Pine Creek,Pine Creek,460,460,46003,46003,False,True,,EXPLAINED,UNCHANGED,
waterways,nhd-117806931,nhd-117806931,117806931,117806931,Jackson Creek,Jackson Creek,460,460,46006,46006,False,True,,EXPLAINED,UNCHANGED,
waterways,nhd-117806971,nhd-117806971,117806971,117806971,Jackson Creek,Jackson Creek,460,460,46006,46006,False,True,,EXPLAINED,UNCHANGED,
waterways,nhd-117806981,nhd-117806981,117806981,117806981,Deep Creek,Deep Creek,460,460,46003,46003,False,True,,EXPLAINED,UNCHANGED,
waterways,nhd-117806997,nhd-117806997,117806997,117806997,Deep Creek,Deep Creek,460,460,46003,46003,False,True,,EXPLAINED,UNCHANGED,
waterways,nhd-117807009,nhd-117807009,117807009,117807009,Deep Creek,Deep Creek,460,460,46003,46003,False,True,,EXPLAINED,UNCHANGED,
waterways,nhd-117807097,nhd-117807097,117807097,117807097,Jackson Creek,Jackson Creek,460,460,46006,46006,False,True,,EXPLAINED,UNCHANGED,
waterways,nhd-117807189,nhd-117807189,117807189,117807189,Deep Creek,Deep Creek,460,460,46003,46003,False,True,,EXPLAINED,UNCHANGED,
waterways,nhd-117807219,nhd-117807219,117807219,117807219,Deep Creek,Deep Creek,460,460,46003,46003,False,True,,EXPLAINED,UNCHANGED,
waterways,nhd-117807237,nhd-117807237,117807237,117807237,Deep Creek,Deep Creek,460,460,46003,46003,False,True,,EXPLAINED,UNCHANGED,
waterways,nhd-117807269,nhd-117807269,117807269,117807269,Jackson Creek,Jackson Creek,460,460,46006,46006,False,True,,EXPLAINED,UNCHANGED,
waterways,nhd-117807285,nhd-117807285,117807285,117807285,Spring Creek,Spring Creek,460,460,46003,46003,False,True,,EXPLAINED,UNCHANGED,
waterways,nhd-117807327,nhd-117807327,117807327,117807327,Jackson Creek,Jackson Creek,460,460,46006,46006,False,True,,EXPLAINED,UNCHANGED,
waterways,nhd-117807377,nhd-117807377,117807377,117807377,Jackson Creek,Jackson Creek,460,460,46006,46006,False,True,,EXPLAINED,UNCHANGED,
waterways,nhd-117807391,nhd-117807391,117807391,117807391,Deep Creek,Deep Creek,460,460,46003,46003,False,True,,EXPLAINED,UNCHANGED,
waterways,nhd-117807467,nhd-117807467,117807467,117807467,Spring Creek,Spring Creek,460,460,46003,46003,False,True,,EXPLAINED,UNCHANGED,
waterways,nhd-117807477,nhd-117807477,117807477,117807477,Watson Park Creek,Watson Park Creek,460,460,46006,46006,False,True,,EXPLAINED,UNCHANGED,
waterways,nhd-117807491,nhd-117807491,117807491,117807491,Jackson Creek,Jackson Creek,460,460,46006,46006,False,True,,EXPLAINED,UNCHANGED,
waterways,nhd-117807499,nhd-117807499,117807499,117807499,Watson Park Creek,Watson Park Creek,460,460,46006,46006,False,True,,EXPLAINED,UNCHANGED,
waterways,nhd-117807527,nhd-117807527,117807527,117807527,Spring Creek,Spring Creek,460,460,46003,46003,False,True,,EXPLAINED,UNCHANGED,
waterways,nhd-117807533,nhd-117807533,117807533,117807533,Jackson Creek,Jackson Creek,460,460,46006,46006,False,True,,EXPLAINED,UNCHANGED,
waterways,nhd-117807549,nhd-117807549,117807549,117807549,Watson Park Creek,Watson Park Creek,460,460,46006,46006,False,True,,EXPLAINED,UNCHANGED,
waterways,nhd-117807603,nhd-117807603,117807603,117807603,Watson Park Creek,Watson Park Creek,460,460,46006,46006,False,True,,EXPLAINED,UNCHANGED,
waterways,nhd-117807645,nhd-117807645,117807645,117807645,Watson Park Creek,Watson Park Creek,460,460,46006,46006,False,True,,EXPLAINED,UNCHANGED,
waterways,nhd-117807657,nhd-117807657,117807657,117807657,Spring Creek,Spring Creek,460,460,46003,46003,False,True,,EXPLAINED,UNCHANGED,
waterways,nhd-117807675,nhd-117807675,117807675,117807675,Spring Creek,Spring Creek,460,460,46003,46003,False,True,,EXPLAINED,UNCHANGED,
waterways,nhd-117807685,nhd-117807685,117807685,117807685,Watson Park Creek,Watson Park Creek,460,460,46006,46006,False,True,,EXPLAINED,UNCHANGED,
waterways,nhd-117807693,nhd-117807693,117807693,117807693,Watson Park Creek,Watson Park Creek,460,460,46006,46006,False,True,,EXPLAINED,UNCHANGED,
waterways,nhd-117807701,nhd-117807701,117807701,117807701,Watson Park Creek,Watson Park Creek,460,460,46006,46006,False,True,,EXPLAINED,UNCHANGED,
waterways,nhd-117807713,nhd-117807713,117807713,117807713,Spring Creek,Spring Creek,460,460,46003,46003,False,True,,EXPLAINED,UNCHANGED,
waterways,nhd-117807731,nhd-117807731,117807731,117807731,Watson Park Creek,Watson Park Creek,460,460,46006,46006,False,True,,EXPLAINED,UNCHANGED,
waterways,nhd-117807781,nhd-117807781,117807781,117807781,Watson Park Creek,Watson Park Creek,460,460,46006,46006,False,True,,EXPLAINED,UNCHANGED,
waterways,nhd-117807851,nhd-117807851,117807851,117807851,Bear Creek,Bear Creek,558,558,55800,55800,False,True,,EXPLAINED,UNCHANGED,
waterways,nhd-117807853,nhd-117807853,117807853,117807853,Bear Creek,Bear Creek,558,558,55800,55800,False,True,,EXPLAINED,UNCHANGED,
waterways,nhd-117807861,nhd-117807861,117807861,117807861,Bear Creek,Bear Creek,558,558,55800,55800,False,True,,EXPLAINED,UNCHANGED,
waterways,nhd-117807865,nhd-117807865,117807865,117807865,Jarre Creek,Jarre Creek,558,558,55800,55800,False,True,,EXPLAINED,UNCHANGED,
waterways,nhd-117807869,nhd-117807869,117807869,117807869,Garber Creek,Garber Creek,558,558,55800,55800,False,True,,EXPLAINED,UNCHANGED,
waterways,nhd-117807889,nhd-117807889,117807889,117807889,Spring Creek,Spring Creek,558,558,55800,55800,False,True,,EXPLAINED,UNCHANGED,
waterways,nhd-117807891,nhd-117807891,117807891,117807891,Spring Creek,Spring Creek,558,558,55800,55800,False,True,,EXPLAINED,UNCHANGED,
waterways,nhd-117809575,nhd-117809575,117809575,117809575,West Plum Creek,West Plum Creek,460,460,46006,46006,False,True,,EXPLAINED,UNCHANGED,
waterways,nhd-117809941,nhd-117809941,117809941,117809941,South Platte River,South Platte River,558,558,55800,55800,True,False,,NOT EXPLAINED,UNEXPLAINED_GEOMETRY_CHANGE,changed_source_fields_or_geometry
waterways,nhd-117813867,nhd-117813867,117813867,117813867,Plum Creek,Plum Creek,460,460,46006,46006,False,True,,EXPLAINED,UNCHANGED,
waterways,nhd-117813869,nhd-117813869,117813869,117813869,Plum Creek,Plum Creek,460,460,46006,46006,False,True,,EXPLAINED,UNCHANGED,
waterways,nhd-117813905,nhd-117813905,117813905,117813905,Gove Creek,Gove Creek,460,460,46006,46006,False,True,,EXPLAINED,UNCHANGED,
waterways,nhd-117814029,nhd-117814029,117814029,117814029,Carpenter Creek,Carpenter Creek,460,460,46006,46006,False,True,,EXPLAINED,UNCHANGED,
waterways,nhd-117814031,nhd-117814031,117814031,117814031,Carpenter Creek,Carpenter Creek,460,460,46006,46006,False,True,,EXPLAINED,UNCHANGED,
waterways,nhd-117814063,nhd-117814063,117814063,117814063,Carpenter Creek,Carpenter Creek,460,460,46006,46006,False,True,,EXPLAINED,UNCHANGED,
waterways,nhd-117814071,nhd-117814071,117814071,117814071,Carpenter Creek,Carpenter Creek,460,460,46006,46006,False,True,,EXPLAINED,UNCHANGED,
waterways,nhd-117814151,nhd-117814151,117814151,117814151,Carpenter Creek,Carpenter Creek,460,460,46006,46006,False,True,,EXPLAINED,UNCHANGED,
waterways,nhd-117814153,nhd-117814153,117814153,117814153,Carpenter Creek,Carpenter Creek,460,460,46006,46006,False,True,,EXPLAINED,UNCHANGED,
waterways,nhd-117814183,nhd-117814183,117814183,117814183,Carpenter Creek,Carpenter Creek,460,460,46006,46006,False,True,,EXPLAINED,UNCHANGED,
waterways,,nhd-117814745,,117814745,,South Platte River,,558,,55800,False,False,,EXPLAINED,ADDED_IN_STRIP,
waterways,,nhd-117814755,,117814755,,South Platte River,,558,,55800,False,False,,EXPLAINED,ADDED_IN_STRIP,
waterways,,nhd-117816601,,117816601,,Willow Creek,,460,,46003,False,False,,EXPLAINED,ADDED_IN_STRIP,
waterways,nhd-117816671,nhd-117816671,117816671,117816671,Willow Creek,Willow Creek,460,460,46003,46003,True,False,,NOT EXPLAINED,UNEXPLAINED_GEOMETRY_CHANGE,changed_source_fields_or_geometry
waterways,,nhd-117816673,,117816673,,Willow Creek,,460,,46003,False,False,,EXPLAINED,ADDED_IN_STRIP,
waterways,nhd-117816677,nhd-117816677,117816677,117816677,Willow Creek,Willow Creek,460,460,46003,46003,False,True,,EXPLAINED,UNCHANGED,
waterways,nhd-117816683,nhd-117816683,117816683,117816683,Willow Creek,Willow Creek,460,460,46003,46003,False,True,,EXPLAINED,UNCHANGED,
waterways,nhd-117816685,nhd-117816685,117816685,117816685,Willow Creek,Willow Creek,460,460,46003,46003,False,True,,EXPLAINED,UNCHANGED,
waterways,nhd-117816687,nhd-117816687,117816687,117816687,Willow Creek,Willow Creek,460,460,46003,46003,False,True,,EXPLAINED,UNCHANGED,
waterways,nhd-117816689,nhd-117816689,117816689,117816689,Willow Creek,Willow Creek,460,460,46003,46003,False,True,,EXPLAINED,UNCHANGED,
waterways,nhd-117816691,nhd-117816691,117816691,117816691,Willow Creek,Willow Creek,460,460,46003,46003,False,True,,EXPLAINED,UNCHANGED,
waterways,nhd-117816699,nhd-117816699,117816699,117816699,Arapahoe Canal,Arapahoe Canal,428,428,42803,42803,False,True,,EXPLAINED,UNCHANGED,
waterways,nhd-117816719,nhd-117816719,117816719,117816719,Cook Creek,Cook Creek,460,460,46003,46003,False,True,,EXPLAINED,UNCHANGED,
waterways,nhd-117816721,nhd-117816721,117816721,117816721,Cook Creek,Cook Creek,460,460,46003,46003,False,True,,EXPLAINED,UNCHANGED,
waterways,nhd-117816723,nhd-117816723,117816723,117816723,Cook Creek,Cook Creek,460,460,46003,46003,False,True,,EXPLAINED,UNCHANGED,
waterways,nhd-117816727,nhd-117816727,117816727,117816727,Cook Creek,Cook Creek,460,460,46003,46003,False,True,,EXPLAINED,UNCHANGED,
waterways,nhd-117816741,nhd-117816741,117816741,117816741,Big Dry Creek,Big Dry Creek,460,460,46003,46003,False,True,,EXPLAINED,UNCHANGED,
waterways,nhd-117816743,nhd-117816743,117816743,117816743,Big Dry Creek,Big Dry Creek,460,460,46003,46003,False,True,,EXPLAINED,UNCHANGED,
waterways,nhd-117816745,nhd-117816745,117816745,117816745,Big Dry Creek,Big Dry Creek,460,460,46003,46003,False,True,,EXPLAINED,UNCHANGED,
waterways,nhd-117816747,nhd-117816747,117816747,117816747,Big Dry Creek,Big Dry Creek,460,460,46003,46003,False,True,,EXPLAINED,UNCHANGED,
waterways,nhd-117816749,nhd-117816749,117816749,117816749,Big Dry Creek,Big Dry Creek,460,460,46003,46003,False,True,,EXPLAINED,UNCHANGED,
waterways,nhd-117816751,nhd-117816751,117816751,117816751,Big Dry Creek,Big Dry Creek,460,460,46003,46003,False,True,,EXPLAINED,UNCHANGED,
waterways,nhd-117816753,nhd-117816753,117816753,117816753,Big Dry Creek,Big Dry Creek,460,460,46003,46003,False,True,,EXPLAINED,UNCHANGED,
waterways,nhd-117816759,nhd-117816759,117816759,117816759,Big Dry Creek,Big Dry Creek,460,460,46003,46003,False,True,,EXPLAINED,UNCHANGED,
waterways,nhd-117816765,nhd-117816765,117816765,117816765,Big Dry Creek,Big Dry Creek,460,460,46003,46003,False,True,,EXPLAINED,UNCHANGED,
waterways,nhd-117816767,nhd-117816767,117816767,117816767,Big Dry Creek,Big Dry Creek,460,460,46003,46003,False,True,,EXPLAINED,UNCHANGED,
waterways,nhd-117816769,nhd-117816769,117816769,117816769,Big Dry Creek,Big Dry Creek,460,460,46003,46003,False,True,,EXPLAINED,UNCHANGED,
waterways,nhd-117816771,nhd-117816771,117816771,117816771,Big Dry Creek,Big Dry Creek,460,460,46003,46003,False,True,,EXPLAINED,UNCHANGED,
waterways,nhd-117816773,nhd-117816773,117816773,117816773,Big Dry Creek,Big Dry Creek,460,460,46003,46003,False,True,,EXPLAINED,UNCHANGED,
waterways,nhd-117816775,nhd-117816775,117816775,117816775,Big Dry Creek,Big Dry Creek,460,460,46003,46003,False,True,,EXPLAINED,UNCHANGED,
waterways,nhd-117816777,nhd-117816777,117816777,117816777,Big Dry Creek,Big Dry Creek,460,460,46003,46003,False,True,,EXPLAINED,UNCHANGED,
waterways,nhd-117816779,nhd-117816779,117816779,117816779,Big Dry Creek,Big Dry Creek,460,460,46003,46003,False,True,,EXPLAINED,UNCHANGED,
waterways,nhd-117816781,nhd-117816781,117816781,117816781,Big Dry Creek,Big Dry Creek,460,460,46003,46003,False,True,,EXPLAINED,UNCHANGED,
waterways,nhd-117816783,nhd-117816783,117816783,117816783,Big Dry Creek,Big Dry Creek,460,460,46003,46003,False,True,,EXPLAINED,UNCHANGED,
waterways,nhd-117816785,nhd-117816785,117816785,117816785,Big Dry Creek,Big Dry Creek,460,460,46003,46003,False,True,,EXPLAINED,UNCHANGED,
waterways,nhd-117816787,nhd-117816787,117816787,117816787,Big Dry Creek,Big Dry Creek,460,460,46003,46003,False,True,,EXPLAINED,UNCHANGED,
waterways,nhd-117816789,nhd-117816789,117816789,117816789,Big Dry Creek,Big Dry Creek,460,460,46003,46003,True,False,,NOT EXPLAINED,UNEXPLAINED_GEOMETRY_CHANGE,changed_source_fields_or_geometry
waterways,,nhd-117816791,,117816791,,Big Dry Creek,,460,,46003,False,False,,EXPLAINED,ADDED_IN_STRIP,
waterways,nhd-117816799,nhd-117816799,117816799,117816799,Big Dry Creek,Big Dry Creek,460,460,46003,46003,False,True,,EXPLAINED,UNCHANGED,
waterways,nhd-117816801,nhd-117816801,117816801,117816801,Big Dry Creek,Big Dry Creek,460,460,46003,46003,False,True,,EXPLAINED,UNCHANGED,
waterways,nhd-117816831,nhd-117816831,117816831,117816831,Highline Canal,Highline Canal,336,336,33600,33600,True,False,,NOT EXPLAINED,UNEXPLAINED_GEOMETRY_CHANGE,changed_source_fields_or_geometry
waterways,nhd-117816953,nhd-117816953,117816953,117816953,Highline Canal,Highline Canal,336,336,33600,33600,False,True,,EXPLAINED,UNCHANGED,
waterways,nhd-117816959,nhd-117816959,117816959,117816959,Highline Canal,Highline Canal,428,428,42813,42813,False,True,,EXPLAINED,UNCHANGED,
waterways,nhd-117816963,nhd-117816963,117816963,117816963,Highline Canal,Highline Canal,428,428,42813,42813,False,True,,EXPLAINED,UNCHANGED,
waterways,nhd-117816975,nhd-117816975,117816975,117816975,Willow Creek,Willow Creek,460,460,46003,46003,False,True,,EXPLAINED,UNCHANGED,
waterways,nhd-117816977,nhd-117816977,117816977,117816977,Willow Creek,Willow Creek,460,460,46003,46003,False,True,,EXPLAINED,UNCHANGED,
waterways,nhd-117816997,nhd-117816997,117816997,117816997,Cook Creek,Cook Creek,460,460,46003,46003,False,True,,EXPLAINED,UNCHANGED,
waterways,nhd-117817151,nhd-117817151,117817151,117817151,Big Dry Creek,Big Dry Creek,460,460,46003,46003,False,True,,EXPLAINED,UNCHANGED,
waterways,nhd-117817855,nhd-117817855,117817855,117817855,Big Dry Creek,Big Dry Creek,558,558,55800,55800,False,True,,EXPLAINED,UNCHANGED,
waterways,nhd-117817857,nhd-117817857,117817857,117817857,Big Dry Creek,Big Dry Creek,558,558,55800,55800,False,True,,EXPLAINED,UNCHANGED,
waterways,nhd-117819565,nhd-117819565,117819565,117819565,Willow Creek,Willow Creek,460,460,46003,46003,True,False,,NOT EXPLAINED,UNEXPLAINED_GEOMETRY_CHANGE,changed_source_fields_or_geometry
waterways,nhd-117819567,nhd-117819567,117819567,117819567,Willow Creek,Willow Creek,460,460,46003,46003,False,True,,EXPLAINED,UNCHANGED,
waterways,nhd-117819591,nhd-117819591,117819591,117819591,Willow Creek,Willow Creek,460,460,46003,46003,False,True,,EXPLAINED,UNCHANGED,
waterways,,nhd-117819595,,117819595,,Platte Canyon Ditch,,428,,42807,False,False,,EXPLAINED,ADDED_IN_STRIP,
waterways,,nhd-117819607,,117819607,,Brush Creek,,460,,46003,False,False,,EXPLAINED,ADDED_IN_STRIP,
waterways,,nhd-117819609,,117819609,,Brush Creek,,460,,46003,False,False,,EXPLAINED,ADDED_IN_STRIP,
waterways,nhd-117819625,nhd-117819625,117819625,117819625,Plum Creek,Plum Creek,460,460,46006,46006,False,True,,EXPLAINED,UNCHANGED,
waterways,,nhd-117819635,,117819635,,Platte Canyon Ditch,,336,,33600,False,False,,EXPLAINED,ADDED_IN_STRIP,
waterways,nhd-117819647,nhd-117819647,117819647,117819647,Plum Creek,Plum Creek,460,460,46006,46006,False,True,,EXPLAINED,UNCHANGED,
waterways,nhd-117819653,nhd-117819653,117819653,117819653,Plum Creek,Plum Creek,460,460,46006,46006,False,True,,EXPLAINED,UNCHANGED,
waterways,nhd-117819655,nhd-117819655,117819655,117819655,Highline Canal,Highline Canal,336,336,33600,33600,False,True,,EXPLAINED,UNCHANGED,
waterways,nhd-117819657,nhd-117819657,117819657,117819657,Highline Canal,Highline Canal,336,336,33600,33600,False,True,,EXPLAINED,UNCHANGED,
waterways,nhd-117819683,nhd-117819683,117819683,117819683,Little Willow Creek,Little Willow Creek,460,460,46003,46003,False,True,,EXPLAINED,UNCHANGED,
waterways,nhd-117819687,nhd-117819687,117819687,117819687,Highline Canal,Highline Canal,336,336,33600,33600,False,True,,EXPLAINED,UNCHANGED,
waterways,,nhd-117819715,,117819715,,Denver Municipal Aqueduct,,428,,42807,False,False,,EXPLAINED,ADDED_IN_STRIP,
waterways,nhd-117819721,nhd-117819721,117819721,117819721,Highline Canal,Highline Canal,336,336,33600,33600,False,True,,EXPLAINED,UNCHANGED,
waterways,nhd-117819737,nhd-117819737,117819737,117819737,Highline Canal,Highline Canal,336,336,33600,33600,False,True,,EXPLAINED,UNCHANGED,
waterways,nhd-117819751,nhd-117819751,117819751,117819751,Denver Municipal Aqueduct,Denver Municipal Aqueduct,428,428,42807,42807,True,False,,NOT EXPLAINED,UNEXPLAINED_GEOMETRY_CHANGE,changed_source_fields_or_geometry
waterways,nhd-117819759,nhd-117819759,117819759,117819759,Highline Canal,Highline Canal,428,428,42803,42803,False,True,,EXPLAINED,UNCHANGED,
waterways,nhd-117819767,nhd-117819767,117819767,117819767,Plum Creek,Plum Creek,460,460,46006,46006,False,True,,EXPLAINED,UNCHANGED,
waterways,nhd-117819777,nhd-117819777,117819777,117819777,Denver Municipal Aqueduct,Denver Municipal Aqueduct,428,428,42807,42807,False,True,,EXPLAINED,UNCHANGED,
waterways,nhd-117819801,nhd-117819801,117819801,117819801,Plum Creek,Plum Creek,460,460,46006,46006,False,True,,EXPLAINED,UNCHANGED,
waterways,nhd-117819807,nhd-117819807,117819807,117819807,Plum Creek,Plum Creek,460,460,46006,46006,False,True,,EXPLAINED,UNCHANGED,
waterways,nhd-117819813,nhd-117819813,117819813,117819813,Plum Creek,Plum Creek,460,460,46006,46006,False,True,,EXPLAINED,UNCHANGED,
waterways,nhd-117819817,nhd-117819817,117819817,117819817,Little Willow Creek,Little Willow Creek,460,460,46003,46003,False,True,,EXPLAINED,UNCHANGED,
waterways,nhd-117819827,nhd-117819827,117819827,117819827,Willow Creek,Willow Creek,460,460,46003,46003,False,True,,EXPLAINED,UNCHANGED,
waterways,nhd-117819833,nhd-117819833,117819833,117819833,Plum Creek,Plum Creek,460,460,46006,46006,False,True,,EXPLAINED,UNCHANGED,
waterways,nhd-117819835,nhd-117819835,117819835,117819835,Plum Creek,Plum Creek,460,460,46006,46006,False,True,,EXPLAINED,UNCHANGED,
waterways,nhd-117819837,nhd-117819837,117819837,117819837,Plum Creek,Plum Creek,460,460,46006,46006,False,True,,EXPLAINED,UNCHANGED,
waterways,nhd-117819855,nhd-117819855,117819855,117819855,Plum Creek,Plum Creek,460,460,46006,46006,False,True,,EXPLAINED,UNCHANGED,
waterways,nhd-117819895,nhd-117819895,117819895,117819895,Indian Creek,Indian Creek,460,460,46006,46006,False,True,,EXPLAINED,UNCHANGED,
waterways,nhd-117819897,nhd-117819897,117819897,117819897,Willow Creek,Willow Creek,460,460,46003,46003,False,True,,EXPLAINED,UNCHANGED,
waterways,nhd-117819957,nhd-117819957,117819957,117819957,Little Willow Creek,Little Willow Creek,460,460,46003,46003,False,True,,EXPLAINED,UNCHANGED,
waterways,nhd-117819963,nhd-117819963,117819963,117819963,Willow Creek,Willow Creek,460,460,46003,46003,False,True,,EXPLAINED,UNCHANGED,
waterways,nhd-117819971,nhd-117819971,117819971,117819971,Little Willow Creek,Little Willow Creek,460,460,46003,46003,False,True,,EXPLAINED,UNCHANGED,
waterways,nhd-117819989,nhd-117819989,117819989,117819989,Willow Creek,Willow Creek,460,460,46003,46003,False,True,,EXPLAINED,UNCHANGED,
waterways,nhd-117820053,nhd-117820053,117820053,117820053,Little Willow Creek,Little Willow Creek,460,460,46003,46003,False,True,,EXPLAINED,UNCHANGED,
waterways,nhd-117820079,nhd-117820079,117820079,117820079,Indian Creek,Indian Creek,460,460,46006,46006,False,True,,EXPLAINED,UNCHANGED,
waterways,nhd-117820143,nhd-117820143,117820143,117820143,Willow Creek,Willow Creek,460,460,46003,46003,False,True,,EXPLAINED,UNCHANGED,
waterways,nhd-117820183,nhd-117820183,117820183,117820183,Little Willow Creek,Little Willow Creek,460,460,46003,46003,False,True,,EXPLAINED,UNCHANGED,
waterways,nhd-117820205,nhd-117820205,117820205,117820205,Willow Creek,Willow Creek,460,460,46003,46003,False,True,,EXPLAINED,UNCHANGED,
waterways,nhd-117820257,nhd-117820257,117820257,117820257,Willow Creek,Willow Creek,460,460,46003,46003,False,True,,EXPLAINED,UNCHANGED,
waterways,nhd-117820281,nhd-117820281,117820281,117820281,Willow Creek,Willow Creek,460,460,46003,46003,False,True,,EXPLAINED,UNCHANGED,
waterways,nhd-117820291,nhd-117820291,117820291,117820291,Indian Creek,Indian Creek,460,460,46006,46006,False,True,,EXPLAINED,UNCHANGED,
waterways,nhd-117820305,nhd-117820305,117820305,117820305,Aurora Rampart Tunnel Number 2,Aurora Rampart Tunnel Number 2,428,428,42807,42807,False,True,,EXPLAINED,UNCHANGED,
waterways,nhd-117820335,nhd-117820335,117820335,117820335,Indian Creek,Indian Creek,460,460,46006,46006,False,True,,EXPLAINED,UNCHANGED,
waterways,nhd-117820391,nhd-117820391,117820391,117820391,Willow Creek,Willow Creek,460,460,46003,46003,False,True,,EXPLAINED,UNCHANGED,
waterways,nhd-117820415,nhd-117820415,117820415,117820415,Indian Creek,Indian Creek,460,460,46006,46006,False,True,,EXPLAINED,UNCHANGED,
waterways,nhd-117820455,nhd-117820455,117820455,117820455,Willow Creek,Willow Creek,460,460,46003,46003,False,True,,EXPLAINED,UNCHANGED,
waterways,nhd-117820497,nhd-117820497,117820497,117820497,Indian Creek,Indian Creek,460,460,46006,46006,False,True,,EXPLAINED,UNCHANGED,
waterways,nhd-117820501,nhd-117820501,117820501,117820501,Willow Creek,Willow Creek,460,460,46003,46003,False,True,,EXPLAINED,UNCHANGED,
waterways,nhd-117820509,nhd-117820509,117820509,117820509,West Bear Creek,West Bear Creek,460,460,46003,46003,False,True,,EXPLAINED,UNCHANGED,
waterways,nhd-117820515,nhd-117820515,117820515,117820515,Willow Creek,Willow Creek,460,460,46003,46003,False,True,,EXPLAINED,UNCHANGED,
waterways,nhd-117820517,nhd-117820517,117820517,117820517,Indian Creek,Indian Creek,460,460,46006,46006,False,True,,EXPLAINED,UNCHANGED,
waterways,nhd-117820533,nhd-117820533,117820533,117820533,Indian Creek,Indian Creek,460,460,46006,46006,False,True,,EXPLAINED,UNCHANGED,
waterways,nhd-117820591,nhd-117820591,117820591,117820591,Rainbow Creek,Rainbow Creek,460,460,46003,46003,False,True,,EXPLAINED,UNCHANGED,
waterways,nhd-117820593,nhd-117820593,117820593,117820593,Rainbow Creek,Rainbow Creek,460,460,46003,46003,False,True,,EXPLAINED,UNCHANGED,
waterways,nhd-117820601,nhd-117820601,117820601,117820601,Rainbow Creek,Rainbow Creek,460,460,46003,46003,False,True,,EXPLAINED,UNCHANGED,
waterways,nhd-117820603,nhd-117820603,117820603,117820603,Rainbow Creek,Rainbow Creek,460,460,46003,46003,False,True,,EXPLAINED,UNCHANGED,
waterways,nhd-117820617,nhd-117820617,117820617,117820617,Rainbow Creek,Rainbow Creek,460,460,46003,46003,False,True,,EXPLAINED,UNCHANGED,
waterways,nhd-117820657,nhd-117820657,117820657,117820657,Willow Creek,Willow Creek,460,460,46003,46003,False,True,,EXPLAINED,UNCHANGED,
waterways,nhd-117820663,nhd-117820663,117820663,117820663,Indian Creek,Indian Creek,460,460,46006,46006,False,True,,EXPLAINED,UNCHANGED,
waterways,nhd-117820671,nhd-117820671,117820671,117820671,Indian Creek,Indian Creek,460,460,46006,46006,False,True,,EXPLAINED,UNCHANGED,
waterways,nhd-117820697,nhd-117820697,117820697,117820697,Indian Creek,Indian Creek,460,460,46006,46006,False,True,,EXPLAINED,UNCHANGED,
waterways,nhd-117820705,nhd-117820705,117820705,117820705,Willow Creek,Willow Creek,460,460,46003,46003,False,True,,EXPLAINED,UNCHANGED,
waterways,nhd-117820729,nhd-117820729,117820729,117820729,Indian Creek,Indian Creek,460,460,46006,46006,False,True,,EXPLAINED,UNCHANGED,
waterways,nhd-117820733,nhd-117820733,117820733,117820733,Bear Creek,Bear Creek,460,460,46006,46006,False,True,,EXPLAINED,UNCHANGED,
waterways,nhd-117820749,nhd-117820749,117820749,117820749,Bear Creek,Bear Creek,460,460,46006,46006,False,True,,EXPLAINED,UNCHANGED,
waterways,nhd-117820799,nhd-117820799,117820799,117820799,Bear Creek,Bear Creek,460,460,46006,46006,False,True,,EXPLAINED,UNCHANGED,
waterways,nhd-117820811,nhd-117820811,117820811,117820811,Indian Creek,Indian Creek,460,460,46006,46006,False,True,,EXPLAINED,UNCHANGED,
waterways,nhd-117820819,nhd-117820819,117820819,117820819,Indian Creek,Indian Creek,460,460,46006,46006,False,True,,EXPLAINED,UNCHANGED,
waterways,nhd-117820825,nhd-117820825,117820825,117820825,Bear Creek,Bear Creek,460,460,46006,46006,False,True,,EXPLAINED,UNCHANGED,
waterways,nhd-117820831,nhd-117820831,117820831,117820831,Jarre Creek,Jarre Creek,460,460,46003,46003,False,True,,EXPLAINED,UNCHANGED,
waterways,nhd-117820835,nhd-117820835,117820835,117820835,Bear Creek,Bear Creek,460,460,46006,46006,False,True,,EXPLAINED,UNCHANGED,
waterways,nhd-117820839,nhd-117820839,117820839,117820839,Jarre Creek,Jarre Creek,460,460,46003,46003,False,True,,EXPLAINED,UNCHANGED,
waterways,nhd-117820843,nhd-117820843,117820843,117820843,Jarre Creek,Jarre Creek,460,460,46003,46003,False,True,,EXPLAINED,UNCHANGED,
waterways,nhd-117820863,nhd-117820863,117820863,117820863,Jarre Creek,Jarre Creek,460,460,46003,46003,False,True,,EXPLAINED,UNCHANGED,
waterways,nhd-117820865,nhd-117820865,117820865,117820865,Indian Creek,Indian Creek,460,460,46006,46006,False,True,,EXPLAINED,UNCHANGED,
waterways,nhd-117820875,nhd-117820875,117820875,117820875,Indian Creek,Indian Creek,460,460,46006,46006,False,True,,EXPLAINED,UNCHANGED,
waterways,nhd-117820877,nhd-117820877,117820877,117820877,Indian Creek,Indian Creek,460,460,46006,46006,False,True,,EXPLAINED,UNCHANGED,
waterways,nhd-117820899,nhd-117820899,117820899,117820899,Indian Creek,Indian Creek,460,460,46003,46003,False,True,,EXPLAINED,UNCHANGED,
waterways,nhd-117820913,nhd-117820913,117820913,117820913,Indian Creek,Indian Creek,460,460,46003,46003,False,True,,EXPLAINED,UNCHANGED,
waterways,nhd-117820927,nhd-117820927,117820927,117820927,Bear Creek,Bear Creek,460,460,46006,46006,False,True,,EXPLAINED,UNCHANGED,
waterways,nhd-117820937,nhd-117820937,117820937,117820937,Bear Creek,Bear Creek,460,460,46006,46006,False,True,,EXPLAINED,UNCHANGED,
waterways,,nhd-117820983,,117820983,,South Platte River,,558,,55800,False,False,,EXPLAINED,ADDED_IN_STRIP,
waterways,nhd-117820985,nhd-117820985,117820985,117820985,South Platte River,South Platte River,558,558,55800,55800,True,False,,NOT EXPLAINED,UNEXPLAINED_GEOMETRY_CHANGE,changed_source_fields_or_geometry
waterways,,nhd-117820999,,117820999,,South Platte River,,558,,55800,False,False,,EXPLAINED,ADDED_IN_STRIP,
waterways,,nhd-117821003,,117821003,,South Platte River,,558,,55800,False,False,,EXPLAINED,ADDED_IN_STRIP,
waterways,nhd-117821007,nhd-117821007,117821007,117821007,Willow Creek,Willow Creek,558,558,55800,55800,False,True,,EXPLAINED,UNCHANGED,
waterways,,nhd-117821009,,117821009,,South Platte River,,558,,55800,False,False,,EXPLAINED,ADDED_IN_STRIP,
waterways,,nhd-117821011,,117821011,,Willow Creek,,558,,55800,False,False,,EXPLAINED,ADDED_IN_STRIP,
waterways,,nhd-117821013,,117821013,,Brush Creek,,558,,55800,False,False,,EXPLAINED,ADDED_IN_STRIP,
waterways,,nhd-117821015,,117821015,,South Platte River,,558,,55800,False,False,,EXPLAINED,ADDED_IN_STRIP,
waterways,,nhd-117821017,,117821017,,South Platte River,,558,,55800,False,False,,EXPLAINED,ADDED_IN_STRIP,
waterways,,nhd-117821019,,117821019,,South Platte River,,558,,55800,False,False,,EXPLAINED,ADDED_IN_STRIP,
waterways,,nhd-117821021,,117821021,,South Platte River,,558,,55800,False,False,,EXPLAINED,ADDED_IN_STRIP,
waterways,,nhd-117821023,,117821023,,South Platte River,,558,,55800,False,False,,EXPLAINED,ADDED_IN_STRIP,
waterways,,nhd-117821025,,117821025,,South Platte River,,558,,55800,False,False,,EXPLAINED,ADDED_IN_STRIP,
waterways,,nhd-117821027,,117821027,,South Platte River,,558,,55800,False,False,,EXPLAINED,ADDED_IN_STRIP,
waterways,,nhd-117821029,,117821029,,South Platte River,,558,,55800,False,False,,EXPLAINED,ADDED_IN_STRIP,
waterways,nhd-117821075,nhd-117821075,117821075,117821075,Little Willow Creek,Little Willow Creek,558,558,55800,55800,False,True,,EXPLAINED,UNCHANGED,
waterways,nhd-117821081,nhd-117821081,117821081,117821081,Willow Creek,Willow Creek,558,558,55800,55800,False,True,,EXPLAINED,UNCHANGED,
waterways,nhd-117821085,nhd-117821085,117821085,117821085,Willow Creek,Willow Creek,558,558,55800,55800,False,True,,EXPLAINED,UNCHANGED,
waterways,nhd-117821163,nhd-117821163,117821163,117821163,Jarre Creek,Jarre Creek,558,558,55800,55800,False,True,,EXPLAINED,UNCHANGED,
waterways,nhd-117821339,nhd-117821339,117821339,117821339,Bear Creek,Bear Creek,460,460,46006,46006,False,True,,EXPLAINED,UNCHANGED,
waterways,nhd-117821381,nhd-117821381,117821381,117821381,West Plum Creek,West Plum Creek,460,460,46006,46006,False,True,,EXPLAINED,UNCHANGED,
waterways,nhd-117821393,nhd-117821393,117821393,117821393,West Plum Creek,West Plum Creek,460,460,46006,46006,False,True,,EXPLAINED,UNCHANGED,
waterways,nhd-117821427,nhd-117821427,117821427,117821427,West Plum Creek,West Plum Creek,460,460,46006,46006,False,True,,EXPLAINED,UNCHANGED,
waterways,nhd-117821441,nhd-117821441,117821441,117821441,East Plum Creek,East Plum Creek,460,460,46006,46006,False,True,,EXPLAINED,UNCHANGED,
waterways,nhd-117821453,nhd-117821453,117821453,117821453,West Plum Creek,West Plum Creek,460,460,46006,46006,False,True,,EXPLAINED,UNCHANGED,
waterways,nhd-117821477,nhd-117821477,117821477,117821477,West Plum Creek,West Plum Creek,460,460,46006,46006,False,True,,EXPLAINED,UNCHANGED,
waterways,nhd-117821479,nhd-117821479,117821479,117821479,West Plum Creek,West Plum Creek,460,460,46006,46006,False,True,,EXPLAINED,UNCHANGED,
waterways,nhd-117821481,nhd-117821481,117821481,117821481,West Plum Creek,West Plum Creek,460,460,46006,46006,False,True,,EXPLAINED,UNCHANGED,
waterways,nhd-117821483,nhd-117821483,117821483,117821483,Stark Creek,Stark Creek,460,460,46006,46006,False,True,,EXPLAINED,UNCHANGED,
waterways,nhd-117821495,nhd-117821495,117821495,117821495,Carpenter Creek,Carpenter Creek,460,460,46006,46006,False,True,,EXPLAINED,UNCHANGED,
waterways,nhd-117821501,nhd-117821501,117821501,117821501,Stark Creek,Stark Creek,460,460,46006,46006,False,True,,EXPLAINED,UNCHANGED,
waterways,nhd-117821509,nhd-117821509,117821509,117821509,East Plum Creek,East Plum Creek,460,460,46006,46006,False,True,,EXPLAINED,UNCHANGED,
waterways,nhd-117821533,nhd-117821533,117821533,117821533,Gove Creek,Gove Creek,460,460,46006,46006,False,True,,EXPLAINED,UNCHANGED,
waterways,nhd-117821541,nhd-117821541,117821541,117821541,East Plum Creek,East Plum Creek,460,460,46006,46006,False,True,,EXPLAINED,UNCHANGED,
waterways,nhd-117821543,nhd-117821543,117821543,117821543,Gove Creek,Gove Creek,460,460,46006,46006,False,True,,EXPLAINED,UNCHANGED,
waterways,nhd-117821549,nhd-117821549,117821549,117821549,Gove Creek,Gove Creek,460,460,46006,46006,False,True,,EXPLAINED,UNCHANGED,
waterways,nhd-117821553,nhd-117821553,117821553,117821553,Cook Creek,Cook Creek,460,460,46006,46006,False,True,,EXPLAINED,UNCHANGED,
waterways,nhd-117821555,nhd-117821555,117821555,117821555,Cook Creek,Cook Creek,460,460,46006,46006,False,True,,EXPLAINED,UNCHANGED,
waterways,nhd-117821615,nhd-117821615,117821615,117821615,Gove Creek,Gove Creek,460,460,46006,46006,False,True,,EXPLAINED,UNCHANGED,
waterways,nhd-117821635,nhd-117821635,117821635,117821635,Gove Creek,Gove Creek,460,460,46006,46006,False,True,,EXPLAINED,UNCHANGED,
waterways,nhd-117821649,nhd-117821649,117821649,117821649,East Plum Creek,East Plum Creek,460,460,46006,46006,False,True,,EXPLAINED,UNCHANGED,
waterways,nhd-117821669,nhd-117821669,117821669,117821669,Gove Creek,Gove Creek,460,460,46006,46006,False,True,,EXPLAINED,UNCHANGED,
waterways,nhd-117821671,nhd-117821671,117821671,117821671,East Plum Creek,East Plum Creek,460,460,46006,46006,False,True,,EXPLAINED,UNCHANGED,
waterways,nhd-117821737,nhd-117821737,117821737,117821737,East Plum Creek,East Plum Creek,460,460,46006,46006,False,True,,EXPLAINED,UNCHANGED,
waterways,nhd-117821753,nhd-117821753,117821753,117821753,Gove Creek,Gove Creek,460,460,46006,46006,False,True,,EXPLAINED,UNCHANGED,
waterways,nhd-117821765,nhd-117821765,117821765,117821765,East Plum Creek,East Plum Creek,460,460,46006,46006,False,True,,EXPLAINED,UNCHANGED,
waterways,nhd-117821767,nhd-117821767,117821767,117821767,East Plum Creek,East Plum Creek,460,460,46006,46006,False,True,,EXPLAINED,UNCHANGED,
waterways,nhd-117821791,nhd-117821791,117821791,117821791,East Plum Creek,East Plum Creek,460,460,46006,46006,False,True,,EXPLAINED,UNCHANGED,
waterways,nhd-117821799,nhd-117821799,117821799,117821799,Gove Creek,Gove Creek,460,460,46003,46003,False,True,,EXPLAINED,UNCHANGED,
waterways,nhd-117821807,nhd-117821807,117821807,117821807,East Plum Creek,East Plum Creek,460,460,46006,46006,False,True,,EXPLAINED,UNCHANGED,
waterways,nhd-117821811,nhd-117821811,117821811,117821811,Gove Creek,Gove Creek,460,460,46003,46003,False,True,,EXPLAINED,UNCHANGED,
waterways,nhd-117821815,nhd-117821815,117821815,117821815,Cook Creek,Cook Creek,460,460,46006,46006,False,True,,EXPLAINED,UNCHANGED,
waterways,nhd-117821869,nhd-117821869,117821869,117821869,Cook Creek,Cook Creek,460,460,46006,46006,False,True,,EXPLAINED,UNCHANGED,
waterways,nhd-117821875,nhd-117821875,117821875,117821875,Gove Creek,Gove Creek,460,460,46003,46003,False,True,,EXPLAINED,UNCHANGED,
waterways,nhd-117821877,nhd-117821877,117821877,117821877,Gove Creek,Gove Creek,460,460,46003,46003,False,True,,EXPLAINED,UNCHANGED,
waterways,nhd-117821951,nhd-117821951,117821951,117821951,Cook Creek,Cook Creek,460,460,46006,46006,False,True,,EXPLAINED,UNCHANGED,
waterways,nhd-117821999,nhd-117821999,117821999,117821999,East Plum Creek,East Plum Creek,460,460,46006,46006,False,True,,EXPLAINED,UNCHANGED,
waterways,nhd-117822027,nhd-117822027,117822027,117822027,East Plum Creek,East Plum Creek,460,460,46006,46006,False,True,,EXPLAINED,UNCHANGED,
waterways,nhd-117822029,nhd-117822029,117822029,117822029,East Plum Creek,East Plum Creek,460,460,46006,46006,False,True,,EXPLAINED,UNCHANGED,
waterways,nhd-117822063,nhd-117822063,117822063,117822063,East Plum Creek,East Plum Creek,460,460,46006,46006,False,True,,EXPLAINED,UNCHANGED,
waterways,nhd-117822065,nhd-117822065,117822065,117822065,Cook Creek,Cook Creek,460,460,46006,46006,False,True,,EXPLAINED,UNCHANGED,
waterways,nhd-117822069,nhd-117822069,117822069,117822069,East Plum Creek,East Plum Creek,460,460,46006,46006,False,True,,EXPLAINED,UNCHANGED,
waterways,nhd-117822073,nhd-117822073,117822073,117822073,Cook Creek,Cook Creek,460,460,46006,46006,False,True,,EXPLAINED,UNCHANGED,
waterways,nhd-117822079,nhd-117822079,117822079,117822079,East Plum Creek,East Plum Creek,460,460,46006,46006,False,True,,EXPLAINED,UNCHANGED,
waterways,nhd-117822083,nhd-117822083,117822083,117822083,East Plum Creek,East Plum Creek,460,460,46006,46006,False,True,,EXPLAINED,UNCHANGED,
waterways,nhd-117822093,nhd-117822093,117822093,117822093,East Plum Creek,East Plum Creek,460,460,46006,46006,False,True,,EXPLAINED,UNCHANGED,
waterways,nhd-117822099,nhd-117822099,117822099,117822099,Cook Creek,Cook Creek,460,460,46006,46006,False,True,,EXPLAINED,UNCHANGED,
waterways,nhd-117822105,nhd-117822105,117822105,117822105,Cook Creek,Cook Creek,460,460,46006,46006,False,True,,EXPLAINED,UNCHANGED,
waterways,nhd-117822107,nhd-117822107,117822107,117822107,Cook Creek,Cook Creek,460,460,46006,46006,False,True,,EXPLAINED,UNCHANGED,
waterways,nhd-117822171,nhd-117822171,117822171,117822171,East Plum Creek,East Plum Creek,460,460,46006,46006,False,True,,EXPLAINED,UNCHANGED,
waterways,nhd-117822177,nhd-117822177,117822177,117822177,Cook Creek,Cook Creek,460,460,46006,46006,False,True,,EXPLAINED,UNCHANGED,
waterways,nhd-117822187,nhd-117822187,117822187,117822187,Cook Creek,Cook Creek,460,460,46006,46006,False,True,,EXPLAINED,UNCHANGED,
waterways,nhd-117822195,nhd-117822195,117822195,117822195,Cook Creek,Cook Creek,460,460,46006,46006,False,True,,EXPLAINED,UNCHANGED,
waterways,nhd-117822199,nhd-117822199,117822199,117822199,Carpenter Creek,Carpenter Creek,460,460,46006,46006,False,True,,EXPLAINED,UNCHANGED,
waterways,nhd-117822207,nhd-117822207,117822207,117822207,Cook Creek,Cook Creek,460,460,46006,46006,False,True,,EXPLAINED,UNCHANGED,
waterways,nhd-117822253,nhd-117822253,117822253,117822253,Carpenter Creek,Carpenter Creek,460,460,46006,46006,False,True,,EXPLAINED,UNCHANGED,
waterways,nhd-117822275,nhd-117822275,117822275,117822275,Cook Creek,Cook Creek,460,460,46006,46006,False,True,,EXPLAINED,UNCHANGED,
waterways,nhd-117822283,nhd-117822283,117822283,117822283,Carpenter Creek,Carpenter Creek,460,460,46006,46006,False,True,,EXPLAINED,UNCHANGED,
waterways,nhd-117822359,nhd-117822359,117822359,117822359,Cook Creek,Cook Creek,460,460,46006,46006,False,True,,EXPLAINED,UNCHANGED,
waterways,nhd-117822363,nhd-117822363,117822363,117822363,Cook Creek,Cook Creek,460,460,46006,46006,False,True,,EXPLAINED,UNCHANGED,
waterways,nhd-117822369,nhd-117822369,117822369,117822369,Cook Creek,Cook Creek,460,460,46006,46006,False,True,,EXPLAINED,UNCHANGED,
waterways,nhd-117822377,nhd-117822377,117822377,117822377,Cook Creek,Cook Creek,460,460,46006,46006,False,True,,EXPLAINED,UNCHANGED,
waterways,nhd-117822383,nhd-117822383,117822383,117822383,Cook Creek,Cook Creek,460,460,46006,46006,False,True,,EXPLAINED,UNCHANGED,
waterways,nhd-117822393,nhd-117822393,117822393,117822393,Cook Creek,Cook Creek,460,460,46006,46006,False,True,,EXPLAINED,UNCHANGED,
waterways,nhd-117822433,nhd-117822433,117822433,117822433,Cook Creek,Cook Creek,460,460,46006,46006,True,False,,NOT EXPLAINED,UNEXPLAINED_GEOMETRY_CHANGE,changed_source_fields_or_geometry
waterways,nhd-117822447,nhd-117822447,117822447,117822447,West Plum Creek,West Plum Creek,558,558,55800,55800,False,True,,EXPLAINED,UNCHANGED,
waterways,nhd-117822449,nhd-117822449,117822449,117822449,West Plum Creek,West Plum Creek,558,558,55800,55800,False,True,,EXPLAINED,UNCHANGED,
waterways,nhd-117822453,nhd-117822453,117822453,117822453,West Plum Creek,West Plum Creek,558,558,55800,55800,False,True,,EXPLAINED,UNCHANGED,
waterways,nhd-117822473,nhd-117822473,117822473,117822473,Cook Creek,Cook Creek,558,558,55800,55800,False,True,,EXPLAINED,UNCHANGED,
waterways,nhd-117822477,nhd-117822477,117822477,117822477,Cook Creek,Cook Creek,558,558,55800,55800,False,True,,EXPLAINED,UNCHANGED,
waterways,,nhd-117822487,,117822487,,Carpenter Creek,,558,,55800,False,False,,EXPLAINED,ADDED_IN_STRIP,
waterways,nhd-117822497,nhd-117822497,117822497,117822497,East Plum Creek,East Plum Creek,558,558,55800,55800,False,True,,EXPLAINED,UNCHANGED,
waterways,nhd-117823311,nhd-117823311,117823311,117823311,Highline Canal,Highline Canal,336,336,33600,33600,False,True,,EXPLAINED,UNCHANGED,
waterways,nhd-117823345,nhd-117823345,117823345,117823345,City Ditch,City Ditch,336,336,33600,33600,False,True,,EXPLAINED,UNCHANGED,
waterways,nhd-117823357,nhd-117823357,117823357,117823357,Highline Canal,Highline Canal,336,336,33600,33600,False,True,,EXPLAINED,UNCHANGED,
waterways,nhd-117823367,nhd-117823367,117823367,117823367,Highline Canal,Highline Canal,336,336,33600,33600,False,True,,EXPLAINED,UNCHANGED,
waterways,nhd-117823509,nhd-117823509,117823509,117823509,Highline Canal,Highline Canal,336,336,33600,33600,False,True,,EXPLAINED,UNCHANGED,
waterways,nhd-117823553,nhd-117823553,117823553,117823553,Highline Canal,Highline Canal,428,428,42813,42813,False,True,,EXPLAINED,UNCHANGED,
waterways,nhd-117823555,nhd-117823555,117823555,117823555,Plum Creek,Plum Creek,460,460,46006,46006,False,True,,EXPLAINED,UNCHANGED,
waterways,nhd-117823557,nhd-117823557,117823557,117823557,Highline Canal,Highline Canal,336,336,33600,33600,False,True,,EXPLAINED,UNCHANGED,
waterways,nhd-117823565,nhd-117823565,117823565,117823565,Plum Creek,Plum Creek,460,460,46006,46006,False,True,,EXPLAINED,UNCHANGED,
waterways,,nhd-117823587,,117823587,,Platte Canyon Ditch,,336,,33600,False,False,,EXPLAINED,ADDED_IN_STRIP,
waterways,nhd-117823597,nhd-117823597,117823597,117823597,Plum Creek,Plum Creek,460,460,46006,46006,False,True,,EXPLAINED,UNCHANGED,
waterways,nhd-117823613,nhd-117823613,117823613,117823613,Highline Canal,Highline Canal,336,336,33600,33600,False,True,,EXPLAINED,UNCHANGED,
waterways,,nhd-117823649,,117823649,,Platte Canyon Ditch,,336,,33600,False,False,,EXPLAINED,ADDED_IN_STRIP,
waterways,nhd-117823657,nhd-117823657,117823657,117823657,Highline Canal,Highline Canal,336,336,33600,33600,False,True,,EXPLAINED,UNCHANGED,
waterways,nhd-117823663,nhd-117823663,117823663,117823663,Plum Creek,Plum Creek,460,460,46006,46006,False,True,,EXPLAINED,UNCHANGED,
waterways,,nhd-117823699,,117823699,,South Platte River,,558,,55800,False,False,,EXPLAINED,ADDED_IN_STRIP,
waterways,nhd-117823701,nhd-117823701,117823701,117823701,South Platte River,South Platte River,558,558,55800,55800,True,False,,NOT EXPLAINED,UNEXPLAINED_GEOMETRY_CHANGE,changed_source_fields_or_geometry
waterways,nhd-117823703,nhd-117823703,117823703,117823703,South Platte River,South Platte River,558,558,55800,55800,True,False,,NOT EXPLAINED,UNEXPLAINED_GEOMETRY_CHANGE,changed_source_fields_or_geometry
waterways,,nhd-117823705,,117823705,,South Platte River,,558,,55800,False,False,,EXPLAINED,ADDED_IN_STRIP,
waterways,,nhd-117823707,,117823707,,South Platte River,,558,,55800,False,False,,EXPLAINED,ADDED_IN_STRIP,
waterways,nhd-117823713,nhd-117823713,117823713,117823713,South Platte River,South Platte River,558,558,55800,55800,True,False,,NOT EXPLAINED,UNEXPLAINED_GEOMETRY_CHANGE,changed_source_fields_or_geometry
waterways,nhd-117823715,nhd-117823715,117823715,117823715,South Platte River,South Platte River,558,558,55800,55800,True,False,,NOT EXPLAINED,UNEXPLAINED_GEOMETRY_CHANGE,changed_source_fields_or_geometry
waterways,,nhd-117823717,,117823717,,South Platte River,,558,,55800,False,False,,EXPLAINED,ADDED_IN_STRIP,
waterways,,nhd-117823719,,117823719,,South Platte River,,558,,55800,False,False,,EXPLAINED,ADDED_IN_STRIP,
waterways,nhd-117823721,nhd-117823721,117823721,117823721,South Platte River,South Platte River,558,558,55800,55800,True,False,,NOT EXPLAINED,UNEXPLAINED_GEOMETRY_CHANGE,changed_source_fields_or_geometry
waterways,nhd-117823723,nhd-117823723,117823723,117823723,South Platte River,South Platte River,558,558,55800,55800,True,False,,NOT EXPLAINED,UNEXPLAINED_GEOMETRY_CHANGE,changed_source_fields_or_geometry
waterways,nhd-117823725,nhd-117823725,117823725,117823725,South Platte River,South Platte River,558,558,55800,55800,True,False,,NOT EXPLAINED,UNEXPLAINED_GEOMETRY_CHANGE,changed_source_fields_or_geometry
waterways,,nhd-117823731,,117823731,,South Platte River,,558,,55800,False,False,,EXPLAINED,ADDED_IN_STRIP,
waterways,nhd-117823733,nhd-117823733,117823733,117823733,South Platte River,South Platte River,558,558,55800,55800,True,False,,NOT EXPLAINED,UNEXPLAINED_GEOMETRY_CHANGE,changed_source_fields_or_geometry
waterways,,nhd-117823739,,117823739,,Deer Creek,,558,,55800,False,False,,EXPLAINED,ADDED_IN_STRIP,
waterways,nhd-117823749,nhd-117823749,117823749,117823749,Plum Creek,Plum Creek,558,558,55800,55800,False,True,,EXPLAINED,UNCHANGED,
waterways,,nhd-117824545,,117824545,,South Platte River,,558,,55800,False,False,,EXPLAINED,ADDED_IN_STRIP,
waterways,nhd-117825491,nhd-117825491,117825491,117825491,Trout Creek,Trout Creek,460,460,46006,46006,False,True,,EXPLAINED,UNCHANGED,
waterways,,nhd-117825765,,117825765,,South Platte River,,558,,55800,False,False,,EXPLAINED,ADDED_IN_STRIP,
waterways,,nhd-117827695,,117827695,,East Plum Creek,,460,,46006,False,False,,EXPLAINED,ADDED_IN_STRIP,
waterways,nhd-117835353,nhd-117835353,117835353,117835353,Aurora Rampart Tunnel Number 1,Aurora Rampart Tunnel Number 1,428,428,42803,42803,False,True,,EXPLAINED,UNCHANGED,
waterways,,nhd-117835381,,117835381,,Willow Creek,,460,,46003,False,False,,EXPLAINED,ADDED_IN_STRIP,
waterways,nhd-117835459,nhd-117835459,117835459,117835459,Bear Creek,Bear Creek,460,460,46006,46006,False,True,,EXPLAINED,UNCHANGED,
waterways,nhd-117835583,nhd-117835583,117835583,117835583,West Bear Creek,West Bear Creek,460,460,46003,46003,False,True,,EXPLAINED,UNCHANGED,
waterways,nhd-117835597,nhd-117835597,117835597,117835597,West Bear Creek,West Bear Creek,460,460,46003,46003,False,True,,EXPLAINED,UNCHANGED,
waterways,nhd-117835641,nhd-117835641,117835641,117835641,West Bear Creek,West Bear Creek,460,460,46003,46003,False,True,,EXPLAINED,UNCHANGED,
waterways,,nhd-117835915,,117835915,,Spring Creek,,460,,46003,False,False,,EXPLAINED,ADDED_IN_STRIP,
waterways,,nhd-117836297,,117836297,,South Platte River,,558,,55800,False,False,,EXPLAINED,ADDED_IN_STRIP,
waterways,,nhd-117836299,,117836299,,South Platte River,,558,,55800,False,False,,EXPLAINED,ADDED_IN_STRIP,
waterways,,nhd-117836309,,117836309,,South Platte River,,558,,55800,False,False,,EXPLAINED,ADDED_IN_STRIP,
waterways,,nhd-117836311,,117836311,,South Platte River,,558,,55800,False,False,,EXPLAINED,ADDED_IN_STRIP,
waterways,,nhd-117836317,,117836317,,Willow Creek,,558,,55800,False,False,,EXPLAINED,ADDED_IN_STRIP,
waterways,nhd-117836321,nhd-117836321,117836321,117836321,Bear Creek,Bear Creek,558,558,55800,55800,True,False,,NOT EXPLAINED,UNEXPLAINED_GEOMETRY_CHANGE,changed_source_fields_or_geometry
waterways,nhd-117836327,nhd-117836327,117836327,117836327,South Platte River,South Platte River,558,558,55800,55800,True,False,,NOT EXPLAINED,UNEXPLAINED_GEOMETRY_CHANGE,changed_source_fields_or_geometry
waterways,,nhd-117836329,,117836329,,South Platte River,,558,,55800,False,False,,EXPLAINED,ADDED_IN_STRIP,
waterways,,nhd-117836331,,117836331,,South Platte River,,558,,55800,False,False,,EXPLAINED,ADDED_IN_STRIP,
waterways,,nhd-117836333,,117836333,,South Platte River,,558,,55800,False,False,,EXPLAINED,ADDED_IN_STRIP,
waterways,,nhd-117836345,,117836345,,South Platte River,,558,,55800,False,False,,EXPLAINED,ADDED_IN_STRIP,
waterways,nhd-117836351,nhd-117836351,117836351,117836351,South Platte River,South Platte River,558,558,55800,55800,False,True,,EXPLAINED,UNCHANGED,
waterways,nhd-117836353,nhd-117836353,117836353,117836353,South Platte River,South Platte River,558,558,55800,55800,True,False,,NOT EXPLAINED,UNEXPLAINED_GEOMETRY_CHANGE,changed_source_fields_or_geometry
waterways,nhd-117836361,nhd-117836361,117836361,117836361,South Platte River,South Platte River,558,558,55800,55800,True,False,,NOT EXPLAINED,UNEXPLAINED_GEOMETRY_CHANGE,changed_source_fields_or_geometry
waterways,,nhd-117836363,,117836363,,South Platte River,,558,,55800,False,False,,EXPLAINED,ADDED_IN_STRIP,
waterways,,nhd-117836371,,117836371,,South Platte River,,558,,55800,False,False,,EXPLAINED,ADDED_IN_STRIP,
waterways,,nhd-117836385,,117836385,,South Platte River,,558,,55800,False,False,,EXPLAINED,ADDED_IN_STRIP,
waterways,,nhd-117836387,,117836387,,South Platte River,,558,,55800,False,False,,EXPLAINED,ADDED_IN_STRIP,
waterways,,nhd-117836389,,117836389,,Spring Creek,,558,,55800,False,False,,EXPLAINED,ADDED_IN_STRIP,
waterways,,nhd-117836395,,117836395,,South Platte River,,558,,55800,False,False,,EXPLAINED,ADDED_IN_STRIP,
waterways,,nhd-117836397,,117836397,,South Platte River,,558,,55800,False,False,,EXPLAINED,ADDED_IN_STRIP,
waterways,nhd-117836407,nhd-117836407,117836407,117836407,South Platte River,South Platte River,558,558,55800,55800,True,False,,NOT EXPLAINED,UNEXPLAINED_GEOMETRY_CHANGE,changed_source_fields_or_geometry
waterways,,nhd-117836423,,117836423,,South Platte River,,558,,55800,False,False,,EXPLAINED,ADDED_IN_STRIP,
waterways,nhd-117836427,nhd-117836427,117836427,117836427,South Platte River,South Platte River,558,558,55800,55800,True,False,,NOT EXPLAINED,UNEXPLAINED_GEOMETRY_CHANGE,changed_source_fields_or_geometry
waterways,,nhd-117836573,,117836573,,South Platte River,,558,,55800,False,False,,EXPLAINED,ADDED_IN_STRIP,
waterways,nhd-117836577,nhd-117836577,117836577,117836577,South Platte River,South Platte River,558,558,55800,55800,True,False,,NOT EXPLAINED,UNEXPLAINED_GEOMETRY_CHANGE,changed_source_fields_or_geometry
waterways,,nhd-117836587,,117836587,,South Platte River,,558,,55800,False,False,,EXPLAINED,ADDED_IN_STRIP,
waterways,nhd-117836589,nhd-117836589,117836589,117836589,South Platte River,South Platte River,558,558,55800,55800,True,False,,NOT EXPLAINED,UNEXPLAINED_GEOMETRY_CHANGE,changed_source_fields_or_geometry
waterways,nhd-117836591,nhd-117836591,117836591,117836591,South Platte River,South Platte River,558,558,55800,55800,True,False,,NOT EXPLAINED,UNEXPLAINED_GEOMETRY_CHANGE,changed_source_fields_or_geometry
waterways,,nhd-117836597,,117836597,,South Platte River,,558,,55800,False,False,,EXPLAINED,ADDED_IN_STRIP,
waterways,,nhd-117836605,,117836605,,South Platte River,,558,,55800,False,False,,EXPLAINED,ADDED_IN_STRIP,
waterways,,nhd-117836613,,117836613,,South Platte River,,558,,55800,False,False,,EXPLAINED,ADDED_IN_STRIP,
waterways,,nhd-117836617,,117836617,,South Platte River,,558,,55800,False,False,,EXPLAINED,ADDED_IN_STRIP,
waterways,,nhd-117836621,,117836621,,South Platte River,,558,,55800,False,False,,EXPLAINED,ADDED_IN_STRIP,
waterways,,nhd-117836625,,117836625,,South Platte River,,558,,55800,False,False,,EXPLAINED,ADDED_IN_STRIP,
waterways,,nhd-117836633,,117836633,,South Platte River,,558,,55800,False,False,,EXPLAINED,ADDED_IN_STRIP,
waterways,,nhd-117836637,,117836637,,South Platte River,,558,,55800,False,False,,EXPLAINED,ADDED_IN_STRIP,
waterways,,nhd-117836641,,117836641,,South Platte River,,558,,55800,False,False,,EXPLAINED,ADDED_IN_STRIP,
waterways,,nhd-117836649,,117836649,,South Platte River,,558,,55800,False,False,,EXPLAINED,ADDED_IN_STRIP,
waterways,,nhd-117836653,,117836653,,South Platte River,,558,,55800,False,False,,EXPLAINED,ADDED_IN_STRIP,
waterways,,nhd-117836657,,117836657,,South Platte River,,558,,55800,False,False,,EXPLAINED,ADDED_IN_STRIP,
waterways,nhd-117836661,nhd-117836661,117836661,117836661,South Platte River,South Platte River,558,558,55800,55800,True,False,,NOT EXPLAINED,UNEXPLAINED_GEOMETRY_CHANGE,changed_source_fields_or_geometry
waterways,,nhd-117836673,,117836673,,South Platte River,,558,,55800,False,False,,EXPLAINED,ADDED_IN_STRIP,
waterways,nhd-117837173,nhd-117837173,117837173,117837173,Big Dry Creek,Big Dry Creek,460,460,46003,46003,False,True,,EXPLAINED,UNCHANGED,
waterways,nhd-117837177,nhd-117837177,117837177,117837177,Big Dry Creek,Big Dry Creek,460,460,46003,46003,False,True,,EXPLAINED,UNCHANGED,
waterways,nhd-117837191,nhd-117837191,117837191,117837191,Big Dry Creek,Big Dry Creek,460,460,46003,46003,False,True,,EXPLAINED,UNCHANGED,
waterways,nhd-117837241,nhd-117837241,117837241,117837241,Big Dry Creek,Big Dry Creek,460,460,46003,46003,False,True,,EXPLAINED,UNCHANGED,
waterways,nhd-117837309,nhd-117837309,117837309,117837309,Plum Creek,Plum Creek,460,460,46006,46006,False,True,,EXPLAINED,UNCHANGED,
waterways,nhd-117837311,nhd-117837311,117837311,117837311,Indian Creek,Indian Creek,460,460,46006,46006,False,True,,EXPLAINED,UNCHANGED,
waterways,nhd-117837313,nhd-117837313,117837313,117837313,Indian Creek,Indian Creek,460,460,46003,46003,False,True,,EXPLAINED,UNCHANGED,
waterways,nhd-117837315,nhd-117837315,117837315,117837315,Indian Creek,Indian Creek,460,460,46006,46006,False,True,,EXPLAINED,UNCHANGED,
waterways,nhd-117837343,nhd-117837343,117837343,117837343,Plum Creek,Plum Creek,460,460,46006,46006,False,True,,EXPLAINED,UNCHANGED,
waterways,nhd-117837361,nhd-117837361,117837361,117837361,Plum Creek,Plum Creek,460,460,46006,46006,False,True,,EXPLAINED,UNCHANGED,
waterways,nhd-117837385,nhd-117837385,117837385,117837385,Plum Creek,Plum Creek,460,460,46006,46006,False,True,,EXPLAINED,UNCHANGED,
waterways,nhd-117837391,nhd-117837391,117837391,117837391,Plum Creek,Plum Creek,460,460,46006,46006,False,True,,EXPLAINED,UNCHANGED,
waterways,nhd-117837415,nhd-117837415,117837415,117837415,Plum Creek,Plum Creek,460,460,46006,46006,False,True,,EXPLAINED,UNCHANGED,
waterways,nhd-117837431,nhd-117837431,117837431,117837431,Plum Creek,Plum Creek,460,460,46006,46006,False,True,,EXPLAINED,UNCHANGED,
waterways,nhd-117837437,nhd-117837437,117837437,117837437,Plum Creek,Plum Creek,460,460,46006,46006,False,True,,EXPLAINED,UNCHANGED,
waterways,nhd-117837447,nhd-117837447,117837447,117837447,Plum Creek,Plum Creek,460,460,46006,46006,False,True,,EXPLAINED,UNCHANGED,
waterways,nhd-117837449,nhd-117837449,117837449,117837449,Plum Creek,Plum Creek,460,460,46006,46006,False,True,,EXPLAINED,UNCHANGED,
waterways,nhd-117837455,nhd-117837455,117837455,117837455,Plum Creek,Plum Creek,460,460,46006,46006,False,True,,EXPLAINED,UNCHANGED,
waterways,nhd-117837457,nhd-117837457,117837457,117837457,Plum Creek,Plum Creek,460,460,46006,46006,False,True,,EXPLAINED,UNCHANGED,
waterways,nhd-117837479,nhd-117837479,117837479,117837479,Plum Creek,Plum Creek,460,460,46006,46006,False,True,,EXPLAINED,UNCHANGED,
waterways,nhd-117837495,nhd-117837495,117837495,117837495,Plum Creek,Plum Creek,460,460,46006,46006,False,True,,EXPLAINED,UNCHANGED,
waterways,nhd-117837499,nhd-117837499,117837499,117837499,Plum Creek,Plum Creek,460,460,46006,46006,False,True,,EXPLAINED,UNCHANGED,
waterways,nhd-117837513,nhd-117837513,117837513,117837513,Plum Creek,Plum Creek,460,460,46006,46006,False,True,,EXPLAINED,UNCHANGED,
waterways,nhd-117837527,nhd-117837527,117837527,117837527,Plum Creek,Plum Creek,460,460,46006,46006,False,True,,EXPLAINED,UNCHANGED,
waterways,nhd-117837531,nhd-117837531,117837531,117837531,Plum Creek,Plum Creek,460,460,46006,46006,False,True,,EXPLAINED,UNCHANGED,
waterways,nhd-117837559,nhd-117837559,117837559,117837559,Plum Creek,Plum Creek,460,460,46006,46006,False,True,,EXPLAINED,UNCHANGED,
waterways,nhd-117837561,nhd-117837561,117837561,117837561,Plum Creek,Plum Creek,460,460,46006,46006,False,True,,EXPLAINED,UNCHANGED,
waterways,nhd-117837573,nhd-117837573,117837573,117837573,Plum Creek,Plum Creek,460,460,46006,46006,False,True,,EXPLAINED,UNCHANGED,
waterways,nhd-117837581,nhd-117837581,117837581,117837581,Plum Creek,Plum Creek,460,460,46006,46006,False,True,,EXPLAINED,UNCHANGED,
waterways,nhd-117837587,nhd-117837587,117837587,117837587,Plum Creek,Plum Creek,460,460,46006,46006,False,True,,EXPLAINED,UNCHANGED,
waterways,nhd-117837593,nhd-117837593,117837593,117837593,Plum Creek,Plum Creek,460,460,46006,46006,False,True,,EXPLAINED,UNCHANGED,
waterways,nhd-117837597,nhd-117837597,117837597,117837597,Plum Creek,Plum Creek,460,460,46006,46006,False,True,,EXPLAINED,UNCHANGED,
waterways,nhd-117837603,nhd-117837603,117837603,117837603,Plum Creek,Plum Creek,460,460,46006,46006,False,True,,EXPLAINED,UNCHANGED,
waterways,nhd-117837611,nhd-117837611,117837611,117837611,Plum Creek,Plum Creek,460,460,46006,46006,False,True,,EXPLAINED,UNCHANGED,
waterways,nhd-117837629,nhd-117837629,117837629,117837629,East Plum Creek,East Plum Creek,460,460,46006,46006,False,True,,EXPLAINED,UNCHANGED,
waterways,nhd-117837633,nhd-117837633,117837633,117837633,East Plum Creek,East Plum Creek,460,460,46006,46006,False,True,,EXPLAINED,UNCHANGED,
waterways,nhd-117837635,nhd-117837635,117837635,117837635,East Plum Creek,East Plum Creek,460,460,46006,46006,False,True,,EXPLAINED,UNCHANGED,
waterways,nhd-117837637,nhd-117837637,117837637,117837637,East Plum Creek,East Plum Creek,460,460,46006,46006,False,True,,EXPLAINED,UNCHANGED,
waterways,nhd-117837641,nhd-117837641,117837641,117837641,Plum Creek,Plum Creek,460,460,46006,46006,False,True,,EXPLAINED,UNCHANGED,
waterways,nhd-117837643,nhd-117837643,117837643,117837643,Plum Creek,Plum Creek,460,460,46006,46006,False,True,,EXPLAINED,UNCHANGED,
waterways,nhd-117837649,nhd-117837649,117837649,117837649,Plum Creek,Plum Creek,460,460,46006,46006,False,True,,EXPLAINED,UNCHANGED,
waterways,nhd-117837661,nhd-117837661,117837661,117837661,East Plum Creek,East Plum Creek,460,460,46006,46006,False,True,,EXPLAINED,UNCHANGED,
waterways,nhd-117837665,nhd-117837665,117837665,117837665,Plum Creek,Plum Creek,460,460,46006,46006,False,True,,EXPLAINED,UNCHANGED,
waterways,nhd-117837673,nhd-117837673,117837673,117837673,Plum Creek,Plum Creek,460,460,46006,46006,False,True,,EXPLAINED,UNCHANGED,
waterways,nhd-117837679,nhd-117837679,117837679,117837679,East Plum Creek,East Plum Creek,460,460,46006,46006,False,True,,EXPLAINED,UNCHANGED,
waterways,nhd-117837681,nhd-117837681,117837681,117837681,Plum Creek,Plum Creek,460,460,46006,46006,False,True,,EXPLAINED,UNCHANGED,
waterways,nhd-117837685,nhd-117837685,117837685,117837685,Plum Creek,Plum Creek,460,460,46006,46006,False,True,,EXPLAINED,UNCHANGED,
waterways,nhd-117837693,nhd-117837693,117837693,117837693,East Plum Creek,East Plum Creek,460,460,46006,46006,False,True,,EXPLAINED,UNCHANGED,
waterways,nhd-117837711,nhd-117837711,117837711,117837711,East Plum Creek,East Plum Creek,460,460,46006,46006,False,True,,EXPLAINED,UNCHANGED,
waterways,nhd-117837715,nhd-117837715,117837715,117837715,East Plum Creek,East Plum Creek,460,460,46006,46006,False,True,,EXPLAINED,UNCHANGED,
waterways,nhd-117837717,nhd-117837717,117837717,117837717,East Plum Creek,East Plum Creek,460,460,46006,46006,False,True,,EXPLAINED,UNCHANGED,
waterways,nhd-117837721,nhd-117837721,117837721,117837721,East Plum Creek,East Plum Creek,460,460,46006,46006,False,True,,EXPLAINED,UNCHANGED,
waterways,nhd-117837723,nhd-117837723,117837723,117837723,East Plum Creek,East Plum Creek,460,460,46006,46006,False,True,,EXPLAINED,UNCHANGED,
waterways,nhd-117837725,nhd-117837725,117837725,117837725,East Plum Creek,East Plum Creek,460,460,46006,46006,False,True,,EXPLAINED,UNCHANGED,
waterways,nhd-117837729,nhd-117837729,117837729,117837729,East Plum Creek,East Plum Creek,460,460,46006,46006,False,True,,EXPLAINED,UNCHANGED,
waterways,nhd-117837731,nhd-117837731,117837731,117837731,East Plum Creek,East Plum Creek,460,460,46006,46006,False,True,,EXPLAINED,UNCHANGED,
waterways,nhd-117837733,nhd-117837733,117837733,117837733,East Plum Creek,East Plum Creek,460,460,46006,46006,False,True,,EXPLAINED,UNCHANGED,
waterways,nhd-117837735,nhd-117837735,117837735,117837735,East Plum Creek,East Plum Creek,460,460,46006,46006,False,True,,EXPLAINED,UNCHANGED,
waterways,nhd-117837741,nhd-117837741,117837741,117837741,East Plum Creek,East Plum Creek,460,460,46006,46006,False,True,,EXPLAINED,UNCHANGED,
waterways,nhd-117837743,nhd-117837743,117837743,117837743,East Plum Creek,East Plum Creek,460,460,46006,46006,False,True,,EXPLAINED,UNCHANGED,
waterways,nhd-117837745,nhd-117837745,117837745,117837745,Plum Creek,Plum Creek,460,460,46006,46006,False,True,,EXPLAINED,UNCHANGED,
waterways,nhd-117837749,nhd-117837749,117837749,117837749,East Plum Creek,East Plum Creek,460,460,46006,46006,False,True,,EXPLAINED,UNCHANGED,
waterways,nhd-117837751,nhd-117837751,117837751,117837751,Jarre Creek,Jarre Creek,460,460,46003,46003,False,True,,EXPLAINED,UNCHANGED,
waterways,nhd-117837757,nhd-117837757,117837757,117837757,Plum Creek,Plum Creek,460,460,46006,46006,False,True,,EXPLAINED,UNCHANGED,
waterways,nhd-117837759,nhd-117837759,117837759,117837759,East Plum Creek,East Plum Creek,460,460,46006,46006,False,True,,EXPLAINED,UNCHANGED,
waterways,nhd-117837761,nhd-117837761,117837761,117837761,East Plum Creek,East Plum Creek,460,460,46006,46006,False,True,,EXPLAINED,UNCHANGED,
waterways,nhd-117837763,nhd-117837763,117837763,117837763,West Plum Creek,West Plum Creek,460,460,46006,46006,False,True,,EXPLAINED,UNCHANGED,
waterways,nhd-117837773,nhd-117837773,117837773,117837773,East Plum Creek,East Plum Creek,460,460,46006,46006,False,True,,EXPLAINED,UNCHANGED,
waterways,nhd-117837797,nhd-117837797,117837797,117837797,East Plum Creek,East Plum Creek,460,460,46006,46006,False,True,,EXPLAINED,UNCHANGED,
waterways,nhd-117837801,nhd-117837801,117837801,117837801,East Plum Creek,East Plum Creek,460,460,46006,46006,False,True,,EXPLAINED,UNCHANGED,
waterways,nhd-117837803,nhd-117837803,117837803,117837803,East Plum Creek,East Plum Creek,460,460,46006,46006,False,True,,EXPLAINED,UNCHANGED,
waterways,nhd-117837809,nhd-117837809,117837809,117837809,East Plum Creek,East Plum Creek,460,460,46006,46006,False,True,,EXPLAINED,UNCHANGED,
waterways,nhd-117837817,nhd-117837817,117837817,117837817,East Plum Creek,East Plum Creek,460,460,46006,46006,False,True,,EXPLAINED,UNCHANGED,
waterways,nhd-117837821,nhd-117837821,117837821,117837821,East Plum Creek,East Plum Creek,460,460,46006,46006,False,True,,EXPLAINED,UNCHANGED,
waterways,nhd-117837823,nhd-117837823,117837823,117837823,East Plum Creek,East Plum Creek,460,460,46006,46006,False,True,,EXPLAINED,UNCHANGED,
waterways,nhd-117837825,nhd-117837825,117837825,117837825,East Plum Creek,East Plum Creek,460,460,46006,46006,False,True,,EXPLAINED,UNCHANGED,
waterways,nhd-117837829,nhd-117837829,117837829,117837829,East Plum Creek,East Plum Creek,460,460,46006,46006,False,True,,EXPLAINED,UNCHANGED,
waterways,nhd-117837837,nhd-117837837,117837837,117837837,East Plum Creek,East Plum Creek,460,460,46006,46006,False,True,,EXPLAINED,UNCHANGED,
waterways,nhd-117837839,nhd-117837839,117837839,117837839,East Plum Creek,East Plum Creek,460,460,46006,46006,False,True,,EXPLAINED,UNCHANGED,
waterways,nhd-117837847,nhd-117837847,117837847,117837847,West Plum Creek,West Plum Creek,460,460,46006,46006,False,True,,EXPLAINED,UNCHANGED,
waterways,nhd-117837849,nhd-117837849,117837849,117837849,Jarre Creek,Jarre Creek,460,460,46003,46003,False,True,,EXPLAINED,UNCHANGED,
waterways,nhd-117837853,nhd-117837853,117837853,117837853,West Plum Creek,West Plum Creek,460,460,46006,46006,False,True,,EXPLAINED,UNCHANGED,
waterways,nhd-117837863,nhd-117837863,117837863,117837863,East Plum Creek,East Plum Creek,460,460,46006,46006,False,True,,EXPLAINED,UNCHANGED,
waterways,nhd-117837875,nhd-117837875,117837875,117837875,East Plum Creek,East Plum Creek,460,460,46006,46006,False,True,,EXPLAINED,UNCHANGED,
waterways,nhd-117837879,nhd-117837879,117837879,117837879,East Plum Creek,East Plum Creek,460,460,46006,46006,False,True,,EXPLAINED,UNCHANGED,
waterways,nhd-117837881,nhd-117837881,117837881,117837881,East Plum Creek,East Plum Creek,460,460,46006,46006,False,True,,EXPLAINED,UNCHANGED,
waterways,nhd-117837883,nhd-117837883,117837883,117837883,East Plum Creek,East Plum Creek,460,460,46006,46006,False,True,,EXPLAINED,UNCHANGED,
waterways,nhd-117837885,nhd-117837885,117837885,117837885,West Plum Creek,West Plum Creek,460,460,46006,46006,False,True,,EXPLAINED,UNCHANGED,
waterways,nhd-117837887,nhd-117837887,117837887,117837887,Jarre Creek,Jarre Creek,460,460,46003,46003,False,True,,EXPLAINED,UNCHANGED,
waterways,nhd-117837893,nhd-117837893,117837893,117837893,West Plum Creek,West Plum Creek,460,460,46006,46006,False,True,,EXPLAINED,UNCHANGED,
waterways,nhd-117837897,nhd-117837897,117837897,117837897,East Plum Creek,East Plum Creek,460,460,46006,46006,False,True,,EXPLAINED,UNCHANGED,
waterways,nhd-117837909,nhd-117837909,117837909,117837909,East Plum Creek,East Plum Creek,460,460,46006,46006,False,True,,EXPLAINED,UNCHANGED,
waterways,nhd-117837911,nhd-117837911,117837911,117837911,West Plum Creek,West Plum Creek,460,460,46006,46006,False,True,,EXPLAINED,UNCHANGED,
waterways,nhd-117837913,nhd-117837913,117837913,117837913,East Plum Creek,East Plum Creek,460,460,46006,46006,False,True,,EXPLAINED,UNCHANGED,
waterways,nhd-117837915,nhd-117837915,117837915,117837915,East Plum Creek,East Plum Creek,460,460,46006,46006,False,True,,EXPLAINED,UNCHANGED,
waterways,nhd-117837921,nhd-117837921,117837921,117837921,Jarre Creek,Jarre Creek,460,460,46003,46003,False,True,,EXPLAINED,UNCHANGED,
waterways,nhd-117837925,nhd-117837925,117837925,117837925,East Plum Creek,East Plum Creek,460,460,46006,46006,False,True,,EXPLAINED,UNCHANGED,
waterways,nhd-117837935,nhd-117837935,117837935,117837935,East Plum Creek,East Plum Creek,460,460,46006,46006,False,True,,EXPLAINED,UNCHANGED,
waterways,nhd-117837941,nhd-117837941,117837941,117837941,West Plum Creek,West Plum Creek,460,460,46006,46006,False,True,,EXPLAINED,UNCHANGED,
waterways,nhd-117837945,nhd-117837945,117837945,117837945,East Plum Creek,East Plum Creek,460,460,46006,46006,False,True,,EXPLAINED,UNCHANGED,
waterways,nhd-117837947,nhd-117837947,117837947,117837947,East Plum Creek,East Plum Creek,460,460,46006,46006,False,True,,EXPLAINED,UNCHANGED,
waterways,nhd-117837951,nhd-117837951,117837951,117837951,East Plum Creek,East Plum Creek,460,460,46006,46006,False,True,,EXPLAINED,UNCHANGED,
waterways,nhd-117837953,nhd-117837953,117837953,117837953,East Plum Creek,East Plum Creek,460,460,46006,46006,False,True,,EXPLAINED,UNCHANGED,
waterways,nhd-117837961,nhd-117837961,117837961,117837961,East Plum Creek,East Plum Creek,460,460,46006,46006,False,True,,EXPLAINED,UNCHANGED,
waterways,nhd-117837979,nhd-117837979,117837979,117837979,East Plum Creek,East Plum Creek,460,460,46006,46006,False,True,,EXPLAINED,UNCHANGED,
waterways,nhd-117837989,nhd-117837989,117837989,117837989,East Plum Creek,East Plum Creek,460,460,46003,46003,False,True,,EXPLAINED,UNCHANGED,
waterways,nhd-117837993,nhd-117837993,117837993,117837993,East Plum Creek,East Plum Creek,460,460,46006,46006,False,True,,EXPLAINED,UNCHANGED,
waterways,nhd-117837999,nhd-117837999,117837999,117837999,West Plum Creek,West Plum Creek,460,460,46006,46006,False,True,,EXPLAINED,UNCHANGED,
waterways,nhd-117838013,nhd-117838013,117838013,117838013,East Plum Creek,East Plum Creek,460,460,46006,46006,False,True,,EXPLAINED,UNCHANGED,
waterways,nhd-117838015,nhd-117838015,117838015,117838015,East Plum Creek,East Plum Creek,460,460,46006,46006,False,True,,EXPLAINED,UNCHANGED,
waterways,nhd-117838023,nhd-117838023,117838023,117838023,West Plum Creek,West Plum Creek,460,460,46006,46006,False,True,,EXPLAINED,UNCHANGED,
waterways,nhd-117838025,nhd-117838025,117838025,117838025,West Plum Creek,West Plum Creek,460,460,46006,46006,False,True,,EXPLAINED,UNCHANGED,
waterways,nhd-117838029,nhd-117838029,117838029,117838029,East Plum Creek,East Plum Creek,460,460,46006,46006,False,True,,EXPLAINED,UNCHANGED,
waterways,nhd-117838039,nhd-117838039,117838039,117838039,East Plum Creek,East Plum Creek,460,460,46006,46006,False,True,,EXPLAINED,UNCHANGED,
waterways,nhd-117838043,nhd-117838043,117838043,117838043,East Plum Creek,East Plum Creek,460,460,46006,46006,False,True,,EXPLAINED,UNCHANGED,
waterways,nhd-117838055,nhd-117838055,117838055,117838055,East Plum Creek,East Plum Creek,460,460,46006,46006,False,True,,EXPLAINED,UNCHANGED,
waterways,nhd-117838057,nhd-117838057,117838057,117838057,East Plum Creek,East Plum Creek,460,460,46006,46006,False,True,,EXPLAINED,UNCHANGED,
waterways,nhd-117838061,nhd-117838061,117838061,117838061,West Plum Creek,West Plum Creek,460,460,46006,46006,False,True,,EXPLAINED,UNCHANGED,
waterways,nhd-117838077,nhd-117838077,117838077,117838077,East Plum Creek,East Plum Creek,460,460,46006,46006,False,True,,EXPLAINED,UNCHANGED,
waterways,nhd-117838081,nhd-117838081,117838081,117838081,East Plum Creek,East Plum Creek,460,460,46006,46006,False,True,,EXPLAINED,UNCHANGED,
waterways,nhd-117838083,nhd-117838083,117838083,117838083,East Plum Creek,East Plum Creek,460,460,46006,46006,False,True,,EXPLAINED,UNCHANGED,
waterways,nhd-117838091,nhd-117838091,117838091,117838091,West Plum Creek,West Plum Creek,460,460,46006,46006,False,True,,EXPLAINED,UNCHANGED,
waterways,nhd-117838095,nhd-117838095,117838095,117838095,Jarre Creek,Jarre Creek,460,460,46003,46003,False,True,,EXPLAINED,UNCHANGED,
waterways,nhd-117838105,nhd-117838105,117838105,117838105,East Plum Creek,East Plum Creek,460,460,46006,46006,False,True,,EXPLAINED,UNCHANGED,
waterways,nhd-117838109,nhd-117838109,117838109,117838109,West Plum Creek,West Plum Creek,460,460,46006,46006,False,True,,EXPLAINED,UNCHANGED,
waterways,nhd-117838111,nhd-117838111,117838111,117838111,West Plum Creek,West Plum Creek,460,460,46006,46006,False,True,,EXPLAINED,UNCHANGED,
waterways,nhd-117838117,nhd-117838117,117838117,117838117,Jarre Creek,Jarre Creek,460,460,46003,46003,False,True,,EXPLAINED,UNCHANGED,
waterways,nhd-117838139,nhd-117838139,117838139,117838139,West Plum Creek,West Plum Creek,460,460,46006,46006,False,True,,EXPLAINED,UNCHANGED,
waterways,nhd-117838151,nhd-117838151,117838151,117838151,Jarre Creek,Jarre Creek,460,460,46003,46003,False,True,,EXPLAINED,UNCHANGED,
waterways,nhd-117838163,nhd-117838163,117838163,117838163,West Plum Creek,West Plum Creek,460,460,46006,46006,False,True,,EXPLAINED,UNCHANGED,
waterways,nhd-117838183,nhd-117838183,117838183,117838183,West Plum Creek,West Plum Creek,460,460,46006,46006,False,True,,EXPLAINED,UNCHANGED,
waterways,nhd-117838187,nhd-117838187,117838187,117838187,West Plum Creek,West Plum Creek,460,460,46006,46006,False,True,,EXPLAINED,UNCHANGED,
waterways,nhd-117838215,nhd-117838215,117838215,117838215,West Plum Creek,West Plum Creek,460,460,46006,46006,False,True,,EXPLAINED,UNCHANGED,
waterways,nhd-117838243,nhd-117838243,117838243,117838243,West Plum Creek,West Plum Creek,460,460,46006,46006,False,True,,EXPLAINED,UNCHANGED,
waterways,nhd-117838297,nhd-117838297,117838297,117838297,West Plum Creek,West Plum Creek,460,460,46006,46006,False,True,,EXPLAINED,UNCHANGED,
waterways,nhd-117838315,nhd-117838315,117838315,117838315,West Plum Creek,West Plum Creek,460,460,46006,46006,False,True,,EXPLAINED,UNCHANGED,
waterways,nhd-117838317,nhd-117838317,117838317,117838317,West Plum Creek,West Plum Creek,460,460,46006,46006,False,True,,EXPLAINED,UNCHANGED,
waterways,nhd-117838463,nhd-117838463,117838463,117838463,Plum Creek,Plum Creek,460,460,46006,46006,False,True,,EXPLAINED,UNCHANGED,
waterways,nhd-117838579,nhd-117838579,117838579,117838579,Jarre Creek,Jarre Creek,558,558,55800,55800,False,True,,EXPLAINED,UNCHANGED,
waterways,nhd-117838627,nhd-117838627,117838627,117838627,West Plum Creek,West Plum Creek,460,460,46006,46006,False,True,,EXPLAINED,UNCHANGED,
waterways,nhd-117844375,nhd-117844375,117844375,117844375,Horse Creek,Horse Creek,460,460,46006,46006,False,True,,EXPLAINED,UNCHANGED,
waterways,nhd-117844405,nhd-117844405,117844405,117844405,Horse Creek,Horse Creek,460,460,46006,46006,False,True,,EXPLAINED,UNCHANGED,
waterways,nhd-117844413,nhd-117844413,117844413,117844413,Horse Creek,Horse Creek,460,460,46006,46006,False,True,,EXPLAINED,UNCHANGED,
waterways,nhd-117844475,nhd-117844475,117844475,117844475,Fourmile Creek,Fourmile Creek,460,460,46006,46006,False,True,,EXPLAINED,UNCHANGED,
waterways,nhd-117844497,nhd-117844497,117844497,117844497,Horse Creek,Horse Creek,460,460,46006,46006,False,True,,EXPLAINED,UNCHANGED,
waterways,nhd-117844501,nhd-117844501,117844501,117844501,Horse Creek,Horse Creek,460,460,46006,46006,False,True,,EXPLAINED,UNCHANGED,
waterways,nhd-117844519,nhd-117844519,117844519,117844519,Horse Creek,Horse Creek,460,460,46006,46006,False,True,,EXPLAINED,UNCHANGED,
waterways,nhd-117844521,nhd-117844521,117844521,117844521,Fourmile Creek,Fourmile Creek,460,460,46006,46006,False,True,,EXPLAINED,UNCHANGED,
waterways,nhd-117844591,nhd-117844591,117844591,117844591,Fourmile Creek,Fourmile Creek,460,460,46006,46006,False,True,,EXPLAINED,UNCHANGED,
waterways,nhd-117844593,nhd-117844593,117844593,117844593,Horse Creek,Horse Creek,460,460,46006,46006,False,True,,EXPLAINED,UNCHANGED,
waterways,nhd-117844619,nhd-117844619,117844619,117844619,Horse Creek,Horse Creek,460,460,46006,46006,False,True,,EXPLAINED,UNCHANGED,
waterways,nhd-117844661,nhd-117844661,117844661,117844661,Fourmile Creek,Fourmile Creek,460,460,46006,46006,False,True,,EXPLAINED,UNCHANGED,
waterways,nhd-117844663,nhd-117844663,117844663,117844663,Fourmile Creek,Fourmile Creek,460,460,46006,46006,False,True,,EXPLAINED,UNCHANGED,
waterways,nhd-117844683,nhd-117844683,117844683,117844683,Horse Creek,Horse Creek,460,460,46006,46006,False,True,,EXPLAINED,UNCHANGED,
waterways,nhd-117844723,nhd-117844723,117844723,117844723,Horse Creek,Horse Creek,460,460,46006,46006,False,True,,EXPLAINED,UNCHANGED,
waterways,nhd-117844727,nhd-117844727,117844727,117844727,Horse Creek,Horse Creek,460,460,46006,46006,False,True,,EXPLAINED,UNCHANGED,
waterways,nhd-117844737,nhd-117844737,117844737,117844737,Horse Creek,Horse Creek,460,460,46006,46006,False,True,,EXPLAINED,UNCHANGED,
waterways,nhd-117844745,nhd-117844745,117844745,117844745,Horse Creek,Horse Creek,460,460,46006,46006,False,True,,EXPLAINED,UNCHANGED,
waterways,nhd-117844779,nhd-117844779,117844779,117844779,Horse Creek,Horse Creek,460,460,46006,46006,False,True,,EXPLAINED,UNCHANGED,
waterways,nhd-117844783,nhd-117844783,117844783,117844783,Horse Creek,Horse Creek,460,460,46006,46006,False,True,,EXPLAINED,UNCHANGED,
waterways,nhd-117844817,nhd-117844817,117844817,117844817,Trout Creek,Trout Creek,460,460,46006,46006,False,True,,EXPLAINED,UNCHANGED,
waterways,nhd-117844847,nhd-117844847,117844847,117844847,Trout Creek,Trout Creek,460,460,46006,46006,False,True,,EXPLAINED,UNCHANGED,
waterways,nhd-117844849,nhd-117844849,117844849,117844849,Trout Creek,Trout Creek,460,460,46006,46006,False,True,,EXPLAINED,UNCHANGED,
waterways,nhd-117844855,nhd-117844855,117844855,117844855,Trout Creek,Trout Creek,460,460,46006,46006,False,True,,EXPLAINED,UNCHANGED,
waterways,nhd-117844859,nhd-117844859,117844859,117844859,Trout Creek,Trout Creek,460,460,46006,46006,False,True,,EXPLAINED,UNCHANGED,
waterways,nhd-117844877,nhd-117844877,117844877,117844877,Trout Creek,Trout Creek,460,460,46006,46006,False,True,,EXPLAINED,UNCHANGED,
waterways,nhd-117844909,nhd-117844909,117844909,117844909,Trout Creek,Trout Creek,460,460,46006,46006,False,True,,EXPLAINED,UNCHANGED,
waterways,nhd-117844929,nhd-117844929,117844929,117844929,West Creek,West Creek,460,460,46006,46006,False,True,,EXPLAINED,UNCHANGED,
waterways,nhd-117844937,nhd-117844937,117844937,117844937,Trout Creek,Trout Creek,460,460,46006,46006,False,True,,EXPLAINED,UNCHANGED,
waterways,nhd-117844947,nhd-117844947,117844947,117844947,West Creek,West Creek,460,460,46006,46006,False,True,,EXPLAINED,UNCHANGED,
waterways,nhd-117844953,nhd-117844953,117844953,117844953,Camp Creek,Camp Creek,460,460,46006,46006,False,True,,EXPLAINED,UNCHANGED,
waterways,nhd-117844959,nhd-117844959,117844959,117844959,Trout Creek,Trout Creek,460,460,46006,46006,False,True,,EXPLAINED,UNCHANGED,
waterways,nhd-117844961,nhd-117844961,117844961,117844961,Trout Creek,Trout Creek,460,460,46006,46006,False,True,,EXPLAINED,UNCHANGED,
waterways,nhd-117845021,nhd-117845021,117845021,117845021,Trout Creek,Trout Creek,460,460,46006,46006,False,True,,EXPLAINED,UNCHANGED,
waterways,nhd-117845025,nhd-117845025,117845025,117845025,Trout Creek,Trout Creek,460,460,46006,46006,False,True,,EXPLAINED,UNCHANGED,
waterways,nhd-117845053,nhd-117845053,117845053,117845053,West Creek,West Creek,460,460,46006,46006,False,True,,EXPLAINED,UNCHANGED,
waterways,nhd-117845057,nhd-117845057,117845057,117845057,West Creek,West Creek,460,460,46006,46006,False,True,,EXPLAINED,UNCHANGED,
waterways,nhd-117845065,nhd-117845065,117845065,117845065,West Creek,West Creek,460,460,46006,46006,False,True,,EXPLAINED,UNCHANGED,
waterways,nhd-117845067,nhd-117845067,117845067,117845067,Trout Creek,Trout Creek,460,460,46006,46006,False,True,,EXPLAINED,UNCHANGED,
waterways,nhd-117845085,nhd-117845085,117845085,117845085,Trout Creek,Trout Creek,460,460,46006,46006,False,True,,EXPLAINED,UNCHANGED,
waterways,nhd-117845089,nhd-117845089,117845089,117845089,West Creek,West Creek,460,460,46006,46006,False,True,,EXPLAINED,UNCHANGED,
waterways,nhd-117845097,nhd-117845097,117845097,117845097,Camp Creek,Camp Creek,460,460,46006,46006,False,True,,EXPLAINED,UNCHANGED,
waterways,nhd-117845101,nhd-117845101,117845101,117845101,Camp Creek,Camp Creek,460,460,46006,46006,False,True,,EXPLAINED,UNCHANGED,
waterways,nhd-117845109,nhd-117845109,117845109,117845109,Trout Creek,Trout Creek,460,460,46006,46006,False,True,,EXPLAINED,UNCHANGED,
waterways,nhd-117845113,nhd-117845113,117845113,117845113,Trout Creek,Trout Creek,460,460,46006,46006,False,True,,EXPLAINED,UNCHANGED,
waterways,nhd-117845129,nhd-117845129,117845129,117845129,Trout Creek,Trout Creek,460,460,46006,46006,False,True,,EXPLAINED,UNCHANGED,
waterways,nhd-117845137,nhd-117845137,117845137,117845137,West Creek,West Creek,460,460,46006,46006,False,True,,EXPLAINED,UNCHANGED,
waterways,nhd-117845145,nhd-117845145,117845145,117845145,Eagle Creek,Eagle Creek,460,460,46006,46006,False,True,,EXPLAINED,UNCHANGED,
waterways,nhd-117845149,nhd-117845149,117845149,117845149,Trout Creek,Trout Creek,460,460,46006,46006,False,True,,EXPLAINED,UNCHANGED,
waterways,nhd-117845161,nhd-117845161,117845161,117845161,Trout Creek,Trout Creek,460,460,46006,46006,False,True,,EXPLAINED,UNCHANGED,
waterways,nhd-117845177,nhd-117845177,117845177,117845177,Trout Creek,Trout Creek,460,460,46006,46006,False,True,,EXPLAINED,UNCHANGED,
waterways,nhd-117845183,nhd-117845183,117845183,117845183,Camp Creek,Camp Creek,460,460,46006,46006,False,True,,EXPLAINED,UNCHANGED,
waterways,nhd-117845191,nhd-117845191,117845191,117845191,Fourmile Creek,Fourmile Creek,460,460,46006,46006,False,True,,EXPLAINED,UNCHANGED,
waterways,nhd-117845215,nhd-117845215,117845215,117845215,West Creek,West Creek,460,460,46006,46006,False,True,,EXPLAINED,UNCHANGED,
waterways,nhd-117845221,nhd-117845221,117845221,117845221,Fourmile Creek,Fourmile Creek,460,460,46006,46006,False,True,,EXPLAINED,UNCHANGED,
waterways,nhd-117845241,nhd-117845241,117845241,117845241,Fourmile Creek,Fourmile Creek,460,460,46006,46006,False,True,,EXPLAINED,UNCHANGED,
waterways,nhd-117845247,nhd-117845247,117845247,117845247,West Creek,West Creek,460,460,46006,46006,False,True,,EXPLAINED,UNCHANGED,
waterways,nhd-117845259,nhd-117845259,117845259,117845259,Fourmile Creek,Fourmile Creek,460,460,46006,46006,False,True,,EXPLAINED,UNCHANGED,
waterways,nhd-117845271,nhd-117845271,117845271,117845271,Trout Creek,Trout Creek,460,460,46006,46006,False,True,,EXPLAINED,UNCHANGED,
waterways,nhd-117845279,nhd-117845279,117845279,117845279,Fourmile Creek,Fourmile Creek,460,460,46006,46006,False,True,,EXPLAINED,UNCHANGED,
waterways,nhd-117845293,nhd-117845293,117845293,117845293,West Creek,West Creek,460,460,46006,46006,False,True,,EXPLAINED,UNCHANGED,
waterways,nhd-117845311,nhd-117845311,117845311,117845311,West Creek,West Creek,460,460,46006,46006,False,True,,EXPLAINED,UNCHANGED,
waterways,nhd-117845327,nhd-117845327,117845327,117845327,West Creek,West Creek,460,460,46006,46006,False,True,,EXPLAINED,UNCHANGED,
waterways,nhd-117845331,nhd-117845331,117845331,117845331,Trout Creek,Trout Creek,460,460,46006,46006,False,True,,EXPLAINED,UNCHANGED,
waterways,nhd-117845375,nhd-117845375,117845375,117845375,Trout Creek,Trout Creek,460,460,46006,46006,False,True,,EXPLAINED,UNCHANGED,
waterways,nhd-117845381,nhd-117845381,117845381,117845381,West Creek,West Creek,460,460,46006,46006,False,True,,EXPLAINED,UNCHANGED,
waterways,nhd-117845393,nhd-117845393,117845393,117845393,West Creek,West Creek,460,460,46006,46006,False,True,,EXPLAINED,UNCHANGED,
waterways,nhd-117845411,nhd-117845411,117845411,117845411,Fourmile Creek,Fourmile Creek,460,460,46006,46006,False,True,,EXPLAINED,UNCHANGED,
waterways,nhd-117845441,nhd-117845441,117845441,117845441,Fourmile Creek,Fourmile Creek,460,460,46006,46006,False,True,,EXPLAINED,UNCHANGED,
waterways,nhd-117845453,nhd-117845453,117845453,117845453,Fourmile Creek,Fourmile Creek,460,460,46006,46006,False,True,,EXPLAINED,UNCHANGED,
waterways,nhd-117845457,nhd-117845457,117845457,117845457,Fourmile Creek,Fourmile Creek,460,460,46003,46003,False,True,,EXPLAINED,UNCHANGED,
waterways,nhd-117845473,nhd-117845473,117845473,117845473,Fourmile Creek,Fourmile Creek,460,460,46006,46006,False,True,,EXPLAINED,UNCHANGED,
waterways,nhd-117845585,nhd-117845585,117845585,117845585,Fourmile Creek,Fourmile Creek,460,460,46006,46006,False,True,,EXPLAINED,UNCHANGED,
waterways,nhd-117845591,nhd-117845591,117845591,117845591,Fourmile Creek,Fourmile Creek,460,460,46003,46003,False,True,,EXPLAINED,UNCHANGED,
waterways,nhd-117845613,nhd-117845613,117845613,117845613,West Creek,West Creek,460,460,46006,46006,False,True,,EXPLAINED,UNCHANGED,
waterways,nhd-117845647,nhd-117845647,117845647,117845647,West Creek,West Creek,460,460,46006,46006,False,True,,EXPLAINED,UNCHANGED,
waterways,nhd-117845661,nhd-117845661,117845661,117845661,Turkey Creek,Turkey Creek,460,460,46003,46003,False,True,,EXPLAINED,UNCHANGED,
waterways,nhd-117845675,nhd-117845675,117845675,117845675,West Creek,West Creek,460,460,46006,46006,False,True,,EXPLAINED,UNCHANGED,
waterways,nhd-117845703,nhd-117845703,117845703,117845703,West Creek,West Creek,460,460,46006,46006,False,True,,EXPLAINED,UNCHANGED,
waterways,nhd-117845705,nhd-117845705,117845705,117845705,West Creek,West Creek,460,460,46006,46006,False,True,,EXPLAINED,UNCHANGED,
waterways,nhd-117845715,nhd-117845715,117845715,117845715,Turkey Creek,Turkey Creek,460,460,46006,46006,False,True,,EXPLAINED,UNCHANGED,
waterways,nhd-117845725,nhd-117845725,117845725,117845725,Turkey Creek,Turkey Creek,460,460,46006,46006,False,True,,EXPLAINED,UNCHANGED,
waterways,nhd-117845797,nhd-117845797,117845797,117845797,Turkey Creek,Turkey Creek,460,460,46006,46006,False,True,,EXPLAINED,UNCHANGED,
waterways,nhd-117845813,nhd-117845813,117845813,117845813,West Creek,West Creek,460,460,46006,46006,False,True,,EXPLAINED,UNCHANGED,
waterways,nhd-117845821,nhd-117845821,117845821,117845821,West Creek,West Creek,460,460,46006,46006,False,True,,EXPLAINED,UNCHANGED,
waterways,nhd-117845829,nhd-117845829,117845829,117845829,Turkey Creek,Turkey Creek,460,460,46006,46006,False,True,,EXPLAINED,UNCHANGED,
waterways,nhd-117845851,nhd-117845851,117845851,117845851,Turkey Creek,Turkey Creek,460,460,46006,46006,False,True,,EXPLAINED,UNCHANGED,
waterways,nhd-117845857,nhd-117845857,117845857,117845857,Turkey Creek,Turkey Creek,460,460,46006,46006,False,True,,EXPLAINED,UNCHANGED,
waterways,nhd-117845883,nhd-117845883,117845883,117845883,West Creek,West Creek,460,460,46006,46006,False,True,,EXPLAINED,UNCHANGED,
waterways,nhd-117845893,nhd-117845893,117845893,117845893,Turkey Creek,Turkey Creek,460,460,46006,46006,False,True,,EXPLAINED,UNCHANGED,
waterways,nhd-117845903,nhd-117845903,117845903,117845903,Turkey Creek,Turkey Creek,460,460,46006,46006,True,False,,NOT EXPLAINED,UNEXPLAINED_GEOMETRY_CHANGE,changed_source_fields_or_geometry
waterways,,nhd-117845909,,117845909,,Turkey Creek,,460,,46006,False,False,,EXPLAINED,ADDED_IN_STRIP,
waterways,,nhd-117845915,,117845915,,Turkey Creek,,460,,46006,False,False,,EXPLAINED,ADDED_IN_STRIP,
waterways,,nhd-117845927,,117845927,,Turkey Creek,,460,,46006,False,False,,EXPLAINED,ADDED_IN_STRIP,
waterways,,nhd-117845929,,117845929,,Turkey Creek,,460,,46006,False,False,,EXPLAINED,ADDED_IN_STRIP,
waterways,nhd-117845955,nhd-117845955,117845955,117845955,Fourmile Creek,Fourmile Creek,558,558,55800,55800,False,True,,EXPLAINED,UNCHANGED,
waterways,nhd-117845957,nhd-117845957,117845957,117845957,Fourmile Creek,Fourmile Creek,558,558,55800,55800,False,True,,EXPLAINED,UNCHANGED,
waterways,nhd-117845959,nhd-117845959,117845959,117845959,Fourmile Creek,Fourmile Creek,558,558,55800,55800,False,True,,EXPLAINED,UNCHANGED,
waterways,nhd-117845961,nhd-117845961,117845961,117845961,Fourmile Creek,Fourmile Creek,558,558,55800,55800,False,True,,EXPLAINED,UNCHANGED,
waterways,nhd-117845965,nhd-117845965,117845965,117845965,Fourmile Creek,Fourmile Creek,558,558,55800,55800,False,True,,EXPLAINED,UNCHANGED,
waterways,nhd-117845971,nhd-117845971,117845971,117845971,Fourmile Creek,Fourmile Creek,558,558,55800,55800,True,False,,NOT EXPLAINED,UNEXPLAINED_GEOMETRY_CHANGE,changed_source_fields_or_geometry
waterways,,nhd-117845987,,117845987,,South Platte River,,558,,55800,False,False,,EXPLAINED,ADDED_IN_STRIP,
waterways,nhd-117845991,nhd-117845991,117845991,117845991,Trout Creek,Trout Creek,558,558,55800,55800,False,True,,EXPLAINED,UNCHANGED,
waterways,nhd-117845993,nhd-117845993,117845993,117845993,Trout Creek,Trout Creek,558,558,55800,55800,False,True,,EXPLAINED,UNCHANGED,
waterways,nhd-117846001,nhd-117846001,117846001,117846001,West Creek,West Creek,558,558,55800,55800,False,True,,EXPLAINED,UNCHANGED,
waterways,nhd-117846005,nhd-117846005,117846005,117846005,West Creek,West Creek,558,558,55800,55800,False,True,,EXPLAINED,UNCHANGED,
waterways,,nhd-117846013,,117846013,,Turkey Creek,,558,,55800,False,False,,EXPLAINED,ADDED_IN_STRIP,
waterways,,nhd-117846015,,117846015,,Turkey Creek,,558,,55800,False,False,,EXPLAINED,ADDED_IN_STRIP,
waterways,,nhd-117846019,,117846019,,Turkey Creek,,558,,55800,False,False,,EXPLAINED,ADDED_IN_STRIP,
waterways,,nhd-117846021,,117846021,,Turkey Creek,,558,,55800,False,False,,EXPLAINED,ADDED_IN_STRIP,
waterways,,nhd-117846023,,117846023,,Turkey Creek,,558,,55800,False,False,,EXPLAINED,ADDED_IN_STRIP,
waterways,,nhd-117846025,,117846025,,Turkey Creek,,558,,55800,False,False,,EXPLAINED,ADDED_IN_STRIP,
waterways,nhd-117848115,nhd-117848115,117848115,117848115,East Plum Creek,East Plum Creek,460,460,46006,46006,False,True,,EXPLAINED,UNCHANGED,
waterways,,nhd-117848121,,117848121,,South Platte River,,558,,55800,False,False,,EXPLAINED,ADDED_IN_STRIP,
waterways,nhd-117870101,nhd-117870101,117870101,117870101,West Plum Creek,West Plum Creek,460,460,46006,46006,False,True,,EXPLAINED,UNCHANGED,
waterways,nhd-117870113,nhd-117870113,117870113,117870113,East Plum Creek,East Plum Creek,460,460,46006,46006,False,True,,EXPLAINED,UNCHANGED,
waterways,,nhd-120647322,,120647322,,Cottonwood Creek,,460,,46003,False,False,,EXPLAINED,ADDED_IN_STRIP,
waterways,,nhd-120647335,,120647335,,Cottonwood Creek,,460,,46003,False,False,,EXPLAINED,ADDED_IN_STRIP,
waterways,,nhd-120647339,,120647339,,Cottonwood Creek,,558,,55800,False,False,,EXPLAINED,ADDED_IN_STRIP,
waterways,,nhd-120647340,,120647340,,Cottonwood Creek,,460,,46003,False,False,,EXPLAINED,ADDED_IN_STRIP,
waterways,,nhd-120647376,,120647376,,Lone Tree Creek,,460,,46003,False,False,,EXPLAINED,ADDED_IN_STRIP,
waterways,,nhd-120647378,,120647378,,Cherry Creek,,460,,46003,False,False,,EXPLAINED,ADDED_IN_STRIP,
waterways,,nhd-120647443,,120647443,,Piney Creek,,558,,55800,False,False,,EXPLAINED,ADDED_IN_STRIP,
waterways,nhd-120647444,nhd-120647444,120647444,120647444,Cherry Creek,Cherry Creek,460,460,46003,46003,True,False,,NOT EXPLAINED,UNEXPLAINED_GEOMETRY_CHANGE,changed_source_fields_or_geometry
waterways,nhd-120647450,nhd-120647450,120647450,120647450,Cherry Creek,Cherry Creek,460,460,46003,46003,False,True,,EXPLAINED,UNCHANGED,
waterways,,nhd-120647455,,120647455,,Piney Creek,,460,,46003,False,False,,EXPLAINED,ADDED_IN_STRIP,
waterways,nhd-120647466,nhd-120647466,120647466,120647466,Cottonwood Creek,Cottonwood Creek,460,460,46003,46003,True,False,,NOT EXPLAINED,UNEXPLAINED_GEOMETRY_CHANGE,changed_source_fields_or_geometry
waterways,nhd-120647467,nhd-120647467,120647467,120647467,Cherry Creek,Cherry Creek,460,460,46003,46003,False,True,,EXPLAINED,UNCHANGED,
waterways,nhd-120647471,nhd-120647471,120647471,120647471,Cottonwood Creek,Cottonwood Creek,460,460,46003,46003,False,True,,EXPLAINED,UNCHANGED,
waterways,,nhd-120647473,,120647473,,Piney Creek,,558,,55800,False,False,,EXPLAINED,ADDED_IN_STRIP,
waterways,nhd-120647478,nhd-120647478,120647478,120647478,Happy Canyon Creek,Happy Canyon Creek,558,558,55800,55800,True,False,,NOT EXPLAINED,UNEXPLAINED_GEOMETRY_CHANGE,changed_source_fields_or_geometry
waterways,nhd-120647484,nhd-120647484,120647484,120647484,Cherry Creek,Cherry Creek,558,558,55800,55800,False,True,,EXPLAINED,UNCHANGED,
waterways,nhd-120647485,nhd-120647485,120647485,120647485,Cottonwood Creek,Cottonwood Creek,558,558,55800,55800,False,True,,EXPLAINED,UNCHANGED,
waterways,nhd-120647491,nhd-120647491,120647491,120647491,Cherry Creek,Cherry Creek,460,460,46003,46003,False,True,,EXPLAINED,UNCHANGED,
waterways,nhd-120647495,nhd-120647495,120647495,120647495,Cottonwood Creek,Cottonwood Creek,460,460,46003,46003,False,True,,EXPLAINED,UNCHANGED,
waterways,nhd-120647496,nhd-120647496,120647496,120647496,Piney Creek,Piney Creek,558,558,55800,55800,True,False,,NOT EXPLAINED,UNEXPLAINED_GEOMETRY_CHANGE,changed_source_fields_or_geometry
waterways,nhd-120647520,nhd-120647520,120647520,120647520,Piney Creek,Piney Creek,558,558,55800,55800,False,True,,EXPLAINED,UNCHANGED,
waterways,nhd-120647529,nhd-120647529,120647529,120647529,Piney Creek,Piney Creek,558,558,55800,55800,False,True,,EXPLAINED,UNCHANGED,
waterways,nhd-120647532,nhd-120647532,120647532,120647532,Cherry Creek,Cherry Creek,460,460,46003,46003,False,True,,EXPLAINED,UNCHANGED,
waterways,nhd-120647535,nhd-120647535,120647535,120647535,Cherry Creek,Cherry Creek,460,460,46003,46003,False,True,,EXPLAINED,UNCHANGED,
waterways,nhd-120647536,nhd-120647536,120647536,120647536,Happy Canyon Creek,Happy Canyon Creek,460,460,46003,46003,False,True,,EXPLAINED,UNCHANGED,
waterways,nhd-120647552,nhd-120647552,120647552,120647552,Piney Creek,Piney Creek,460,460,46003,46003,False,True,,EXPLAINED,UNCHANGED,
waterways,nhd-120647563,nhd-120647563,120647563,120647563,Cottonwood Creek,Cottonwood Creek,460,460,46003,46003,False,True,,EXPLAINED,UNCHANGED,
waterways,nhd-120647581,nhd-120647581,120647581,120647581,Piney Creek,Piney Creek,460,460,46003,46003,False,True,,EXPLAINED,UNCHANGED,
waterways,nhd-120647586,nhd-120647586,120647586,120647586,Cherry Creek,Cherry Creek,460,460,46003,46003,False,True,,EXPLAINED,UNCHANGED,
waterways,nhd-120647604,nhd-120647604,120647604,120647604,Cottonwood Creek,Cottonwood Creek,460,460,46003,46003,False,True,,EXPLAINED,UNCHANGED,
waterways,nhd-120647606,nhd-120647606,120647606,120647606,Cherry Creek,Cherry Creek,460,460,46003,46003,False,True,,EXPLAINED,UNCHANGED,
waterways,nhd-120647642,nhd-120647642,120647642,120647642,Piney Creek,Piney Creek,460,460,46003,46003,False,True,,EXPLAINED,UNCHANGED,
waterways,nhd-120647650,nhd-120647650,120647650,120647650,Happy Canyon Creek,Happy Canyon Creek,558,558,55800,55800,False,True,,EXPLAINED,UNCHANGED,
waterways,nhd-120647651,nhd-120647651,120647651,120647651,Cherry Creek,Cherry Creek,460,460,46003,46003,False,True,,EXPLAINED,UNCHANGED,
waterways,nhd-120647668,nhd-120647668,120647668,120647668,Piney Creek,Piney Creek,558,558,55800,55800,False,True,,EXPLAINED,UNCHANGED,
waterways,nhd-120647678,nhd-120647678,120647678,120647678,Piney Creek,Piney Creek,460,460,46003,46003,False,True,,EXPLAINED,UNCHANGED,
waterways,nhd-120647681,nhd-120647681,120647681,120647681,Piney Creek,Piney Creek,558,558,55800,55800,False,True,,EXPLAINED,UNCHANGED,
waterways,nhd-120647690,nhd-120647690,120647690,120647690,Cherry Creek,Cherry Creek,460,460,46003,46003,False,True,,EXPLAINED,UNCHANGED,
waterways,nhd-120647696,nhd-120647696,120647696,120647696,Piney Creek,Piney Creek,558,558,55800,55800,False,True,,EXPLAINED,UNCHANGED,
waterways,nhd-120647698,nhd-120647698,120647698,120647698,Cherry Creek,Cherry Creek,460,460,46003,46003,False,True,,EXPLAINED,UNCHANGED,
waterways,nhd-120647704,nhd-120647704,120647704,120647704,Piney Creek,Piney Creek,460,460,46003,46003,False,True,,EXPLAINED,UNCHANGED,
waterways,nhd-120647716,nhd-120647716,120647716,120647716,Piney Creek,Piney Creek,558,558,55800,55800,False,True,,EXPLAINED,UNCHANGED,
waterways,nhd-120647724,nhd-120647724,120647724,120647724,Happy Canyon Creek,Happy Canyon Creek,558,558,55800,55800,False,True,,EXPLAINED,UNCHANGED,
waterways,nhd-120647730,nhd-120647730,120647730,120647730,Piney Creek,Piney Creek,460,460,46003,46003,False,True,,EXPLAINED,UNCHANGED,
waterways,nhd-120647733,nhd-120647733,120647733,120647733,Piney Creek,Piney Creek,558,558,55800,55800,False,True,,EXPLAINED,UNCHANGED,
waterways,nhd-120647738,nhd-120647738,120647738,120647738,Cherry Creek,Cherry Creek,460,460,46003,46003,False,True,,EXPLAINED,UNCHANGED,
waterways,nhd-120647751,nhd-120647751,120647751,120647751,Cherry Creek,Cherry Creek,460,460,46003,46003,False,True,,EXPLAINED,UNCHANGED,
waterways,nhd-120647755,nhd-120647755,120647755,120647755,Happy Canyon Creek,Happy Canyon Creek,558,558,55800,55800,False,True,,EXPLAINED,UNCHANGED,
waterways,nhd-120647759,nhd-120647759,120647759,120647759,Cherry Creek,Cherry Creek,460,460,46003,46003,False,True,,EXPLAINED,UNCHANGED,
waterways,nhd-120647774,nhd-120647774,120647774,120647774,Happy Canyon Creek,Happy Canyon Creek,558,558,55800,55800,False,True,,EXPLAINED,UNCHANGED,
waterways,nhd-120647795,nhd-120647795,120647795,120647795,Happy Canyon Creek,Happy Canyon Creek,558,558,55800,55800,False,True,,EXPLAINED,UNCHANGED,
waterways,nhd-120647811,nhd-120647811,120647811,120647811,Happy Canyon Creek,Happy Canyon Creek,460,460,46003,46003,False,True,,EXPLAINED,UNCHANGED,
waterways,nhd-120647824,nhd-120647824,120647824,120647824,Arapahoe Canal,Arapahoe Canal,336,336,33600,33600,False,True,,EXPLAINED,UNCHANGED,
waterways,nhd-120647838,nhd-120647838,120647838,120647838,Happy Canyon Creek,Happy Canyon Creek,558,558,55800,55800,False,True,,EXPLAINED,UNCHANGED,
waterways,nhd-120647842,nhd-120647842,120647842,120647842,Cherry Creek,Cherry Creek,460,460,46006,46006,False,True,,EXPLAINED,UNCHANGED,
waterways,nhd-120647860,nhd-120647860,120647860,120647860,Happy Canyon Creek,Happy Canyon Creek,558,558,55800,55800,False,True,,EXPLAINED,UNCHANGED,
waterways,nhd-120647867,nhd-120647867,120647867,120647867,Happy Canyon Creek,Happy Canyon Creek,460,460,46003,46003,False,True,,EXPLAINED,UNCHANGED,
waterways,nhd-120647868,nhd-120647868,120647868,120647868,Happy Canyon Creek,Happy Canyon Creek,460,460,46003,46003,False,True,,EXPLAINED,UNCHANGED,
waterways,nhd-120647869,nhd-120647869,120647869,120647869,Cherry Creek,Cherry Creek,460,460,46006,46006,False,True,,EXPLAINED,UNCHANGED,
waterways,nhd-120647884,nhd-120647884,120647884,120647884,Happy Canyon Creek,Happy Canyon Creek,460,460,46003,46003,False,True,,EXPLAINED,UNCHANGED,
waterways,nhd-120647885,nhd-120647885,120647885,120647885,Happy Canyon Creek,Happy Canyon Creek,460,460,46003,46003,False,True,,EXPLAINED,UNCHANGED,
waterways,nhd-120647918,nhd-120647918,120647918,120647918,Arapahoe Canal,Arapahoe Canal,336,336,33600,33600,False,True,,EXPLAINED,UNCHANGED,
waterways,nhd-120647921,nhd-120647921,120647921,120647921,Arapahoe Canal,Arapahoe Canal,336,336,33600,33600,False,True,,EXPLAINED,UNCHANGED,
waterways,nhd-120647922,nhd-120647922,120647922,120647922,Happy Canyon Creek,Happy Canyon Creek,460,460,46003,46003,False,True,,EXPLAINED,UNCHANGED,
waterways,nhd-120647923,nhd-120647923,120647923,120647923,Arapahoe Canal,Arapahoe Canal,336,336,33600,33600,False,True,,EXPLAINED,UNCHANGED,
waterways,nhd-120647927,nhd-120647927,120647927,120647927,Arapahoe Canal,Arapahoe Canal,336,336,33600,33600,False,True,,EXPLAINED,UNCHANGED,
waterways,nhd-120647931,nhd-120647931,120647931,120647931,Piney Creek,Piney Creek,460,460,46003,46003,False,True,,EXPLAINED,UNCHANGED,
waterways,nhd-120647933,nhd-120647933,120647933,120647933,Arapahoe Canal,Arapahoe Canal,336,336,33600,33600,False,True,,EXPLAINED,UNCHANGED,
waterways,nhd-120647934,nhd-120647934,120647934,120647934,Arapahoe Canal,Arapahoe Canal,336,336,33600,33600,False,True,,EXPLAINED,UNCHANGED,
waterways,nhd-120647936,nhd-120647936,120647936,120647936,Piney Creek,Piney Creek,558,558,55800,55800,False,True,,EXPLAINED,UNCHANGED,
waterways,nhd-120647961,nhd-120647961,120647961,120647961,Happy Canyon Creek,Happy Canyon Creek,460,460,46003,46003,False,True,,EXPLAINED,UNCHANGED,
waterways,nhd-120647970,nhd-120647970,120647970,120647970,Happy Canyon Creek,Happy Canyon Creek,460,460,46003,46003,False,True,,EXPLAINED,UNCHANGED,
waterways,nhd-120647979,nhd-120647979,120647979,120647979,Arapahoe Canal,Arapahoe Canal,336,336,33600,33600,False,True,,EXPLAINED,UNCHANGED,
waterways,nhd-120648008,nhd-120648008,120648008,120648008,Happy Canyon Creek,Happy Canyon Creek,460,460,46003,46003,False,True,,EXPLAINED,UNCHANGED,
waterways,nhd-120648010,nhd-120648010,120648010,120648010,Cherry Creek,Cherry Creek,460,460,46006,46006,False,True,,EXPLAINED,UNCHANGED,
waterways,nhd-120648029,nhd-120648029,120648029,120648029,Arapahoe Canal,Arapahoe Canal,336,336,33600,33600,False,True,,EXPLAINED,UNCHANGED,
waterways,nhd-120648038,nhd-120648038,120648038,120648038,Cherry Creek,Cherry Creek,460,460,46006,46006,False,True,,EXPLAINED,UNCHANGED,
waterways,nhd-120648042,nhd-120648042,120648042,120648042,Happy Canyon Creek,Happy Canyon Creek,460,460,46003,46003,False,True,,EXPLAINED,UNCHANGED,
waterways,nhd-120648055,nhd-120648055,120648055,120648055,Arapahoe Canal,Arapahoe Canal,336,336,33600,33600,False,True,,EXPLAINED,UNCHANGED,
waterways,nhd-120648058,nhd-120648058,120648058,120648058,Happy Canyon Creek,Happy Canyon Creek,460,460,46003,46003,False,True,,EXPLAINED,UNCHANGED,
waterways,nhd-120648064,nhd-120648064,120648064,120648064,Happy Canyon Creek,Happy Canyon Creek,460,460,46003,46003,False,True,,EXPLAINED,UNCHANGED,
waterways,nhd-120648073,nhd-120648073,120648073,120648073,Arapahoe Canal,Arapahoe Canal,336,336,33600,33600,False,True,,EXPLAINED,UNCHANGED,
waterways,nhd-120648076,nhd-120648076,120648076,120648076,Cherry Creek,Cherry Creek,460,460,46006,46006,False,True,,EXPLAINED,UNCHANGED,
waterways,nhd-120648089,nhd-120648089,120648089,120648089,Cherry Creek,Cherry Creek,558,558,55800,55800,False,True,,EXPLAINED,UNCHANGED,
waterways,nhd-120648098,nhd-120648098,120648098,120648098,Happy Canyon Creek,Happy Canyon Creek,460,460,46003,46003,False,True,,EXPLAINED,UNCHANGED,
waterways,nhd-120648110,nhd-120648110,120648110,120648110,Cherry Creek,Cherry Creek,558,558,55800,55800,False,True,,EXPLAINED,UNCHANGED,
waterways,nhd-120648119,nhd-120648119,120648119,120648119,Cherry Creek,Cherry Creek,558,558,55800,55800,False,True,,EXPLAINED,UNCHANGED,
waterways,nhd-120648132,nhd-120648132,120648132,120648132,Cherry Creek,Cherry Creek,460,460,46006,46006,False,True,,EXPLAINED,UNCHANGED,
waterways,nhd-120648147,nhd-120648147,120648147,120648147,Arapahoe Canal,Arapahoe Canal,336,336,33600,33600,False,True,,EXPLAINED,UNCHANGED,
waterways,nhd-120648169,nhd-120648169,120648169,120648169,Arapahoe Canal,Arapahoe Canal,336,336,33600,33600,False,True,,EXPLAINED,UNCHANGED,
waterways,nhd-120648204,nhd-120648204,120648204,120648204,Cherry Creek,Cherry Creek,460,460,46006,46006,False,True,,EXPLAINED,UNCHANGED,
waterways,nhd-120648217,nhd-120648217,120648217,120648217,Cherry Creek,Cherry Creek,460,460,46006,46006,False,True,,EXPLAINED,UNCHANGED,
waterways,nhd-120648224,nhd-120648224,120648224,120648224,Arapahoe Canal,Arapahoe Canal,336,336,33600,33600,False,True,,EXPLAINED,UNCHANGED,
waterways,nhd-120648230,nhd-120648230,120648230,120648230,Cherry Creek,Cherry Creek,460,460,46006,46006,False,True,,EXPLAINED,UNCHANGED,
waterways,nhd-120648243,nhd-120648243,120648243,120648243,Cherry Creek,Cherry Creek,460,460,46006,46006,False,True,,EXPLAINED,UNCHANGED,
waterways,nhd-120648267,nhd-120648267,120648267,120648267,Happy Canyon Creek,Happy Canyon Creek,460,460,46003,46003,False,True,,EXPLAINED,UNCHANGED,
waterways,nhd-120648282,nhd-120648282,120648282,120648282,Cherry Creek,Cherry Creek,460,460,46006,46006,False,True,,EXPLAINED,UNCHANGED,
waterways,,nhd-120648284,,120648284,,Coal Creek,,558,,55800,False,False,,EXPLAINED,ADDED_IN_STRIP,
waterways,nhd-120648298,nhd-120648298,120648298,120648298,Cherry Creek,Cherry Creek,460,460,46006,46006,False,True,,EXPLAINED,UNCHANGED,
waterways,nhd-120648311,nhd-120648311,120648311,120648311,Cherry Creek,Cherry Creek,460,460,46006,46006,False,True,,EXPLAINED,UNCHANGED,
waterways,nhd-120648314,nhd-120648314,120648314,120648314,Cherry Creek,Cherry Creek,460,460,46006,46006,False,True,,EXPLAINED,UNCHANGED,
waterways,nhd-120648330,nhd-120648330,120648330,120648330,Happy Canyon Creek,Happy Canyon Creek,460,460,46003,46003,False,True,,EXPLAINED,UNCHANGED,
waterways,nhd-120648341,nhd-120648341,120648341,120648341,Coal Creek,Coal Creek,460,460,46003,46003,True,False,,NOT EXPLAINED,UNEXPLAINED_GEOMETRY_CHANGE,changed_source_fields_or_geometry
waterways,nhd-120648350,nhd-120648350,120648350,120648350,Cherry Creek,Cherry Creek,460,460,46006,46006,False,True,,EXPLAINED,UNCHANGED,
waterways,nhd-120648354,nhd-120648354,120648354,120648354,Cherry Creek,Cherry Creek,460,460,46006,46006,False,True,,EXPLAINED,UNCHANGED,
waterways,nhd-120648359,nhd-120648359,120648359,120648359,Happy Canyon Creek,Happy Canyon Creek,460,460,46003,46003,False,True,,EXPLAINED,UNCHANGED,
waterways,nhd-120648370,nhd-120648370,120648370,120648370,Cherry Creek,Cherry Creek,460,460,46006,46006,False,True,,EXPLAINED,UNCHANGED,
waterways,nhd-120648387,nhd-120648387,120648387,120648387,Happy Canyon Creek,Happy Canyon Creek,460,460,46003,46003,False,True,,EXPLAINED,UNCHANGED,
waterways,nhd-120648391,nhd-120648391,120648391,120648391,Happy Canyon Creek,Happy Canyon Creek,460,460,46003,46003,False,True,,EXPLAINED,UNCHANGED,
waterways,nhd-120648393,nhd-120648393,120648393,120648393,Coal Creek,Coal Creek,460,460,46003,46003,False,True,,EXPLAINED,UNCHANGED,
waterways,nhd-120648395,nhd-120648395,120648395,120648395,Cherry Creek,Cherry Creek,460,460,46006,46006,False,True,,EXPLAINED,UNCHANGED,
waterways,nhd-120648416,nhd-120648416,120648416,120648416,Arapahoe Canal,Arapahoe Canal,336,336,33600,33600,False,True,,EXPLAINED,UNCHANGED,
waterways,nhd-120648460,nhd-120648460,120648460,120648460,Cherry Creek,Cherry Creek,460,460,46006,46006,False,True,,EXPLAINED,UNCHANGED,
waterways,nhd-120648466,nhd-120648466,120648466,120648466,Kinney Creek,Kinney Creek,558,558,55800,55800,False,True,,EXPLAINED,UNCHANGED,
waterways,nhd-120648485,nhd-120648485,120648485,120648485,Cherry Creek,Cherry Creek,460,460,46006,46006,False,True,,EXPLAINED,UNCHANGED,
waterways,nhd-120648529,nhd-120648529,120648529,120648529,Coal Creek,Coal Creek,460,460,46003,46003,False,True,,EXPLAINED,UNCHANGED,
waterways,nhd-120648577,nhd-120648577,120648577,120648577,Kinney Creek,Kinney Creek,334,334,33400,33400,False,True,,EXPLAINED,UNCHANGED,
waterways,nhd-120648585,nhd-120648585,120648585,120648585,Kinney Creek,Kinney Creek,460,460,46003,46003,False,True,,EXPLAINED,UNCHANGED,
waterways,nhd-120648588,nhd-120648588,120648588,120648588,Kinney Creek,Kinney Creek,558,558,55800,55800,False,True,,EXPLAINED,UNCHANGED,
waterways,nhd-120648590,nhd-120648590,120648590,120648590,Coal Creek,Coal Creek,460,460,46003,46003,False,True,,EXPLAINED,UNCHANGED,
waterways,nhd-120648591,nhd-120648591,120648591,120648591,Happy Canyon Creek,Happy Canyon Creek,460,460,46003,46003,False,True,,EXPLAINED,UNCHANGED,
waterways,nhd-120648594,nhd-120648594,120648594,120648594,Happy Canyon Creek,Happy Canyon Creek,558,558,55800,55800,False,True,,EXPLAINED,UNCHANGED,
waterways,nhd-120648595,nhd-120648595,120648595,120648595,Kinney Creek,Kinney Creek,558,558,55800,55800,False,True,,EXPLAINED,UNCHANGED,
waterways,nhd-120648607,nhd-120648607,120648607,120648607,Cherry Creek,Cherry Creek,460,460,46006,46006,False,True,,EXPLAINED,UNCHANGED,
waterways,nhd-120648613,nhd-120648613,120648613,120648613,Kinney Creek,Kinney Creek,460,460,46003,46003,False,True,,EXPLAINED,UNCHANGED,
waterways,nhd-120648624,nhd-120648624,120648624,120648624,Coal Creek,Coal Creek,460,460,46003,46003,False,True,,EXPLAINED,UNCHANGED,
waterways,nhd-120648631,nhd-120648631,120648631,120648631,Coal Creek,Coal Creek,558,558,55800,55800,False,True,,EXPLAINED,UNCHANGED,
waterways,nhd-120648632,nhd-120648632,120648632,120648632,Happy Canyon Creek,Happy Canyon Creek,460,460,46003,46003,False,True,,EXPLAINED,UNCHANGED,
waterways,nhd-120648653,nhd-120648653,120648653,120648653,Kinney Creek,Kinney Creek,558,558,55800,55800,False,True,,EXPLAINED,UNCHANGED,
waterways,nhd-120648674,nhd-120648674,120648674,120648674,Kinney Creek,Kinney Creek,460,460,46003,46003,False,True,,EXPLAINED,UNCHANGED,
waterways,nhd-120648676,nhd-120648676,120648676,120648676,Kinney Creek,Kinney Creek,558,558,55800,55800,False,True,,EXPLAINED,UNCHANGED,
waterways,nhd-120648678,nhd-120648678,120648678,120648678,Kinney Creek,Kinney Creek,460,460,46003,46003,False,True,,EXPLAINED,UNCHANGED,
waterways,nhd-120648694,nhd-120648694,120648694,120648694,Kinney Creek,Kinney Creek,558,558,55800,55800,False,True,,EXPLAINED,UNCHANGED,
waterways,nhd-120648698,nhd-120648698,120648698,120648698,Kinney Creek,Kinney Creek,558,558,55800,55800,False,True,,EXPLAINED,UNCHANGED,
waterways,nhd-120648700,nhd-120648700,120648700,120648700,Coal Creek,Coal Creek,460,460,46003,46003,False,True,,EXPLAINED,UNCHANGED,
waterways,nhd-120648703,nhd-120648703,120648703,120648703,Kinney Creek,Kinney Creek,558,558,55800,55800,False,True,,EXPLAINED,UNCHANGED,
waterways,nhd-120648705,nhd-120648705,120648705,120648705,Kinney Creek,Kinney Creek,558,558,55800,55800,False,True,,EXPLAINED,UNCHANGED,
waterways,nhd-120648721,nhd-120648721,120648721,120648721,Kinney Creek,Kinney Creek,558,558,55800,55800,False,True,,EXPLAINED,UNCHANGED,
waterways,nhd-120648733,nhd-120648733,120648733,120648733,Cherry Creek,Cherry Creek,460,460,46006,46006,False,True,,EXPLAINED,UNCHANGED,
waterways,nhd-120648736,nhd-120648736,120648736,120648736,Cherry Creek,Cherry Creek,460,460,46006,46006,False,True,,EXPLAINED,UNCHANGED,
waterways,nhd-120648747,nhd-120648747,120648747,120648747,Arapahoe Canal,Arapahoe Canal,336,336,33600,33600,False,True,,EXPLAINED,UNCHANGED,
waterways,nhd-120648768,nhd-120648768,120648768,120648768,Cherry Creek,Cherry Creek,460,460,46006,46006,False,True,,EXPLAINED,UNCHANGED,
waterways,nhd-120648773,nhd-120648773,120648773,120648773,Kinney Creek,Kinney Creek,558,558,55800,55800,False,True,,EXPLAINED,UNCHANGED,
waterways,nhd-120648774,nhd-120648774,120648774,120648774,Cherry Creek,Cherry Creek,460,460,46006,46006,False,True,,EXPLAINED,UNCHANGED,
waterways,nhd-120648775,nhd-120648775,120648775,120648775,Cherry Creek,Cherry Creek,460,460,46006,46006,False,True,,EXPLAINED,UNCHANGED,
waterways,,nhd-120648785,,120648785,,Coal Creek,,460,,46003,False,False,,EXPLAINED,ADDED_IN_STRIP,
waterways,nhd-120648793,nhd-120648793,120648793,120648793,Kinney Creek,Kinney Creek,558,558,55800,55800,False,True,,EXPLAINED,UNCHANGED,
waterways,nhd-120648795,nhd-120648795,120648795,120648795,Kinney Creek,Kinney Creek,460,460,46003,46003,False,True,,EXPLAINED,UNCHANGED,
waterways,nhd-120648801,nhd-120648801,120648801,120648801,Kinney Creek,Kinney Creek,460,460,46003,46003,False,True,,EXPLAINED,UNCHANGED,
waterways,nhd-120648806,nhd-120648806,120648806,120648806,Cherry Creek,Cherry Creek,460,460,46006,46006,False,True,,EXPLAINED,UNCHANGED,
waterways,nhd-120648830,nhd-120648830,120648830,120648830,Coal Creek,Coal Creek,460,460,46003,46003,True,False,,NOT EXPLAINED,UNEXPLAINED_GEOMETRY_CHANGE,changed_source_fields_or_geometry
waterways,nhd-120648863,nhd-120648863,120648863,120648863,Coal Creek,Coal Creek,460,460,46003,46003,False,True,,EXPLAINED,UNCHANGED,
waterways,nhd-120648880,nhd-120648880,120648880,120648880,Coal Creek,Coal Creek,558,558,55800,55800,False,True,,EXPLAINED,UNCHANGED,
waterways,nhd-120648886,nhd-120648886,120648886,120648886,Kinney Creek,Kinney Creek,460,460,46003,46003,False,True,,EXPLAINED,UNCHANGED,
waterways,nhd-120648891,nhd-120648891,120648891,120648891,Kinney Creek,Kinney Creek,558,558,55800,55800,False,True,,EXPLAINED,UNCHANGED,
waterways,nhd-120648897,nhd-120648897,120648897,120648897,Cherry Creek,Cherry Creek,460,460,46006,46006,False,True,,EXPLAINED,UNCHANGED,
waterways,nhd-120648900,nhd-120648900,120648900,120648900,Coal Creek,Coal Creek,460,460,46003,46003,False,True,,EXPLAINED,UNCHANGED,
waterways,nhd-120648903,nhd-120648903,120648903,120648903,Coal Creek,Coal Creek,558,558,55800,55800,False,True,,EXPLAINED,UNCHANGED,
waterways,nhd-120648908,nhd-120648908,120648908,120648908,Coal Creek,Coal Creek,558,558,55800,55800,False,True,,EXPLAINED,UNCHANGED,
waterways,nhd-120648943,nhd-120648943,120648943,120648943,Cherry Creek,Cherry Creek,460,460,46006,46006,False,True,,EXPLAINED,UNCHANGED,
waterways,nhd-120648946,nhd-120648946,120648946,120648946,Arapahoe Canal,Arapahoe Canal,336,336,33600,33600,False,True,,EXPLAINED,UNCHANGED,
waterways,nhd-120648965,nhd-120648965,120648965,120648965,Arapahoe Canal,Arapahoe Canal,336,336,33600,33600,False,True,,EXPLAINED,UNCHANGED,
waterways,nhd-120649024,nhd-120649024,120649024,120649024,Arapahoe Canal,Arapahoe Canal,336,336,33600,33600,False,True,,EXPLAINED,UNCHANGED,
waterways,nhd-120649031,nhd-120649031,120649031,120649031,Arapahoe Canal,Arapahoe Canal,558,558,55800,55800,False,True,,EXPLAINED,UNCHANGED,
waterways,nhd-120649033,nhd-120649033,120649033,120649033,Arapahoe Canal,Arapahoe Canal,558,558,55800,55800,False,True,,EXPLAINED,UNCHANGED,
waterways,nhd-120649054,nhd-120649054,120649054,120649054,Cherry Creek,Cherry Creek,460,460,46006,46006,False,True,,EXPLAINED,UNCHANGED,
waterways,nhd-120649074,nhd-120649074,120649074,120649074,Cherry Creek,Cherry Creek,460,460,46006,46006,False,True,,EXPLAINED,UNCHANGED,
waterways,nhd-120649101,nhd-120649101,120649101,120649101,Cherry Creek,Cherry Creek,460,460,46006,46006,False,True,,EXPLAINED,UNCHANGED,
waterways,nhd-120649108,nhd-120649108,120649108,120649108,Cherry Creek,Cherry Creek,460,460,46006,46006,False,True,,EXPLAINED,UNCHANGED,
waterways,nhd-120649112,nhd-120649112,120649112,120649112,Cherry Creek,Cherry Creek,460,460,46006,46006,False,True,,EXPLAINED,UNCHANGED,
waterways,nhd-120649182,nhd-120649182,120649182,120649182,Coal Creek,Coal Creek,460,460,46003,46003,True,False,,NOT EXPLAINED,UNEXPLAINED_GEOMETRY_CHANGE,changed_source_fields_or_geometry
waterways,nhd-120649193,nhd-120649193,120649193,120649193,Arapahoe Canal,Arapahoe Canal,336,336,33600,33600,False,True,,EXPLAINED,UNCHANGED,
waterways,nhd-120649277,nhd-120649277,120649277,120649277,Cherry Creek,Cherry Creek,460,460,46006,46006,False,True,,EXPLAINED,UNCHANGED,
waterways,nhd-120649331,nhd-120649331,120649331,120649331,Arapahoe Canal,Arapahoe Canal,336,336,33600,33600,False,True,,EXPLAINED,UNCHANGED,
waterways,nhd-120649362,nhd-120649362,120649362,120649362,Cherry Creek,Cherry Creek,460,460,46006,46006,False,True,,EXPLAINED,UNCHANGED,
waterways,nhd-120649363,nhd-120649363,120649363,120649363,Cherry Creek,Cherry Creek,460,460,46006,46006,False,True,,EXPLAINED,UNCHANGED,
waterways,nhd-120649390,nhd-120649390,120649390,120649390,Arapahoe Canal,Arapahoe Canal,336,336,33600,33600,False,True,,EXPLAINED,UNCHANGED,
waterways,nhd-120649416,nhd-120649416,120649416,120649416,Cherry Creek,Cherry Creek,460,460,46006,46006,False,True,,EXPLAINED,UNCHANGED,
waterways,nhd-120649424,nhd-120649424,120649424,120649424,Arapahoe Canal,Arapahoe Canal,336,336,33600,33600,False,True,,EXPLAINED,UNCHANGED,
waterways,nhd-120649425,nhd-120649425,120649425,120649425,Cherry Creek,Cherry Creek,460,460,46006,46006,False,True,,EXPLAINED,UNCHANGED,
waterways,nhd-120649476,nhd-120649476,120649476,120649476,Arapahoe Canal,Arapahoe Canal,336,336,33600,33600,False,True,,EXPLAINED,UNCHANGED,
waterways,nhd-120649493,nhd-120649493,120649493,120649493,Arapahoe Canal,Arapahoe Canal,558,558,55800,55800,False,True,,EXPLAINED,UNCHANGED,
waterways,nhd-120649504,nhd-120649504,120649504,120649504,Arapahoe Canal,Arapahoe Canal,336,336,33600,33600,False,True,,EXPLAINED,UNCHANGED,
waterways,nhd-120649518,nhd-120649518,120649518,120649518,Cherry Creek,Cherry Creek,460,460,46006,46006,False,True,,EXPLAINED,UNCHANGED,
waterways,nhd-120649612,nhd-120649612,120649612,120649612,Cherry Creek,Cherry Creek,460,460,46006,46006,False,True,,EXPLAINED,UNCHANGED,
waterways,nhd-120649633,nhd-120649633,120649633,120649633,Arapahoe Canal,Arapahoe Canal,336,336,33600,33600,False,True,,EXPLAINED,UNCHANGED,
waterways,nhd-120649635,nhd-120649635,120649635,120649635,Cherry Creek,Cherry Creek,460,460,46006,46006,False,True,,EXPLAINED,UNCHANGED,
waterways,nhd-120649654,nhd-120649654,120649654,120649654,Cherry Creek,Cherry Creek,460,460,46006,46006,False,True,,EXPLAINED,UNCHANGED,
waterways,nhd-120649677,nhd-120649677,120649677,120649677,Willow Creek,Willow Creek,558,558,55800,55800,False,True,,EXPLAINED,UNCHANGED,
waterways,nhd-120649683,nhd-120649683,120649683,120649683,Cherry Creek,Cherry Creek,460,460,46006,46006,False,True,,EXPLAINED,UNCHANGED,
waterways,nhd-120649711,nhd-120649711,120649711,120649711,Willow Creek,Willow Creek,460,460,46006,46006,False,True,,EXPLAINED,UNCHANGED,
waterways,nhd-120649712,nhd-120649712,120649712,120649712,Arapahoe Canal,Arapahoe Canal,336,336,33600,33600,False,True,,EXPLAINED,UNCHANGED,
waterways,nhd-120649714,nhd-120649714,120649714,120649714,Willow Creek,Willow Creek,460,460,46003,46003,False,True,,EXPLAINED,UNCHANGED,
waterways,nhd-120649715,nhd-120649715,120649715,120649715,Cherry Creek,Cherry Creek,460,460,46006,46006,False,True,,EXPLAINED,UNCHANGED,
waterways,nhd-120649727,nhd-120649727,120649727,120649727,Willow Creek,Willow Creek,460,460,46006,46006,False,True,,EXPLAINED,UNCHANGED,
waterways,nhd-120649783,nhd-120649783,120649783,120649783,Arapahoe Canal,Arapahoe Canal,336,336,33600,33600,False,True,,EXPLAINED,UNCHANGED,
waterways,nhd-120649806,nhd-120649806,120649806,120649806,Willow Creek,Willow Creek,460,460,46006,46006,False,True,,EXPLAINED,UNCHANGED,
waterways,nhd-120649810,nhd-120649810,120649810,120649810,Arapahoe Canal,Arapahoe Canal,336,336,33600,33600,False,True,,EXPLAINED,UNCHANGED,
waterways,nhd-120649832,nhd-120649832,120649832,120649832,Cherry Creek,Cherry Creek,460,460,46006,46006,False,True,,EXPLAINED,UNCHANGED,
waterways,nhd-120649833,nhd-120649833,120649833,120649833,Willow Creek,Willow Creek,558,558,55800,55800,False,True,,EXPLAINED,UNCHANGED,
waterways,nhd-120649850,nhd-120649850,120649850,120649850,Willow Creek,Willow Creek,558,558,55800,55800,False,True,,EXPLAINED,UNCHANGED,
waterways,nhd-120649927,nhd-120649927,120649927,120649927,Willow Creek,Willow Creek,460,460,46003,46003,False,True,,EXPLAINED,UNCHANGED,
waterways,nhd-120649943,nhd-120649943,120649943,120649943,Cherry Creek,Cherry Creek,460,460,46006,46006,False,True,,EXPLAINED,UNCHANGED,
waterways,nhd-120649948,nhd-120649948,120649948,120649948,John Jones Ditch,John Jones Ditch,336,336,33600,33600,False,True,,EXPLAINED,UNCHANGED,
waterways,nhd-120649975,nhd-120649975,120649975,120649975,Willow Creek,Willow Creek,460,460,46003,46003,False,True,,EXPLAINED,UNCHANGED,
waterways,nhd-120649996,nhd-120649996,120649996,120649996,Willow Creek,Willow Creek,460,460,46003,46003,False,True,,EXPLAINED,UNCHANGED,
waterways,nhd-120650000,nhd-120650000,120650000,120650000,Willow Creek,Willow Creek,558,558,55800,55800,False,True,,EXPLAINED,UNCHANGED,
waterways,nhd-120650011,nhd-120650011,120650011,120650011,Willow Creek,Willow Creek,558,558,55800,55800,False,True,,EXPLAINED,UNCHANGED,
waterways,nhd-120650044,nhd-120650044,120650044,120650044,Willow Creek,Willow Creek,460,460,46003,46003,False,True,,EXPLAINED,UNCHANGED,
waterways,nhd-120650106,nhd-120650106,120650106,120650106,Cherry Creek,Cherry Creek,460,460,46006,46006,False,True,,EXPLAINED,UNCHANGED,
waterways,nhd-120650149,nhd-120650149,120650149,120650149,Willow Creek,Willow Creek,460,460,46003,46003,False,True,,EXPLAINED,UNCHANGED,
waterways,nhd-120650171,nhd-120650171,120650171,120650171,Cherry Creek,Cherry Creek,460,460,46006,46006,False,True,,EXPLAINED,UNCHANGED,
waterways,nhd-120650177,nhd-120650177,120650177,120650177,Willow Creek,Willow Creek,460,460,46003,46003,False,True,,EXPLAINED,UNCHANGED,
waterways,nhd-120650179,nhd-120650179,120650179,120650179,Cherry Creek,Cherry Creek,460,460,46006,46006,False,True,,EXPLAINED,UNCHANGED,
waterways,nhd-120650196,nhd-120650196,120650196,120650196,Cherry Creek,Cherry Creek,460,460,46006,46006,False,True,,EXPLAINED,UNCHANGED,
waterways,nhd-120650240,nhd-120650240,120650240,120650240,Cherry Creek,Cherry Creek,460,460,46006,46006,False,True,,EXPLAINED,UNCHANGED,
waterways,nhd-120650313,nhd-120650313,120650313,120650313,Cherry Creek,Cherry Creek,460,460,46006,46006,False,True,,EXPLAINED,UNCHANGED,
waterways,nhd-120650329,nhd-120650329,120650329,120650329,Willow Creek,Willow Creek,460,460,46003,46003,False,True,,EXPLAINED,UNCHANGED,
waterways,,nhd-120650361,,120650361,,Gold Creek,,460,,46003,False,False,,EXPLAINED,ADDED_IN_STRIP,
waterways,,nhd-120650371,,120650371,,Gold Creek,,558,,55800,False,False,,EXPLAINED,ADDED_IN_STRIP,
waterways,nhd-120650383,nhd-120650383,120650383,120650383,Cherry Creek,Cherry Creek,460,460,46006,46006,False,True,,EXPLAINED,UNCHANGED,
waterways,,nhd-120650387,,120650387,,Gold Creek,,460,,46003,False,False,,EXPLAINED,ADDED_IN_STRIP,
waterways,,nhd-120650390,,120650390,,Gold Creek,,558,,55800,False,False,,EXPLAINED,ADDED_IN_STRIP,
waterways,,nhd-120650430,,120650430,,Gold Creek,,460,,46003,False,False,,EXPLAINED,ADDED_IN_STRIP,
waterways,nhd-120650446,nhd-120650446,120650446,120650446,Cherry Creek,Cherry Creek,460,460,46006,46006,False,True,,EXPLAINED,UNCHANGED,
waterways,nhd-120650464,nhd-120650464,120650464,120650464,Cherry Creek,Cherry Creek,460,460,46006,46006,False,True,,EXPLAINED,UNCHANGED,
waterways,nhd-120650483,nhd-120650483,120650483,120650483,Cherry Creek,Cherry Creek,460,460,46006,46006,False,True,,EXPLAINED,UNCHANGED,
waterways,nhd-120650491,nhd-120650491,120650491,120650491,Willow Creek,Willow Creek,460,460,46003,46003,False,True,,EXPLAINED,UNCHANGED,
waterways,nhd-120650535,nhd-120650535,120650535,120650535,Willow Creek,Willow Creek,460,460,46003,46003,False,True,,EXPLAINED,UNCHANGED,
waterways,nhd-120650559,nhd-120650559,120650559,120650559,Cherry Creek,Cherry Creek,460,460,46006,46006,False,True,,EXPLAINED,UNCHANGED,
waterways,nhd-120650629,nhd-120650629,120650629,120650629,Cherry Creek,Cherry Creek,460,460,46006,46006,False,True,,EXPLAINED,UNCHANGED,
waterways,nhd-120650653,nhd-120650653,120650653,120650653,Cherry Creek,Cherry Creek,558,558,55800,55800,False,True,,EXPLAINED,UNCHANGED,
waterways,nhd-120650662,nhd-120650662,120650662,120650662,Willow Creek,Willow Creek,460,460,46003,46003,False,True,,EXPLAINED,UNCHANGED,
waterways,nhd-120650667,nhd-120650667,120650667,120650667,Willow Creek,Willow Creek,460,460,46003,46003,False,True,,EXPLAINED,UNCHANGED,
waterways,nhd-120650670,nhd-120650670,120650670,120650670,Willow Creek,Willow Creek,558,558,55800,55800,False,True,,EXPLAINED,UNCHANGED,
waterways,nhd-120650673,nhd-120650673,120650673,120650673,Willow Creek,Willow Creek,558,558,55800,55800,False,True,,EXPLAINED,UNCHANGED,
waterways,nhd-120650681,nhd-120650681,120650681,120650681,Willow Creek,Willow Creek,558,558,55800,55800,False,True,,EXPLAINED,UNCHANGED,
waterways,nhd-120650696,nhd-120650696,120650696,120650696,Cherry Creek,Cherry Creek,558,558,55800,55800,False,True,,EXPLAINED,UNCHANGED,
waterways,nhd-120650717,nhd-120650717,120650717,120650717,Willow Creek,Willow Creek,460,460,46003,46003,False,True,,EXPLAINED,UNCHANGED,
waterways,nhd-120650720,nhd-120650720,120650720,120650720,Willow Creek,Willow Creek,558,558,55800,55800,False,True,,EXPLAINED,UNCHANGED,
waterways,nhd-120650737,nhd-120650737,120650737,120650737,Willow Creek,Willow Creek,460,460,46003,46003,False,True,,EXPLAINED,UNCHANGED,
waterways,nhd-120650738,nhd-120650738,120650738,120650738,Cherry Creek,Cherry Creek,460,460,46006,46006,False,True,,EXPLAINED,UNCHANGED,
waterways,nhd-120650740,nhd-120650740,120650740,120650740,Willow Creek,Willow Creek,558,558,55800,55800,False,True,,EXPLAINED,UNCHANGED,
waterways,nhd-120650787,nhd-120650787,120650787,120650787,East Cherry Creek,East Cherry Creek,460,460,46006,46006,False,True,,EXPLAINED,UNCHANGED,
waterways,nhd-120650805,nhd-120650805,120650805,120650805,East Cherry Creek,East Cherry Creek,460,460,46006,46006,False,True,,EXPLAINED,UNCHANGED,
waterways,nhd-120650824,nhd-120650824,120650824,120650824,West Cherry Creek,West Cherry Creek,460,460,46006,46006,False,True,,EXPLAINED,UNCHANGED,
waterways,nhd-120650838,nhd-120650838,120650838,120650838,West Cherry Creek,West Cherry Creek,460,460,46006,46006,False,True,,EXPLAINED,UNCHANGED,
waterways,nhd-120650884,nhd-120650884,120650884,120650884,West Cherry Creek,West Cherry Creek,460,460,46006,46006,False,True,,EXPLAINED,UNCHANGED,
waterways,nhd-120650942,nhd-120650942,120650942,120650942,East Cherry Creek,East Cherry Creek,460,460,46006,46006,False,True,,EXPLAINED,UNCHANGED,
waterways,nhd-120650952,nhd-120650952,120650952,120650952,West Cherry Creek,West Cherry Creek,460,460,46006,46006,False,True,,EXPLAINED,UNCHANGED,
waterways,nhd-120650976,nhd-120650976,120650976,120650976,East Cherry Creek,East Cherry Creek,460,460,46006,46006,False,True,,EXPLAINED,UNCHANGED,
waterways,nhd-120650998,nhd-120650998,120650998,120650998,Antelope Creek,Antelope Creek,460,460,46006,46006,False,True,,EXPLAINED,UNCHANGED,
waterways,nhd-120650999,nhd-120650999,120650999,120650999,East Cherry Creek,East Cherry Creek,460,460,46006,46006,False,True,,EXPLAINED,UNCHANGED,
waterways,nhd-120651002,nhd-120651002,120651002,120651002,Antelope Creek,Antelope Creek,558,558,55800,55800,False,True,,EXPLAINED,UNCHANGED,
waterways,nhd-120651003,nhd-120651003,120651003,120651003,Antelope Creek,Antelope Creek,558,558,55800,55800,False,True,,EXPLAINED,UNCHANGED,
waterways,nhd-120651023,nhd-120651023,120651023,120651023,East Cherry Creek,East Cherry Creek,460,460,46006,46006,False,True,,EXPLAINED,UNCHANGED,
waterways,nhd-120651030,nhd-120651030,120651030,120651030,East Cherry Creek,East Cherry Creek,460,460,46006,46006,False,True,,EXPLAINED,UNCHANGED,
waterways,nhd-120651058,nhd-120651058,120651058,120651058,Antelope Creek,Antelope Creek,460,460,46006,46006,False,True,,EXPLAINED,UNCHANGED,
waterways,nhd-120651069,nhd-120651069,120651069,120651069,Antelope Creek,Antelope Creek,460,460,46006,46006,False,True,,EXPLAINED,UNCHANGED,
waterways,nhd-120651075,nhd-120651075,120651075,120651075,East Cherry Creek,East Cherry Creek,460,460,46006,46006,False,True,,EXPLAINED,UNCHANGED,
waterways,nhd-120651076,nhd-120651076,120651076,120651076,Antelope Creek,Antelope Creek,558,558,55800,55800,False,True,,EXPLAINED,UNCHANGED,
waterways,nhd-120651080,nhd-120651080,120651080,120651080,West Cherry Creek,West Cherry Creek,460,460,46006,46006,False,True,,EXPLAINED,UNCHANGED,
waterways,nhd-120651083,nhd-120651083,120651083,120651083,Antelope Creek,Antelope Creek,460,460,46006,46006,False,True,,EXPLAINED,UNCHANGED,
waterways,nhd-120651085,nhd-120651085,120651085,120651085,Antelope Creek,Antelope Creek,558,558,55800,55800,False,True,,EXPLAINED,UNCHANGED,
waterways,nhd-120651091,nhd-120651091,120651091,120651091,Antelope Creek,Antelope Creek,558,558,55800,55800,False,True,,EXPLAINED,UNCHANGED,
waterways,nhd-120651093,nhd-120651093,120651093,120651093,Antelope Creek,Antelope Creek,558,558,55800,55800,False,True,,EXPLAINED,UNCHANGED,
waterways,nhd-120651095,nhd-120651095,120651095,120651095,Antelope Creek,Antelope Creek,460,460,46006,46006,False,True,,EXPLAINED,UNCHANGED,
waterways,nhd-120651102,nhd-120651102,120651102,120651102,Antelope Creek,Antelope Creek,460,460,46006,46006,False,True,,EXPLAINED,UNCHANGED,
waterways,nhd-120651104,nhd-120651104,120651104,120651104,Antelope Creek,Antelope Creek,558,558,55800,55800,False,True,,EXPLAINED,UNCHANGED,
waterways,nhd-120651105,nhd-120651105,120651105,120651105,West Cherry Creek,West Cherry Creek,460,460,46006,46006,False,True,,EXPLAINED,UNCHANGED,
waterways,nhd-120651106,nhd-120651106,120651106,120651106,Antelope Creek,Antelope Creek,460,460,46006,46006,False,True,,EXPLAINED,UNCHANGED,
waterways,nhd-120651108,nhd-120651108,120651108,120651108,Antelope Creek,Antelope Creek,558,558,55800,55800,False,True,,EXPLAINED,UNCHANGED,
waterways,nhd-120651111,nhd-120651111,120651111,120651111,West Cherry Creek,West Cherry Creek,558,558,55800,55800,False,True,,EXPLAINED,UNCHANGED,
waterways,nhd-120651155,nhd-120651155,120651155,120651155,East Cherry Creek,East Cherry Creek,460,460,46003,46003,False,True,,EXPLAINED,UNCHANGED,
waterways,nhd-120651167,nhd-120651167,120651167,120651167,Antelope Creek,Antelope Creek,460,460,46006,46006,False,True,,EXPLAINED,UNCHANGED,
waterways,nhd-120651171,nhd-120651171,120651171,120651171,East Cherry Creek,East Cherry Creek,558,558,55800,55800,False,True,,EXPLAINED,UNCHANGED,
waterways,nhd-120651180,nhd-120651180,120651180,120651180,Antelope Creek,Antelope Creek,460,460,46006,46006,False,True,,EXPLAINED,UNCHANGED,
waterways,nhd-120651188,nhd-120651188,120651188,120651188,Antelope Creek,Antelope Creek,460,460,46006,46006,False,True,,EXPLAINED,UNCHANGED,
waterways,nhd-120651205,nhd-120651205,120651205,120651205,Antelope Creek,Antelope Creek,460,460,46006,46006,False,True,,EXPLAINED,UNCHANGED,
waterways,nhd-120651210,nhd-120651210,120651210,120651210,Antelope Creek,Antelope Creek,558,558,55800,55800,False,True,,EXPLAINED,UNCHANGED,
waterways,nhd-120651219,nhd-120651219,120651219,120651219,Antelope Creek,Antelope Creek,460,460,46006,46006,False,True,,EXPLAINED,UNCHANGED,
waterways,nhd-120651220,nhd-120651220,120651220,120651220,Haskel Creek,Haskel Creek,460,460,46006,46006,False,True,,EXPLAINED,UNCHANGED,
waterways,nhd-120651235,nhd-120651235,120651235,120651235,Haskel Creek,Haskel Creek,460,460,46006,46006,False,True,,EXPLAINED,UNCHANGED,
waterways,nhd-120651237,nhd-120651237,120651237,120651237,Haskel Creek,Haskel Creek,558,558,55800,55800,False,True,,EXPLAINED,UNCHANGED,
waterways,nhd-120651239,nhd-120651239,120651239,120651239,Haskel Creek,Haskel Creek,558,558,55800,55800,False,True,,EXPLAINED,UNCHANGED,
waterways,nhd-120651242,nhd-120651242,120651242,120651242,Haskel Creek,Haskel Creek,460,460,46006,46006,False,True,,EXPLAINED,UNCHANGED,
waterways,nhd-120651243,nhd-120651243,120651243,120651243,East Cherry Creek,East Cherry Creek,558,558,55800,55800,False,True,,EXPLAINED,UNCHANGED,
waterways,nhd-120651246,nhd-120651246,120651246,120651246,Antelope Creek,Antelope Creek,460,460,46006,46006,False,True,,EXPLAINED,UNCHANGED,
waterways,nhd-120651248,nhd-120651248,120651248,120651248,Haskel Creek,Haskel Creek,460,460,46006,46006,False,True,,EXPLAINED,UNCHANGED,
waterways,nhd-120651249,nhd-120651249,120651249,120651249,Haskel Creek,Haskel Creek,460,460,46006,46006,False,True,,EXPLAINED,UNCHANGED,
waterways,nhd-120651251,nhd-120651251,120651251,120651251,Antelope Creek,Antelope Creek,558,558,55800,55800,False,True,,EXPLAINED,UNCHANGED,
waterways,nhd-120651255,nhd-120651255,120651255,120651255,East Cherry Creek,East Cherry Creek,558,558,55800,55800,False,True,,EXPLAINED,UNCHANGED,
waterways,nhd-120651258,nhd-120651258,120651258,120651258,West Cherry Creek,West Cherry Creek,460,460,46006,46006,False,True,,EXPLAINED,UNCHANGED,
waterways,nhd-120651259,nhd-120651259,120651259,120651259,Haskel Creek,Haskel Creek,460,460,46006,46006,False,True,,EXPLAINED,UNCHANGED,
waterways,nhd-120651260,nhd-120651260,120651260,120651260,Haskel Creek,Haskel Creek,558,558,55800,55800,False,True,,EXPLAINED,UNCHANGED,
waterways,nhd-120651261,nhd-120651261,120651261,120651261,East Cherry Creek,East Cherry Creek,460,460,46003,46003,False,True,,EXPLAINED,UNCHANGED,
waterways,nhd-120651264,nhd-120651264,120651264,120651264,Haskel Creek,Haskel Creek,558,558,55800,55800,False,True,,EXPLAINED,UNCHANGED,
waterways,nhd-120651267,nhd-120651267,120651267,120651267,East Cherry Creek,East Cherry Creek,558,558,55800,55800,False,True,,EXPLAINED,UNCHANGED,
waterways,nhd-120651273,nhd-120651273,120651273,120651273,Haskel Creek,Haskel Creek,558,558,55800,55800,False,True,,EXPLAINED,UNCHANGED,
waterways,nhd-120651274,nhd-120651274,120651274,120651274,Haskel Creek,Haskel Creek,460,460,46006,46006,False,True,,EXPLAINED,UNCHANGED,
waterways,nhd-120651278,nhd-120651278,120651278,120651278,Crowfoot Creek,Crowfoot Creek,460,460,46003,46003,False,True,,EXPLAINED,UNCHANGED,
waterways,nhd-120651281,nhd-120651281,120651281,120651281,Haskel Creek,Haskel Creek,460,460,46006,46006,False,True,,EXPLAINED,UNCHANGED,
waterways,nhd-120651283,nhd-120651283,120651283,120651283,East Cherry Creek,East Cherry Creek,460,460,46003,46003,False,True,,EXPLAINED,UNCHANGED,
waterways,nhd-120651289,nhd-120651289,120651289,120651289,Antelope Creek,Antelope Creek,460,460,46006,46006,False,True,,EXPLAINED,UNCHANGED,
waterways,nhd-120651293,nhd-120651293,120651293,120651293,Antelope Creek,Antelope Creek,460,460,46006,46006,False,True,,EXPLAINED,UNCHANGED,
waterways,nhd-120651297,nhd-120651297,120651297,120651297,Crowfoot Creek,Crowfoot Creek,558,558,55800,55800,False,True,,EXPLAINED,UNCHANGED,
waterways,nhd-120651306,nhd-120651306,120651306,120651306,East Cherry Creek,East Cherry Creek,558,558,55800,55800,True,False,,NOT EXPLAINED,UNEXPLAINED_GEOMETRY_CHANGE,changed_source_fields_or_geometry
waterways,nhd-120651309,nhd-120651309,120651309,120651309,Haskel Creek,Haskel Creek,460,460,46006,46006,False,True,,EXPLAINED,UNCHANGED,
waterways,nhd-120651313,nhd-120651313,120651313,120651313,Haskel Creek,Haskel Creek,558,558,55800,55800,False,True,,EXPLAINED,UNCHANGED,
waterways,nhd-120651317,nhd-120651317,120651317,120651317,Haskel Creek,Haskel Creek,460,460,46006,46006,False,True,,EXPLAINED,UNCHANGED,
waterways,nhd-120651318,nhd-120651318,120651318,120651318,West Cherry Creek,West Cherry Creek,460,460,46006,46006,False,True,,EXPLAINED,UNCHANGED,
waterways,nhd-120651327,nhd-120651327,120651327,120651327,Haskel Creek,Haskel Creek,460,460,46006,46006,False,True,,EXPLAINED,UNCHANGED,
waterways,nhd-120651329,nhd-120651329,120651329,120651329,Haskel Creek,Haskel Creek,558,558,55800,55800,False,True,,EXPLAINED,UNCHANGED,
waterways,nhd-120651331,nhd-120651331,120651331,120651331,Antelope Creek,Antelope Creek,460,460,46006,46006,False,True,,EXPLAINED,UNCHANGED,
waterways,nhd-120651332,nhd-120651332,120651332,120651332,Antelope Creek,Antelope Creek,558,558,55800,55800,False,True,,EXPLAINED,UNCHANGED,
waterways,nhd-120651334,nhd-120651334,120651334,120651334,West Cherry Creek,West Cherry Creek,460,460,46006,46006,False,True,,EXPLAINED,UNCHANGED,
waterways,nhd-120651340,nhd-120651340,120651340,120651340,East Cherry Creek,East Cherry Creek,460,460,46003,46003,False,True,,EXPLAINED,UNCHANGED,
waterways,nhd-120651347,nhd-120651347,120651347,120651347,East Cherry Creek,East Cherry Creek,558,558,55800,55800,False,True,,EXPLAINED,UNCHANGED,
waterways,nhd-120651348,nhd-120651348,120651348,120651348,East Cherry Creek,East Cherry Creek,558,558,55800,55800,False,True,,EXPLAINED,UNCHANGED,
waterways,nhd-120651350,nhd-120651350,120651350,120651350,Antelope Creek,Antelope Creek,460,460,46006,46006,False,True,,EXPLAINED,UNCHANGED,
waterways,nhd-120651356,nhd-120651356,120651356,120651356,Haskel Creek,Haskel Creek,460,460,46003,46003,False,True,,EXPLAINED,UNCHANGED,
waterways,nhd-120651358,nhd-120651358,120651358,120651358,Crowfoot Creek,Crowfoot Creek,460,460,46003,46003,False,True,,EXPLAINED,UNCHANGED,
waterways,nhd-120651359,nhd-120651359,120651359,120651359,Haskel Creek,Haskel Creek,558,558,55800,55800,False,True,,EXPLAINED,UNCHANGED,
waterways,nhd-120651360,nhd-120651360,120651360,120651360,Crowfoot Creek,Crowfoot Creek,558,558,55800,55800,False,True,,EXPLAINED,UNCHANGED,
waterways,nhd-120651375,nhd-120651375,120651375,120651375,Antelope Creek,Antelope Creek,460,460,46003,46003,False,True,,EXPLAINED,UNCHANGED,
waterways,nhd-120651377,nhd-120651377,120651377,120651377,Antelope Creek,Antelope Creek,558,558,55800,55800,False,True,,EXPLAINED,UNCHANGED,
waterways,nhd-120651378,nhd-120651378,120651378,120651378,Haskel Creek,Haskel Creek,460,460,46003,46003,False,True,,EXPLAINED,UNCHANGED,
waterways,nhd-120651386,nhd-120651386,120651386,120651386,Haskel Creek,Haskel Creek,460,460,46003,46003,False,True,,EXPLAINED,UNCHANGED,
waterways,nhd-120651388,nhd-120651388,120651388,120651388,Haskel Creek,Haskel Creek,558,558,55800,55800,False,True,,EXPLAINED,UNCHANGED,
waterways,nhd-120651392,nhd-120651392,120651392,120651392,Crowfoot Creek,Crowfoot Creek,460,460,46003,46003,False,True,,EXPLAINED,UNCHANGED,
waterways,nhd-120651398,nhd-120651398,120651398,120651398,Antelope Creek,Antelope Creek,460,460,46003,46003,False,True,,EXPLAINED,UNCHANGED,
waterways,nhd-120651403,nhd-120651403,120651403,120651403,West Cherry Creek,West Cherry Creek,460,460,46006,46006,False,True,,EXPLAINED,UNCHANGED,
waterways,nhd-120651408,nhd-120651408,120651408,120651408,Haskel Creek,Haskel Creek,460,460,46003,46003,False,True,,EXPLAINED,UNCHANGED,
waterways,nhd-120651413,nhd-120651413,120651413,120651413,West Cherry Creek,West Cherry Creek,460,460,46006,46006,False,True,,EXPLAINED,UNCHANGED,
waterways,nhd-120651414,nhd-120651414,120651414,120651414,Antelope Creek,Antelope Creek,460,460,46003,46003,False,True,,EXPLAINED,UNCHANGED,
waterways,nhd-120651415,nhd-120651415,120651415,120651415,Antelope Creek,Antelope Creek,558,558,55800,55800,False,True,,EXPLAINED,UNCHANGED,
waterways,nhd-120651416,nhd-120651416,120651416,120651416,Antelope Creek,Antelope Creek,460,460,46003,46003,False,True,,EXPLAINED,UNCHANGED,
waterways,nhd-120651418,nhd-120651418,120651418,120651418,Antelope Creek,Antelope Creek,558,558,55800,55800,False,True,,EXPLAINED,UNCHANGED,
waterways,nhd-120651426,nhd-120651426,120651426,120651426,Antelope Creek,Antelope Creek,460,460,46003,46003,False,True,,EXPLAINED,UNCHANGED,
waterways,nhd-120651430,nhd-120651430,120651430,120651430,West Cherry Creek,West Cherry Creek,460,460,46006,46006,False,True,,EXPLAINED,UNCHANGED,
waterways,nhd-120651440,nhd-120651440,120651440,120651440,Elk Creek,Elk Creek,460,460,46003,46003,False,True,,EXPLAINED,UNCHANGED,
waterways,nhd-120651445,nhd-120651445,120651445,120651445,West Cherry Creek,West Cherry Creek,460,460,46006,46006,False,True,,EXPLAINED,UNCHANGED,
waterways,nhd-120651449,nhd-120651449,120651449,120651449,Elk Creek,Elk Creek,558,558,55800,55800,False,True,,EXPLAINED,UNCHANGED,
waterways,nhd-120651450,nhd-120651450,120651450,120651450,Elk Creek,Elk Creek,558,558,55800,55800,False,True,,EXPLAINED,UNCHANGED,
waterways,nhd-120651466,nhd-120651466,120651466,120651466,West Cherry Creek,West Cherry Creek,460,460,46006,46006,False,True,,EXPLAINED,UNCHANGED,
waterways,nhd-120651469,nhd-120651469,120651469,120651469,Crowfoot Creek,Crowfoot Creek,460,460,46003,46003,False,True,,EXPLAINED,UNCHANGED,
waterways,nhd-120651470,nhd-120651470,120651470,120651470,Crowfoot Creek,Crowfoot Creek,558,558,55800,55800,False,True,,EXPLAINED,UNCHANGED,
waterways,nhd-120651471,nhd-120651471,120651471,120651471,Crowfoot Creek,Crowfoot Creek,460,460,46003,46003,False,True,,EXPLAINED,UNCHANGED,
waterways,nhd-120651474,nhd-120651474,120651474,120651474,West Cherry Creek,West Cherry Creek,460,460,46006,46006,False,True,,EXPLAINED,UNCHANGED,
waterways,nhd-120651475,nhd-120651475,120651475,120651475,Antelope Creek,Antelope Creek,460,460,46003,46003,False,True,,EXPLAINED,UNCHANGED,
waterways,nhd-120651477,nhd-120651477,120651477,120651477,West Cherry Creek,West Cherry Creek,558,558,55800,55800,False,True,,EXPLAINED,UNCHANGED,
waterways,nhd-120651480,nhd-120651480,120651480,120651480,West Cherry Creek,West Cherry Creek,460,460,46006,46006,False,True,,EXPLAINED,UNCHANGED,
waterways,nhd-120651483,nhd-120651483,120651483,120651483,Crowfoot Creek,Crowfoot Creek,460,460,46003,46003,False,True,,EXPLAINED,UNCHANGED,
waterways,nhd-120651485,nhd-120651485,120651485,120651485,Crowfoot Creek,Crowfoot Creek,558,558,55800,55800,False,True,,EXPLAINED,UNCHANGED,
waterways,nhd-120651489,nhd-120651489,120651489,120651489,West Cherry Creek,West Cherry Creek,460,460,46006,46006,False,True,,EXPLAINED,UNCHANGED,
waterways,nhd-120651503,nhd-120651503,120651503,120651503,Crowfoot Creek,Crowfoot Creek,460,460,46003,46003,False,True,,EXPLAINED,UNCHANGED,
waterways,nhd-120651516,nhd-120651516,120651516,120651516,West Cherry Creek,West Cherry Creek,460,460,46003,46003,True,False,,NOT EXPLAINED,UNEXPLAINED_GEOMETRY_CHANGE,changed_source_fields_or_geometry
waterways,nhd-120651533,nhd-120651533,120651533,120651533,Elk Creek,Elk Creek,460,460,46003,46003,True,False,,NOT EXPLAINED,UNEXPLAINED_GEOMETRY_CHANGE,changed_source_fields_or_geometry
waterways,,nhd-120651541,,120651541,,West Cherry Creek,,460,,46003,False,False,,EXPLAINED,ADDED_IN_STRIP,
waterways,,nhd-120651546,,120651546,,Elk Creek,,460,,46003,False,False,,EXPLAINED,ADDED_IN_STRIP,
waterways,nhd-120651557,nhd-120651557,120651557,120651557,East Cherry Creek,East Cherry Creek,460,460,46003,46003,True,False,,NOT EXPLAINED,UNEXPLAINED_GEOMETRY_CHANGE,changed_source_fields_or_geometry
waterways,nhd-146465588,nhd-146465588,146465588,146465588,Highline Canal,Highline Canal,336,336,33600,33600,False,True,,EXPLAINED,UNCHANGED,
waterways,nhd-160691328,nhd-160691328,160691328,160691328,Trout Creek,Trout Creek,558,558,55800,55800,False,True,,EXPLAINED,UNCHANGED,
waterways,nhd-160691329,nhd-160691329,160691329,160691329,Trout Creek,Trout Creek,558,558,55800,55800,False,True,,EXPLAINED,UNCHANGED,
waterways,nhd-160691467,nhd-160691467,160691467,160691467,Highline Canal,Highline Canal,336,336,33600,33600,False,True,,EXPLAINED,UNCHANGED,
waterways,nhd-160694538,nhd-160694538,160694538,160694538,Turkey Creek,Turkey Creek,460,460,46006,46006,False,True,,EXPLAINED,UNCHANGED,
waterways,nhd-160694541,nhd-160694541,160694541,160694541,West Creek,West Creek,460,460,46006,46006,False,True,,EXPLAINED,UNCHANGED,
waterways,,nhd-160694542,,160694542,,West Creek,,460,,46006,False,False,,EXPLAINED,ADDED_IN_STRIP,
waterways,,nhd-160694543,,160694543,,West Creek,,460,,46006,False,False,,EXPLAINED,ADDED_IN_STRIP,
waterways,nhd-160694549,nhd-160694549,160694549,160694549,West Creek,West Creek,460,460,46006,46006,False,True,,EXPLAINED,UNCHANGED,
waterways,nhd-160694550,nhd-160694550,160694550,160694550,West Creek,West Creek,460,460,46006,46006,False,True,,EXPLAINED,UNCHANGED,
waterways,nhd-160694551,nhd-160694551,160694551,160694551,West Creek,West Creek,460,460,46006,46006,False,True,,EXPLAINED,UNCHANGED,
waterways,nhd-160694558,nhd-160694558,160694558,160694558,West Creek,West Creek,558,558,55800,55800,False,True,,EXPLAINED,UNCHANGED,
waterways,nhd-160694559,nhd-160694559,160694559,160694559,West Creek,West Creek,558,558,55800,55800,False,True,,EXPLAINED,UNCHANGED,
waterways,nhd-160694563,nhd-160694563,160694563,160694563,West Creek,West Creek,460,460,46006,46006,False,True,,EXPLAINED,UNCHANGED,
waterways,nhd-160694564,nhd-160694564,160694564,160694564,West Creek,West Creek,460,460,46006,46006,False,True,,EXPLAINED,UNCHANGED,
waterways,nhd-160694565,nhd-160694565,160694565,160694565,West Creek,West Creek,460,460,46006,46006,False,True,,EXPLAINED,UNCHANGED,
waterways,nhd-160694566,nhd-160694566,160694566,160694566,West Creek,West Creek,460,460,46006,46006,False,True,,EXPLAINED,UNCHANGED,
waterways,nhd-160695397,nhd-160695397,160695397,160695397,Cook Creek,Cook Creek,460,460,46006,46006,False,True,,EXPLAINED,UNCHANGED,
waterways,nhd-160695583,nhd-160695583,160695583,160695583,Turkey Creek,Turkey Creek,460,460,46006,46006,False,True,,EXPLAINED,UNCHANGED,
waterways,nhd-160695590,nhd-160695590,160695590,160695590,Fourmile Creek,Fourmile Creek,460,460,46003,46003,False,True,,EXPLAINED,UNCHANGED,
waterways,nhd-160695591,nhd-160695591,160695591,160695591,Fourmile Creek,Fourmile Creek,460,460,46003,46003,False,True,,EXPLAINED,UNCHANGED,
waterways,nhd-160695596,nhd-160695596,160695596,160695596,Trail Creek,Trail Creek,460,460,46006,46006,False,True,,EXPLAINED,UNCHANGED,
waterways,nhd-160695597,nhd-160695597,160695597,160695597,Fourmile Creek,Fourmile Creek,460,460,46003,46003,False,True,,EXPLAINED,UNCHANGED,
waterways,nhd-160695598,nhd-160695598,160695598,160695598,Fourmile Creek,Fourmile Creek,460,460,46003,46003,False,True,,EXPLAINED,UNCHANGED,
waterways,nhd-160695614,nhd-160695614,160695614,160695614,Fourmile Creek,Fourmile Creek,460,460,46006,46006,False,True,,EXPLAINED,UNCHANGED,
waterways,nhd-160695615,nhd-160695615,160695615,160695615,Fourmile Creek,Fourmile Creek,460,460,46006,46006,False,True,,EXPLAINED,UNCHANGED,
waterways,nhd-160696304,nhd-160696304,160696304,160696304,South Platte River,South Platte River,558,558,55800,55800,True,False,,NOT EXPLAINED,UNEXPLAINED_GEOMETRY_CHANGE,changed_source_fields_or_geometry
waterways,nhd-160696434,nhd-160696434,160696434,160696434,Trout Creek,Trout Creek,558,558,55800,55800,False,True,,EXPLAINED,UNCHANGED,
waterways,nhd-160696445,nhd-160696445,160696445,160696445,Fern Creek,Fern Creek,460,460,46006,46006,False,True,,EXPLAINED,UNCHANGED,
waterways,nhd-160696458,nhd-160696458,160696458,160696458,Fern Creek,Fern Creek,460,460,46006,46006,False,True,,EXPLAINED,UNCHANGED,
waterways,nhd-160696459,nhd-160696459,160696459,160696459,Fern Creek,Fern Creek,460,460,46006,46006,False,True,,EXPLAINED,UNCHANGED,
waterways,nhd-160696490,nhd-160696490,160696490,160696490,West Creek,West Creek,460,460,46006,46006,False,True,,EXPLAINED,UNCHANGED,
waterways,nhd-160696497,nhd-160696497,160696497,160696497,Camp Creek,Camp Creek,460,460,46006,46006,False,True,,EXPLAINED,UNCHANGED,
waterways,,nhd-160696710,,160696710,,South Platte River,,558,,55800,False,False,,EXPLAINED,ADDED_IN_STRIP,
waterways,nhd-160696721,nhd-160696721,160696721,160696721,Trout Creek,Trout Creek,558,558,55800,55800,False,True,,EXPLAINED,UNCHANGED,
waterways,nhd-160696722,nhd-160696722,160696722,160696722,Trout Creek,Trout Creek,558,558,55800,55800,False,True,,EXPLAINED,UNCHANGED,
waterways,,nhd-160697050,,160697050,,Trout Creek,,460,,46006,False,False,,EXPLAINED,ADDED_IN_STRIP,
waterways,,nhd-160697142,,160697142,,West Creek,,460,,46006,False,False,,EXPLAINED,ADDED_IN_STRIP,
waterways,,nhd-160698676,,160698676,,Wildcat Creek,,460,,46003,False,False,,EXPLAINED,ADDED_IN_STRIP,
waterways,,nhd-160698701,,160698701,,South Platte River,,558,,55800,False,False,,EXPLAINED,ADDED_IN_STRIP,
waterways,nhd-160699829,nhd-160699829,160699829,160699829,Little Turkey Creek,Little Turkey Creek,460,460,46006,46006,False,True,,EXPLAINED,UNCHANGED,
waterways,nhd-160699864,nhd-160699864,160699864,160699864,Turkey Creek,Turkey Creek,460,460,46006,46006,False,True,,EXPLAINED,UNCHANGED,
waterways,nhd-160700328,nhd-160700328,160700328,160700328,Turkey Creek,Turkey Creek,460,460,46006,46006,False,True,,EXPLAINED,UNCHANGED,
waterways,nhd-160700329,nhd-160700329,160700329,160700329,Little Turkey Creek,Little Turkey Creek,460,460,46006,46006,False,True,,EXPLAINED,UNCHANGED,
waterways,nhd-160700330,nhd-160700330,160700330,160700330,Little Turkey Creek,Little Turkey Creek,460,460,46006,46006,False,True,,EXPLAINED,UNCHANGED,
waterways,nhd-160700378,nhd-160700378,160700378,160700378,East Plum Creek,East Plum Creek,460,460,46006,46006,False,True,,EXPLAINED,UNCHANGED,
waterways,nhd-160700379,nhd-160700379,160700379,160700379,East Plum Creek,East Plum Creek,460,460,46006,46006,False,True,,EXPLAINED,UNCHANGED,
waterways,nhd-160700398,nhd-160700398,160700398,160700398,Cook Creek,Cook Creek,460,460,46006,46006,False,True,,EXPLAINED,UNCHANGED,
waterways,nhd-160700399,nhd-160700399,160700399,160700399,Cook Creek,Cook Creek,460,460,46006,46006,False,True,,EXPLAINED,UNCHANGED,
waterways,nhd-160708029,nhd-160708029,160708029,160708029,Stark Creek,Stark Creek,460,460,46006,46006,False,True,,EXPLAINED,UNCHANGED,
waterways,nhd-160708030,nhd-160708030,160708030,160708030,Stark Creek,Stark Creek,460,460,46006,46006,False,True,,EXPLAINED,UNCHANGED,
waterways,nhd-160708065,nhd-160708065,160708065,160708065,Eagle Creek,Eagle Creek,460,460,46006,46006,False,True,,EXPLAINED,UNCHANGED,
waterways,nhd-160708068,nhd-160708068,160708068,160708068,Watson Park Creek,Watson Park Creek,460,460,46006,46006,False,True,,EXPLAINED,UNCHANGED,
waterways,nhd-160708073,nhd-160708073,160708073,160708073,Watson Park Creek,Watson Park Creek,460,460,46006,46006,False,True,,EXPLAINED,UNCHANGED,
waterways,nhd-160708074,nhd-160708074,160708074,160708074,Watson Park Creek,Watson Park Creek,460,460,46006,46006,False,True,,EXPLAINED,UNCHANGED,
waterways,nhd-160708076,nhd-160708076,160708076,160708076,Jackson Creek,Jackson Creek,460,460,46003,46003,False,True,,EXPLAINED,UNCHANGED,
waterways,nhd-160708077,nhd-160708077,160708077,160708077,Jackson Creek,Jackson Creek,460,460,46003,46003,False,True,,EXPLAINED,UNCHANGED,
waterways,nhd-160708085,nhd-160708085,160708085,160708085,Watson Park Creek,Watson Park Creek,460,460,46006,46006,False,True,,EXPLAINED,UNCHANGED,
waterways,nhd-160708086,nhd-160708086,160708086,160708086,Watson Park Creek,Watson Park Creek,460,460,46006,46006,False,True,,EXPLAINED,UNCHANGED,
waterways,nhd-160708832,nhd-160708832,160708832,160708832,Trout Creek,Trout Creek,460,460,46006,46006,False,True,,EXPLAINED,UNCHANGED,
waterways,nhd-160708834,nhd-160708834,160708834,160708834,Trout Creek,Trout Creek,460,460,46006,46006,False,True,,EXPLAINED,UNCHANGED,
waterways,nhd-160708839,nhd-160708839,160708839,160708839,Horse Creek,Horse Creek,460,460,46006,46006,False,True,,EXPLAINED,UNCHANGED,
waterways,nhd-160708841,nhd-160708841,160708841,160708841,Horse Creek,Horse Creek,460,460,46006,46006,False,True,,EXPLAINED,UNCHANGED,
waterways,,nhd-160709497,,160709497,,Turkey Creek,,460,,46006,False,False,,EXPLAINED,ADDED_IN_STRIP,
waterways,,nhd-160709499,,160709499,,Turkey Creek,,460,,46006,False,False,,EXPLAINED,ADDED_IN_STRIP,
waterways,nhd-160709750,nhd-160709750,160709750,160709750,Little Turkey Creek,Little Turkey Creek,460,460,46006,46006,False,True,,EXPLAINED,UNCHANGED,
waterways,nhd-160709751,nhd-160709751,160709751,160709751,Little Turkey Creek,Little Turkey Creek,460,460,46006,46006,False,True,,EXPLAINED,UNCHANGED,
waterways,nhd-160709835,nhd-160709835,160709835,160709835,South Platte River,South Platte River,558,558,55800,55800,True,False,,NOT EXPLAINED,UNEXPLAINED_GEOMETRY_CHANGE,changed_source_fields_or_geometry
waterways,nhd-160709872,nhd-160709872,160709872,160709872,Horse Creek,Horse Creek,460,460,46006,46006,False,True,,EXPLAINED,UNCHANGED,
waterways,nhd-160709874,nhd-160709874,160709874,160709874,Trout Creek,Trout Creek,460,460,46006,46006,False,True,,EXPLAINED,UNCHANGED,
waterways,nhd-160709875,nhd-160709875,160709875,160709875,Trout Creek,Trout Creek,460,460,46006,46006,False,True,,EXPLAINED,UNCHANGED,
waterways,nhd-160710065,nhd-160710065,160710065,160710065,Pine Creek,Pine Creek,460,460,46006,46006,False,True,,EXPLAINED,UNCHANGED,
waterways,nhd-160710067,nhd-160710067,160710067,160710067,Pine Creek,Pine Creek,460,460,46006,46006,False,True,,EXPLAINED,UNCHANGED,
waterways,,nhd-160711619,,160711619,,Wildcat Creek,,460,,46003,False,False,,EXPLAINED,ADDED_IN_STRIP,
waterways,,nhd-160711621,,160711621,,Wildcat Creek,,460,,46003,False,False,,EXPLAINED,ADDED_IN_STRIP,
waterways,,nhd-160711663,,160711663,,South Platte River,,558,,55800,False,False,,EXPLAINED,ADDED_IN_STRIP,
waterways,,nhd-160711666,,160711666,,South Platte River,,558,,55800,False,False,,EXPLAINED,ADDED_IN_STRIP,
waterways,,nhd-160711731,,160711731,,Wildcat Creek,,460,,46003,False,False,,EXPLAINED,ADDED_IN_STRIP,
waterways,,nhd-160711732,,160711732,,Wildcat Creek,,460,,46003,False,False,,EXPLAINED,ADDED_IN_STRIP,
waterways,nhd-160711800,nhd-160711800,160711800,160711800,South Platte River,South Platte River,558,558,55800,55800,False,True,,EXPLAINED,UNCHANGED,
waterways,nhd-160711802,nhd-160711802,160711802,160711802,South Platte River,South Platte River,558,558,55800,55800,False,True,,EXPLAINED,UNCHANGED,
waterways,,nhd-160711823,,160711823,,South Platte River,,558,,55800,False,False,,EXPLAINED,ADDED_IN_STRIP,
waterways,,nhd-160711826,,160711826,,South Platte River,,558,,55800,False,False,,EXPLAINED,ADDED_IN_STRIP,
waterways,nhd-160711971,nhd-160711971,160711971,160711971,Douglas Creek,Douglas Creek,460,460,46003,46003,False,True,,EXPLAINED,UNCHANGED,
waterways,nhd-160711998,nhd-160711998,160711998,160711998,Turkey Creek,Turkey Creek,460,460,46006,46006,False,True,,EXPLAINED,UNCHANGED,
waterways,nhd-160712000,nhd-160712000,160712000,160712000,Turkey Creek,Turkey Creek,460,460,46006,46006,False,True,,EXPLAINED,UNCHANGED,
waterways,,nhd-160712077,,160712077,,South Platte River,,558,,55800,False,False,,EXPLAINED,ADDED_IN_STRIP,
waterways,,nhd-160712080,,160712080,,South Platte River,,558,,55800,False,False,,EXPLAINED,ADDED_IN_STRIP,
waterways,nhd-160712081,nhd-160712081,160712081,160712081,Turkey Creek,Turkey Creek,460,460,46006,46006,False,True,,EXPLAINED,UNCHANGED,
waterways,nhd-160712093,nhd-160712093,160712093,160712093,Douglas Creek,Douglas Creek,460,460,46003,46003,False,True,,EXPLAINED,UNCHANGED,
waterways,nhd-160712096,nhd-160712096,160712096,160712096,Turkey Creek,Turkey Creek,460,460,46006,46006,False,True,,EXPLAINED,UNCHANGED,
waterways,nhd-160712099,nhd-160712099,160712099,160712099,Little Turkey Creek,Little Turkey Creek,460,460,46006,46006,False,True,,EXPLAINED,UNCHANGED,
waterways,nhd-160712100,nhd-160712100,160712100,160712100,Little Turkey Creek,Little Turkey Creek,460,460,46006,46006,False,True,,EXPLAINED,UNCHANGED,
waterways,nhd-160712107,nhd-160712107,160712107,160712107,South Platte River,South Platte River,558,558,55800,55800,False,True,,EXPLAINED,UNCHANGED,
waterways,,nhd-160712130,,160712130,,South Platte River,,558,,55800,False,False,,EXPLAINED,ADDED_IN_STRIP,
waterways,nhd-160712138,nhd-160712138,160712138,160712138,Turkey Creek,Turkey Creek,460,460,46006,46006,False,True,,EXPLAINED,UNCHANGED,
waterways,nhd-160712139,nhd-160712139,160712139,160712139,Turkey Creek,Turkey Creek,460,460,46006,46006,False,True,,EXPLAINED,UNCHANGED,
waterways,nhd-160712148,nhd-160712148,160712148,160712148,Turkey Creek,Turkey Creek,460,460,46006,46006,False,True,,EXPLAINED,UNCHANGED,
waterways,nhd-160712150,nhd-160712150,160712150,160712150,Turkey Creek,Turkey Creek,460,460,46006,46006,False,True,,EXPLAINED,UNCHANGED,
waterways,nhd-160712190,nhd-160712190,160712190,160712190,Turkey Creek,Turkey Creek,558,558,55800,55800,False,True,,EXPLAINED,UNCHANGED,
waterways,nhd-160712206,nhd-160712206,160712206,160712206,South Platte River,South Platte River,558,558,55800,55800,False,True,,EXPLAINED,UNCHANGED,
waterways,nhd-160712207,nhd-160712207,160712207,160712207,South Platte River,South Platte River,558,558,55800,55800,False,True,,EXPLAINED,UNCHANGED,
waterways,nhd-160712212,nhd-160712212,160712212,160712212,Douglas Creek,Douglas Creek,460,460,46003,46003,False,True,,EXPLAINED,UNCHANGED,
waterways,nhd-160712213,nhd-160712213,160712213,160712213,Douglas Creek,Douglas Creek,460,460,46003,46003,False,True,,EXPLAINED,UNCHANGED,
waterways,nhd-160712223,nhd-160712223,160712223,160712223,Turkey Creek,Turkey Creek,460,460,46006,46006,False,True,,EXPLAINED,UNCHANGED,
waterways,nhd-160712225,nhd-160712225,160712225,160712225,Turkey Creek,Turkey Creek,460,460,46006,46006,False,True,,EXPLAINED,UNCHANGED,
waterways,nhd-160712230,nhd-160712230,160712230,160712230,Douglas Creek,Douglas Creek,460,460,46003,46003,False,True,,EXPLAINED,UNCHANGED,
waterways,nhd-160712232,nhd-160712232,160712232,160712232,Douglas Creek,Douglas Creek,460,460,46003,46003,False,True,,EXPLAINED,UNCHANGED,
waterways,nhd-160712256,nhd-160712256,160712256,160712256,South Platte River,South Platte River,558,558,55800,55800,True,False,,NOT EXPLAINED,UNEXPLAINED_GEOMETRY_CHANGE,changed_source_fields_or_geometry
waterways,,nhd-160712258,,160712258,,South Platte River,,558,,55800,False,False,,EXPLAINED,ADDED_IN_STRIP,
waterways,nhd-160712272,nhd-160712272,160712272,160712272,Turkey Creek,Turkey Creek,460,460,46006,46006,False,True,,EXPLAINED,UNCHANGED,
waterways,,nhd-160712276,,160712276,,Little Turkey Creek,,460,,46006,False,False,,EXPLAINED,ADDED_IN_STRIP,
waterways,,nhd-160712277,,160712277,,Little Turkey Creek,,460,,46006,False,False,,EXPLAINED,ADDED_IN_STRIP,
waterways,nhd-160712282,nhd-160712282,160712282,160712282,Turkey Creek,Turkey Creek,460,460,46006,46006,False,True,,EXPLAINED,UNCHANGED,
waterways,nhd-160712284,nhd-160712284,160712284,160712284,Turkey Creek,Turkey Creek,460,460,46006,46006,False,True,,EXPLAINED,UNCHANGED,
waterways,nhd-160712303,nhd-160712303,160712303,160712303,Douglas Creek,Douglas Creek,558,558,55800,55800,False,True,,EXPLAINED,UNCHANGED,
waterways,nhd-160712306,nhd-160712306,160712306,160712306,Douglas Creek,Douglas Creek,558,558,55800,55800,False,True,,EXPLAINED,UNCHANGED,
waterways,,nhd-160712316,,160712316,,South Platte River,,558,,55800,False,False,,EXPLAINED,ADDED_IN_STRIP,
waterways,nhd-160712319,nhd-160712319,160712319,160712319,South Platte River,South Platte River,558,558,55800,55800,True,False,,NOT EXPLAINED,UNEXPLAINED_GEOMETRY_CHANGE,changed_source_fields_or_geometry
waterways,,nhd-160712340,,160712340,,South Platte River,,558,,55800,False,False,,EXPLAINED,ADDED_IN_STRIP,
waterways,,nhd-160712342,,160712342,,South Platte River,,558,,55800,False,False,,EXPLAINED,ADDED_IN_STRIP,
waterways,nhd-160712400,nhd-160712400,160712400,160712400,South Platte River,South Platte River,558,558,55800,55800,True,False,,NOT EXPLAINED,UNEXPLAINED_GEOMETRY_CHANGE,changed_source_fields_or_geometry
waterways,nhd-160712402,nhd-160712402,160712402,160712402,South Platte River,South Platte River,558,558,55800,55800,False,True,,EXPLAINED,UNCHANGED,
waterways,nhd-160712407,nhd-160712407,160712407,160712407,Little Turkey Creek,Little Turkey Creek,460,460,46006,46006,False,True,,EXPLAINED,UNCHANGED,
waterways,nhd-160712411,nhd-160712411,160712411,160712411,Little Turkey Creek,Little Turkey Creek,460,460,46006,46006,False,True,,EXPLAINED,UNCHANGED,
waterways,nhd-160712428,nhd-160712428,160712428,160712428,Turkey Creek,Turkey Creek,558,558,55800,55800,False,True,,EXPLAINED,UNCHANGED,
waterways,nhd-160712430,nhd-160712430,160712430,160712430,Turkey Creek,Turkey Creek,558,558,55800,55800,False,True,,EXPLAINED,UNCHANGED,
waterways,nhd-160712441,nhd-160712441,160712441,160712441,Little Turkey Creek,Little Turkey Creek,460,460,46006,46006,True,False,,NOT EXPLAINED,UNEXPLAINED_GEOMETRY_CHANGE,changed_source_fields_or_geometry
waterways,nhd-160712442,nhd-160712442,160712442,160712442,Little Turkey Creek,Little Turkey Creek,460,460,46006,46006,False,True,,EXPLAINED,UNCHANGED,
waterways,nhd-160712461,nhd-160712461,160712461,160712461,Turkey Creek,Turkey Creek,460,460,46006,46006,False,True,,EXPLAINED,UNCHANGED,
waterways,nhd-160712462,nhd-160712462,160712462,160712462,Turkey Creek,Turkey Creek,460,460,46006,46006,False,True,,EXPLAINED,UNCHANGED,
waterways,nhd-160712608,nhd-160712608,160712608,160712608,West Creek,West Creek,460,460,46006,46006,False,True,,EXPLAINED,UNCHANGED,
waterways,nhd-160712610,nhd-160712610,160712610,160712610,Trail Creek,Trail Creek,460,460,46006,46006,False,True,,EXPLAINED,UNCHANGED,
waterways,nhd-160712643,nhd-160712643,160712643,160712643,Turkey Creek,Turkey Creek,460,460,46006,46006,False,True,,EXPLAINED,UNCHANGED,
waterways,nhd-160712645,nhd-160712645,160712645,160712645,Turkey Creek,Turkey Creek,558,558,55800,55800,False,True,,EXPLAINED,UNCHANGED,
waterways,nhd-160712646,nhd-160712646,160712646,160712646,Turkey Creek,Turkey Creek,558,558,55800,55800,False,True,,EXPLAINED,UNCHANGED,
waterways,nhd-160712654,nhd-160712654,160712654,160712654,Turkey Creek,Turkey Creek,460,460,46006,46006,False,True,,EXPLAINED,UNCHANGED,
waterways,nhd-160712656,nhd-160712656,160712656,160712656,Turkey Creek,Turkey Creek,460,460,46006,46006,False,True,,EXPLAINED,UNCHANGED,
waterways,nhd-160712660,nhd-160712660,160712660,160712660,Turkey Creek,Turkey Creek,460,460,46006,46006,False,True,,EXPLAINED,UNCHANGED,
waterways,nhd-160712693,nhd-160712693,160712693,160712693,East Plum Creek,East Plum Creek,460,460,46006,46006,False,True,,EXPLAINED,UNCHANGED,
waterways,nhd-160712695,nhd-160712695,160712695,160712695,East Plum Creek,East Plum Creek,460,460,46006,46006,False,True,,EXPLAINED,UNCHANGED,
waterways,nhd-160712696,nhd-160712696,160712696,160712696,East Plum Creek,East Plum Creek,460,460,46006,46006,False,True,,EXPLAINED,UNCHANGED,
waterways,nhd-160712707,nhd-160712707,160712707,160712707,Gove Creek,Gove Creek,460,460,46003,46003,False,True,,EXPLAINED,UNCHANGED,
waterways,nhd-160712709,nhd-160712709,160712709,160712709,Gove Creek,Gove Creek,460,460,46003,46003,False,True,,EXPLAINED,UNCHANGED,
waterways,nhd-160712769,nhd-160712769,160712769,160712769,Cook Creek,Cook Creek,460,460,46006,46006,False,True,,EXPLAINED,UNCHANGED,
waterways,nhd-160712783,nhd-160712783,160712783,160712783,Gove Creek,Gove Creek,460,460,46003,46003,False,True,,EXPLAINED,UNCHANGED,
waterways,nhd-160712785,nhd-160712785,160712785,160712785,Gove Creek,Gove Creek,460,460,46003,46003,False,True,,EXPLAINED,UNCHANGED,
waterways,nhd-160712821,nhd-160712821,160712821,160712821,Cook Creek,Cook Creek,460,460,46006,46006,False,True,,EXPLAINED,UNCHANGED,
waterways,nhd-160713172,nhd-160713172,160713172,160713172,Fourmile Creek,Fourmile Creek,460,460,46006,46006,False,True,,EXPLAINED,UNCHANGED,
waterways,nhd-160713174,nhd-160713174,160713174,160713174,Fourmile Creek,Fourmile Creek,460,460,46006,46006,False,True,,EXPLAINED,UNCHANGED,
waterways,nhd-160713178,nhd-160713178,160713178,160713178,Turkey Creek,Turkey Creek,460,460,46006,46006,False,True,,EXPLAINED,UNCHANGED,
waterways,nhd-160713180,nhd-160713180,160713180,160713180,Turkey Creek,Turkey Creek,460,460,46006,46006,False,True,,EXPLAINED,UNCHANGED,
waterways,,nhd-160713202,,160713202,,West Creek,,460,,46006,False,False,,EXPLAINED,ADDED_IN_STRIP,
waterways,nhd-160713203,nhd-160713203,160713203,160713203,West Creek,West Creek,460,460,46006,46006,True,False,,NOT EXPLAINED,UNEXPLAINED_GEOMETRY_CHANGE,changed_source_fields_or_geometry
waterways,nhd-160713204,nhd-160713204,160713204,160713204,West Creek,West Creek,460,460,46006,46006,False,True,,EXPLAINED,UNCHANGED,
waterways,nhd-160713206,nhd-160713206,160713206,160713206,West Creek,West Creek,460,460,46006,46006,False,True,,EXPLAINED,UNCHANGED,
waterways,nhd-160713285,nhd-160713285,160713285,160713285,Bear Creek,Bear Creek,460,460,46006,46006,False,True,,EXPLAINED,UNCHANGED,
waterways,nhd-160713287,nhd-160713287,160713287,160713287,Bear Creek,Bear Creek,460,460,46006,46006,False,True,,EXPLAINED,UNCHANGED,
waterways,nhd-160713288,nhd-160713288,160713288,160713288,Bear Creek,Bear Creek,460,460,46006,46006,False,True,,EXPLAINED,UNCHANGED,
waterways,nhd-160713296,nhd-160713296,160713296,160713296,Bear Creek,Bear Creek,460,460,46006,46006,False,True,,EXPLAINED,UNCHANGED,
waterways,nhd-160713298,nhd-160713298,160713298,160713298,Bear Creek,Bear Creek,460,460,46006,46006,False,True,,EXPLAINED,UNCHANGED,
waterways,nhd-160713299,nhd-160713299,160713299,160713299,West Plum Creek,West Plum Creek,460,460,46003,46003,False,True,,EXPLAINED,UNCHANGED,
waterways,nhd-160713301,nhd-160713301,160713301,160713301,West Plum Creek,West Plum Creek,460,460,46003,46003,False,True,,EXPLAINED,UNCHANGED,
waterways,nhd-160713302,nhd-160713302,160713302,160713302,West Plum Creek,West Plum Creek,460,460,46003,46003,False,True,,EXPLAINED,UNCHANGED,
waterways,nhd-160713305,nhd-160713305,160713305,160713305,West Plum Creek,West Plum Creek,460,460,46003,46003,False,True,,EXPLAINED,UNCHANGED,
waterways,nhd-160713310,nhd-160713310,160713310,160713310,Bear Creek,Bear Creek,460,460,46006,46006,False,True,,EXPLAINED,UNCHANGED,
waterways,nhd-160713442,nhd-160713442,160713442,160713442,Fern Creek,Fern Creek,460,460,46006,46006,False,True,,EXPLAINED,UNCHANGED,
waterways,nhd-160713444,nhd-160713444,160713444,160713444,Fern Creek,Fern Creek,460,460,46006,46006,False,True,,EXPLAINED,UNCHANGED,
waterways,nhd-160713452,nhd-160713452,160713452,160713452,Fern Creek,Fern Creek,460,460,46006,46006,False,True,,EXPLAINED,UNCHANGED,
waterways,nhd-160713454,nhd-160713454,160713454,160713454,Fern Creek,Fern Creek,460,460,46006,46006,False,True,,EXPLAINED,UNCHANGED,
waterways,nhd-160713469,nhd-160713469,160713469,160713469,Fern Creek,Fern Creek,460,460,46003,46003,False,True,,EXPLAINED,UNCHANGED,
waterways,nhd-160713471,nhd-160713471,160713471,160713471,Fern Creek,Fern Creek,460,460,46003,46003,False,True,,EXPLAINED,UNCHANGED,
waterways,nhd-160714615,nhd-160714615,160714615,160714615,Sugar Creek,Sugar Creek,460,460,46006,46006,False,True,,EXPLAINED,UNCHANGED,
waterways,nhd-160714735,nhd-160714735,160714735,160714735,Spring Creek,Spring Creek,460,460,46003,46003,False,True,,EXPLAINED,UNCHANGED,
waterways,nhd-160714738,nhd-160714738,160714738,160714738,Spring Creek,Spring Creek,460,460,46003,46003,False,True,,EXPLAINED,UNCHANGED,
waterways,nhd-160714748,nhd-160714748,160714748,160714748,Jackson Creek,Jackson Creek,460,460,46006,46006,False,True,,EXPLAINED,UNCHANGED,
waterways,nhd-160714751,nhd-160714751,160714751,160714751,Jackson Creek,Jackson Creek,460,460,46006,46006,False,True,,EXPLAINED,UNCHANGED,
waterways,nhd-160714795,nhd-160714795,160714795,160714795,Bear Creek,Bear Creek,460,460,46006,46006,False,True,,EXPLAINED,UNCHANGED,
waterways,nhd-160715017,nhd-160715017,160715017,160715017,Turkey Creek,Turkey Creek,460,460,46006,46006,False,True,,EXPLAINED,UNCHANGED,
waterways,nhd-160715019,nhd-160715019,160715019,160715019,Turkey Creek,Turkey Creek,460,460,46006,46006,False,True,,EXPLAINED,UNCHANGED,
waterways,nhd-160715029,nhd-160715029,160715029,160715029,West Creek,West Creek,460,460,46006,46006,False,True,,EXPLAINED,UNCHANGED,
waterways,nhd-160715031,nhd-160715031,160715031,160715031,Fourmile Creek,Fourmile Creek,460,460,46003,46003,False,True,,EXPLAINED,UNCHANGED,
waterways,nhd-160715060,nhd-160715060,160715060,160715060,Trout Creek,Trout Creek,460,460,46006,46006,False,True,,EXPLAINED,UNCHANGED,
waterways,nhd-160715063,nhd-160715063,160715063,160715063,Trout Creek,Trout Creek,460,460,46006,46006,False,True,,EXPLAINED,UNCHANGED,
waterways,nhd-160715080,nhd-160715080,160715080,160715080,West Creek,West Creek,460,460,46006,46006,False,True,,EXPLAINED,UNCHANGED,
waterways,nhd-160715082,nhd-160715082,160715082,160715082,West Creek,West Creek,460,460,46006,46006,False,True,,EXPLAINED,UNCHANGED,
waterways,nhd-160715085,nhd-160715085,160715085,160715085,West Creek,West Creek,460,460,46006,46006,False,True,,EXPLAINED,UNCHANGED,
waterways,nhd-160715090,nhd-160715090,160715090,160715090,Turkey Creek,Turkey Creek,460,460,46006,46006,False,True,,EXPLAINED,UNCHANGED,
waterways,nhd-160715110,nhd-160715110,160715110,160715110,West Creek,West Creek,460,460,46006,46006,False,True,,EXPLAINED,UNCHANGED,
waterways,nhd-160715111,nhd-160715111,160715111,160715111,West Creek,West Creek,460,460,46006,46006,False,True,,EXPLAINED,UNCHANGED,
waterways,nhd-160715136,nhd-160715136,160715136,160715136,Fourmile Creek,Fourmile Creek,460,460,46006,46006,False,True,,EXPLAINED,UNCHANGED,
waterways,nhd-160715142,nhd-160715142,160715142,160715142,Trail Creek,Trail Creek,460,460,46006,46006,False,True,,EXPLAINED,UNCHANGED,
waterways,nhd-160715144,nhd-160715144,160715144,160715144,Trail Creek,Trail Creek,460,460,46006,46006,False,True,,EXPLAINED,UNCHANGED,
waterways,nhd-160715151,nhd-160715151,160715151,160715151,Fourmile Creek,Fourmile Creek,460,460,46006,46006,False,True,,EXPLAINED,UNCHANGED,
waterways,nhd-160715152,nhd-160715152,160715152,160715152,Fourmile Creek,Fourmile Creek,460,460,46006,46006,False,True,,EXPLAINED,UNCHANGED,
waterways,nhd-160715158,nhd-160715158,160715158,160715158,Turkey Creek,Turkey Creek,460,460,46006,46006,False,True,,EXPLAINED,UNCHANGED,
waterways,nhd-160715171,nhd-160715171,160715171,160715171,Fourmile Creek,Fourmile Creek,460,460,46006,46006,False,True,,EXPLAINED,UNCHANGED,
waterways,nhd-160715172,nhd-160715172,160715172,160715172,Fourmile Creek,Fourmile Creek,460,460,46006,46006,False,True,,EXPLAINED,UNCHANGED,
waterways,nhd-160715177,nhd-160715177,160715177,160715177,Fourmile Creek,Fourmile Creek,460,460,46006,46006,False,True,,EXPLAINED,UNCHANGED,
waterways,nhd-160715178,nhd-160715178,160715178,160715178,Fourmile Creek,Fourmile Creek,460,460,46006,46006,False,True,,EXPLAINED,UNCHANGED,
waterways,nhd-160715179,nhd-160715179,160715179,160715179,Turkey Creek,Turkey Creek,460,460,46006,46006,False,True,,EXPLAINED,UNCHANGED,
waterways,nhd-160715181,nhd-160715181,160715181,160715181,Turkey Creek,Turkey Creek,460,460,46006,46006,False,True,,EXPLAINED,UNCHANGED,
waterways,nhd-160715188,nhd-160715188,160715188,160715188,Fourmile Creek,Fourmile Creek,460,460,46003,46003,False,True,,EXPLAINED,UNCHANGED,
waterways,nhd-160715223,nhd-160715223,160715223,160715223,Fourmile Creek,Fourmile Creek,558,558,55800,55800,False,True,,EXPLAINED,UNCHANGED,
waterways,nhd-160715225,nhd-160715225,160715225,160715225,Fourmile Creek,Fourmile Creek,558,558,55800,55800,False,True,,EXPLAINED,UNCHANGED,
waterways,nhd-160715264,nhd-160715264,160715264,160715264,Camp Creek,Camp Creek,460,460,46003,46003,False,True,,EXPLAINED,UNCHANGED,
waterways,nhd-160715269,nhd-160715269,160715269,160715269,Trout Creek,Trout Creek,460,460,46006,46006,False,True,,EXPLAINED,UNCHANGED,
waterways,nhd-160715272,nhd-160715272,160715272,160715272,Trout Creek,Trout Creek,460,460,46006,46006,False,True,,EXPLAINED,UNCHANGED,
waterways,nhd-160715296,nhd-160715296,160715296,160715296,Trail Creek,Trail Creek,460,460,46006,46006,False,True,,EXPLAINED,UNCHANGED,
waterways,nhd-160715300,nhd-160715300,160715300,160715300,Trail Creek,Trail Creek,460,460,46006,46006,False,True,,EXPLAINED,UNCHANGED,
waterways,nhd-160715306,nhd-160715306,160715306,160715306,West Creek,West Creek,460,460,46006,46006,False,True,,EXPLAINED,UNCHANGED,
waterways,nhd-160715308,nhd-160715308,160715308,160715308,West Creek,West Creek,460,460,46006,46006,False,True,,EXPLAINED,UNCHANGED,
waterways,nhd-160715322,nhd-160715322,160715322,160715322,West Creek,West Creek,460,460,46006,46006,False,True,,EXPLAINED,UNCHANGED,
waterways,nhd-160715323,nhd-160715323,160715323,160715323,West Creek,West Creek,460,460,46006,46006,False,True,,EXPLAINED,UNCHANGED,
waterways,nhd-160715332,nhd-160715332,160715332,160715332,West Creek,West Creek,460,460,46006,46006,False,True,,EXPLAINED,UNCHANGED,
waterways,nhd-160715333,nhd-160715333,160715333,160715333,West Creek,West Creek,460,460,46006,46006,False,True,,EXPLAINED,UNCHANGED,
waterways,nhd-160715334,nhd-160715334,160715334,160715334,West Creek,West Creek,460,460,46006,46006,False,True,,EXPLAINED,UNCHANGED,
waterways,nhd-160715338,nhd-160715338,160715338,160715338,Turkey Creek,Turkey Creek,460,460,46006,46006,False,True,,EXPLAINED,UNCHANGED,
waterways,nhd-160715347,nhd-160715347,160715347,160715347,Fourmile Creek,Fourmile Creek,460,460,46003,46003,False,True,,EXPLAINED,UNCHANGED,
waterways,nhd-160715361,nhd-160715361,160715361,160715361,West Creek,West Creek,460,460,46006,46006,False,True,,EXPLAINED,UNCHANGED,
waterways,nhd-160715363,nhd-160715363,160715363,160715363,West Creek,West Creek,460,460,46006,46006,False,True,,EXPLAINED,UNCHANGED,
waterways,,nhd-160715378,,160715378,,Trail Creek,,460,,46006,False,False,,EXPLAINED,ADDED_IN_STRIP,
waterways,,nhd-160715380,,160715380,,Trail Creek,,460,,46006,False,False,,EXPLAINED,ADDED_IN_STRIP,
waterways,nhd-160715387,nhd-160715387,160715387,160715387,West Creek,West Creek,460,460,46006,46006,False,True,,EXPLAINED,UNCHANGED,
waterways,nhd-160715389,nhd-160715389,160715389,160715389,West Creek,West Creek,460,460,46006,46006,False,True,,EXPLAINED,UNCHANGED,
waterways,nhd-160715404,nhd-160715404,160715404,160715404,Trail Creek,Trail Creek,460,460,46006,46006,False,True,,EXPLAINED,UNCHANGED,
waterways,nhd-160715405,nhd-160715405,160715405,160715405,Trail Creek,Trail Creek,460,460,46006,46006,False,True,,EXPLAINED,UNCHANGED,
waterways,nhd-160715428,nhd-160715428,160715428,160715428,West Creek,West Creek,460,460,46006,46006,False,True,,EXPLAINED,UNCHANGED,
waterways,nhd-160715430,nhd-160715430,160715430,160715430,West Creek,West Creek,460,460,46006,46006,False,True,,EXPLAINED,UNCHANGED,
waterways,,nhd-160715447,,160715447,,Trail Creek,,460,,46006,False,False,,EXPLAINED,ADDED_IN_STRIP,
waterways,nhd-160715449,nhd-160715449,160715449,160715449,Trail Creek,Trail Creek,460,460,46006,46006,True,False,,NOT EXPLAINED,UNEXPLAINED_GEOMETRY_CHANGE,changed_source_fields_or_geometry
waterways,nhd-160715450,nhd-160715450,160715450,160715450,Turkey Creek,Turkey Creek,460,460,46006,46006,False,True,,EXPLAINED,UNCHANGED,
waterways,nhd-160715451,nhd-160715451,160715451,160715451,Turkey Creek,Turkey Creek,460,460,46006,46006,False,True,,EXPLAINED,UNCHANGED,
waterways,nhd-160715455,nhd-160715455,160715455,160715455,Turkey Creek,Turkey Creek,460,460,46006,46006,False,True,,EXPLAINED,UNCHANGED,
waterways,nhd-160715457,nhd-160715457,160715457,160715457,Turkey Creek,Turkey Creek,460,460,46006,46006,False,True,,EXPLAINED,UNCHANGED,
waterways,nhd-160716072,nhd-160716072,160716072,160716072,Trout Creek,Trout Creek,460,460,46006,46006,False,True,,EXPLAINED,UNCHANGED,
waterways,nhd-160716087,nhd-160716087,160716087,160716087,Fern Creek,Fern Creek,460,460,46006,46006,False,True,,EXPLAINED,UNCHANGED,
waterways,nhd-160716229,nhd-160716229,160716229,160716229,Trout Creek,Trout Creek,460,460,46006,46006,False,True,,EXPLAINED,UNCHANGED,
waterways,nhd-160716231,nhd-160716231,160716231,160716231,Trout Creek,Trout Creek,460,460,46006,46006,False,True,,EXPLAINED,UNCHANGED,
waterways,nhd-160716240,nhd-160716240,160716240,160716240,Fern Creek,Fern Creek,460,460,46006,46006,False,True,,EXPLAINED,UNCHANGED,
waterways,nhd-160716242,nhd-160716242,160716242,160716242,Fern Creek,Fern Creek,460,460,46006,46006,False,True,,EXPLAINED,UNCHANGED,
waterways,nhd-160716265,nhd-160716265,160716265,160716265,Trout Creek,Trout Creek,460,460,46006,46006,False,True,,EXPLAINED,UNCHANGED,
waterways,nhd-160716266,nhd-160716266,160716266,160716266,Trout Creek,Trout Creek,460,460,46006,46006,False,True,,EXPLAINED,UNCHANGED,
waterways,nhd-160716274,nhd-160716274,160716274,160716274,Fern Creek,Fern Creek,460,460,46006,46006,False,True,,EXPLAINED,UNCHANGED,
waterways,nhd-160716275,nhd-160716275,160716275,160716275,Fern Creek,Fern Creek,460,460,46006,46006,False,True,,EXPLAINED,UNCHANGED,
waterways,nhd-160716303,nhd-160716303,160716303,160716303,Trout Creek,Trout Creek,558,558,55800,55800,False,True,,EXPLAINED,UNCHANGED,
waterways,nhd-160716327,nhd-160716327,160716327,160716327,Fern Creek,Fern Creek,460,460,46006,46006,False,True,,EXPLAINED,UNCHANGED,
waterways,nhd-160716328,nhd-160716328,160716328,160716328,Fern Creek,Fern Creek,460,460,46006,46006,False,True,,EXPLAINED,UNCHANGED,
waterways,nhd-160716856,nhd-160716856,160716856,160716856,Eagle Creek,Eagle Creek,460,460,46003,46003,False,True,,EXPLAINED,UNCHANGED,
waterways,nhd-160716858,nhd-160716858,160716858,160716858,Eagle Creek,Eagle Creek,460,460,46003,46003,False,True,,EXPLAINED,UNCHANGED,
waterways,nhd-160716888,nhd-160716888,160716888,160716888,West Creek,West Creek,460,460,46006,46006,False,True,,EXPLAINED,UNCHANGED,
waterways,nhd-160716890,nhd-160716890,160716890,160716890,West Creek,West Creek,460,460,46006,46006,False,True,,EXPLAINED,UNCHANGED,
waterways,nhd-160716904,nhd-160716904,160716904,160716904,Trout Creek,Trout Creek,460,460,46006,46006,False,True,,EXPLAINED,UNCHANGED,
waterways,nhd-160716906,nhd-160716906,160716906,160716906,Trout Creek,Trout Creek,460,460,46006,46006,False,True,,EXPLAINED,UNCHANGED,
waterways,nhd-160716908,nhd-160716908,160716908,160716908,West Creek,West Creek,460,460,46006,46006,False,True,,EXPLAINED,UNCHANGED,
waterways,nhd-160716909,nhd-160716909,160716909,160716909,West Creek,West Creek,460,460,46006,46006,False,True,,EXPLAINED,UNCHANGED,
waterways,nhd-160716927,nhd-160716927,160716927,160716927,Fern Creek,Fern Creek,460,460,46006,46006,False,True,,EXPLAINED,UNCHANGED,
waterways,nhd-160716928,nhd-160716928,160716928,160716928,Fern Creek,Fern Creek,460,460,46006,46006,False,True,,EXPLAINED,UNCHANGED,
waterways,nhd-160716932,nhd-160716932,160716932,160716932,Stark Creek,Stark Creek,460,460,46006,46006,False,True,,EXPLAINED,UNCHANGED,
waterways,nhd-160716934,nhd-160716934,160716934,160716934,Stark Creek,Stark Creek,460,460,46006,46006,False,True,,EXPLAINED,UNCHANGED,
waterways,nhd-160716977,nhd-160716977,160716977,160716977,Fern Creek,Fern Creek,460,460,46003,46003,False,True,,EXPLAINED,UNCHANGED,
waterways,nhd-160717011,nhd-160717011,160717011,160717011,Bear Creek,Bear Creek,460,460,46006,46006,False,True,,EXPLAINED,UNCHANGED,
waterways,,nhd-160717026,,160717026,,South Platte River,,558,,55800,False,False,,EXPLAINED,ADDED_IN_STRIP,
waterways,,nhd-160717028,,160717028,,South Platte River,,558,,55800,False,False,,EXPLAINED,ADDED_IN_STRIP,
waterways,,nhd-160717072,,160717072,,South Platte River,,558,,55800,False,False,,EXPLAINED,ADDED_IN_STRIP,
waterways,nhd-160717074,nhd-160717074,160717074,160717074,South Platte River,South Platte River,558,558,55800,55800,True,False,,NOT EXPLAINED,UNEXPLAINED_GEOMETRY_CHANGE,changed_source_fields_or_geometry
waterways,,nhd-160717084,,160717084,,South Platte River,,558,,55800,False,False,,EXPLAINED,ADDED_IN_STRIP,
waterways,nhd-160717107,nhd-160717107,160717107,160717107,Sugar Creek,Sugar Creek,460,460,46006,46006,False,True,,EXPLAINED,UNCHANGED,
waterways,nhd-160717109,nhd-160717109,160717109,160717109,Sugar Creek,Sugar Creek,460,460,46006,46006,False,True,,EXPLAINED,UNCHANGED,
waterways,nhd-160717128,nhd-160717128,160717128,160717128,Horse Creek,Horse Creek,460,460,46006,46006,False,True,,EXPLAINED,UNCHANGED,
waterways,nhd-160717130,nhd-160717130,160717130,160717130,Horse Creek,Horse Creek,460,460,46006,46006,False,True,,EXPLAINED,UNCHANGED,
waterways,nhd-160717131,nhd-160717131,160717131,160717131,Camp Creek,Camp Creek,460,460,46003,46003,False,True,,EXPLAINED,UNCHANGED,
waterways,nhd-160717133,nhd-160717133,160717133,160717133,Camp Creek,Camp Creek,460,460,46003,46003,False,True,,EXPLAINED,UNCHANGED,
waterways,nhd-160717155,nhd-160717155,160717155,160717155,Fourmile Creek,Fourmile Creek,460,460,46006,46006,False,True,,EXPLAINED,UNCHANGED,
waterways,nhd-160717157,nhd-160717157,160717157,160717157,Fourmile Creek,Fourmile Creek,460,460,46006,46006,False,True,,EXPLAINED,UNCHANGED,
waterways,nhd-160717248,nhd-160717248,160717248,160717248,Sugar Creek,Sugar Creek,460,460,46006,46006,False,True,,EXPLAINED,UNCHANGED,
waterways,nhd-160717254,nhd-160717254,160717254,160717254,Sugar Creek,Sugar Creek,460,460,46006,46006,False,True,,EXPLAINED,UNCHANGED,
waterways,nhd-160717265,nhd-160717265,160717265,160717265,Deep Creek,Deep Creek,460,460,46003,46003,False,True,,EXPLAINED,UNCHANGED,
waterways,nhd-160717267,nhd-160717267,160717267,160717267,Deep Creek,Deep Creek,460,460,46003,46003,False,True,,EXPLAINED,UNCHANGED,
waterways,nhd-160717273,nhd-160717273,160717273,160717273,Sugar Creek,Sugar Creek,460,460,46006,46006,False,True,,EXPLAINED,UNCHANGED,
waterways,nhd-160717286,nhd-160717286,160717286,160717286,Sugar Creek,Sugar Creek,460,460,46006,46006,False,True,,EXPLAINED,UNCHANGED,
waterways,nhd-160717287,nhd-160717287,160717287,160717287,Sugar Creek,Sugar Creek,460,460,46006,46006,False,True,,EXPLAINED,UNCHANGED,
waterways,nhd-160717310,nhd-160717310,160717310,160717310,Fern Creek,Fern Creek,460,460,46006,46006,False,True,,EXPLAINED,UNCHANGED,
waterways,nhd-160717321,nhd-160717321,160717321,160717321,Trout Creek,Trout Creek,460,460,46006,46006,False,True,,EXPLAINED,UNCHANGED,
waterways,nhd-160717323,nhd-160717323,160717323,160717323,Trout Creek,Trout Creek,460,460,46006,46006,False,True,,EXPLAINED,UNCHANGED,
waterways,nhd-160717627,nhd-160717627,160717627,160717627,Fern Creek,Fern Creek,460,460,46006,46006,False,True,,EXPLAINED,UNCHANGED,
waterways,nhd-160717629,nhd-160717629,160717629,160717629,Fern Creek,Fern Creek,460,460,46006,46006,False,True,,EXPLAINED,UNCHANGED,
waterways,nhd-160717794,nhd-160717794,160717794,160717794,East Plum Creek,East Plum Creek,460,460,46006,46006,False,True,,EXPLAINED,UNCHANGED,
waterways,nhd-160717798,nhd-160717798,160717798,160717798,East Plum Creek,East Plum Creek,460,460,46006,46006,False,True,,EXPLAINED,UNCHANGED,
waterways,nhd-160717799,nhd-160717799,160717799,160717799,East Plum Creek,East Plum Creek,460,460,46006,46006,False,True,,EXPLAINED,UNCHANGED,
waterways,nhd-160717852,nhd-160717852,160717852,160717852,Carpenter Creek,Carpenter Creek,460,460,46003,46003,True,False,,NOT EXPLAINED,UNEXPLAINED_GEOMETRY_CHANGE,changed_source_fields_or_geometry
waterways,nhd-160717854,nhd-160717854,160717854,160717854,Carpenter Creek,Carpenter Creek,460,460,46003,46003,False,True,,EXPLAINED,UNCHANGED,
waterways,nhd-160717934,nhd-160717934,160717934,160717934,Jackson Creek,Jackson Creek,460,460,46006,46006,False,True,,EXPLAINED,UNCHANGED,
waterways,nhd-160717936,nhd-160717936,160717936,160717936,Jackson Creek,Jackson Creek,460,460,46006,46006,False,True,,EXPLAINED,UNCHANGED,
waterways,nhd-160717946,nhd-160717946,160717946,160717946,Eagle Creek,Eagle Creek,460,460,46003,46003,False,True,,EXPLAINED,UNCHANGED,
waterways,nhd-160717989,nhd-160717989,160717989,160717989,Watson Park Creek,Watson Park Creek,460,460,46003,46003,False,True,,EXPLAINED,UNCHANGED,
waterways,,nhd-160718035,,160718035,,South Platte River,,558,,55800,False,False,,EXPLAINED,ADDED_IN_STRIP,
waterways,,nhd-160718036,,160718036,,South Platte River,,558,,55800,False,False,,EXPLAINED,ADDED_IN_STRIP,
waterways,nhd-160719608,nhd-160719608,160719608,160719608,Stark Creek,Stark Creek,460,460,46003,46003,False,True,,EXPLAINED,UNCHANGED,
waterways,nhd-160719610,nhd-160719610,160719610,160719610,Stark Creek,Stark Creek,460,460,46003,46003,False,True,,EXPLAINED,UNCHANGED,
waterways,nhd-160719616,nhd-160719616,160719616,160719616,Stark Creek,Stark Creek,460,460,46003,46003,False,True,,EXPLAINED,UNCHANGED,
waterways,nhd-160719617,nhd-160719617,160719617,160719617,Stark Creek,Stark Creek,460,460,46003,46003,False,True,,EXPLAINED,UNCHANGED,
waterways,nhd-160719631,nhd-160719631,160719631,160719631,Fern Creek,Fern Creek,460,460,46006,46006,False,True,,EXPLAINED,UNCHANGED,
waterways,nhd-160719633,nhd-160719633,160719633,160719633,Fern Creek,Fern Creek,460,460,46006,46006,False,True,,EXPLAINED,UNCHANGED,
waterways,nhd-160719635,nhd-160719635,160719635,160719635,Stark Creek,Stark Creek,460,460,46006,46006,False,True,,EXPLAINED,UNCHANGED,
waterways,nhd-160719637,nhd-160719637,160719637,160719637,Stark Creek,Stark Creek,460,460,46006,46006,False,True,,EXPLAINED,UNCHANGED,
waterways,nhd-160719642,nhd-160719642,160719642,160719642,East Plum Creek,East Plum Creek,460,460,46006,46006,False,True,,EXPLAINED,UNCHANGED,
waterways,nhd-160719684,nhd-160719684,160719684,160719684,Gove Creek,Gove Creek,460,460,46003,46003,False,True,,EXPLAINED,UNCHANGED,
waterways,nhd-160719686,nhd-160719686,160719686,160719686,Gove Creek,Gove Creek,460,460,46003,46003,False,True,,EXPLAINED,UNCHANGED,
waterways,nhd-160719694,nhd-160719694,160719694,160719694,East Plum Creek,East Plum Creek,460,460,46006,46006,False,True,,EXPLAINED,UNCHANGED,
waterways,nhd-160719696,nhd-160719696,160719696,160719696,East Plum Creek,East Plum Creek,460,460,46006,46006,False,True,,EXPLAINED,UNCHANGED,
waterways,nhd-160719721,nhd-160719721,160719721,160719721,Fern Creek,Fern Creek,460,460,46003,46003,False,True,,EXPLAINED,UNCHANGED,
waterways,nhd-160719725,nhd-160719725,160719725,160719725,Gove Creek,Gove Creek,460,460,46003,46003,False,True,,EXPLAINED,UNCHANGED,
waterways,nhd-160719726,nhd-160719726,160719726,160719726,Gove Creek,Gove Creek,460,460,46003,46003,False,True,,EXPLAINED,UNCHANGED,
waterways,nhd-160719731,nhd-160719731,160719731,160719731,Gove Creek,Gove Creek,460,460,46003,46003,False,True,,EXPLAINED,UNCHANGED,
waterways,nhd-160719733,nhd-160719733,160719733,160719733,Gove Creek,Gove Creek,460,460,46003,46003,False,True,,EXPLAINED,UNCHANGED,
waterways,nhd-160719753,nhd-160719753,160719753,160719753,East Plum Creek,East Plum Creek,460,460,46006,46006,False,True,,EXPLAINED,UNCHANGED,
waterways,nhd-160719754,nhd-160719754,160719754,160719754,East Plum Creek,East Plum Creek,460,460,46006,46006,False,True,,EXPLAINED,UNCHANGED,
waterways,nhd-160719756,nhd-160719756,160719756,160719756,East Plum Creek,East Plum Creek,460,460,46006,46006,False,True,,EXPLAINED,UNCHANGED,
waterways,nhd-160719778,nhd-160719778,160719778,160719778,Gove Creek,Gove Creek,460,460,46003,46003,False,True,,EXPLAINED,UNCHANGED,
waterways,nhd-160719780,nhd-160719780,160719780,160719780,Gove Creek,Gove Creek,460,460,46003,46003,False,True,,EXPLAINED,UNCHANGED,
waterways,nhd-160719786,nhd-160719786,160719786,160719786,Fern Creek,Fern Creek,460,460,46003,46003,False,True,,EXPLAINED,UNCHANGED,
waterways,nhd-160719787,nhd-160719787,160719787,160719787,Stark Creek,Stark Creek,460,460,46003,46003,False,True,,EXPLAINED,UNCHANGED,
waterways,nhd-160719789,nhd-160719789,160719789,160719789,Stark Creek,Stark Creek,460,460,46003,46003,False,True,,EXPLAINED,UNCHANGED,
waterways,nhd-160719803,nhd-160719803,160719803,160719803,Gove Creek,Gove Creek,460,460,46003,46003,False,True,,EXPLAINED,UNCHANGED,
waterways,nhd-160719804,nhd-160719804,160719804,160719804,Gove Creek,Gove Creek,460,460,46003,46003,False,True,,EXPLAINED,UNCHANGED,
waterways,nhd-160719810,nhd-160719810,160719810,160719810,Fern Creek,Fern Creek,460,460,46006,46006,False,True,,EXPLAINED,UNCHANGED,
waterways,nhd-160719811,nhd-160719811,160719811,160719811,Fern Creek,Fern Creek,460,460,46006,46006,False,True,,EXPLAINED,UNCHANGED,
waterways,nhd-160719852,nhd-160719852,160719852,160719852,East Plum Creek,East Plum Creek,460,460,46006,46006,False,True,,EXPLAINED,UNCHANGED,
waterways,nhd-160719854,nhd-160719854,160719854,160719854,East Plum Creek,East Plum Creek,460,460,46006,46006,False,True,,EXPLAINED,UNCHANGED,
waterways,nhd-160719878,nhd-160719878,160719878,160719878,Stark Creek,Stark Creek,460,460,46006,46006,False,True,,EXPLAINED,UNCHANGED,
waterways,nhd-160719879,nhd-160719879,160719879,160719879,Fern Creek,Fern Creek,460,460,46006,46006,False,True,,EXPLAINED,UNCHANGED,
waterways,nhd-160719908,nhd-160719908,160719908,160719908,Fern Creek,Fern Creek,460,460,46003,46003,False,True,,EXPLAINED,UNCHANGED,
waterways,nhd-160719909,nhd-160719909,160719909,160719909,Fern Creek,Fern Creek,460,460,46003,46003,False,True,,EXPLAINED,UNCHANGED,
waterways,nhd-160719937,nhd-160719937,160719937,160719937,Fern Creek,Fern Creek,460,460,46006,46006,False,True,,EXPLAINED,UNCHANGED,
waterways,nhd-160719943,nhd-160719943,160719943,160719943,Stark Creek,Stark Creek,460,460,46003,46003,False,True,,EXPLAINED,UNCHANGED,
waterways,nhd-160719984,nhd-160719984,160719984,160719984,Fern Creek,Fern Creek,460,460,46003,46003,False,True,,EXPLAINED,UNCHANGED,
waterways,nhd-160719986,nhd-160719986,160719986,160719986,Fern Creek,Fern Creek,460,460,46003,46003,False,True,,EXPLAINED,UNCHANGED,
waterways,nhd-160720017,nhd-160720017,160720017,160720017,East Plum Creek,East Plum Creek,460,460,46006,46006,False,True,,EXPLAINED,UNCHANGED,
waterways,nhd-160720019,nhd-160720019,160720019,160720019,East Plum Creek,East Plum Creek,460,460,46006,46006,False,True,,EXPLAINED,UNCHANGED,
waterways,nhd-160720051,nhd-160720051,160720051,160720051,East Plum Creek,East Plum Creek,460,460,46006,46006,False,True,,EXPLAINED,UNCHANGED,
waterways,nhd-160720052,nhd-160720052,160720052,160720052,East Plum Creek,East Plum Creek,460,460,46006,46006,False,True,,EXPLAINED,UNCHANGED,
waterways,,nhd-160720223,,160720223,,South Platte River,,558,,55800,False,False,,EXPLAINED,ADDED_IN_STRIP,
waterways,nhd-160720232,nhd-160720232,160720232,160720232,West Creek,West Creek,460,460,46006,46006,False,True,,EXPLAINED,UNCHANGED,
waterways,nhd-160720236,nhd-160720236,160720236,160720236,West Creek,West Creek,460,460,46006,46006,False,True,,EXPLAINED,UNCHANGED,
waterways,nhd-160720602,nhd-160720602,160720602,160720602,South Garber Creek,South Garber Creek,460,460,46006,46006,False,True,,EXPLAINED,UNCHANGED,
waterways,nhd-160721173,nhd-160721173,160721173,160721173,East Plum Creek,East Plum Creek,460,460,46006,46006,False,True,,EXPLAINED,UNCHANGED,
waterways,nhd-160721204,nhd-160721204,160721204,160721204,East Plum Creek,East Plum Creek,460,460,46006,46006,False,True,,EXPLAINED,UNCHANGED,
waterways,nhd-160721205,nhd-160721205,160721205,160721205,East Plum Creek,East Plum Creek,460,460,46006,46006,False,True,,EXPLAINED,UNCHANGED,
waterways,nhd-160721226,nhd-160721226,160721226,160721226,Gove Creek,Gove Creek,460,460,46003,46003,False,True,,EXPLAINED,UNCHANGED,
waterways,nhd-160721227,nhd-160721227,160721227,160721227,Gove Creek,Gove Creek,460,460,46003,46003,False,True,,EXPLAINED,UNCHANGED,
waterways,nhd-160721244,nhd-160721244,160721244,160721244,Gove Creek,Gove Creek,460,460,46003,46003,False,True,,EXPLAINED,UNCHANGED,
waterways,nhd-160721246,nhd-160721246,160721246,160721246,Gove Creek,Gove Creek,460,460,46003,46003,False,True,,EXPLAINED,UNCHANGED,
waterways,nhd-160721259,nhd-160721259,160721259,160721259,East Plum Creek,East Plum Creek,460,460,46006,46006,False,True,,EXPLAINED,UNCHANGED,
waterways,nhd-160721262,nhd-160721262,160721262,160721262,East Plum Creek,East Plum Creek,460,460,46006,46006,False,True,,EXPLAINED,UNCHANGED,
waterways,nhd-160721263,nhd-160721263,160721263,160721263,Cook Creek,Cook Creek,460,460,46006,46006,False,True,,EXPLAINED,UNCHANGED,
waterways,nhd-160721266,nhd-160721266,160721266,160721266,Gove Creek,Gove Creek,460,460,46006,46006,False,True,,EXPLAINED,UNCHANGED,
waterways,nhd-160721270,nhd-160721270,160721270,160721270,Cook Creek,Cook Creek,460,460,46006,46006,False,True,,EXPLAINED,UNCHANGED,
waterways,nhd-160721272,nhd-160721272,160721272,160721272,Cook Creek,Cook Creek,460,460,46006,46006,False,True,,EXPLAINED,UNCHANGED,
waterways,nhd-160721273,nhd-160721273,160721273,160721273,East Plum Creek,East Plum Creek,460,460,46006,46006,False,True,,EXPLAINED,UNCHANGED,
waterways,nhd-160721274,nhd-160721274,160721274,160721274,Cook Creek,Cook Creek,460,460,46006,46006,False,True,,EXPLAINED,UNCHANGED,
waterways,nhd-160721276,nhd-160721276,160721276,160721276,Cook Creek,Cook Creek,460,460,46006,46006,False,True,,EXPLAINED,UNCHANGED,
waterways,nhd-160721284,nhd-160721284,160721284,160721284,East Plum Creek,East Plum Creek,460,460,46006,46006,False,True,,EXPLAINED,UNCHANGED,
waterways,nhd-160721285,nhd-160721285,160721285,160721285,East Plum Creek,East Plum Creek,460,460,46006,46006,False,True,,EXPLAINED,UNCHANGED,
waterways,nhd-160721330,nhd-160721330,160721330,160721330,Cook Creek,Cook Creek,460,460,46006,46006,False,True,,EXPLAINED,UNCHANGED,
waterways,nhd-160721331,nhd-160721331,160721331,160721331,Cook Creek,Cook Creek,460,460,46006,46006,False,True,,EXPLAINED,UNCHANGED,
waterways,nhd-160721335,nhd-160721335,160721335,160721335,East Plum Creek,East Plum Creek,460,460,46006,46006,False,True,,EXPLAINED,UNCHANGED,
waterways,nhd-160721337,nhd-160721337,160721337,160721337,East Plum Creek,East Plum Creek,460,460,46006,46006,False,True,,EXPLAINED,UNCHANGED,
waterways,nhd-160721338,nhd-160721338,160721338,160721338,Gove Creek,Gove Creek,460,460,46006,46006,False,True,,EXPLAINED,UNCHANGED,
waterways,nhd-160721340,nhd-160721340,160721340,160721340,Gove Creek,Gove Creek,460,460,46006,46006,False,True,,EXPLAINED,UNCHANGED,
waterways,nhd-160721382,nhd-160721382,160721382,160721382,East Plum Creek,East Plum Creek,460,460,46006,46006,False,True,,EXPLAINED,UNCHANGED,
waterways,nhd-160721396,nhd-160721396,160721396,160721396,East Plum Creek,East Plum Creek,460,460,46006,46006,False,True,,EXPLAINED,UNCHANGED,
waterways,nhd-160721397,nhd-160721397,160721397,160721397,East Plum Creek,East Plum Creek,460,460,46006,46006,False,True,,EXPLAINED,UNCHANGED,
waterways,nhd-160721401,nhd-160721401,160721401,160721401,Cook Creek,Cook Creek,460,460,46006,46006,False,True,,EXPLAINED,UNCHANGED,
waterways,nhd-160721402,nhd-160721402,160721402,160721402,Cook Creek,Cook Creek,460,460,46006,46006,False,True,,EXPLAINED,UNCHANGED,
waterways,nhd-160721404,nhd-160721404,160721404,160721404,Cook Creek,Cook Creek,460,460,46006,46006,False,True,,EXPLAINED,UNCHANGED,
waterways,nhd-160721422,nhd-160721422,160721422,160721422,East Plum Creek,East Plum Creek,460,460,46006,46006,False,True,,EXPLAINED,UNCHANGED,
waterways,nhd-160721423,nhd-160721423,160721423,160721423,East Plum Creek,East Plum Creek,460,460,46006,46006,False,True,,EXPLAINED,UNCHANGED,
waterways,nhd-160721424,nhd-160721424,160721424,160721424,East Plum Creek,East Plum Creek,460,460,46006,46006,False,True,,EXPLAINED,UNCHANGED,
waterways,nhd-160721426,nhd-160721426,160721426,160721426,East Plum Creek,East Plum Creek,460,460,46006,46006,False,True,,EXPLAINED,UNCHANGED,
waterways,nhd-160721430,nhd-160721430,160721430,160721430,East Plum Creek,East Plum Creek,460,460,46006,46006,False,True,,EXPLAINED,UNCHANGED,
waterways,nhd-160721431,nhd-160721431,160721431,160721431,East Plum Creek,East Plum Creek,460,460,46006,46006,False,True,,EXPLAINED,UNCHANGED,
waterways,nhd-160721436,nhd-160721436,160721436,160721436,Gove Creek,Gove Creek,460,460,46006,46006,False,True,,EXPLAINED,UNCHANGED,
waterways,nhd-160721438,nhd-160721438,160721438,160721438,Gove Creek,Gove Creek,460,460,46006,46006,False,True,,EXPLAINED,UNCHANGED,
waterways,nhd-160721462,nhd-160721462,160721462,160721462,Gove Creek,Gove Creek,460,460,46003,46003,False,True,,EXPLAINED,UNCHANGED,
waterways,nhd-160721465,nhd-160721465,160721465,160721465,Cook Creek,Cook Creek,460,460,46006,46006,False,True,,EXPLAINED,UNCHANGED,
waterways,nhd-160721466,nhd-160721466,160721466,160721466,Cook Creek,Cook Creek,460,460,46006,46006,False,True,,EXPLAINED,UNCHANGED,
waterways,nhd-160721474,nhd-160721474,160721474,160721474,Gove Creek,Gove Creek,460,460,46003,46003,False,True,,EXPLAINED,UNCHANGED,
waterways,nhd-160721488,nhd-160721488,160721488,160721488,Gove Creek,Gove Creek,460,460,46003,46003,False,True,,EXPLAINED,UNCHANGED,
waterways,nhd-160721521,nhd-160721521,160721521,160721521,East Plum Creek,East Plum Creek,460,460,46006,46006,False,True,,EXPLAINED,UNCHANGED,
waterways,nhd-160721522,nhd-160721522,160721522,160721522,East Plum Creek,East Plum Creek,460,460,46006,46006,False,True,,EXPLAINED,UNCHANGED,
waterways,nhd-160721524,nhd-160721524,160721524,160721524,Gove Creek,Gove Creek,460,460,46003,46003,False,True,,EXPLAINED,UNCHANGED,
waterways,nhd-160721525,nhd-160721525,160721525,160721525,Gove Creek,Gove Creek,460,460,46003,46003,False,True,,EXPLAINED,UNCHANGED,
waterways,nhd-160721527,nhd-160721527,160721527,160721527,Gove Creek,Gove Creek,460,460,46003,46003,False,True,,EXPLAINED,UNCHANGED,
waterways,nhd-160721528,nhd-160721528,160721528,160721528,Cook Creek,Cook Creek,460,460,46006,46006,False,True,,EXPLAINED,UNCHANGED,
waterways,nhd-160721532,nhd-160721532,160721532,160721532,East Plum Creek,East Plum Creek,460,460,46006,46006,False,True,,EXPLAINED,UNCHANGED,
waterways,nhd-160721533,nhd-160721533,160721533,160721533,East Plum Creek,East Plum Creek,460,460,46006,46006,False,True,,EXPLAINED,UNCHANGED,
waterways,nhd-160722071,nhd-160722071,160722071,160722071,Cook Creek,Cook Creek,460,460,46006,46006,False,True,,EXPLAINED,UNCHANGED,
waterways,nhd-160722073,nhd-160722073,160722073,160722073,Cook Creek,Cook Creek,460,460,46006,46006,False,True,,EXPLAINED,UNCHANGED,
waterways,nhd-160722074,nhd-160722074,160722074,160722074,Cook Creek,Cook Creek,460,460,46006,46006,False,True,,EXPLAINED,UNCHANGED,
waterways,nhd-160722078,nhd-160722078,160722078,160722078,East Plum Creek,East Plum Creek,460,460,46006,46006,False,True,,EXPLAINED,UNCHANGED,
waterways,nhd-160722079,nhd-160722079,160722079,160722079,East Plum Creek,East Plum Creek,460,460,46006,46006,False,True,,EXPLAINED,UNCHANGED,
waterways,nhd-160722104,nhd-160722104,160722104,160722104,Cook Creek,Cook Creek,460,460,46006,46006,False,True,,EXPLAINED,UNCHANGED,
waterways,nhd-160722105,nhd-160722105,160722105,160722105,Cook Creek,Cook Creek,460,460,46006,46006,False,True,,EXPLAINED,UNCHANGED,
waterways,nhd-160722112,nhd-160722112,160722112,160722112,East Plum Creek,East Plum Creek,460,460,46006,46006,False,True,,EXPLAINED,UNCHANGED,
waterways,nhd-160722135,nhd-160722135,160722135,160722135,Cook Creek,Cook Creek,460,460,46006,46006,False,True,,EXPLAINED,UNCHANGED,
waterways,nhd-160722136,nhd-160722136,160722136,160722136,Cook Creek,Cook Creek,460,460,46006,46006,False,True,,EXPLAINED,UNCHANGED,
waterways,nhd-160722137,nhd-160722137,160722137,160722137,Gove Creek,Gove Creek,460,460,46006,46006,False,True,,EXPLAINED,UNCHANGED,
waterways,nhd-160722139,nhd-160722139,160722139,160722139,Gove Creek,Gove Creek,460,460,46006,46006,False,True,,EXPLAINED,UNCHANGED,
waterways,nhd-160722157,nhd-160722157,160722157,160722157,East Plum Creek,East Plum Creek,460,460,46006,46006,False,True,,EXPLAINED,UNCHANGED,
waterways,nhd-160722158,nhd-160722158,160722158,160722158,East Plum Creek,East Plum Creek,460,460,46006,46006,False,True,,EXPLAINED,UNCHANGED,
waterways,nhd-160722170,nhd-160722170,160722170,160722170,Cook Creek,Cook Creek,460,460,46006,46006,False,True,,EXPLAINED,UNCHANGED,
waterways,nhd-160722171,nhd-160722171,160722171,160722171,Cook Creek,Cook Creek,460,460,46006,46006,False,True,,EXPLAINED,UNCHANGED,
waterways,nhd-160722177,nhd-160722177,160722177,160722177,East Plum Creek,East Plum Creek,460,460,46006,46006,False,True,,EXPLAINED,UNCHANGED,
waterways,nhd-160722203,nhd-160722203,160722203,160722203,Cook Creek,Cook Creek,460,460,46006,46006,False,True,,EXPLAINED,UNCHANGED,
waterways,nhd-160722204,nhd-160722204,160722204,160722204,Cook Creek,Cook Creek,460,460,46006,46006,False,True,,EXPLAINED,UNCHANGED,
waterways,nhd-160722215,nhd-160722215,160722215,160722215,Cook Creek,Cook Creek,460,460,46006,46006,False,True,,EXPLAINED,UNCHANGED,
waterways,nhd-160722216,nhd-160722216,160722216,160722216,Cook Creek,Cook Creek,460,460,46006,46006,False,True,,EXPLAINED,UNCHANGED,
waterways,nhd-160722234,nhd-160722234,160722234,160722234,East Plum Creek,East Plum Creek,460,460,46006,46006,False,True,,EXPLAINED,UNCHANGED,
waterways,nhd-160722236,nhd-160722236,160722236,160722236,East Plum Creek,East Plum Creek,460,460,46006,46006,False,True,,EXPLAINED,UNCHANGED,
waterways,nhd-160723490,nhd-160723490,160723490,160723490,Gove Creek,Gove Creek,460,460,46006,46006,False,True,,EXPLAINED,UNCHANGED,
waterways,nhd-160723492,nhd-160723492,160723492,160723492,Gove Creek,Gove Creek,460,460,46006,46006,False,True,,EXPLAINED,UNCHANGED,
waterways,nhd-160723528,nhd-160723528,160723528,160723528,West Plum Creek,West Plum Creek,460,460,46003,46003,False,True,,EXPLAINED,UNCHANGED,
waterways,nhd-160723534,nhd-160723534,160723534,160723534,Gove Creek,Gove Creek,460,460,46006,46006,False,True,,EXPLAINED,UNCHANGED,
waterways,nhd-160723536,nhd-160723536,160723536,160723536,Gove Creek,Gove Creek,460,460,46006,46006,False,True,,EXPLAINED,UNCHANGED,
waterways,nhd-160723631,nhd-160723631,160723631,160723631,Watson Park Creek,Watson Park Creek,460,460,46006,46006,False,True,,EXPLAINED,UNCHANGED,
waterways,nhd-160723985,nhd-160723985,160723985,160723985,South Platte River,South Platte River,558,558,55800,55800,True,False,,NOT EXPLAINED,UNEXPLAINED_GEOMETRY_CHANGE,changed_source_fields_or_geometry
waterways,,nhd-160723987,,160723987,,South Platte River,,558,,55800,False,False,,EXPLAINED,ADDED_IN_STRIP,
waterways,,nhd-160724063,,160724063,,Goose Creek,,558,,55800,False,False,,EXPLAINED,ADDED_IN_STRIP,
waterways,,nhd-160724066,,160724066,,Goose Creek,,558,,55800,False,False,,EXPLAINED,ADDED_IN_STRIP,
waterways,,nhd-160724109,,160724109,,Wigwam Creek,,460,,46006,False,False,,EXPLAINED,ADDED_IN_STRIP,
waterways,,nhd-160724409,,160724409,,South Platte River,,558,,55800,False,False,,EXPLAINED,ADDED_IN_STRIP,
waterways,nhd-160724730,nhd-160724730,160724730,160724730,Bear Creek,Bear Creek,460,460,46003,46003,False,True,,EXPLAINED,UNCHANGED,
waterways,nhd-160724732,nhd-160724732,160724732,160724732,Gove Creek,Gove Creek,460,460,46006,46006,False,True,,EXPLAINED,UNCHANGED,
waterways,nhd-160724764,nhd-160724764,160724764,160724764,Bear Creek,Bear Creek,460,460,46006,46006,False,True,,EXPLAINED,UNCHANGED,
waterways,nhd-160724765,nhd-160724765,160724765,160724765,Bear Creek,Bear Creek,460,460,46006,46006,False,True,,EXPLAINED,UNCHANGED,
waterways,nhd-160724770,nhd-160724770,160724770,160724770,Bear Creek,Bear Creek,460,460,46006,46006,False,True,,EXPLAINED,UNCHANGED,
waterways,nhd-160724772,nhd-160724772,160724772,160724772,Bear Creek,Bear Creek,460,460,46006,46006,False,True,,EXPLAINED,UNCHANGED,
waterways,nhd-160724794,nhd-160724794,160724794,160724794,West Plum Creek,West Plum Creek,460,460,46006,46006,False,True,,EXPLAINED,UNCHANGED,
waterways,nhd-160724802,nhd-160724802,160724802,160724802,Gove Creek,Gove Creek,460,460,46006,46006,False,True,,EXPLAINED,UNCHANGED,
waterways,nhd-160724803,nhd-160724803,160724803,160724803,Gove Creek,Gove Creek,460,460,46006,46006,False,True,,EXPLAINED,UNCHANGED,
waterways,nhd-160724829,nhd-160724829,160724829,160724829,Stark Creek,Stark Creek,460,460,46006,46006,False,True,,EXPLAINED,UNCHANGED,
waterways,nhd-160724831,nhd-160724831,160724831,160724831,West Plum Creek,West Plum Creek,460,460,46003,46003,False,True,,EXPLAINED,UNCHANGED,
waterways,nhd-160724836,nhd-160724836,160724836,160724836,Gove Creek,Gove Creek,460,460,46006,46006,False,True,,EXPLAINED,UNCHANGED,
waterways,nhd-160724844,nhd-160724844,160724844,160724844,Bear Creek,Bear Creek,460,460,46006,46006,False,True,,EXPLAINED,UNCHANGED,
waterways,nhd-160724856,nhd-160724856,160724856,160724856,Spring Creek,Spring Creek,460,460,46003,46003,False,True,,EXPLAINED,UNCHANGED,
waterways,nhd-160724858,nhd-160724858,160724858,160724858,Spring Creek,Spring Creek,460,460,46003,46003,False,True,,EXPLAINED,UNCHANGED,
waterways,nhd-160724860,nhd-160724860,160724860,160724860,West Plum Creek,West Plum Creek,460,460,46006,46006,False,True,,EXPLAINED,UNCHANGED,
waterways,nhd-160724861,nhd-160724861,160724861,160724861,West Plum Creek,West Plum Creek,460,460,46006,46006,False,True,,EXPLAINED,UNCHANGED,
waterways,nhd-160724865,nhd-160724865,160724865,160724865,Bear Creek,Bear Creek,460,460,46003,46003,False,True,,EXPLAINED,UNCHANGED,
waterways,nhd-160724866,nhd-160724866,160724866,160724866,Bear Creek,Bear Creek,460,460,46003,46003,False,True,,EXPLAINED,UNCHANGED,
waterways,nhd-160724867,nhd-160724867,160724867,160724867,Bear Creek,Bear Creek,460,460,46006,46006,False,True,,EXPLAINED,UNCHANGED,
waterways,nhd-160724907,nhd-160724907,160724907,160724907,Stark Creek,Stark Creek,460,460,46006,46006,False,True,,EXPLAINED,UNCHANGED,
waterways,nhd-160724909,nhd-160724909,160724909,160724909,Stark Creek,Stark Creek,460,460,46006,46006,False,True,,EXPLAINED,UNCHANGED,
waterways,nhd-160724923,nhd-160724923,160724923,160724923,Bear Creek,Bear Creek,460,460,46006,46006,False,True,,EXPLAINED,UNCHANGED,
waterways,nhd-160724933,nhd-160724933,160724933,160724933,Bear Creek,Bear Creek,460,460,46006,46006,False,True,,EXPLAINED,UNCHANGED,
waterways,nhd-160724944,nhd-160724944,160724944,160724944,Stark Creek,Stark Creek,460,460,46006,46006,False,True,,EXPLAINED,UNCHANGED,
waterways,nhd-160724945,nhd-160724945,160724945,160724945,Stark Creek,Stark Creek,460,460,46006,46006,False,True,,EXPLAINED,UNCHANGED,
waterways,nhd-160724947,nhd-160724947,160724947,160724947,Stark Creek,Stark Creek,460,460,46006,46006,False,True,,EXPLAINED,UNCHANGED,
waterways,nhd-160725000,nhd-160725000,160725000,160725000,Gove Creek,Gove Creek,460,460,46006,46006,False,True,,EXPLAINED,UNCHANGED,
waterways,nhd-160725012,nhd-160725012,160725012,160725012,Stark Creek,Stark Creek,460,460,46006,46006,False,True,,EXPLAINED,UNCHANGED,
waterways,nhd-160725013,nhd-160725013,160725013,160725013,Stark Creek,Stark Creek,460,460,46006,46006,False,True,,EXPLAINED,UNCHANGED,
waterways,nhd-160725019,nhd-160725019,160725019,160725019,Bear Creek,Bear Creek,460,460,46006,46006,False,True,,EXPLAINED,UNCHANGED,
waterways,nhd-160725026,nhd-160725026,160725026,160725026,Stark Creek,Stark Creek,460,460,46006,46006,False,True,,EXPLAINED,UNCHANGED,
waterways,nhd-160725028,nhd-160725028,160725028,160725028,Stark Creek,Stark Creek,460,460,46006,46006,False,True,,EXPLAINED,UNCHANGED,
waterways,nhd-160725034,nhd-160725034,160725034,160725034,Bear Creek,Bear Creek,460,460,46006,46006,False,True,,EXPLAINED,UNCHANGED,
waterways,nhd-160725044,nhd-160725044,160725044,160725044,Bear Creek,Bear Creek,460,460,46006,46006,False,True,,EXPLAINED,UNCHANGED,
waterways,nhd-160725046,nhd-160725046,160725046,160725046,Bear Creek,Bear Creek,460,460,46006,46006,False,True,,EXPLAINED,UNCHANGED,
waterways,nhd-160725059,nhd-160725059,160725059,160725059,Bear Creek,Bear Creek,460,460,46006,46006,False,True,,EXPLAINED,UNCHANGED,
waterways,nhd-160725060,nhd-160725060,160725060,160725060,Bear Creek,Bear Creek,460,460,46006,46006,False,True,,EXPLAINED,UNCHANGED,
waterways,nhd-160725085,nhd-160725085,160725085,160725085,West Plum Creek,West Plum Creek,460,460,46003,46003,False,True,,EXPLAINED,UNCHANGED,
waterways,nhd-160725089,nhd-160725089,160725089,160725089,West Plum Creek,West Plum Creek,460,460,46003,46003,False,True,,EXPLAINED,UNCHANGED,
waterways,nhd-160725121,nhd-160725121,160725121,160725121,West Plum Creek,West Plum Creek,460,460,46006,46006,False,True,,EXPLAINED,UNCHANGED,
waterways,nhd-160725123,nhd-160725123,160725123,160725123,West Plum Creek,West Plum Creek,460,460,46006,46006,False,True,,EXPLAINED,UNCHANGED,
waterways,nhd-160725150,nhd-160725150,160725150,160725150,Gove Creek,Gove Creek,460,460,46006,46006,False,True,,EXPLAINED,UNCHANGED,
waterways,nhd-160725153,nhd-160725153,160725153,160725153,Gove Creek,Gove Creek,460,460,46006,46006,False,True,,EXPLAINED,UNCHANGED,
waterways,nhd-160725171,nhd-160725171,160725171,160725171,Stark Creek,Stark Creek,460,460,46006,46006,False,True,,EXPLAINED,UNCHANGED,
waterways,nhd-160725172,nhd-160725172,160725172,160725172,Stark Creek,Stark Creek,460,460,46006,46006,False,True,,EXPLAINED,UNCHANGED,
waterways,nhd-160725179,nhd-160725179,160725179,160725179,West Plum Creek,West Plum Creek,460,460,46003,46003,False,True,,EXPLAINED,UNCHANGED,
waterways,nhd-160725189,nhd-160725189,160725189,160725189,Stark Creek,Stark Creek,460,460,46006,46006,False,True,,EXPLAINED,UNCHANGED,
waterways,nhd-160725190,nhd-160725190,160725190,160725190,Stark Creek,Stark Creek,460,460,46006,46006,False,True,,EXPLAINED,UNCHANGED,
waterways,nhd-160725201,nhd-160725201,160725201,160725201,Bear Creek,Bear Creek,460,460,46006,46006,False,True,,EXPLAINED,UNCHANGED,
waterways,nhd-160725202,nhd-160725202,160725202,160725202,Bear Creek,Bear Creek,460,460,46006,46006,False,True,,EXPLAINED,UNCHANGED,
waterways,nhd-160725228,nhd-160725228,160725228,160725228,Cook Creek,Cook Creek,460,460,46006,46006,False,True,,EXPLAINED,UNCHANGED,
waterways,nhd-160725230,nhd-160725230,160725230,160725230,Cook Creek,Cook Creek,460,460,46006,46006,False,True,,EXPLAINED,UNCHANGED,
waterways,nhd-160725235,nhd-160725235,160725235,160725235,Gove Creek,Gove Creek,460,460,46006,46006,False,True,,EXPLAINED,UNCHANGED,
waterways,nhd-160725236,nhd-160725236,160725236,160725236,Gove Creek,Gove Creek,460,460,46006,46006,False,True,,EXPLAINED,UNCHANGED,
waterways,nhd-160725252,nhd-160725252,160725252,160725252,Spring Creek,Spring Creek,460,460,46003,46003,False,True,,EXPLAINED,UNCHANGED,
waterways,nhd-160725253,nhd-160725253,160725253,160725253,Spring Creek,Spring Creek,460,460,46003,46003,False,True,,EXPLAINED,UNCHANGED,
waterways,nhd-160725276,nhd-160725276,160725276,160725276,Bear Creek,Bear Creek,460,460,46006,46006,False,True,,EXPLAINED,UNCHANGED,
waterways,nhd-160725291,nhd-160725291,160725291,160725291,Stark Creek,Stark Creek,460,460,46006,46006,False,True,,EXPLAINED,UNCHANGED,
waterways,nhd-160725292,nhd-160725292,160725292,160725292,Stark Creek,Stark Creek,460,460,46006,46006,False,True,,EXPLAINED,UNCHANGED,
waterways,nhd-160725304,nhd-160725304,160725304,160725304,Stark Creek,Stark Creek,460,460,46006,46006,False,True,,EXPLAINED,UNCHANGED,
waterways,nhd-160725330,nhd-160725330,160725330,160725330,Bear Creek,Bear Creek,460,460,46006,46006,False,True,,EXPLAINED,UNCHANGED,
waterways,nhd-160725332,nhd-160725332,160725332,160725332,Bear Creek,Bear Creek,460,460,46006,46006,False,True,,EXPLAINED,UNCHANGED,
waterways,nhd-160725339,nhd-160725339,160725339,160725339,Stark Creek,Stark Creek,460,460,46006,46006,False,True,,EXPLAINED,UNCHANGED,
waterways,nhd-160725460,nhd-160725460,160725460,160725460,Gove Creek,Gove Creek,460,460,46006,46006,False,True,,EXPLAINED,UNCHANGED,
waterways,nhd-160725479,nhd-160725479,160725479,160725479,Bear Creek,Bear Creek,460,460,46006,46006,False,True,,EXPLAINED,UNCHANGED,
waterways,nhd-160725480,nhd-160725480,160725480,160725480,Bear Creek,Bear Creek,460,460,46006,46006,False,True,,EXPLAINED,UNCHANGED,
waterways,nhd-160725492,nhd-160725492,160725492,160725492,Bear Creek,Bear Creek,460,460,46006,46006,False,True,,EXPLAINED,UNCHANGED,
waterways,nhd-160725493,nhd-160725493,160725493,160725493,Bear Creek,Bear Creek,460,460,46006,46006,False,True,,EXPLAINED,UNCHANGED,
waterways,nhd-160725520,nhd-160725520,160725520,160725520,Bear Creek,Bear Creek,460,460,46006,46006,False,True,,EXPLAINED,UNCHANGED,
waterways,nhd-160725521,nhd-160725521,160725521,160725521,Bear Creek,Bear Creek,460,460,46006,46006,False,True,,EXPLAINED,UNCHANGED,
waterways,nhd-160725526,nhd-160725526,160725526,160725526,West Plum Creek,West Plum Creek,460,460,46003,46003,False,True,,EXPLAINED,UNCHANGED,
waterways,nhd-160725528,nhd-160725528,160725528,160725528,West Plum Creek,West Plum Creek,460,460,46003,46003,False,True,,EXPLAINED,UNCHANGED,
waterways,nhd-160725937,nhd-160725937,160725937,160725937,Fourmile Creek,Fourmile Creek,460,460,46006,46006,False,True,,EXPLAINED,UNCHANGED,
waterways,nhd-160725939,nhd-160725939,160725939,160725939,Fourmile Creek,Fourmile Creek,460,460,46006,46006,False,True,,EXPLAINED,UNCHANGED,
waterways,nhd-160726606,nhd-160726606,160726606,160726606,South Platte River,South Platte River,558,558,55800,55800,True,False,,NOT EXPLAINED,UNEXPLAINED_GEOMETRY_CHANGE,changed_source_fields_or_geometry
waterways,nhd-160727280,nhd-160727280,160727280,160727280,Eagle Creek,Eagle Creek,460,460,46003,46003,False,True,,EXPLAINED,UNCHANGED,
waterways,nhd-160727282,nhd-160727282,160727282,160727282,Eagle Creek,Eagle Creek,460,460,46006,46006,False,True,,EXPLAINED,UNCHANGED,
waterways,nhd-160727284,nhd-160727284,160727284,160727284,Eagle Creek,Eagle Creek,460,460,46006,46006,False,True,,EXPLAINED,UNCHANGED,
waterways,nhd-160727295,nhd-160727295,160727295,160727295,Eagle Creek,Eagle Creek,460,460,46003,46003,False,True,,EXPLAINED,UNCHANGED,
waterways,nhd-160727309,nhd-160727309,160727309,160727309,Eagle Creek,Eagle Creek,460,460,46003,46003,False,True,,EXPLAINED,UNCHANGED,
waterways,nhd-160727406,nhd-160727406,160727406,160727406,Eagle Creek,Eagle Creek,460,460,46006,46006,False,True,,EXPLAINED,UNCHANGED,
waterways,nhd-160727420,nhd-160727420,160727420,160727420,Eagle Creek,Eagle Creek,460,460,46006,46006,False,True,,EXPLAINED,UNCHANGED,
waterways,nhd-160727471,nhd-160727471,160727471,160727471,Eagle Creek,Eagle Creek,460,460,46003,46003,False,True,,EXPLAINED,UNCHANGED,
waterways,nhd-160727504,nhd-160727504,160727504,160727504,Eagle Creek,Eagle Creek,460,460,46003,46003,False,True,,EXPLAINED,UNCHANGED,
waterways,nhd-160727505,nhd-160727505,160727505,160727505,Eagle Creek,Eagle Creek,460,460,46003,46003,False,True,,EXPLAINED,UNCHANGED,
waterways,nhd-160727525,nhd-160727525,160727525,160727525,Eagle Creek,Eagle Creek,460,460,46006,46006,False,True,,EXPLAINED,UNCHANGED,
waterways,nhd-160727532,nhd-160727532,160727532,160727532,Watson Park Creek,Watson Park Creek,460,460,46006,46006,False,True,,EXPLAINED,UNCHANGED,
waterways,nhd-160727534,nhd-160727534,160727534,160727534,Watson Park Creek,Watson Park Creek,460,460,46006,46006,False,True,,EXPLAINED,UNCHANGED,
waterways,nhd-160727581,nhd-160727581,160727581,160727581,Jackson Creek,Jackson Creek,460,460,46006,46006,False,True,,EXPLAINED,UNCHANGED,
waterways,nhd-160727583,nhd-160727583,160727583,160727583,Jackson Creek,Jackson Creek,460,460,46006,46006,False,True,,EXPLAINED,UNCHANGED,
waterways,nhd-160727598,nhd-160727598,160727598,160727598,Eagle Creek,Eagle Creek,460,460,46003,46003,False,True,,EXPLAINED,UNCHANGED,
waterways,nhd-160727603,nhd-160727603,160727603,160727603,Eagle Creek,Eagle Creek,460,460,46006,46006,False,True,,EXPLAINED,UNCHANGED,
waterways,nhd-160727604,nhd-160727604,160727604,160727604,Eagle Creek,Eagle Creek,460,460,46006,46006,False,True,,EXPLAINED,UNCHANGED,
waterways,nhd-160727640,nhd-160727640,160727640,160727640,Eagle Creek,Eagle Creek,460,460,46006,46006,False,True,,EXPLAINED,UNCHANGED,
waterways,nhd-160727641,nhd-160727641,160727641,160727641,Eagle Creek,Eagle Creek,460,460,46006,46006,False,True,,EXPLAINED,UNCHANGED,
waterways,nhd-160727666,nhd-160727666,160727666,160727666,Watson Park Creek,Watson Park Creek,460,460,46003,46003,False,True,,EXPLAINED,UNCHANGED,
waterways,nhd-160727667,nhd-160727667,160727667,160727667,Watson Park Creek,Watson Park Creek,460,460,46003,46003,False,True,,EXPLAINED,UNCHANGED,
waterways,nhd-160727695,nhd-160727695,160727695,160727695,Eagle Creek,Eagle Creek,460,460,46003,46003,False,True,,EXPLAINED,UNCHANGED,
waterways,nhd-160727696,nhd-160727696,160727696,160727696,Eagle Creek,Eagle Creek,460,460,46003,46003,False,True,,EXPLAINED,UNCHANGED,
waterways,,nhd-160727876,,160727876,,South Platte River,,558,,55800,False,False,,EXPLAINED,ADDED_IN_STRIP,
waterways,,nhd-160727878,,160727878,,South Platte River,,558,,55800,False,False,,EXPLAINED,ADDED_IN_STRIP,
waterways,nhd-160727971,nhd-160727971,160727971,160727971,Jackson Creek,Jackson Creek,460,460,46006,46006,False,True,,EXPLAINED,UNCHANGED,
waterways,nhd-160727976,nhd-160727976,160727976,160727976,Watson Park Creek,Watson Park Creek,460,460,46006,46006,False,True,,EXPLAINED,UNCHANGED,
waterways,nhd-160727978,nhd-160727978,160727978,160727978,Watson Park Creek,Watson Park Creek,460,460,46006,46006,False,True,,EXPLAINED,UNCHANGED,
waterways,nhd-160728556,nhd-160728556,160728556,160728556,West Creek,West Creek,460,460,46006,46006,False,True,,EXPLAINED,UNCHANGED,
waterways,nhd-160728560,nhd-160728560,160728560,160728560,West Creek,West Creek,460,460,46006,46006,False,True,,EXPLAINED,UNCHANGED,
waterways,nhd-160728562,nhd-160728562,160728562,160728562,West Creek,West Creek,460,460,46006,46006,False,True,,EXPLAINED,UNCHANGED,
waterways,nhd-160728564,nhd-160728564,160728564,160728564,West Creek,West Creek,460,460,46006,46006,False,True,,EXPLAINED,UNCHANGED,
waterways,nhd-160728565,nhd-160728565,160728565,160728565,Camp Creek,Camp Creek,460,460,46006,46006,False,True,,EXPLAINED,UNCHANGED,
waterways,nhd-160728567,nhd-160728567,160728567,160728567,Camp Creek,Camp Creek,460,460,46006,46006,False,True,,EXPLAINED,UNCHANGED,
waterways,nhd-160728572,nhd-160728572,160728572,160728572,Fourmile Creek,Fourmile Creek,460,460,46006,46006,False,True,,EXPLAINED,UNCHANGED,
waterways,nhd-160728573,nhd-160728573,160728573,160728573,Fourmile Creek,Fourmile Creek,460,460,46006,46006,False,True,,EXPLAINED,UNCHANGED,
waterways,nhd-160728822,nhd-160728822,160728822,160728822,Sugar Creek,Sugar Creek,460,460,46006,46006,False,True,,EXPLAINED,UNCHANGED,
waterways,,nhd-160728857,,160728857,,South Platte River,,558,,55800,False,False,,EXPLAINED,ADDED_IN_STRIP,
waterways,,nhd-160728859,,160728859,,South Platte River,,558,,55800,False,False,,EXPLAINED,ADDED_IN_STRIP,
waterways,nhd-160729634,nhd-160729634,160729634,160729634,Fourmile Creek,Fourmile Creek,460,460,46006,46006,False,True,,EXPLAINED,UNCHANGED,
waterways,nhd-160729639,nhd-160729639,160729639,160729639,Fourmile Creek,Fourmile Creek,460,460,46006,46006,False,True,,EXPLAINED,UNCHANGED,
waterways,nhd-160729640,nhd-160729640,160729640,160729640,Fourmile Creek,Fourmile Creek,460,460,46006,46006,False,True,,EXPLAINED,UNCHANGED,
waterways,nhd-160729648,nhd-160729648,160729648,160729648,Fourmile Creek,Fourmile Creek,460,460,46006,46006,False,True,,EXPLAINED,UNCHANGED,
waterways,nhd-160729649,nhd-160729649,160729649,160729649,Fourmile Creek,Fourmile Creek,460,460,46006,46006,False,True,,EXPLAINED,UNCHANGED,
waterways,nhd-160729653,nhd-160729653,160729653,160729653,West Creek,West Creek,460,460,46006,46006,False,True,,EXPLAINED,UNCHANGED,
waterways,nhd-160729654,nhd-160729654,160729654,160729654,West Creek,West Creek,460,460,46006,46006,False,True,,EXPLAINED,UNCHANGED,
waterways,nhd-160729660,nhd-160729660,160729660,160729660,West Creek,West Creek,460,460,46006,46006,False,True,,EXPLAINED,UNCHANGED,
waterways,nhd-160729662,nhd-160729662,160729662,160729662,Trout Creek,Trout Creek,460,460,46006,46006,False,True,,EXPLAINED,UNCHANGED,
waterways,nhd-160729671,nhd-160729671,160729671,160729671,Trout Creek,Trout Creek,460,460,46006,46006,False,True,,EXPLAINED,UNCHANGED,
waterways,nhd-160729676,nhd-160729676,160729676,160729676,Trout Creek,Trout Creek,460,460,46006,46006,False,True,,EXPLAINED,UNCHANGED,
waterways,nhd-160729677,nhd-160729677,160729677,160729677,Trout Creek,Trout Creek,460,460,46006,46006,False,True,,EXPLAINED,UNCHANGED,
waterways,nhd-160729694,nhd-160729694,160729694,160729694,Camp Creek,Camp Creek,460,460,46003,46003,False,True,,EXPLAINED,UNCHANGED,
waterways,nhd-160729701,nhd-160729701,160729701,160729701,West Creek,West Creek,460,460,46006,46006,False,True,,EXPLAINED,UNCHANGED,
waterways,nhd-160729713,nhd-160729713,160729713,160729713,Horse Creek,Horse Creek,460,460,46006,46006,False,True,,EXPLAINED,UNCHANGED,
waterways,,nhd-160729723,,160729723,,South Platte River,,558,,55800,False,False,,EXPLAINED,ADDED_IN_STRIP,
waterways,nhd-160729757,nhd-160729757,160729757,160729757,Trout Creek,Trout Creek,460,460,46006,46006,False,True,,EXPLAINED,UNCHANGED,
waterways,nhd-160729758,nhd-160729758,160729758,160729758,Trout Creek,Trout Creek,460,460,46006,46006,False,True,,EXPLAINED,UNCHANGED,
waterways,nhd-160729759,nhd-160729759,160729759,160729759,Trout Creek,Trout Creek,460,460,46006,46006,False,True,,EXPLAINED,UNCHANGED,
waterways,nhd-160729760,nhd-160729760,160729760,160729760,Trout Creek,Trout Creek,460,460,46006,46006,False,True,,EXPLAINED,UNCHANGED,
waterways,,nhd-160729768,,160729768,,South Platte River,,558,,55800,False,False,,EXPLAINED,ADDED_IN_STRIP,
waterways,,nhd-160729769,,160729769,,South Platte River,,558,,55800,False,False,,EXPLAINED,ADDED_IN_STRIP,
waterways,nhd-160729771,nhd-160729771,160729771,160729771,West Creek,West Creek,460,460,46006,46006,False,True,,EXPLAINED,UNCHANGED,
waterways,nhd-160729773,nhd-160729773,160729773,160729773,Trout Creek,Trout Creek,460,460,46006,46006,False,True,,EXPLAINED,UNCHANGED,
waterways,nhd-160729774,nhd-160729774,160729774,160729774,Trout Creek,Trout Creek,460,460,46006,46006,False,True,,EXPLAINED,UNCHANGED,
waterways,,nhd-160729780,,160729780,,South Platte River,,558,,55800,False,False,,EXPLAINED,ADDED_IN_STRIP,
waterways,,nhd-160729781,,160729781,,South Platte River,,558,,55800,False,False,,EXPLAINED,ADDED_IN_STRIP,
waterways,nhd-160729783,nhd-160729783,160729783,160729783,Horse Creek,Horse Creek,460,460,46006,46006,False,True,,EXPLAINED,UNCHANGED,
waterways,nhd-160729784,nhd-160729784,160729784,160729784,Horse Creek,Horse Creek,460,460,46006,46006,False,True,,EXPLAINED,UNCHANGED,
waterways,nhd-160729790,nhd-160729790,160729790,160729790,Fourmile Creek,Fourmile Creek,460,460,46006,46006,False,True,,EXPLAINED,UNCHANGED,
waterways,nhd-160729791,nhd-160729791,160729791,160729791,Fourmile Creek,Fourmile Creek,460,460,46006,46006,False,True,,EXPLAINED,UNCHANGED,
waterways,nhd-160729793,nhd-160729793,160729793,160729793,Fourmile Creek,Fourmile Creek,460,460,46006,46006,False,True,,EXPLAINED,UNCHANGED,
waterways,nhd-160729794,nhd-160729794,160729794,160729794,Fourmile Creek,Fourmile Creek,460,460,46006,46006,False,True,,EXPLAINED,UNCHANGED,
waterways,nhd-160729944,nhd-160729944,160729944,160729944,Trout Creek,Trout Creek,460,460,46006,46006,False,True,,EXPLAINED,UNCHANGED,
waterways,nhd-160729945,nhd-160729945,160729945,160729945,Trout Creek,Trout Creek,460,460,46006,46006,False,True,,EXPLAINED,UNCHANGED,
waterways,nhd-160729958,nhd-160729958,160729958,160729958,Trout Creek,Trout Creek,460,460,46006,46006,False,True,,EXPLAINED,UNCHANGED,
waterways,nhd-160729959,nhd-160729959,160729959,160729959,Trout Creek,Trout Creek,460,460,46006,46006,False,True,,EXPLAINED,UNCHANGED,
waterways,nhd-160729965,nhd-160729965,160729965,160729965,Fourmile Creek,Fourmile Creek,460,460,46006,46006,False,True,,EXPLAINED,UNCHANGED,
waterways,nhd-160730013,nhd-160730013,160730013,160730013,Camp Creek,Camp Creek,460,460,46006,46006,False,True,,EXPLAINED,UNCHANGED,
waterways,nhd-160730023,nhd-160730023,160730023,160730023,Horse Creek,Horse Creek,460,460,46006,46006,False,True,,EXPLAINED,UNCHANGED,
waterways,nhd-160730024,nhd-160730024,160730024,160730024,Horse Creek,Horse Creek,460,460,46006,46006,False,True,,EXPLAINED,UNCHANGED,
waterways,nhd-160730072,nhd-160730072,160730072,160730072,Horse Creek,Horse Creek,460,460,46006,46006,False,True,,EXPLAINED,UNCHANGED,
waterways,,nhd-160730078,,160730078,,South Platte River,,558,,55800,False,False,,EXPLAINED,ADDED_IN_STRIP,
waterways,nhd-160730084,nhd-160730084,160730084,160730084,West Creek,West Creek,460,460,46006,46006,False,True,,EXPLAINED,UNCHANGED,
waterways,nhd-160730087,nhd-160730087,160730087,160730087,Eagle Creek,Eagle Creek,460,460,46006,46006,False,True,,EXPLAINED,UNCHANGED,
waterways,nhd-160730090,nhd-160730090,160730090,160730090,Camp Creek,Camp Creek,460,460,46006,46006,False,True,,EXPLAINED,UNCHANGED,
waterways,nhd-160730103,nhd-160730103,160730103,160730103,Horse Creek,Horse Creek,460,460,46006,46006,False,True,,EXPLAINED,UNCHANGED,
waterways,nhd-160730104,nhd-160730104,160730104,160730104,Horse Creek,Horse Creek,460,460,46006,46006,False,True,,EXPLAINED,UNCHANGED,
waterways,nhd-160730109,nhd-160730109,160730109,160730109,West Creek,West Creek,460,460,46006,46006,False,True,,EXPLAINED,UNCHANGED,
waterways,nhd-160730122,nhd-160730122,160730122,160730122,Eagle Creek,Eagle Creek,460,460,46006,46006,False,True,,EXPLAINED,UNCHANGED,
waterways,nhd-160730123,nhd-160730123,160730123,160730123,Eagle Creek,Eagle Creek,460,460,46006,46006,False,True,,EXPLAINED,UNCHANGED,
waterways,nhd-160730128,nhd-160730128,160730128,160730128,Trout Creek,Trout Creek,460,460,46006,46006,False,True,,EXPLAINED,UNCHANGED,
waterways,nhd-160730129,nhd-160730129,160730129,160730129,Trout Creek,Trout Creek,460,460,46006,46006,False,True,,EXPLAINED,UNCHANGED,
waterways,nhd-160730140,nhd-160730140,160730140,160730140,Fourmile Creek,Fourmile Creek,460,460,46006,46006,False,True,,EXPLAINED,UNCHANGED,
waterways,nhd-160730141,nhd-160730141,160730141,160730141,Fourmile Creek,Fourmile Creek,460,460,46006,46006,False,True,,EXPLAINED,UNCHANGED,
waterways,nhd-160730153,nhd-160730153,160730153,160730153,Fourmile Creek,Fourmile Creek,460,460,46006,46006,False,True,,EXPLAINED,UNCHANGED,
waterways,,nhd-160730161,,160730161,,South Platte River,,558,,55800,False,False,,EXPLAINED,ADDED_IN_STRIP,
waterways,nhd-160730162,nhd-160730162,160730162,160730162,South Platte River,South Platte River,558,558,55800,55800,True,False,,NOT EXPLAINED,UNEXPLAINED_GEOMETRY_CHANGE,changed_source_fields_or_geometry
waterways,nhd-160730175,nhd-160730175,160730175,160730175,Fourmile Creek,Fourmile Creek,460,460,46006,46006,False,True,,EXPLAINED,UNCHANGED,
waterways,nhd-160730191,nhd-160730191,160730191,160730191,Camp Creek,Camp Creek,460,460,46006,46006,False,True,,EXPLAINED,UNCHANGED,
waterways,nhd-160730192,nhd-160730192,160730192,160730192,Camp Creek,Camp Creek,460,460,46006,46006,False,True,,EXPLAINED,UNCHANGED,
waterways,nhd-160730198,nhd-160730198,160730198,160730198,Horse Creek,Horse Creek,460,460,46006,46006,False,True,,EXPLAINED,UNCHANGED,
waterways,nhd-160730199,nhd-160730199,160730199,160730199,Horse Creek,Horse Creek,460,460,46006,46006,False,True,,EXPLAINED,UNCHANGED,
waterways,nhd-160730210,nhd-160730210,160730210,160730210,Horse Creek,Horse Creek,460,460,46006,46006,False,True,,EXPLAINED,UNCHANGED,
waterways,nhd-160730211,nhd-160730211,160730211,160730211,Horse Creek,Horse Creek,460,460,46006,46006,False,True,,EXPLAINED,UNCHANGED,
waterways,nhd-160730212,nhd-160730212,160730212,160730212,West Creek,West Creek,460,460,46006,46006,False,True,,EXPLAINED,UNCHANGED,
waterways,,nhd-160730767,,160730767,,Wigwam Creek,,460,,46006,False,False,,EXPLAINED,ADDED_IN_STRIP,
waterways,,nhd-160730815,,160730815,,Wigwam Creek,,460,,46006,False,False,,EXPLAINED,ADDED_IN_STRIP,
waterways,,nhd-160730864,,160730864,,South Platte River,,558,,55800,False,False,,EXPLAINED,ADDED_IN_STRIP,
waterways,nhd-160730865,nhd-160730865,160730865,160730865,South Platte River,South Platte River,558,558,55800,55800,True,False,,NOT EXPLAINED,UNEXPLAINED_GEOMETRY_CHANGE,changed_source_fields_or_geometry
waterways,,nhd-160730873,,160730873,,South Platte River,,558,,55800,False,False,,EXPLAINED,ADDED_IN_STRIP,
waterways,,nhd-160730936,,160730936,,South Platte River,,558,,55800,False,False,,EXPLAINED,ADDED_IN_STRIP,
waterways,,nhd-160730937,,160730937,,South Platte River,,558,,55800,False,False,,EXPLAINED,ADDED_IN_STRIP,
waterways,,nhd-160730956,,160730956,,South Platte River,,558,,55800,False,False,,EXPLAINED,ADDED_IN_STRIP,
waterways,,nhd-160730957,,160730957,,South Platte River,,558,,55800,False,False,,EXPLAINED,ADDED_IN_STRIP,
waterways,nhd-160730986,nhd-160730986,160730986,160730986,Sugar Creek,Sugar Creek,460,460,46006,46006,False,True,,EXPLAINED,UNCHANGED,
waterways,,nhd-160731000,,160731000,,South Platte River,,558,,55800,False,False,,EXPLAINED,ADDED_IN_STRIP,
waterways,nhd-160731166,nhd-160731166,160731166,160731166,Deep Creek,Deep Creek,460,460,46003,46003,False,True,,EXPLAINED,UNCHANGED,
waterways,nhd-160731167,nhd-160731167,160731167,160731167,Deep Creek,Deep Creek,460,460,46003,46003,False,True,,EXPLAINED,UNCHANGED,
waterways,nhd-160731168,nhd-160731168,160731168,160731168,Jackson Creek,Jackson Creek,460,460,46006,46006,False,True,,EXPLAINED,UNCHANGED,
waterways,nhd-160731170,nhd-160731170,160731170,160731170,Deep Creek,Deep Creek,460,460,46003,46003,False,True,,EXPLAINED,UNCHANGED,
waterways,nhd-160731171,nhd-160731171,160731171,160731171,Deep Creek,Deep Creek,460,460,46003,46003,False,True,,EXPLAINED,UNCHANGED,
waterways,nhd-160731176,nhd-160731176,160731176,160731176,Middle Garber Creek,Middle Garber Creek,460,460,46003,46003,False,True,,EXPLAINED,UNCHANGED,
waterways,nhd-160731192,nhd-160731192,160731192,160731192,Jackson Creek,Jackson Creek,460,460,46006,46006,False,True,,EXPLAINED,UNCHANGED,
waterways,nhd-160731193,nhd-160731193,160731193,160731193,Jackson Creek,Jackson Creek,460,460,46006,46006,False,True,,EXPLAINED,UNCHANGED,
waterways,,nhd-160731210,,160731210,,South Platte River,,558,,55800,False,False,,EXPLAINED,ADDED_IN_STRIP,
waterways,,nhd-160731211,,160731211,,South Platte River,,558,,55800,False,False,,EXPLAINED,ADDED_IN_STRIP,
waterways,nhd-160731241,nhd-160731241,160731241,160731241,South Platte River,South Platte River,558,558,55800,55800,False,True,,EXPLAINED,UNCHANGED,
waterways,nhd-160731242,nhd-160731242,160731242,160731242,South Platte River,South Platte River,558,558,55800,55800,True,False,,NOT EXPLAINED,UNEXPLAINED_GEOMETRY_CHANGE,changed_source_fields_or_geometry
waterways,,nhd-160731291,,160731291,,South Platte River,,558,,55800,False,False,,EXPLAINED,ADDED_IN_STRIP,
waterways,,nhd-160731292,,160731292,,South Platte River,,558,,55800,False,False,,EXPLAINED,ADDED_IN_STRIP,
waterways,,nhd-160731301,,160731301,,Wigwam Creek,,460,,46006,False,False,,EXPLAINED,ADDED_IN_STRIP,
waterways,,nhd-160731302,,160731302,,Wigwam Creek,,460,,46006,False,False,,EXPLAINED,ADDED_IN_STRIP,
waterways,,nhd-160731348,,160731348,,Goose Creek,,558,,55800,False,False,,EXPLAINED,ADDED_IN_STRIP,
waterways,,nhd-160731349,,160731349,,Goose Creek,,558,,55800,False,False,,EXPLAINED,ADDED_IN_STRIP,
waterways,nhd-160732978,nhd-160732978,160732978,160732978,Sugar Creek,Sugar Creek,460,460,46006,46006,False,True,,EXPLAINED,UNCHANGED,
waterways,nhd-160732979,nhd-160732979,160732979,160732979,Sugar Creek,Sugar Creek,460,460,46006,46006,False,True,,EXPLAINED,UNCHANGED,
waterways,nhd-160733062,nhd-160733062,160733062,160733062,Sugar Creek,Sugar Creek,460,460,46006,46006,False,True,,EXPLAINED,UNCHANGED,
waterways,nhd-160733063,nhd-160733063,160733063,160733063,Sugar Creek,Sugar Creek,460,460,46006,46006,False,True,,EXPLAINED,UNCHANGED,
waterways,nhd-160733095,nhd-160733095,160733095,160733095,Sugar Creek,Sugar Creek,460,460,46006,46006,False,True,,EXPLAINED,UNCHANGED,
waterways,nhd-160733130,nhd-160733130,160733130,160733130,Horse Creek,Horse Creek,460,460,46006,46006,False,True,,EXPLAINED,UNCHANGED,
waterways,,nhd-160733137,,160733137,,South Platte River,,558,,55800,False,False,,EXPLAINED,ADDED_IN_STRIP,
waterways,,nhd-160733140,,160733140,,South Platte River,,558,,55800,False,False,,EXPLAINED,ADDED_IN_STRIP,
waterways,,nhd-160733141,,160733141,,South Platte River,,558,,55800,False,False,,EXPLAINED,ADDED_IN_STRIP,
waterways,nhd-160733149,nhd-160733149,160733149,160733149,South Platte River,South Platte River,558,558,55800,55800,True,False,,NOT EXPLAINED,UNEXPLAINED_GEOMETRY_CHANGE,changed_source_fields_or_geometry
waterways,nhd-160733325,nhd-160733325,160733325,160733325,Pleasant Park Ditch,Pleasant Park Ditch,336,336,33600,33600,False,True,,EXPLAINED,UNCHANGED,
waterways,nhd-160733326,nhd-160733326,160733326,160733326,Pleasant Park Ditch,Pleasant Park Ditch,336,336,33600,33600,False,True,,EXPLAINED,UNCHANGED,
waterways,nhd-160733480,nhd-160733480,160733480,160733480,Sugar Creek,Sugar Creek,460,460,46006,46006,False,True,,EXPLAINED,UNCHANGED,
waterways,nhd-160733488,nhd-160733488,160733488,160733488,Sugar Creek,Sugar Creek,460,460,46006,46006,False,True,,EXPLAINED,UNCHANGED,
waterways,nhd-160733494,nhd-160733494,160733494,160733494,Sugar Creek,Sugar Creek,460,460,46006,46006,False,True,,EXPLAINED,UNCHANGED,
waterways,nhd-160733495,nhd-160733495,160733495,160733495,Sugar Creek,Sugar Creek,460,460,46006,46006,False,True,,EXPLAINED,UNCHANGED,
waterways,nhd-160733520,nhd-160733520,160733520,160733520,Sugar Creek,Sugar Creek,460,460,46006,46006,False,True,,EXPLAINED,UNCHANGED,
waterways,nhd-160733596,nhd-160733596,160733596,160733596,South Platte River,South Platte River,558,558,55800,55800,True,False,,NOT EXPLAINED,UNEXPLAINED_GEOMETRY_CHANGE,changed_source_fields_or_geometry
waterways,,nhd-160733597,,160733597,,South Platte River,,558,,55800,False,False,,EXPLAINED,ADDED_IN_STRIP,
waterways,nhd-160733719,nhd-160733719,160733719,160733719,Middle Garber Creek,Middle Garber Creek,460,460,46003,46003,False,True,,EXPLAINED,UNCHANGED,
waterways,nhd-160733726,nhd-160733726,160733726,160733726,Jackson Creek,Jackson Creek,460,460,46006,46006,False,True,,EXPLAINED,UNCHANGED,
waterways,nhd-160733727,nhd-160733727,160733727,160733727,Jackson Creek,Jackson Creek,460,460,46006,46006,False,True,,EXPLAINED,UNCHANGED,
waterways,nhd-160733728,nhd-160733728,160733728,160733728,Jackson Creek,Jackson Creek,460,460,46006,46006,False,True,,EXPLAINED,UNCHANGED,
waterways,nhd-160733729,nhd-160733729,160733729,160733729,Jackson Creek,Jackson Creek,460,460,46006,46006,False,True,,EXPLAINED,UNCHANGED,
waterways,nhd-160733762,nhd-160733762,160733762,160733762,Spring Creek,Spring Creek,460,460,46003,46003,False,True,,EXPLAINED,UNCHANGED,
waterways,nhd-160733763,nhd-160733763,160733763,160733763,Spring Creek,Spring Creek,460,460,46003,46003,False,True,,EXPLAINED,UNCHANGED,
waterways,nhd-160733766,nhd-160733766,160733766,160733766,Spring Creek,Spring Creek,460,460,46006,46006,False,True,,EXPLAINED,UNCHANGED,
waterways,nhd-160733767,nhd-160733767,160733767,160733767,Spring Creek,Spring Creek,460,460,46006,46006,False,True,,EXPLAINED,UNCHANGED,
waterways,nhd-160733790,nhd-160733790,160733790,160733790,Sugar Creek,Sugar Creek,460,460,46006,46006,False,True,,EXPLAINED,UNCHANGED,
waterways,nhd-160733822,nhd-160733822,160733822,160733822,South Platte River,South Platte River,558,558,55800,55800,True,False,,NOT EXPLAINED,UNEXPLAINED_GEOMETRY_CHANGE,changed_source_fields_or_geometry
waterways,,nhd-160733843,,160733843,,South Platte River,,558,,55800,False,False,,EXPLAINED,ADDED_IN_STRIP,
waterways,,nhd-160733852,,160733852,,South Platte River,,558,,55800,False,False,,EXPLAINED,ADDED_IN_STRIP,
waterways,nhd-160733853,nhd-160733853,160733853,160733853,South Platte River,South Platte River,558,558,55800,55800,True,False,,NOT EXPLAINED,UNEXPLAINED_GEOMETRY_CHANGE,changed_source_fields_or_geometry
waterways,nhd-160733857,nhd-160733857,160733857,160733857,Spring Creek,Spring Creek,460,460,46006,46006,False,True,,EXPLAINED,UNCHANGED,
waterways,nhd-160733858,nhd-160733858,160733858,160733858,Spring Creek,Spring Creek,460,460,46006,46006,False,True,,EXPLAINED,UNCHANGED,
waterways,nhd-160733861,nhd-160733861,160733861,160733861,Middle Garber Creek,Middle Garber Creek,460,460,46006,46006,False,True,,EXPLAINED,UNCHANGED,
waterways,nhd-160733862,nhd-160733862,160733862,160733862,Middle Garber Creek,Middle Garber Creek,460,460,46006,46006,False,True,,EXPLAINED,UNCHANGED,
waterways,nhd-160733863,nhd-160733863,160733863,160733863,Middle Garber Creek,Middle Garber Creek,460,460,46006,46006,False,True,,EXPLAINED,UNCHANGED,
waterways,nhd-160733864,nhd-160733864,160733864,160733864,Middle Garber Creek,Middle Garber Creek,460,460,46006,46006,False,True,,EXPLAINED,UNCHANGED,
waterways,nhd-160733867,nhd-160733867,160733867,160733867,Garber Creek,Garber Creek,460,460,46006,46006,False,True,,EXPLAINED,UNCHANGED,
waterways,nhd-160733868,nhd-160733868,160733868,160733868,Garber Creek,Garber Creek,460,460,46006,46006,False,True,,EXPLAINED,UNCHANGED,
waterways,nhd-160733869,nhd-160733869,160733869,160733869,Jackson Creek,Jackson Creek,460,460,46006,46006,False,True,,EXPLAINED,UNCHANGED,
waterways,nhd-160733870,nhd-160733870,160733870,160733870,Jackson Creek,Jackson Creek,460,460,46006,46006,False,True,,EXPLAINED,UNCHANGED,
waterways,nhd-160733882,nhd-160733882,160733882,160733882,Jarre Creek,Jarre Creek,558,558,55800,55800,False,True,,EXPLAINED,UNCHANGED,
waterways,nhd-160733883,nhd-160733883,160733883,160733883,Jarre Creek,Jarre Creek,558,558,55800,55800,False,True,,EXPLAINED,UNCHANGED,
waterways,nhd-160733902,nhd-160733902,160733902,160733902,Sugar Creek,Sugar Creek,460,460,46006,46006,False,True,,EXPLAINED,UNCHANGED,
waterways,nhd-160733903,nhd-160733903,160733903,160733903,Sugar Creek,Sugar Creek,460,460,46006,46006,False,True,,EXPLAINED,UNCHANGED,
waterways,nhd-160733907,nhd-160733907,160733907,160733907,Sugar Creek,Sugar Creek,460,460,46006,46006,False,True,,EXPLAINED,UNCHANGED,
waterways,nhd-160733986,nhd-160733986,160733986,160733986,Sugar Creek,Sugar Creek,460,460,46003,46003,False,True,,EXPLAINED,UNCHANGED,
waterways,nhd-160734031,nhd-160734031,160734031,160734031,Sugar Creek,Sugar Creek,460,460,46006,46006,False,True,,EXPLAINED,UNCHANGED,
waterways,nhd-160734032,nhd-160734032,160734032,160734032,Sugar Creek,Sugar Creek,460,460,46006,46006,False,True,,EXPLAINED,UNCHANGED,
waterways,nhd-160734039,nhd-160734039,160734039,160734039,Deep Creek,Deep Creek,460,460,46003,46003,False,True,,EXPLAINED,UNCHANGED,
waterways,nhd-160734073,nhd-160734073,160734073,160734073,Deep Creek,Deep Creek,460,460,46003,46003,False,True,,EXPLAINED,UNCHANGED,
waterways,nhd-160734080,nhd-160734080,160734080,160734080,Sugar Creek,Sugar Creek,460,460,46006,46006,False,True,,EXPLAINED,UNCHANGED,
waterways,nhd-160734081,nhd-160734081,160734081,160734081,Sugar Creek,Sugar Creek,460,460,46006,46006,False,True,,EXPLAINED,UNCHANGED,
waterways,nhd-160734111,nhd-160734111,160734111,160734111,Sugar Creek,Sugar Creek,460,460,46006,46006,False,True,,EXPLAINED,UNCHANGED,
waterways,nhd-160734162,nhd-160734162,160734162,160734162,Deep Creek,Deep Creek,460,460,46003,46003,False,True,,EXPLAINED,UNCHANGED,
waterways,nhd-160734163,nhd-160734163,160734163,160734163,Deep Creek,Deep Creek,460,460,46003,46003,False,True,,EXPLAINED,UNCHANGED,
waterways,nhd-160734172,nhd-160734172,160734172,160734172,Sugar Creek,Sugar Creek,460,460,46006,46006,False,True,,EXPLAINED,UNCHANGED,
waterways,nhd-160734173,nhd-160734173,160734173,160734173,Sugar Creek,Sugar Creek,460,460,46006,46006,False,True,,EXPLAINED,UNCHANGED,
waterways,nhd-160734216,nhd-160734216,160734216,160734216,Sugar Creek,Sugar Creek,460,460,46006,46006,False,True,,EXPLAINED,UNCHANGED,
waterways,nhd-160734217,nhd-160734217,160734217,160734217,Sugar Creek,Sugar Creek,460,460,46006,46006,False,True,,EXPLAINED,UNCHANGED,
waterways,nhd-160734231,nhd-160734231,160734231,160734231,Sugar Creek,Sugar Creek,460,460,46006,46006,False,True,,EXPLAINED,UNCHANGED,
waterways,nhd-160734232,nhd-160734232,160734232,160734232,Sugar Creek,Sugar Creek,460,460,46006,46006,False,True,,EXPLAINED,UNCHANGED,
waterways,nhd-160734239,nhd-160734239,160734239,160734239,Sugar Creek,Sugar Creek,460,460,46006,46006,False,True,,EXPLAINED,UNCHANGED,
waterways,nhd-160734240,nhd-160734240,160734240,160734240,Sugar Creek,Sugar Creek,460,460,46006,46006,False,True,,EXPLAINED,UNCHANGED,
waterways,nhd-160734286,nhd-160734286,160734286,160734286,Sugar Creek,Sugar Creek,460,460,46006,46006,False,True,,EXPLAINED,UNCHANGED,
waterways,nhd-160734287,nhd-160734287,160734287,160734287,Sugar Creek,Sugar Creek,460,460,46006,46006,False,True,,EXPLAINED,UNCHANGED,
waterways,nhd-160734298,nhd-160734298,160734298,160734298,Sugar Creek,Sugar Creek,460,460,46006,46006,False,True,,EXPLAINED,UNCHANGED,
waterways,nhd-160734299,nhd-160734299,160734299,160734299,Sugar Creek,Sugar Creek,460,460,46006,46006,False,True,,EXPLAINED,UNCHANGED,
waterways,nhd-160734302,nhd-160734302,160734302,160734302,Sugar Creek,Sugar Creek,460,460,46003,46003,False,True,,EXPLAINED,UNCHANGED,
waterways,nhd-160734303,nhd-160734303,160734303,160734303,Sugar Creek,Sugar Creek,460,460,46003,46003,False,True,,EXPLAINED,UNCHANGED,
waterways,nhd-160734870,nhd-160734870,160734870,160734870,Jackson Creek,Jackson Creek,460,460,46006,46006,False,True,,EXPLAINED,UNCHANGED,
waterways,nhd-160734871,nhd-160734871,160734871,160734871,Jackson Creek,Jackson Creek,460,460,46006,46006,False,True,,EXPLAINED,UNCHANGED,
waterways,nhd-160734878,nhd-160734878,160734878,160734878,Deep Creek,Deep Creek,460,460,46003,46003,False,True,,EXPLAINED,UNCHANGED,
waterways,nhd-160734883,nhd-160734883,160734883,160734883,Deep Creek,Deep Creek,460,460,46003,46003,False,True,,EXPLAINED,UNCHANGED,
waterways,nhd-160734884,nhd-160734884,160734884,160734884,Deep Creek,Deep Creek,460,460,46003,46003,False,True,,EXPLAINED,UNCHANGED,
waterways,nhd-160734893,nhd-160734893,160734893,160734893,Jackson Creek,Jackson Creek,460,460,46006,46006,False,True,,EXPLAINED,UNCHANGED,
waterways,nhd-160734896,nhd-160734896,160734896,160734896,Watson Park Creek,Watson Park Creek,460,460,46006,46006,False,True,,EXPLAINED,UNCHANGED,
waterways,nhd-160734897,nhd-160734897,160734897,160734897,Watson Park Creek,Watson Park Creek,460,460,46006,46006,False,True,,EXPLAINED,UNCHANGED,
waterways,nhd-160734900,nhd-160734900,160734900,160734900,Jackson Creek,Jackson Creek,460,460,46006,46006,False,True,,EXPLAINED,UNCHANGED,
waterways,nhd-160734940,nhd-160734940,160734940,160734940,Pine Creek,Pine Creek,460,460,46006,46006,False,True,,EXPLAINED,UNCHANGED,
waterways,nhd-160734941,nhd-160734941,160734941,160734941,Pine Creek,Pine Creek,460,460,46006,46006,False,True,,EXPLAINED,UNCHANGED,
waterways,nhd-160734945,nhd-160734945,160734945,160734945,North Garber Creek,North Garber Creek,460,460,46006,46006,False,True,,EXPLAINED,UNCHANGED,
waterways,nhd-160734947,nhd-160734947,160734947,160734947,Bear Creek,Bear Creek,460,460,46006,46006,False,True,,EXPLAINED,UNCHANGED,
waterways,nhd-160734964,nhd-160734964,160734964,160734964,Indian Creek,Indian Creek,460,460,46003,46003,False,True,,EXPLAINED,UNCHANGED,
waterways,,nhd-160735240,,160735240,,South Platte River,,558,,55800,False,False,,EXPLAINED,ADDED_IN_STRIP,
waterways,,nhd-160735241,,160735241,,South Platte River,,558,,55800,False,False,,EXPLAINED,ADDED_IN_STRIP,
waterways,,nhd-160735318,,160735318,,Gunbarrel Creek,,460,,46006,False,False,,EXPLAINED,ADDED_IN_STRIP,
waterways,,nhd-160735358,,160735358,,Brush Creek,,460,,46006,False,False,,EXPLAINED,ADDED_IN_STRIP,
waterways,,nhd-160735359,,160735359,,Brush Creek,,460,,46006,False,False,,EXPLAINED,ADDED_IN_STRIP,
waterways,,nhd-160735364,,160735364,,Gunbarrel Creek,,460,,46006,False,False,,EXPLAINED,ADDED_IN_STRIP,
waterways,,nhd-160735365,,160735365,,Gunbarrel Creek,,460,,46006,False,False,,EXPLAINED,ADDED_IN_STRIP,
waterways,nhd-160735390,nhd-160735390,160735390,160735390,Horse Creek,Horse Creek,460,460,46006,46006,False,True,,EXPLAINED,UNCHANGED,
waterways,,nhd-160735458,,160735458,,South Platte River,,558,,55800,False,False,,EXPLAINED,ADDED_IN_STRIP,
waterways,,nhd-160735459,,160735459,,Spring Creek,,460,,46003,False,False,,EXPLAINED,ADDED_IN_STRIP,
waterways,,nhd-160735490,,160735490,,South Platte River,,558,,55800,False,False,,EXPLAINED,ADDED_IN_STRIP,
waterways,,nhd-160735491,,160735491,,South Platte River,,558,,55800,False,False,,EXPLAINED,ADDED_IN_STRIP,
waterways,,nhd-160735593,,160735593,,South Platte River,,558,,55800,False,False,,EXPLAINED,ADDED_IN_STRIP,
waterways,,nhd-160735594,,160735594,,South Platte River,,558,,55800,False,False,,EXPLAINED,ADDED_IN_STRIP,
waterways,nhd-160735615,nhd-160735615,160735615,160735615,South Platte River,South Platte River,558,558,55800,55800,True,False,,NOT EXPLAINED,UNEXPLAINED_GEOMETRY_CHANGE,changed_source_fields_or_geometry
waterways,,nhd-160735616,,160735616,,South Platte River,,558,,55800,False,False,,EXPLAINED,ADDED_IN_STRIP,
waterways,,nhd-160735656,,160735656,,South Platte River,,558,,55800,False,False,,EXPLAINED,ADDED_IN_STRIP,
waterways,,nhd-160735669,,160735669,,South Platte River,,558,,55800,False,False,,EXPLAINED,ADDED_IN_STRIP,
waterways,nhd-160735797,nhd-160735797,160735797,160735797,Jackson Creek,Jackson Creek,460,460,46006,46006,False,True,,EXPLAINED,UNCHANGED,
waterways,nhd-160735799,nhd-160735799,160735799,160735799,Deep Creek,Deep Creek,460,460,46003,46003,False,True,,EXPLAINED,UNCHANGED,
waterways,nhd-160735805,nhd-160735805,160735805,160735805,Pine Creek,Pine Creek,460,460,46006,46006,False,True,,EXPLAINED,UNCHANGED,
waterways,nhd-160735808,nhd-160735808,160735808,160735808,Jackson Creek,Jackson Creek,460,460,46006,46006,False,True,,EXPLAINED,UNCHANGED,
waterways,nhd-160735815,nhd-160735815,160735815,160735815,Jackson Creek,Jackson Creek,460,460,46006,46006,False,True,,EXPLAINED,UNCHANGED,
waterways,nhd-160735816,nhd-160735816,160735816,160735816,Jackson Creek,Jackson Creek,460,460,46006,46006,False,True,,EXPLAINED,UNCHANGED,
waterways,,nhd-160735901,,160735901,,South Platte River,,558,,55800,False,False,,EXPLAINED,ADDED_IN_STRIP,
waterways,,nhd-160735904,,160735904,,South Platte River,,558,,55800,False,False,,EXPLAINED,ADDED_IN_STRIP,
waterways,,nhd-160735905,,160735905,,South Platte River,,558,,55800,False,False,,EXPLAINED,ADDED_IN_STRIP,
waterways,,nhd-160735948,,160735948,,South Platte River,,558,,55800,False,False,,EXPLAINED,ADDED_IN_STRIP,
waterways,,nhd-160735963,,160735963,,South Platte River,,558,,55800,False,False,,EXPLAINED,ADDED_IN_STRIP,
waterways,,nhd-160735964,,160735964,,South Platte River,,558,,55800,False,False,,EXPLAINED,ADDED_IN_STRIP,
waterways,,nhd-160735974,,160735974,,South Platte River,,558,,55800,False,False,,EXPLAINED,ADDED_IN_STRIP,
waterways,,nhd-160735975,,160735975,,South Platte River,,558,,55800,False,False,,EXPLAINED,ADDED_IN_STRIP,
waterways,,nhd-160735980,,160735980,,South Platte River,,558,,55800,False,False,,EXPLAINED,ADDED_IN_STRIP,
waterways,,nhd-160735983,,160735983,,South Platte River,,558,,55800,False,False,,EXPLAINED,ADDED_IN_STRIP,
waterways,,nhd-160735984,,160735984,,South Platte River,,558,,55800,False,False,,EXPLAINED,ADDED_IN_STRIP,
waterways,nhd-160735993,nhd-160735993,160735993,160735993,Sugar Creek,Sugar Creek,460,460,46006,46006,False,True,,EXPLAINED,UNCHANGED,
waterways,nhd-160735994,nhd-160735994,160735994,160735994,Sugar Creek,Sugar Creek,460,460,46006,46006,False,True,,EXPLAINED,UNCHANGED,
waterways,,nhd-160735997,,160735997,,South Platte River,,558,,55800,False,False,,EXPLAINED,ADDED_IN_STRIP,
waterways,,nhd-160735998,,160735998,,South Platte River,,558,,55800,False,False,,EXPLAINED,ADDED_IN_STRIP,
waterways,,nhd-160736023,,160736023,,South Platte River,,558,,55800,False,False,,EXPLAINED,ADDED_IN_STRIP,
waterways,,nhd-160736024,,160736024,,South Platte River,,558,,55800,False,False,,EXPLAINED,ADDED_IN_STRIP,
waterways,,nhd-160736027,,160736027,,South Platte River,,558,,55800,False,False,,EXPLAINED,ADDED_IN_STRIP,
waterways,nhd-160736402,nhd-160736402,160736402,160736402,West Plum Creek,West Plum Creek,460,460,46006,46006,False,True,,EXPLAINED,UNCHANGED,
waterways,nhd-160736403,nhd-160736403,160736403,160736403,West Plum Creek,West Plum Creek,460,460,46006,46006,False,True,,EXPLAINED,UNCHANGED,
waterways,nhd-160736425,nhd-160736425,160736425,160736425,Middle Garber Creek,Middle Garber Creek,460,460,46006,46006,False,True,,EXPLAINED,UNCHANGED,
waterways,nhd-160736427,nhd-160736427,160736427,160736427,South Garber Creek,South Garber Creek,460,460,46006,46006,False,True,,EXPLAINED,UNCHANGED,
waterways,nhd-160736428,nhd-160736428,160736428,160736428,South Garber Creek,South Garber Creek,460,460,46006,46006,False,True,,EXPLAINED,UNCHANGED,
waterways,nhd-160736431,nhd-160736431,160736431,160736431,North Garber Creek,North Garber Creek,460,460,46006,46006,False,True,,EXPLAINED,UNCHANGED,
waterways,nhd-160736432,nhd-160736432,160736432,160736432,North Garber Creek,North Garber Creek,460,460,46006,46006,False,True,,EXPLAINED,UNCHANGED,
waterways,nhd-160736436,nhd-160736436,160736436,160736436,Jarre Creek,Jarre Creek,460,460,46003,46003,False,True,,EXPLAINED,UNCHANGED,
waterways,nhd-160736437,nhd-160736437,160736437,160736437,South Garber Creek,South Garber Creek,460,460,46006,46006,False,True,,EXPLAINED,UNCHANGED,
waterways,nhd-160736438,nhd-160736438,160736438,160736438,Jackson Creek,Jackson Creek,460,460,46006,46006,False,True,,EXPLAINED,UNCHANGED,
waterways,nhd-160736445,nhd-160736445,160736445,160736445,South Garber Creek,South Garber Creek,460,460,46006,46006,False,True,,EXPLAINED,UNCHANGED,
waterways,nhd-160736446,nhd-160736446,160736446,160736446,South Garber Creek,South Garber Creek,460,460,46006,46006,False,True,,EXPLAINED,UNCHANGED,
waterways,nhd-160736956,nhd-160736956,160736956,160736956,Jackson Creek,Jackson Creek,460,460,46006,46006,False,True,,EXPLAINED,UNCHANGED,
waterways,nhd-160736960,nhd-160736960,160736960,160736960,Deep Creek,Deep Creek,460,460,46003,46003,False,True,,EXPLAINED,UNCHANGED,
waterways,nhd-160736962,nhd-160736962,160736962,160736962,Jackson Creek,Jackson Creek,460,460,46006,46006,False,True,,EXPLAINED,UNCHANGED,
waterways,nhd-160736963,nhd-160736963,160736963,160736963,Jackson Creek,Jackson Creek,460,460,46006,46006,False,True,,EXPLAINED,UNCHANGED,
waterways,nhd-160736988,nhd-160736988,160736988,160736988,Deep Creek,Deep Creek,460,460,46003,46003,False,True,,EXPLAINED,UNCHANGED,
waterways,nhd-160736989,nhd-160736989,160736989,160736989,Deep Creek,Deep Creek,460,460,46003,46003,False,True,,EXPLAINED,UNCHANGED,
waterways,nhd-160736992,nhd-160736992,160736992,160736992,Jackson Creek,Jackson Creek,460,460,46006,46006,False,True,,EXPLAINED,UNCHANGED,
waterways,nhd-160736993,nhd-160736993,160736993,160736993,Jackson Creek,Jackson Creek,460,460,46006,46006,False,True,,EXPLAINED,UNCHANGED,
waterways,nhd-160737003,nhd-160737003,160737003,160737003,Jackson Creek,Jackson Creek,460,460,46006,46006,False,True,,EXPLAINED,UNCHANGED,
waterways,nhd-160737004,nhd-160737004,160737004,160737004,Jackson Creek,Jackson Creek,460,460,46006,46006,False,True,,EXPLAINED,UNCHANGED,
waterways,nhd-160737010,nhd-160737010,160737010,160737010,Pine Creek,Pine Creek,460,460,46006,46006,False,True,,EXPLAINED,UNCHANGED,
waterways,nhd-160737011,nhd-160737011,160737011,160737011,Pine Creek,Pine Creek,460,460,46006,46006,False,True,,EXPLAINED,UNCHANGED,
waterways,nhd-160737012,nhd-160737012,160737012,160737012,Jackson Creek,Jackson Creek,460,460,46006,46006,False,True,,EXPLAINED,UNCHANGED,
waterways,nhd-160737041,nhd-160737041,160737041,160737041,Jackson Creek,Jackson Creek,460,460,46006,46006,False,True,,EXPLAINED,UNCHANGED,
waterways,nhd-160737042,nhd-160737042,160737042,160737042,Jackson Creek,Jackson Creek,460,460,46006,46006,False,True,,EXPLAINED,UNCHANGED,
waterways,nhd-160737053,nhd-160737053,160737053,160737053,Jackson Creek,Jackson Creek,460,460,46006,46006,False,True,,EXPLAINED,UNCHANGED,
waterways,nhd-160737056,nhd-160737056,160737056,160737056,Pine Creek,Pine Creek,460,460,46006,46006,False,True,,EXPLAINED,UNCHANGED,
waterways,nhd-160737057,nhd-160737057,160737057,160737057,Pine Creek,Pine Creek,460,460,46006,46006,False,True,,EXPLAINED,UNCHANGED,
waterways,nhd-160737062,nhd-160737062,160737062,160737062,Watson Park Creek,Watson Park Creek,460,460,46006,46006,False,True,,EXPLAINED,UNCHANGED,
waterways,nhd-160737063,nhd-160737063,160737063,160737063,Watson Park Creek,Watson Park Creek,460,460,46006,46006,False,True,,EXPLAINED,UNCHANGED,
waterways,nhd-160737078,nhd-160737078,160737078,160737078,Jackson Creek,Jackson Creek,460,460,46006,46006,False,True,,EXPLAINED,UNCHANGED,
waterways,nhd-160737079,nhd-160737079,160737079,160737079,Jackson Creek,Jackson Creek,460,460,46006,46006,False,True,,EXPLAINED,UNCHANGED,
waterways,nhd-160737084,nhd-160737084,160737084,160737084,Middle Garber Creek,Middle Garber Creek,460,460,46003,46003,False,True,,EXPLAINED,UNCHANGED,
waterways,nhd-160737085,nhd-160737085,160737085,160737085,Middle Garber Creek,Middle Garber Creek,460,460,46003,46003,False,True,,EXPLAINED,UNCHANGED,
waterways,nhd-160737102,nhd-160737102,160737102,160737102,Deep Creek,Deep Creek,460,460,46003,46003,False,True,,EXPLAINED,UNCHANGED,
waterways,nhd-160737121,nhd-160737121,160737121,160737121,Jackson Creek,Jackson Creek,460,460,46006,46006,False,True,,EXPLAINED,UNCHANGED,
waterways,nhd-160737122,nhd-160737122,160737122,160737122,Jackson Creek,Jackson Creek,460,460,46006,46006,False,True,,EXPLAINED,UNCHANGED,
waterways,nhd-160737123,nhd-160737123,160737123,160737123,Deep Creek,Deep Creek,460,460,46003,46003,False,True,,EXPLAINED,UNCHANGED,
waterways,nhd-160737138,nhd-160737138,160737138,160737138,Deep Creek,Deep Creek,460,460,46003,46003,False,True,,EXPLAINED,UNCHANGED,
waterways,nhd-160737139,nhd-160737139,160737139,160737139,Deep Creek,Deep Creek,460,460,46003,46003,False,True,,EXPLAINED,UNCHANGED,
waterways,nhd-160737143,nhd-160737143,160737143,160737143,Jackson Creek,Jackson Creek,460,460,46006,46006,False,True,,EXPLAINED,UNCHANGED,
waterways,nhd-160737144,nhd-160737144,160737144,160737144,Jackson Creek,Jackson Creek,460,460,46006,46006,False,True,,EXPLAINED,UNCHANGED,
waterways,nhd-160737147,nhd-160737147,160737147,160737147,Jackson Creek,Jackson Creek,460,460,46006,46006,False,True,,EXPLAINED,UNCHANGED,
waterways,nhd-160737148,nhd-160737148,160737148,160737148,Jackson Creek,Jackson Creek,460,460,46006,46006,False,True,,EXPLAINED,UNCHANGED,
waterways,nhd-160737169,nhd-160737169,160737169,160737169,Watson Park Creek,Watson Park Creek,460,460,46006,46006,False,True,,EXPLAINED,UNCHANGED,
waterways,nhd-160737170,nhd-160737170,160737170,160737170,Watson Park Creek,Watson Park Creek,460,460,46006,46006,False,True,,EXPLAINED,UNCHANGED,
waterways,nhd-160737177,nhd-160737177,160737177,160737177,Jackson Creek,Jackson Creek,460,460,46006,46006,False,True,,EXPLAINED,UNCHANGED,
waterways,nhd-160737178,nhd-160737178,160737178,160737178,Jackson Creek,Jackson Creek,460,460,46006,46006,False,True,,EXPLAINED,UNCHANGED,
waterways,nhd-160737186,nhd-160737186,160737186,160737186,Jackson Creek,Jackson Creek,460,460,46006,46006,False,True,,EXPLAINED,UNCHANGED,
waterways,nhd-160737187,nhd-160737187,160737187,160737187,Jackson Creek,Jackson Creek,460,460,46006,46006,False,True,,EXPLAINED,UNCHANGED,
waterways,nhd-160737206,nhd-160737206,160737206,160737206,Jackson Creek,Jackson Creek,460,460,46006,46006,False,True,,EXPLAINED,UNCHANGED,
waterways,nhd-160737207,nhd-160737207,160737207,160737207,Jackson Creek,Jackson Creek,460,460,46006,46006,False,True,,EXPLAINED,UNCHANGED,
waterways,nhd-160737216,nhd-160737216,160737216,160737216,Pine Creek,Pine Creek,460,460,46003,46003,False,True,,EXPLAINED,UNCHANGED,
waterways,nhd-160737224,nhd-160737224,160737224,160737224,Pine Creek,Pine Creek,460,460,46003,46003,False,True,,EXPLAINED,UNCHANGED,
waterways,nhd-160737225,nhd-160737225,160737225,160737225,Pine Creek,Pine Creek,460,460,46003,46003,False,True,,EXPLAINED,UNCHANGED,
waterways,nhd-160737251,nhd-160737251,160737251,160737251,Jackson Creek,Jackson Creek,460,460,46006,46006,False,True,,EXPLAINED,UNCHANGED,
waterways,nhd-160737252,nhd-160737252,160737252,160737252,Jackson Creek,Jackson Creek,460,460,46006,46006,False,True,,EXPLAINED,UNCHANGED,
waterways,nhd-160737297,nhd-160737297,160737297,160737297,Jackson Creek,Jackson Creek,460,460,46006,46006,False,True,,EXPLAINED,UNCHANGED,
waterways,nhd-160737298,nhd-160737298,160737298,160737298,Jackson Creek,Jackson Creek,460,460,46006,46006,False,True,,EXPLAINED,UNCHANGED,
waterways,nhd-160737315,nhd-160737315,160737315,160737315,Middle Garber Creek,Middle Garber Creek,460,460,46003,46003,False,True,,EXPLAINED,UNCHANGED,
waterways,nhd-160737316,nhd-160737316,160737316,160737316,Middle Garber Creek,Middle Garber Creek,460,460,46003,46003,False,True,,EXPLAINED,UNCHANGED,
waterways,nhd-160737322,nhd-160737322,160737322,160737322,Jackson Creek,Jackson Creek,460,460,46006,46006,False,True,,EXPLAINED,UNCHANGED,
waterways,nhd-160737323,nhd-160737323,160737323,160737323,Jackson Creek,Jackson Creek,460,460,46006,46006,False,True,,EXPLAINED,UNCHANGED,
waterways,nhd-160737326,nhd-160737326,160737326,160737326,Jackson Creek,Jackson Creek,460,460,46006,46006,False,True,,EXPLAINED,UNCHANGED,
waterways,nhd-160737327,nhd-160737327,160737327,160737327,Jackson Creek,Jackson Creek,460,460,46006,46006,False,True,,EXPLAINED,UNCHANGED,
waterways,nhd-160737780,nhd-160737780,160737780,160737780,West Plum Creek,West Plum Creek,460,460,46006,46006,False,True,,EXPLAINED,UNCHANGED,
waterways,nhd-160737781,nhd-160737781,160737781,160737781,West Plum Creek,West Plum Creek,460,460,46006,46006,False,True,,EXPLAINED,UNCHANGED,
waterways,nhd-160737797,nhd-160737797,160737797,160737797,Spring Creek,Spring Creek,460,460,46003,46003,False,True,,EXPLAINED,UNCHANGED,
waterways,nhd-160737798,nhd-160737798,160737798,160737798,Spring Creek,Spring Creek,460,460,46003,46003,False,True,,EXPLAINED,UNCHANGED,
waterways,nhd-160737815,nhd-160737815,160737815,160737815,Jarre Creek,Jarre Creek,460,460,46003,46003,False,True,,EXPLAINED,UNCHANGED,
waterways,nhd-160737816,nhd-160737816,160737816,160737816,Jarre Creek,Jarre Creek,460,460,46003,46003,False,True,,EXPLAINED,UNCHANGED,
waterways,nhd-160737817,nhd-160737817,160737817,160737817,South Garber Creek,South Garber Creek,460,460,46006,46006,False,True,,EXPLAINED,UNCHANGED,
waterways,nhd-160737818,nhd-160737818,160737818,160737818,South Garber Creek,South Garber Creek,460,460,46006,46006,False,True,,EXPLAINED,UNCHANGED,
waterways,nhd-160737823,nhd-160737823,160737823,160737823,Middle Garber Creek,Middle Garber Creek,460,460,46006,46006,False,True,,EXPLAINED,UNCHANGED,
waterways,nhd-160737824,nhd-160737824,160737824,160737824,Middle Garber Creek,Middle Garber Creek,460,460,46006,46006,False,True,,EXPLAINED,UNCHANGED,
waterways,nhd-160737827,nhd-160737827,160737827,160737827,South Garber Creek,South Garber Creek,460,460,46006,46006,False,True,,EXPLAINED,UNCHANGED,
waterways,nhd-160737828,nhd-160737828,160737828,160737828,South Garber Creek,South Garber Creek,460,460,46006,46006,False,True,,EXPLAINED,UNCHANGED,
waterways,nhd-160737829,nhd-160737829,160737829,160737829,Jackson Creek,Jackson Creek,460,460,46006,46006,False,True,,EXPLAINED,UNCHANGED,
waterways,nhd-160737835,nhd-160737835,160737835,160737835,South Garber Creek,South Garber Creek,460,460,46003,46003,False,True,,EXPLAINED,UNCHANGED,
waterways,nhd-160737844,nhd-160737844,160737844,160737844,Bear Creek,Bear Creek,460,460,46006,46006,False,True,,EXPLAINED,UNCHANGED,
waterways,nhd-160737845,nhd-160737845,160737845,160737845,Bear Creek,Bear Creek,460,460,46006,46006,False,True,,EXPLAINED,UNCHANGED,
waterways,nhd-160737852,nhd-160737852,160737852,160737852,Bear Creek,Bear Creek,460,460,46006,46006,False,True,,EXPLAINED,UNCHANGED,
waterways,nhd-160737853,nhd-160737853,160737853,160737853,Bear Creek,Bear Creek,460,460,46006,46006,False,True,,EXPLAINED,UNCHANGED,
waterways,nhd-160737854,nhd-160737854,160737854,160737854,Middle Garber Creek,Middle Garber Creek,460,460,46003,46003,False,True,,EXPLAINED,UNCHANGED,
waterways,nhd-160737855,nhd-160737855,160737855,160737855,Middle Garber Creek,Middle Garber Creek,460,460,46003,46003,False,True,,EXPLAINED,UNCHANGED,
waterways,nhd-160737870,nhd-160737870,160737870,160737870,North Garber Creek,North Garber Creek,460,460,46006,46006,False,True,,EXPLAINED,UNCHANGED,
waterways,nhd-160737871,nhd-160737871,160737871,160737871,North Garber Creek,North Garber Creek,460,460,46006,46006,False,True,,EXPLAINED,UNCHANGED,
waterways,nhd-160737879,nhd-160737879,160737879,160737879,Bear Creek,Bear Creek,460,460,46006,46006,False,True,,EXPLAINED,UNCHANGED,
waterways,nhd-160737880,nhd-160737880,160737880,160737880,Bear Creek,Bear Creek,460,460,46006,46006,False,True,,EXPLAINED,UNCHANGED,
waterways,nhd-160737883,nhd-160737883,160737883,160737883,North Garber Creek,North Garber Creek,460,460,46006,46006,False,True,,EXPLAINED,UNCHANGED,
waterways,nhd-160737884,nhd-160737884,160737884,160737884,North Garber Creek,North Garber Creek,460,460,46006,46006,False,True,,EXPLAINED,UNCHANGED,
waterways,nhd-160737897,nhd-160737897,160737897,160737897,Pine Creek,Pine Creek,460,460,46006,46006,False,True,,EXPLAINED,UNCHANGED,
waterways,nhd-160737898,nhd-160737898,160737898,160737898,Pine Creek,Pine Creek,460,460,46006,46006,False,True,,EXPLAINED,UNCHANGED,
waterways,nhd-160737899,nhd-160737899,160737899,160737899,Bear Creek,Bear Creek,460,460,46006,46006,False,True,,EXPLAINED,UNCHANGED,
waterways,nhd-160737900,nhd-160737900,160737900,160737900,Bear Creek,Bear Creek,460,460,46006,46006,False,True,,EXPLAINED,UNCHANGED,
waterways,,nhd-160738093,,160738093,,South Platte River,,558,,55800,False,False,,EXPLAINED,ADDED_IN_STRIP,
waterways,nhd-160738094,nhd-160738094,160738094,160738094,Little Willow Creek,Little Willow Creek,460,460,46003,46003,False,True,,EXPLAINED,UNCHANGED,
waterways,nhd-160738109,nhd-160738109,160738109,160738109,Little Willow Creek,Little Willow Creek,460,460,46003,46003,False,True,,EXPLAINED,UNCHANGED,
waterways,nhd-160738110,nhd-160738110,160738110,160738110,Little Willow Creek,Little Willow Creek,460,460,46003,46003,False,True,,EXPLAINED,UNCHANGED,
waterways,,nhd-160738113,,160738113,,South Platte River,,558,,55800,False,False,,EXPLAINED,ADDED_IN_STRIP,
waterways,nhd-160738264,nhd-160738264,160738264,160738264,Spring Creek,Spring Creek,460,460,46003,46003,False,True,,EXPLAINED,UNCHANGED,
waterways,nhd-160738325,nhd-160738325,160738325,160738325,Bear Creek,Bear Creek,460,460,46006,46006,False,True,,EXPLAINED,UNCHANGED,
waterways,nhd-160738326,nhd-160738326,160738326,160738326,Bear Creek,Bear Creek,460,460,46006,46006,False,True,,EXPLAINED,UNCHANGED,
waterways,nhd-160738344,nhd-160738344,160738344,160738344,Jackson Creek,Jackson Creek,460,460,46006,46006,False,True,,EXPLAINED,UNCHANGED,
waterways,nhd-160738351,nhd-160738351,160738351,160738351,Spring Creek,Spring Creek,460,460,46006,46006,False,True,,EXPLAINED,UNCHANGED,
waterways,nhd-160738357,nhd-160738357,160738357,160738357,Spring Creek,Spring Creek,460,460,46003,46003,False,True,,EXPLAINED,UNCHANGED,
waterways,nhd-160738358,nhd-160738358,160738358,160738358,Spring Creek,Spring Creek,460,460,46003,46003,False,True,,EXPLAINED,UNCHANGED,
waterways,nhd-160738396,nhd-160738396,160738396,160738396,Jackson Creek,Jackson Creek,460,460,46006,46006,False,True,,EXPLAINED,UNCHANGED,
waterways,nhd-160738397,nhd-160738397,160738397,160738397,Jackson Creek,Jackson Creek,460,460,46006,46006,False,True,,EXPLAINED,UNCHANGED,
waterways,nhd-160738422,nhd-160738422,160738422,160738422,Spring Creek,Spring Creek,460,460,46003,46003,False,True,,EXPLAINED,UNCHANGED,
waterways,nhd-160738437,nhd-160738437,160738437,160738437,Spring Creek,Spring Creek,460,460,46003,46003,False,True,,EXPLAINED,UNCHANGED,
waterways,nhd-160738438,nhd-160738438,160738438,160738438,Spring Creek,Spring Creek,460,460,46003,46003,False,True,,EXPLAINED,UNCHANGED,
waterways,nhd-160738470,nhd-160738470,160738470,160738470,Spring Creek,Spring Creek,460,460,46003,46003,False,True,,EXPLAINED,UNCHANGED,
waterways,nhd-160738471,nhd-160738471,160738471,160738471,Spring Creek,Spring Creek,460,460,46003,46003,False,True,,EXPLAINED,UNCHANGED,
waterways,nhd-160738507,nhd-160738507,160738507,160738507,Spring Creek,Spring Creek,460,460,46006,46006,False,True,,EXPLAINED,UNCHANGED,
waterways,nhd-160738536,nhd-160738536,160738536,160738536,Spring Creek,Spring Creek,460,460,46006,46006,False,True,,EXPLAINED,UNCHANGED,
waterways,nhd-160738933,nhd-160738933,160738933,160738933,Pine Creek,Pine Creek,460,460,46006,46006,False,True,,EXPLAINED,UNCHANGED,
waterways,nhd-160738934,nhd-160738934,160738934,160738934,Pine Creek,Pine Creek,460,460,46006,46006,False,True,,EXPLAINED,UNCHANGED,
waterways,nhd-160738935,nhd-160738935,160738935,160738935,Bear Creek,Bear Creek,460,460,46006,46006,False,True,,EXPLAINED,UNCHANGED,
waterways,nhd-160738936,nhd-160738936,160738936,160738936,North Garber Creek,North Garber Creek,460,460,46006,46006,False,True,,EXPLAINED,UNCHANGED,
waterways,nhd-160738960,nhd-160738960,160738960,160738960,Indian Creek,Indian Creek,460,460,46003,46003,False,True,,EXPLAINED,UNCHANGED,
waterways,nhd-160738961,nhd-160738961,160738961,160738961,Bear Creek,Bear Creek,460,460,46006,46006,False,True,,EXPLAINED,UNCHANGED,
waterways,nhd-160738962,nhd-160738962,160738962,160738962,Bear Creek,Bear Creek,460,460,46006,46006,False,True,,EXPLAINED,UNCHANGED,
waterways,nhd-160738963,nhd-160738963,160738963,160738963,Middle Garber Creek,Middle Garber Creek,460,460,46006,46006,False,True,,EXPLAINED,UNCHANGED,
waterways,nhd-160738964,nhd-160738964,160738964,160738964,Middle Garber Creek,Middle Garber Creek,460,460,46006,46006,False,True,,EXPLAINED,UNCHANGED,
waterways,nhd-160738998,nhd-160738998,160738998,160738998,Pine Creek,Pine Creek,460,460,46003,46003,False,True,,EXPLAINED,UNCHANGED,
waterways,nhd-160739243,nhd-160739243,160739243,160739243,Jackson Creek,Jackson Creek,460,460,46006,46006,False,True,,EXPLAINED,UNCHANGED,
waterways,nhd-160739244,nhd-160739244,160739244,160739244,Jackson Creek,Jackson Creek,460,460,46006,46006,False,True,,EXPLAINED,UNCHANGED,
waterways,nhd-160739248,nhd-160739248,160739248,160739248,South Garber Creek,South Garber Creek,460,460,46006,46006,False,True,,EXPLAINED,UNCHANGED,
waterways,nhd-160739249,nhd-160739249,160739249,160739249,North Garber Creek,North Garber Creek,460,460,46006,46006,False,True,,EXPLAINED,UNCHANGED,
waterways,nhd-160739250,nhd-160739250,160739250,160739250,North Garber Creek,North Garber Creek,460,460,46006,46006,False,True,,EXPLAINED,UNCHANGED,
waterways,nhd-160739253,nhd-160739253,160739253,160739253,North Garber Creek,North Garber Creek,460,460,46006,46006,False,True,,EXPLAINED,UNCHANGED,
waterways,nhd-160739254,nhd-160739254,160739254,160739254,North Garber Creek,North Garber Creek,460,460,46006,46006,False,True,,EXPLAINED,UNCHANGED,
waterways,nhd-160739256,nhd-160739256,160739256,160739256,Middle Garber Creek,Middle Garber Creek,460,460,46006,46006,False,True,,EXPLAINED,UNCHANGED,
waterways,nhd-160739257,nhd-160739257,160739257,160739257,Middle Garber Creek,Middle Garber Creek,460,460,46006,46006,False,True,,EXPLAINED,UNCHANGED,
waterways,nhd-160739258,nhd-160739258,160739258,160739258,Jackson Creek,Jackson Creek,460,460,46006,46006,False,True,,EXPLAINED,UNCHANGED,
waterways,nhd-160739259,nhd-160739259,160739259,160739259,South Garber Creek,South Garber Creek,460,460,46006,46006,False,True,,EXPLAINED,UNCHANGED,
waterways,nhd-160739265,nhd-160739265,160739265,160739265,Middle Garber Creek,Middle Garber Creek,460,460,46006,46006,False,True,,EXPLAINED,UNCHANGED,
waterways,nhd-160739266,nhd-160739266,160739266,160739266,Middle Garber Creek,Middle Garber Creek,460,460,46006,46006,False,True,,EXPLAINED,UNCHANGED,
waterways,nhd-160739305,nhd-160739305,160739305,160739305,Jarre Creek,Jarre Creek,460,460,46003,46003,False,True,,EXPLAINED,UNCHANGED,
waterways,nhd-160739306,nhd-160739306,160739306,160739306,South Garber Creek,South Garber Creek,460,460,46006,46006,False,True,,EXPLAINED,UNCHANGED,
waterways,nhd-160739307,nhd-160739307,160739307,160739307,South Garber Creek,South Garber Creek,460,460,46006,46006,False,True,,EXPLAINED,UNCHANGED,
waterways,nhd-160739311,nhd-160739311,160739311,160739311,Middle Garber Creek,Middle Garber Creek,460,460,46006,46006,False,True,,EXPLAINED,UNCHANGED,
waterways,nhd-160739312,nhd-160739312,160739312,160739312,Middle Garber Creek,Middle Garber Creek,460,460,46006,46006,False,True,,EXPLAINED,UNCHANGED,
waterways,nhd-160739321,nhd-160739321,160739321,160739321,South Garber Creek,South Garber Creek,460,460,46006,46006,False,True,,EXPLAINED,UNCHANGED,
waterways,nhd-160739328,nhd-160739328,160739328,160739328,South Garber Creek,South Garber Creek,460,460,46006,46006,False,True,,EXPLAINED,UNCHANGED,
waterways,nhd-160739332,nhd-160739332,160739332,160739332,Middle Garber Creek,Middle Garber Creek,460,460,46006,46006,False,True,,EXPLAINED,UNCHANGED,
waterways,nhd-160739333,nhd-160739333,160739333,160739333,Jackson Creek,Jackson Creek,460,460,46006,46006,False,True,,EXPLAINED,UNCHANGED,
waterways,nhd-160739334,nhd-160739334,160739334,160739334,Jackson Creek,Jackson Creek,460,460,46006,46006,False,True,,EXPLAINED,UNCHANGED,
waterways,nhd-160739340,nhd-160739340,160739340,160739340,Jackson Creek,Jackson Creek,460,460,46006,46006,False,True,,EXPLAINED,UNCHANGED,
waterways,nhd-160739341,nhd-160739341,160739341,160739341,Jackson Creek,Jackson Creek,460,460,46006,46006,False,True,,EXPLAINED,UNCHANGED,
waterways,nhd-160739346,nhd-160739346,160739346,160739346,North Garber Creek,North Garber Creek,460,460,46006,46006,False,True,,EXPLAINED,UNCHANGED,
waterways,nhd-160739347,nhd-160739347,160739347,160739347,Jackson Creek,Jackson Creek,460,460,46006,46006,False,True,,EXPLAINED,UNCHANGED,
waterways,nhd-160739348,nhd-160739348,160739348,160739348,Jackson Creek,Jackson Creek,460,460,46006,46006,False,True,,EXPLAINED,UNCHANGED,
waterways,nhd-160739353,nhd-160739353,160739353,160739353,South Garber Creek,South Garber Creek,460,460,46006,46006,False,True,,EXPLAINED,UNCHANGED,
waterways,nhd-160739360,nhd-160739360,160739360,160739360,Middle Garber Creek,Middle Garber Creek,460,460,46006,46006,False,True,,EXPLAINED,UNCHANGED,
waterways,nhd-160739367,nhd-160739367,160739367,160739367,Jarre Creek,Jarre Creek,460,460,46003,46003,False,True,,EXPLAINED,UNCHANGED,
waterways,nhd-160739368,nhd-160739368,160739368,160739368,Jarre Creek,Jarre Creek,460,460,46003,46003,False,True,,EXPLAINED,UNCHANGED,
waterways,nhd-160739371,nhd-160739371,160739371,160739371,South Garber Creek,South Garber Creek,460,460,46006,46006,False,True,,EXPLAINED,UNCHANGED,
waterways,nhd-160739372,nhd-160739372,160739372,160739372,South Garber Creek,South Garber Creek,460,460,46006,46006,False,True,,EXPLAINED,UNCHANGED,
waterways,nhd-160739376,nhd-160739376,160739376,160739376,Jarre Creek,Jarre Creek,460,460,46003,46003,False,True,,EXPLAINED,UNCHANGED,
waterways,nhd-160739377,nhd-160739377,160739377,160739377,Jackson Creek,Jackson Creek,460,460,46006,46006,False,True,,EXPLAINED,UNCHANGED,
waterways,nhd-160739392,nhd-160739392,160739392,160739392,Middle Garber Creek,Middle Garber Creek,460,460,46006,46006,False,True,,EXPLAINED,UNCHANGED,
waterways,nhd-160739394,nhd-160739394,160739394,160739394,South Garber Creek,South Garber Creek,460,460,46006,46006,False,True,,EXPLAINED,UNCHANGED,
waterways,nhd-160739395,nhd-160739395,160739395,160739395,South Garber Creek,South Garber Creek,460,460,46006,46006,False,True,,EXPLAINED,UNCHANGED,
waterways,nhd-160739401,nhd-160739401,160739401,160739401,Jackson Creek,Jackson Creek,460,460,46006,46006,False,True,,EXPLAINED,UNCHANGED,
waterways,nhd-160739403,nhd-160739403,160739403,160739403,South Garber Creek,South Garber Creek,460,460,46006,46006,False,True,,EXPLAINED,UNCHANGED,
waterways,nhd-160739404,nhd-160739404,160739404,160739404,South Garber Creek,South Garber Creek,460,460,46006,46006,False,True,,EXPLAINED,UNCHANGED,
waterways,nhd-160739408,nhd-160739408,160739408,160739408,Jarre Creek,Jarre Creek,460,460,46003,46003,False,True,,EXPLAINED,UNCHANGED,
waterways,nhd-160739409,nhd-160739409,160739409,160739409,Jarre Creek,Jarre Creek,460,460,46003,46003,False,True,,EXPLAINED,UNCHANGED,
waterways,nhd-160739420,nhd-160739420,160739420,160739420,Middle Garber Creek,Middle Garber Creek,460,460,46006,46006,False,True,,EXPLAINED,UNCHANGED,
waterways,nhd-160739421,nhd-160739421,160739421,160739421,Middle Garber Creek,Middle Garber Creek,460,460,46006,46006,False,True,,EXPLAINED,UNCHANGED,
waterways,nhd-160739438,nhd-160739438,160739438,160739438,South Garber Creek,South Garber Creek,460,460,46006,46006,False,True,,EXPLAINED,UNCHANGED,
waterways,nhd-160739439,nhd-160739439,160739439,160739439,South Garber Creek,South Garber Creek,460,460,46006,46006,False,True,,EXPLAINED,UNCHANGED,
waterways,nhd-160739444,nhd-160739444,160739444,160739444,Middle Garber Creek,Middle Garber Creek,460,460,46006,46006,False,True,,EXPLAINED,UNCHANGED,
waterways,nhd-160739445,nhd-160739445,160739445,160739445,North Garber Creek,North Garber Creek,460,460,46006,46006,False,True,,EXPLAINED,UNCHANGED,
waterways,nhd-160739446,nhd-160739446,160739446,160739446,North Garber Creek,North Garber Creek,460,460,46006,46006,False,True,,EXPLAINED,UNCHANGED,
waterways,nhd-160739448,nhd-160739448,160739448,160739448,South Garber Creek,South Garber Creek,460,460,46006,46006,False,True,,EXPLAINED,UNCHANGED,
waterways,nhd-160739449,nhd-160739449,160739449,160739449,South Garber Creek,South Garber Creek,460,460,46006,46006,False,True,,EXPLAINED,UNCHANGED,
waterways,nhd-160739452,nhd-160739452,160739452,160739452,Spring Creek,Spring Creek,460,460,46006,46006,False,True,,EXPLAINED,UNCHANGED,
waterways,nhd-160739467,nhd-160739467,160739467,160739467,Jackson Creek,Jackson Creek,460,460,46006,46006,False,True,,EXPLAINED,UNCHANGED,
waterways,nhd-160739468,nhd-160739468,160739468,160739468,Jackson Creek,Jackson Creek,460,460,46006,46006,False,True,,EXPLAINED,UNCHANGED,
waterways,nhd-160739475,nhd-160739475,160739475,160739475,South Garber Creek,South Garber Creek,460,460,46006,46006,False,True,,EXPLAINED,UNCHANGED,
waterways,nhd-160739476,nhd-160739476,160739476,160739476,South Garber Creek,South Garber Creek,460,460,46006,46006,False,True,,EXPLAINED,UNCHANGED,
waterways,nhd-160739493,nhd-160739493,160739493,160739493,South Garber Creek,South Garber Creek,460,460,46006,46006,False,True,,EXPLAINED,UNCHANGED,
waterways,nhd-160739495,nhd-160739495,160739495,160739495,Middle Garber Creek,Middle Garber Creek,460,460,46006,46006,False,True,,EXPLAINED,UNCHANGED,
waterways,nhd-160739496,nhd-160739496,160739496,160739496,Middle Garber Creek,Middle Garber Creek,460,460,46006,46006,False,True,,EXPLAINED,UNCHANGED,
waterways,nhd-160739526,nhd-160739526,160739526,160739526,Jackson Creek,Jackson Creek,460,460,46006,46006,False,True,,EXPLAINED,UNCHANGED,
waterways,nhd-160739527,nhd-160739527,160739527,160739527,Jackson Creek,Jackson Creek,460,460,46006,46006,False,True,,EXPLAINED,UNCHANGED,
waterways,nhd-160739987,nhd-160739987,160739987,160739987,Bear Creek,Bear Creek,460,460,46006,46006,False,True,,EXPLAINED,UNCHANGED,
waterways,nhd-160739989,nhd-160739989,160739989,160739989,Bear Creek,Bear Creek,460,460,46006,46006,False,True,,EXPLAINED,UNCHANGED,
waterways,nhd-160740007,nhd-160740007,160740007,160740007,North Garber Creek,North Garber Creek,460,460,46006,46006,False,True,,EXPLAINED,UNCHANGED,
waterways,nhd-160740043,nhd-160740043,160740043,160740043,Bear Creek,Bear Creek,460,460,46006,46006,False,True,,EXPLAINED,UNCHANGED,
waterways,nhd-160740049,nhd-160740049,160740049,160740049,Indian Creek,Indian Creek,460,460,46003,46003,False,True,,EXPLAINED,UNCHANGED,
waterways,nhd-160740051,nhd-160740051,160740051,160740051,Pine Creek,Pine Creek,460,460,46006,46006,False,True,,EXPLAINED,UNCHANGED,
waterways,nhd-160740052,nhd-160740052,160740052,160740052,Pine Creek,Pine Creek,460,460,46006,46006,False,True,,EXPLAINED,UNCHANGED,
waterways,nhd-160740057,nhd-160740057,160740057,160740057,Middle Garber Creek,Middle Garber Creek,460,460,46003,46003,False,True,,EXPLAINED,UNCHANGED,
waterways,nhd-160740061,nhd-160740061,160740061,160740061,Pine Creek,Pine Creek,460,460,46006,46006,False,True,,EXPLAINED,UNCHANGED,
waterways,nhd-160740062,nhd-160740062,160740062,160740062,Pine Creek,Pine Creek,460,460,46006,46006,False,True,,EXPLAINED,UNCHANGED,
waterways,nhd-160740065,nhd-160740065,160740065,160740065,Bear Creek,Bear Creek,460,460,46006,46006,False,True,,EXPLAINED,UNCHANGED,
waterways,nhd-160740078,nhd-160740078,160740078,160740078,Indian Creek,Indian Creek,460,460,46003,46003,False,True,,EXPLAINED,UNCHANGED,
waterways,nhd-160740079,nhd-160740079,160740079,160740079,Indian Creek,Indian Creek,460,460,46003,46003,False,True,,EXPLAINED,UNCHANGED,
waterways,nhd-160740082,nhd-160740082,160740082,160740082,Middle Garber Creek,Middle Garber Creek,460,460,46003,46003,False,True,,EXPLAINED,UNCHANGED,
waterways,nhd-160740083,nhd-160740083,160740083,160740083,Middle Garber Creek,Middle Garber Creek,460,460,46003,46003,False,True,,EXPLAINED,UNCHANGED,
waterways,nhd-160740096,nhd-160740096,160740096,160740096,Bear Creek,Bear Creek,460,460,46006,46006,False,True,,EXPLAINED,UNCHANGED,
waterways,nhd-160740097,nhd-160740097,160740097,160740097,Bear Creek,Bear Creek,460,460,46006,46006,False,True,,EXPLAINED,UNCHANGED,
waterways,nhd-160740100,nhd-160740100,160740100,160740100,North Garber Creek,North Garber Creek,460,460,46006,46006,False,True,,EXPLAINED,UNCHANGED,
waterways,nhd-160740101,nhd-160740101,160740101,160740101,North Garber Creek,North Garber Creek,460,460,46006,46006,False,True,,EXPLAINED,UNCHANGED,
waterways,nhd-160740119,nhd-160740119,160740119,160740119,Middle Garber Creek,Middle Garber Creek,460,460,46003,46003,False,True,,EXPLAINED,UNCHANGED,
waterways,nhd-160740120,nhd-160740120,160740120,160740120,Indian Creek,Indian Creek,460,460,46003,46003,False,True,,EXPLAINED,UNCHANGED,
waterways,nhd-160740121,nhd-160740121,160740121,160740121,Indian Creek,Indian Creek,460,460,46003,46003,False,True,,EXPLAINED,UNCHANGED,
waterways,nhd-160740138,nhd-160740138,160740138,160740138,North Garber Creek,North Garber Creek,460,460,46006,46006,False,True,,EXPLAINED,UNCHANGED,
waterways,nhd-160740139,nhd-160740139,160740139,160740139,North Garber Creek,North Garber Creek,460,460,46006,46006,False,True,,EXPLAINED,UNCHANGED,
waterways,nhd-160740146,nhd-160740146,160740146,160740146,Bear Creek,Bear Creek,460,460,46006,46006,False,True,,EXPLAINED,UNCHANGED,
waterways,nhd-160740149,nhd-160740149,160740149,160740149,Bear Creek,Bear Creek,460,460,46006,46006,False,True,,EXPLAINED,UNCHANGED,
waterways,nhd-160740154,nhd-160740154,160740154,160740154,Bear Creek,Bear Creek,460,460,46006,46006,False,True,,EXPLAINED,UNCHANGED,
waterways,nhd-160740155,nhd-160740155,160740155,160740155,Bear Creek,Bear Creek,460,460,46006,46006,False,True,,EXPLAINED,UNCHANGED,
waterways,nhd-160740163,nhd-160740163,160740163,160740163,Indian Creek,Indian Creek,460,460,46003,46003,False,True,,EXPLAINED,UNCHANGED,
waterways,nhd-160740164,nhd-160740164,160740164,160740164,Indian Creek,Indian Creek,460,460,46003,46003,False,True,,EXPLAINED,UNCHANGED,
waterways,nhd-160740178,nhd-160740178,160740178,160740178,Bear Creek,Bear Creek,460,460,46006,46006,False,True,,EXPLAINED,UNCHANGED,
waterways,nhd-160740181,nhd-160740181,160740181,160740181,Middle Garber Creek,Middle Garber Creek,460,460,46003,46003,False,True,,EXPLAINED,UNCHANGED,
waterways,nhd-160740182,nhd-160740182,160740182,160740182,Indian Creek,Indian Creek,460,460,46003,46003,False,True,,EXPLAINED,UNCHANGED,
waterways,nhd-160740183,nhd-160740183,160740183,160740183,Indian Creek,Indian Creek,460,460,46003,46003,False,True,,EXPLAINED,UNCHANGED,
waterways,nhd-160740184,nhd-160740184,160740184,160740184,Bear Creek,Bear Creek,460,460,46006,46006,False,True,,EXPLAINED,UNCHANGED,
waterways,nhd-160740185,nhd-160740185,160740185,160740185,Bear Creek,Bear Creek,460,460,46006,46006,False,True,,EXPLAINED,UNCHANGED,
waterways,nhd-160740186,nhd-160740186,160740186,160740186,North Garber Creek,North Garber Creek,460,460,46006,46006,False,True,,EXPLAINED,UNCHANGED,
waterways,nhd-160740193,nhd-160740193,160740193,160740193,Pine Creek,Pine Creek,460,460,46006,46006,False,True,,EXPLAINED,UNCHANGED,
waterways,nhd-160740196,nhd-160740196,160740196,160740196,Bear Creek,Bear Creek,460,460,46006,46006,False,True,,EXPLAINED,UNCHANGED,
waterways,nhd-160740197,nhd-160740197,160740197,160740197,Bear Creek,Bear Creek,460,460,46006,46006,False,True,,EXPLAINED,UNCHANGED,
waterways,nhd-160740200,nhd-160740200,160740200,160740200,Bear Creek,Bear Creek,460,460,46006,46006,False,True,,EXPLAINED,UNCHANGED,
waterways,nhd-160740201,nhd-160740201,160740201,160740201,Bear Creek,Bear Creek,460,460,46006,46006,False,True,,EXPLAINED,UNCHANGED,
waterways,nhd-160740210,nhd-160740210,160740210,160740210,Bear Creek,Bear Creek,460,460,46006,46006,False,True,,EXPLAINED,UNCHANGED,
waterways,nhd-160740211,nhd-160740211,160740211,160740211,Bear Creek,Bear Creek,460,460,46006,46006,False,True,,EXPLAINED,UNCHANGED,
waterways,nhd-160740218,nhd-160740218,160740218,160740218,North Garber Creek,North Garber Creek,460,460,46006,46006,False,True,,EXPLAINED,UNCHANGED,
waterways,nhd-160740221,nhd-160740221,160740221,160740221,Bear Creek,Bear Creek,460,460,46006,46006,False,True,,EXPLAINED,UNCHANGED,
waterways,nhd-160740222,nhd-160740222,160740222,160740222,Bear Creek,Bear Creek,460,460,46006,46006,False,True,,EXPLAINED,UNCHANGED,
waterways,nhd-160740238,nhd-160740238,160740238,160740238,Bear Creek,Bear Creek,460,460,46006,46006,False,True,,EXPLAINED,UNCHANGED,
waterways,nhd-160740241,nhd-160740241,160740241,160740241,North Garber Creek,North Garber Creek,460,460,46003,46003,False,True,,EXPLAINED,UNCHANGED,
waterways,nhd-160740242,nhd-160740242,160740242,160740242,North Garber Creek,North Garber Creek,460,460,46003,46003,False,True,,EXPLAINED,UNCHANGED,
waterways,nhd-160740243,nhd-160740243,160740243,160740243,North Garber Creek,North Garber Creek,460,460,46006,46006,False,True,,EXPLAINED,UNCHANGED,
waterways,nhd-160740244,nhd-160740244,160740244,160740244,North Garber Creek,North Garber Creek,460,460,46006,46006,False,True,,EXPLAINED,UNCHANGED,
waterways,nhd-160740245,nhd-160740245,160740245,160740245,Bear Creek,Bear Creek,460,460,46006,46006,False,True,,EXPLAINED,UNCHANGED,
waterways,nhd-160740246,nhd-160740246,160740246,160740246,Bear Creek,Bear Creek,460,460,46006,46006,False,True,,EXPLAINED,UNCHANGED,
waterways,nhd-160740266,nhd-160740266,160740266,160740266,Bear Creek,Bear Creek,460,460,46006,46006,False,True,,EXPLAINED,UNCHANGED,
waterways,nhd-160740267,nhd-160740267,160740267,160740267,Bear Creek,Bear Creek,460,460,46006,46006,False,True,,EXPLAINED,UNCHANGED,
waterways,nhd-160740274,nhd-160740274,160740274,160740274,Middle Garber Creek,Middle Garber Creek,460,460,46006,46006,False,True,,EXPLAINED,UNCHANGED,
waterways,nhd-160740275,nhd-160740275,160740275,160740275,Middle Garber Creek,Middle Garber Creek,460,460,46006,46006,False,True,,EXPLAINED,UNCHANGED,
waterways,nhd-160740282,nhd-160740282,160740282,160740282,Bear Creek,Bear Creek,460,460,46006,46006,False,True,,EXPLAINED,UNCHANGED,
waterways,nhd-160740293,nhd-160740293,160740293,160740293,Middle Garber Creek,Middle Garber Creek,460,460,46003,46003,False,True,,EXPLAINED,UNCHANGED,
waterways,nhd-160740294,nhd-160740294,160740294,160740294,Middle Garber Creek,Middle Garber Creek,460,460,46003,46003,False,True,,EXPLAINED,UNCHANGED,
waterways,nhd-160740334,nhd-160740334,160740334,160740334,Middle Garber Creek,Middle Garber Creek,460,460,46006,46006,False,True,,EXPLAINED,UNCHANGED,
waterways,nhd-160740335,nhd-160740335,160740335,160740335,Middle Garber Creek,Middle Garber Creek,460,460,46006,46006,False,True,,EXPLAINED,UNCHANGED,
waterways,nhd-160740340,nhd-160740340,160740340,160740340,Bear Creek,Bear Creek,460,460,46006,46006,False,True,,EXPLAINED,UNCHANGED,
waterways,nhd-160740341,nhd-160740341,160740341,160740341,Bear Creek,Bear Creek,460,460,46006,46006,False,True,,EXPLAINED,UNCHANGED,
waterways,nhd-160740370,nhd-160740370,160740370,160740370,Bear Creek,Bear Creek,460,460,46006,46006,False,True,,EXPLAINED,UNCHANGED,
waterways,nhd-160740371,nhd-160740371,160740371,160740371,Bear Creek,Bear Creek,460,460,46006,46006,False,True,,EXPLAINED,UNCHANGED,
waterways,nhd-160740372,nhd-160740372,160740372,160740372,Bear Creek,Bear Creek,460,460,46006,46006,False,True,,EXPLAINED,UNCHANGED,
waterways,nhd-160740373,nhd-160740373,160740373,160740373,Bear Creek,Bear Creek,460,460,46006,46006,False,True,,EXPLAINED,UNCHANGED,
waterways,nhd-160740374,nhd-160740374,160740374,160740374,Middle Garber Creek,Middle Garber Creek,460,460,46003,46003,False,True,,EXPLAINED,UNCHANGED,
waterways,nhd-160740375,nhd-160740375,160740375,160740375,Middle Garber Creek,Middle Garber Creek,460,460,46003,46003,False,True,,EXPLAINED,UNCHANGED,
waterways,nhd-160740445,nhd-160740445,160740445,160740445,South Platte River,South Platte River,558,558,55800,55800,True,False,,NOT EXPLAINED,UNEXPLAINED_GEOMETRY_CHANGE,changed_source_fields_or_geometry
waterways,nhd-160740446,nhd-160740446,160740446,160740446,South Platte River,South Platte River,558,558,55800,55800,True,False,,NOT EXPLAINED,UNEXPLAINED_GEOMETRY_CHANGE,changed_source_fields_or_geometry
waterways,nhd-160740925,nhd-160740925,160740925,160740925,Pine Creek,Pine Creek,460,460,46006,46006,False,True,,EXPLAINED,UNCHANGED,
waterways,nhd-160741422,nhd-160741422,160741422,160741422,Pine Creek,Pine Creek,460,460,46006,46006,False,True,,EXPLAINED,UNCHANGED,
waterways,,nhd-160741515,,160741515,,North Fork South Platte River,,558,,55800,False,False,,EXPLAINED,ADDED_IN_STRIP,
waterways,nhd-160741531,nhd-160741531,160741531,160741531,Highline Canal,Highline Canal,336,336,33600,33600,False,True,,EXPLAINED,UNCHANGED,
waterways,,nhd-160741538,,160741538,,South Platte River,,558,,55800,False,False,,EXPLAINED,ADDED_IN_STRIP,
waterways,,nhd-160741658,,160741658,,South Platte River,,558,,55800,False,False,,EXPLAINED,ADDED_IN_STRIP,
waterways,,nhd-160741659,,160741659,,South Platte River,,558,,55800,False,False,,EXPLAINED,ADDED_IN_STRIP,
waterways,,nhd-160741686,,160741686,,South Platte River,,558,,55800,False,False,,EXPLAINED,ADDED_IN_STRIP,
waterways,,nhd-160741694,,160741694,,South Platte River,,558,,55800,False,False,,EXPLAINED,ADDED_IN_STRIP,
waterways,,nhd-160741702,,160741702,,South Platte River,,558,,55800,False,False,,EXPLAINED,ADDED_IN_STRIP,
waterways,nhd-160742072,nhd-160742072,160742072,160742072,Pine Creek,Pine Creek,460,460,46006,46006,False,True,,EXPLAINED,UNCHANGED,
waterways,nhd-160742073,nhd-160742073,160742073,160742073,Pine Creek,Pine Creek,460,460,46006,46006,False,True,,EXPLAINED,UNCHANGED,
waterways,nhd-160742074,nhd-160742074,160742074,160742074,Pine Creek,Pine Creek,460,460,46006,46006,False,True,,EXPLAINED,UNCHANGED,
waterways,nhd-160742075,nhd-160742075,160742075,160742075,Pine Creek,Pine Creek,460,460,46006,46006,False,True,,EXPLAINED,UNCHANGED,
waterways,nhd-160742079,nhd-160742079,160742079,160742079,Pine Creek,Pine Creek,460,460,46006,46006,False,True,,EXPLAINED,UNCHANGED,
waterways,nhd-160742080,nhd-160742080,160742080,160742080,Pine Creek,Pine Creek,460,460,46006,46006,False,True,,EXPLAINED,UNCHANGED,
waterways,nhd-160742086,nhd-160742086,160742086,160742086,Pine Creek,Pine Creek,460,460,46006,46006,False,True,,EXPLAINED,UNCHANGED,
waterways,nhd-160742087,nhd-160742087,160742087,160742087,Pine Creek,Pine Creek,460,460,46006,46006,False,True,,EXPLAINED,UNCHANGED,
waterways,nhd-160742112,nhd-160742112,160742112,160742112,Pine Creek,Pine Creek,460,460,46006,46006,False,True,,EXPLAINED,UNCHANGED,
waterways,nhd-160742113,nhd-160742113,160742113,160742113,Pine Creek,Pine Creek,460,460,46006,46006,False,True,,EXPLAINED,UNCHANGED,
waterways,,nhd-160742123,,160742123,,South Platte River,,558,,55800,False,False,,EXPLAINED,ADDED_IN_STRIP,
waterways,,nhd-160742124,,160742124,,South Platte River,,558,,55800,False,False,,EXPLAINED,ADDED_IN_STRIP,
waterways,nhd-160742140,nhd-160742140,160742140,160742140,Pine Creek,Pine Creek,460,460,46006,46006,False,True,,EXPLAINED,UNCHANGED,
waterways,nhd-160742141,nhd-160742141,160742141,160742141,Pine Creek,Pine Creek,460,460,46006,46006,False,True,,EXPLAINED,UNCHANGED,
waterways,,nhd-160742142,,160742142,,South Platte River,,558,,55800,False,False,,EXPLAINED,ADDED_IN_STRIP,
waterways,,nhd-160742143,,160742143,,South Platte River,,558,,55800,False,False,,EXPLAINED,ADDED_IN_STRIP,
waterways,,nhd-160742195,,160742195,,South Platte River,,558,,55800,False,False,,EXPLAINED,ADDED_IN_STRIP,
waterways,,nhd-160742196,,160742196,,South Platte River,,558,,55800,False,False,,EXPLAINED,ADDED_IN_STRIP,
waterways,,nhd-160742250,,160742250,,South Platte River,,558,,55800,False,False,,EXPLAINED,ADDED_IN_STRIP,
waterways,,nhd-160742251,,160742251,,South Platte River,,558,,55800,False,False,,EXPLAINED,ADDED_IN_STRIP,
waterways,,nhd-160742291,,160742291,,South Platte River,,558,,55800,False,False,,EXPLAINED,ADDED_IN_STRIP,
waterways,nhd-160742292,nhd-160742292,160742292,160742292,South Platte River,South Platte River,558,558,55800,55800,True,False,,NOT EXPLAINED,UNEXPLAINED_GEOMETRY_CHANGE,changed_source_fields_or_geometry
waterways,nhd-160742310,nhd-160742310,160742310,160742310,South Platte River,South Platte River,558,558,55800,55800,False,True,,EXPLAINED,UNCHANGED,
waterways,,nhd-160743012,,160743012,,South Platte River,,558,,55800,False,False,,EXPLAINED,ADDED_IN_STRIP,
waterways,,nhd-160743042,,160743042,,South Platte River,,558,,55800,False,False,,EXPLAINED,ADDED_IN_STRIP,
waterways,,nhd-160743043,,160743043,,South Platte River,,558,,55800,False,False,,EXPLAINED,ADDED_IN_STRIP,
waterways,,nhd-160743074,,160743074,,South Platte River,,558,,55800,False,False,,EXPLAINED,ADDED_IN_STRIP,
waterways,,nhd-160743075,,160743075,,South Platte River,,558,,55800,False,False,,EXPLAINED,ADDED_IN_STRIP,
waterways,nhd-160743480,nhd-160743480,160743480,160743480,Indian Creek,Indian Creek,460,460,46006,46006,False,True,,EXPLAINED,UNCHANGED,
waterways,nhd-160743481,nhd-160743481,160743481,160743481,Indian Creek,Indian Creek,460,460,46006,46006,False,True,,EXPLAINED,UNCHANGED,
waterways,nhd-160743635,nhd-160743635,160743635,160743635,Bear Creek,Bear Creek,460,460,46006,46006,False,True,,EXPLAINED,UNCHANGED,
waterways,nhd-160743638,nhd-160743638,160743638,160743638,Indian Creek,Indian Creek,460,460,46006,46006,False,True,,EXPLAINED,UNCHANGED,
waterways,nhd-160743642,nhd-160743642,160743642,160743642,Rainbow Creek,Rainbow Creek,460,460,46003,46003,False,True,,EXPLAINED,UNCHANGED,
waterways,nhd-160743645,nhd-160743645,160743645,160743645,Rainbow Creek,Rainbow Creek,460,460,46003,46003,False,True,,EXPLAINED,UNCHANGED,
waterways,nhd-160745144,nhd-160745144,160745144,160745144,Willow Creek,Willow Creek,460,460,46003,46003,False,True,,EXPLAINED,UNCHANGED,
waterways,nhd-160745147,nhd-160745147,160745147,160745147,Willow Creek,Willow Creek,460,460,46003,46003,False,True,,EXPLAINED,UNCHANGED,
waterways,nhd-160745155,nhd-160745155,160745155,160745155,Willow Creek,Willow Creek,460,460,46003,46003,False,True,,EXPLAINED,UNCHANGED,
waterways,nhd-160745156,nhd-160745156,160745156,160745156,Willow Creek,Willow Creek,460,460,46003,46003,False,True,,EXPLAINED,UNCHANGED,
waterways,nhd-160745157,nhd-160745157,160745157,160745157,Willow Creek,Willow Creek,460,460,46003,46003,False,True,,EXPLAINED,UNCHANGED,
waterways,nhd-160745158,nhd-160745158,160745158,160745158,Willow Creek,Willow Creek,460,460,46003,46003,False,True,,EXPLAINED,UNCHANGED,
waterways,nhd-160745169,nhd-160745169,160745169,160745169,Indian Creek,Indian Creek,460,460,46006,46006,False,True,,EXPLAINED,UNCHANGED,
waterways,nhd-160745174,nhd-160745174,160745174,160745174,Bear Creek,Bear Creek,460,460,46006,46006,False,True,,EXPLAINED,UNCHANGED,
waterways,nhd-160745175,nhd-160745175,160745175,160745175,Bear Creek,Bear Creek,460,460,46006,46006,False,True,,EXPLAINED,UNCHANGED,
waterways,nhd-160745940,nhd-160745940,160745940,160745940,South Platte River,South Platte River,558,558,55800,55800,True,False,,NOT EXPLAINED,UNEXPLAINED_GEOMETRY_CHANGE,changed_source_fields_or_geometry
waterways,nhd-160745945,nhd-160745945,160745945,160745945,Spring Creek,Spring Creek,460,460,46006,46006,False,True,,EXPLAINED,UNCHANGED,
waterways,nhd-160746085,nhd-160746085,160746085,160746085,Rainbow Creek,Rainbow Creek,460,460,46003,46003,False,True,,EXPLAINED,UNCHANGED,
waterways,nhd-160746096,nhd-160746096,160746096,160746096,Indian Creek,Indian Creek,460,460,46006,46006,False,True,,EXPLAINED,UNCHANGED,
waterways,nhd-160746097,nhd-160746097,160746097,160746097,Indian Creek,Indian Creek,460,460,46006,46006,False,True,,EXPLAINED,UNCHANGED,
waterways,nhd-160746106,nhd-160746106,160746106,160746106,Willow Creek,Willow Creek,460,460,46003,46003,False,True,,EXPLAINED,UNCHANGED,
waterways,nhd-160746115,nhd-160746115,160746115,160746115,Willow Creek,Willow Creek,460,460,46003,46003,False,True,,EXPLAINED,UNCHANGED,
waterways,nhd-160747092,nhd-160747092,160747092,160747092,Rainbow Creek,Rainbow Creek,460,460,46003,46003,False,True,,EXPLAINED,UNCHANGED,
waterways,nhd-160747098,nhd-160747098,160747098,160747098,Indian Creek,Indian Creek,460,460,46006,46006,False,True,,EXPLAINED,UNCHANGED,
waterways,nhd-160747099,nhd-160747099,160747099,160747099,Indian Creek,Indian Creek,460,460,46006,46006,False,True,,EXPLAINED,UNCHANGED,
waterways,nhd-160747112,nhd-160747112,160747112,160747112,Willow Creek,Willow Creek,460,460,46003,46003,False,True,,EXPLAINED,UNCHANGED,
waterways,nhd-160747113,nhd-160747113,160747113,160747113,Willow Creek,Willow Creek,460,460,46003,46003,False,True,,EXPLAINED,UNCHANGED,
waterways,nhd-160747122,nhd-160747122,160747122,160747122,Bear Creek,Bear Creek,460,460,46006,46006,False,True,,EXPLAINED,UNCHANGED,
waterways,nhd-160747123,nhd-160747123,160747123,160747123,Bear Creek,Bear Creek,460,460,46006,46006,False,True,,EXPLAINED,UNCHANGED,
waterways,nhd-160747280,nhd-160747280,160747280,160747280,Indian Creek,Indian Creek,460,460,46006,46006,False,True,,EXPLAINED,UNCHANGED,
waterways,nhd-160747281,nhd-160747281,160747281,160747281,Indian Creek,Indian Creek,460,460,46006,46006,False,True,,EXPLAINED,UNCHANGED,
waterways,nhd-160747288,nhd-160747288,160747288,160747288,Indian Creek,Indian Creek,460,460,46006,46006,False,True,,EXPLAINED,UNCHANGED,
waterways,nhd-160747289,nhd-160747289,160747289,160747289,Indian Creek,Indian Creek,460,460,46006,46006,False,True,,EXPLAINED,UNCHANGED,
waterways,nhd-160747290,nhd-160747290,160747290,160747290,Rainbow Creek,Rainbow Creek,460,460,46003,46003,False,True,,EXPLAINED,UNCHANGED,
waterways,nhd-160747291,nhd-160747291,160747291,160747291,Rainbow Creek,Rainbow Creek,460,460,46003,46003,False,True,,EXPLAINED,UNCHANGED,
waterways,nhd-160747320,nhd-160747320,160747320,160747320,Indian Creek,Indian Creek,460,460,46006,46006,False,True,,EXPLAINED,UNCHANGED,
waterways,nhd-160747321,nhd-160747321,160747321,160747321,Indian Creek,Indian Creek,460,460,46006,46006,False,True,,EXPLAINED,UNCHANGED,
waterways,nhd-160747579,nhd-160747579,160747579,160747579,Willow Creek,Willow Creek,460,460,46003,46003,False,True,,EXPLAINED,UNCHANGED,
waterways,nhd-160747580,nhd-160747580,160747580,160747580,Willow Creek,Willow Creek,460,460,46003,46003,False,True,,EXPLAINED,UNCHANGED,
waterways,nhd-160747581,nhd-160747581,160747581,160747581,Little Willow Creek,Little Willow Creek,460,460,46003,46003,False,True,,EXPLAINED,UNCHANGED,
waterways,nhd-160747591,nhd-160747591,160747591,160747591,Indian Creek,Indian Creek,460,460,46006,46006,False,True,,EXPLAINED,UNCHANGED,
waterways,nhd-160747592,nhd-160747592,160747592,160747592,Indian Creek,Indian Creek,460,460,46006,46006,False,True,,EXPLAINED,UNCHANGED,
waterways,nhd-160747600,nhd-160747600,160747600,160747600,Rainbow Creek,Rainbow Creek,460,460,46003,46003,False,True,,EXPLAINED,UNCHANGED,
waterways,nhd-160747601,nhd-160747601,160747601,160747601,Rainbow Creek,Rainbow Creek,460,460,46003,46003,False,True,,EXPLAINED,UNCHANGED,
waterways,nhd-160748363,nhd-160748363,160748363,160748363,West Bear Creek,West Bear Creek,460,460,46003,46003,False,True,,EXPLAINED,UNCHANGED,
waterways,nhd-160748791,nhd-160748791,160748791,160748791,Bear Creek,Bear Creek,460,460,46006,46006,False,True,,EXPLAINED,UNCHANGED,
waterways,nhd-160748792,nhd-160748792,160748792,160748792,Eagle Creek,Eagle Creek,460,460,46006,46006,False,True,,EXPLAINED,UNCHANGED,
waterways,nhd-160749011,nhd-160749011,160749011,160749011,Indian Creek,Indian Creek,460,460,46003,46003,False,True,,EXPLAINED,UNCHANGED,
waterways,nhd-160749012,nhd-160749012,160749012,160749012,Indian Creek,Indian Creek,460,460,46003,46003,False,True,,EXPLAINED,UNCHANGED,
waterways,nhd-160749014,nhd-160749014,160749014,160749014,Rainbow Creek,Rainbow Creek,460,460,46003,46003,False,True,,EXPLAINED,UNCHANGED,
waterways,nhd-160749015,nhd-160749015,160749015,160749015,Rainbow Creek,Rainbow Creek,460,460,46003,46003,False,True,,EXPLAINED,UNCHANGED,
waterways,nhd-160749016,nhd-160749016,160749016,160749016,Rainbow Creek,Rainbow Creek,460,460,46003,46003,False,True,,EXPLAINED,UNCHANGED,
waterways,nhd-160749018,nhd-160749018,160749018,160749018,Indian Creek,Indian Creek,460,460,46006,46006,False,True,,EXPLAINED,UNCHANGED,
waterways,nhd-160749019,nhd-160749019,160749019,160749019,Indian Creek,Indian Creek,460,460,46006,46006,False,True,,EXPLAINED,UNCHANGED,
waterways,,nhd-160749217,,160749217,,North Fork South Platte River,,558,,55800,False,False,,EXPLAINED,ADDED_IN_STRIP,
waterways,nhd-160749246,nhd-160749246,160749246,160749246,Bear Creek,Bear Creek,460,460,46006,46006,False,True,,EXPLAINED,UNCHANGED,
waterways,nhd-160749250,nhd-160749250,160749250,160749250,Jarre Creek,Jarre Creek,460,460,46003,46003,False,True,,EXPLAINED,UNCHANGED,
waterways,nhd-160749251,nhd-160749251,160749251,160749251,Jarre Creek,Jarre Creek,460,460,46003,46003,False,True,,EXPLAINED,UNCHANGED,
waterways,nhd-160749252,nhd-160749252,160749252,160749252,Willow Creek,Willow Creek,460,460,46003,46003,False,True,,EXPLAINED,UNCHANGED,
waterways,nhd-160749253,nhd-160749253,160749253,160749253,Willow Creek,Willow Creek,460,460,46003,46003,False,True,,EXPLAINED,UNCHANGED,
waterways,nhd-160749256,nhd-160749256,160749256,160749256,Bear Creek,Bear Creek,460,460,46006,46006,False,True,,EXPLAINED,UNCHANGED,
waterways,nhd-160749257,nhd-160749257,160749257,160749257,Little Willow Creek,Little Willow Creek,460,460,46003,46003,False,True,,EXPLAINED,UNCHANGED,
waterways,nhd-160749282,nhd-160749282,160749282,160749282,Indian Creek,Indian Creek,460,460,46006,46006,False,True,,EXPLAINED,UNCHANGED,
waterways,nhd-160749283,nhd-160749283,160749283,160749283,Indian Creek,Indian Creek,460,460,46006,46006,False,True,,EXPLAINED,UNCHANGED,
waterways,,nhd-160749309,,160749309,,South Platte River,,558,,55800,False,False,,EXPLAINED,ADDED_IN_STRIP,
waterways,nhd-160749310,nhd-160749310,160749310,160749310,South Platte River,South Platte River,558,558,55800,55800,True,False,,NOT EXPLAINED,UNEXPLAINED_GEOMETRY_CHANGE,changed_source_fields_or_geometry
waterways,nhd-160749903,nhd-160749903,160749903,160749903,West Bear Creek,West Bear Creek,460,460,46003,46003,False,True,,EXPLAINED,UNCHANGED,
waterways,nhd-160749904,nhd-160749904,160749904,160749904,West Bear Creek,West Bear Creek,460,460,46003,46003,False,True,,EXPLAINED,UNCHANGED,
waterways,nhd-160749926,nhd-160749926,160749926,160749926,South Platte River,South Platte River,558,558,55800,55800,True,False,,NOT EXPLAINED,UNEXPLAINED_GEOMETRY_CHANGE,changed_source_fields_or_geometry
waterways,,nhd-160749927,,160749927,,South Platte River,,558,,55800,False,False,,EXPLAINED,ADDED_IN_STRIP,
waterways,,nhd-160749932,,160749932,,South Platte River,,558,,55800,False,False,,EXPLAINED,ADDED_IN_STRIP,
waterways,nhd-160749944,nhd-160749944,160749944,160749944,South Platte River,South Platte River,558,558,55800,55800,True,False,,NOT EXPLAINED,UNEXPLAINED_GEOMETRY_CHANGE,changed_source_fields_or_geometry
waterways,,nhd-160749945,,160749945,,South Platte River,,558,,55800,False,False,,EXPLAINED,ADDED_IN_STRIP,
waterways,,nhd-160749948,,160749948,,South Platte River,,558,,55800,False,False,,EXPLAINED,ADDED_IN_STRIP,
waterways,,nhd-160749949,,160749949,,South Platte River,,558,,55800,False,False,,EXPLAINED,ADDED_IN_STRIP,
waterways,,nhd-160749956,,160749956,,South Platte River,,558,,55800,False,False,,EXPLAINED,ADDED_IN_STRIP,
waterways,,nhd-160749957,,160749957,,South Platte River,,558,,55800,False,False,,EXPLAINED,ADDED_IN_STRIP,
waterways,,nhd-160749974,,160749974,,North Fork South Platte River,,558,,55800,False,False,,EXPLAINED,ADDED_IN_STRIP,
waterways,,nhd-160749975,,160749975,,North Fork South Platte River,,558,,55800,False,False,,EXPLAINED,ADDED_IN_STRIP,
waterways,,nhd-160749984,,160749984,,South Platte River,,558,,55800,False,False,,EXPLAINED,ADDED_IN_STRIP,
waterways,,nhd-160749992,,160749992,,Spring Creek,,460,,46003,False,False,,EXPLAINED,ADDED_IN_STRIP,
waterways,,nhd-160749997,,160749997,,South Platte River,,558,,55800,False,False,,EXPLAINED,ADDED_IN_STRIP,
waterways,nhd-160749998,nhd-160749998,160749998,160749998,South Platte River,South Platte River,558,558,55800,55800,True,False,,NOT EXPLAINED,UNEXPLAINED_GEOMETRY_CHANGE,changed_source_fields_or_geometry
waterways,,nhd-160750001,,160750001,,Spring Creek,,460,,46003,False,False,,EXPLAINED,ADDED_IN_STRIP,
waterways,,nhd-160750002,,160750002,,Spring Creek,,460,,46003,False,False,,EXPLAINED,ADDED_IN_STRIP,
waterways,,nhd-160750009,,160750009,,South Platte River,,558,,55800,False,False,,EXPLAINED,ADDED_IN_STRIP,
waterways,,nhd-160750010,,160750010,,South Platte River,,558,,55800,False,False,,EXPLAINED,ADDED_IN_STRIP,
waterways,,nhd-160750015,,160750015,,South Platte River,,558,,55800,False,False,,EXPLAINED,ADDED_IN_STRIP,
waterways,,nhd-160750016,,160750016,,South Platte River,,558,,55800,False,False,,EXPLAINED,ADDED_IN_STRIP,
waterways,,nhd-160750018,,160750018,,South Platte River,,558,,55800,False,False,,EXPLAINED,ADDED_IN_STRIP,
waterways,,nhd-160750019,,160750019,,South Platte River,,558,,55800,False,False,,EXPLAINED,ADDED_IN_STRIP,
waterways,,nhd-160750020,,160750020,,South Platte River,,558,,55800,False,False,,EXPLAINED,ADDED_IN_STRIP,
waterways,,nhd-160750033,,160750033,,South Platte River,,558,,55800,False,False,,EXPLAINED,ADDED_IN_STRIP,
waterways,,nhd-160750034,,160750034,,South Platte River,,558,,55800,False,False,,EXPLAINED,ADDED_IN_STRIP,
waterways,nhd-160750041,nhd-160750041,160750041,160750041,South Platte River,South Platte River,558,558,55800,55800,True,False,,NOT EXPLAINED,UNEXPLAINED_GEOMETRY_CHANGE,changed_source_fields_or_geometry
waterways,,nhd-160750052,,160750052,,North Fork South Platte River,,558,,55800,False,False,,EXPLAINED,ADDED_IN_STRIP,
waterways,,nhd-160750053,,160750053,,North Fork South Platte River,,558,,55800,False,False,,EXPLAINED,ADDED_IN_STRIP,
waterways,,nhd-160750062,,160750062,,South Platte River,,558,,55800,False,False,,EXPLAINED,ADDED_IN_STRIP,
waterways,,nhd-160750063,,160750063,,South Platte River,,558,,55800,False,False,,EXPLAINED,ADDED_IN_STRIP,
waterways,,nhd-160750080,,160750080,,South Platte River,,558,,55800,False,False,,EXPLAINED,ADDED_IN_STRIP,
waterways,,nhd-160750083,,160750083,,South Platte River,,558,,55800,False,False,,EXPLAINED,ADDED_IN_STRIP,
waterways,,nhd-160750084,,160750084,,South Platte River,,558,,55800,False,False,,EXPLAINED,ADDED_IN_STRIP,
waterways,,nhd-160750087,,160750087,,South Platte River,,558,,55800,False,False,,EXPLAINED,ADDED_IN_STRIP,
waterways,,nhd-160750088,,160750088,,South Platte River,,558,,55800,False,False,,EXPLAINED,ADDED_IN_STRIP,
waterways,,nhd-160750094,,160750094,,South Platte River,,558,,55800,False,False,,EXPLAINED,ADDED_IN_STRIP,
waterways,,nhd-160750095,,160750095,,South Platte River,,558,,55800,False,False,,EXPLAINED,ADDED_IN_STRIP,
waterways,nhd-160750098,nhd-160750098,160750098,160750098,South Platte River,South Platte River,558,558,55800,55800,True,False,,NOT EXPLAINED,UNEXPLAINED_GEOMETRY_CHANGE,changed_source_fields_or_geometry
waterways,nhd-160750099,nhd-160750099,160750099,160750099,South Platte River,South Platte River,558,558,55800,55800,True,False,,NOT EXPLAINED,UNEXPLAINED_GEOMETRY_CHANGE,changed_source_fields_or_geometry
waterways,nhd-160750545,nhd-160750545,160750545,160750545,Indian Creek,Indian Creek,460,460,46006,46006,False,True,,EXPLAINED,UNCHANGED,
waterways,nhd-160750549,nhd-160750549,160750549,160750549,Indian Creek,Indian Creek,460,460,46006,46006,False,True,,EXPLAINED,UNCHANGED,
waterways,nhd-160750550,nhd-160750550,160750550,160750550,Indian Creek,Indian Creek,460,460,46006,46006,False,True,,EXPLAINED,UNCHANGED,
waterways,nhd-160750587,nhd-160750587,160750587,160750587,Willow Creek,Willow Creek,460,460,46003,46003,False,True,,EXPLAINED,UNCHANGED,
waterways,nhd-160750588,nhd-160750588,160750588,160750588,Willow Creek,Willow Creek,460,460,46003,46003,False,True,,EXPLAINED,UNCHANGED,
waterways,nhd-160750593,nhd-160750593,160750593,160750593,Willow Creek,Willow Creek,460,460,46003,46003,False,True,,EXPLAINED,UNCHANGED,
waterways,nhd-160750594,nhd-160750594,160750594,160750594,Willow Creek,Willow Creek,460,460,46003,46003,False,True,,EXPLAINED,UNCHANGED,
waterways,nhd-160750598,nhd-160750598,160750598,160750598,Little Willow Creek,Little Willow Creek,460,460,46003,46003,False,True,,EXPLAINED,UNCHANGED,
waterways,nhd-160750602,nhd-160750602,160750602,160750602,Jarre Creek,Jarre Creek,460,460,46003,46003,False,True,,EXPLAINED,UNCHANGED,
waterways,nhd-160750603,nhd-160750603,160750603,160750603,Bear Creek,Bear Creek,460,460,46006,46006,False,True,,EXPLAINED,UNCHANGED,
waterways,nhd-160750605,nhd-160750605,160750605,160750605,Indian Creek,Indian Creek,460,460,46006,46006,False,True,,EXPLAINED,UNCHANGED,
waterways,nhd-160750606,nhd-160750606,160750606,160750606,Indian Creek,Indian Creek,460,460,46006,46006,False,True,,EXPLAINED,UNCHANGED,
waterways,nhd-160750607,nhd-160750607,160750607,160750607,Rainbow Creek,Rainbow Creek,460,460,46003,46003,False,True,,EXPLAINED,UNCHANGED,
waterways,nhd-160750608,nhd-160750608,160750608,160750608,Rainbow Creek,Rainbow Creek,460,460,46003,46003,False,True,,EXPLAINED,UNCHANGED,
waterways,nhd-160750609,nhd-160750609,160750609,160750609,Rainbow Creek,Rainbow Creek,460,460,46003,46003,False,True,,EXPLAINED,UNCHANGED,
waterways,nhd-160750611,nhd-160750611,160750611,160750611,Bear Creek,Bear Creek,460,460,46006,46006,False,True,,EXPLAINED,UNCHANGED,
waterways,nhd-160750612,nhd-160750612,160750612,160750612,Willow Creek,Willow Creek,460,460,46003,46003,False,True,,EXPLAINED,UNCHANGED,
waterways,nhd-160750613,nhd-160750613,160750613,160750613,Willow Creek,Willow Creek,460,460,46003,46003,False,True,,EXPLAINED,UNCHANGED,
waterways,nhd-160750615,nhd-160750615,160750615,160750615,Indian Creek,Indian Creek,460,460,46006,46006,False,True,,EXPLAINED,UNCHANGED,
waterways,nhd-160750616,nhd-160750616,160750616,160750616,Indian Creek,Indian Creek,460,460,46006,46006,False,True,,EXPLAINED,UNCHANGED,
waterways,nhd-160750634,nhd-160750634,160750634,160750634,Indian Creek,Indian Creek,460,460,46006,46006,False,True,,EXPLAINED,UNCHANGED,
waterways,nhd-160750635,nhd-160750635,160750635,160750635,Indian Creek,Indian Creek,460,460,46006,46006,False,True,,EXPLAINED,UNCHANGED,
waterways,nhd-160750639,nhd-160750639,160750639,160750639,Indian Creek,Indian Creek,460,460,46006,46006,False,True,,EXPLAINED,UNCHANGED,
waterways,nhd-160750640,nhd-160750640,160750640,160750640,Little Willow Creek,Little Willow Creek,460,460,46003,46003,False,True,,EXPLAINED,UNCHANGED,
waterways,nhd-160750641,nhd-160750641,160750641,160750641,Little Willow Creek,Little Willow Creek,460,460,46003,46003,False,True,,EXPLAINED,UNCHANGED,
waterways,nhd-160750645,nhd-160750645,160750645,160750645,Rainbow Creek,Rainbow Creek,460,460,46003,46003,False,True,,EXPLAINED,UNCHANGED,
waterways,nhd-160750646,nhd-160750646,160750646,160750646,Rainbow Creek,Rainbow Creek,460,460,46003,46003,False,True,,EXPLAINED,UNCHANGED,
waterways,nhd-160750652,nhd-160750652,160750652,160750652,Indian Creek,Indian Creek,460,460,46006,46006,False,True,,EXPLAINED,UNCHANGED,
waterways,nhd-160750665,nhd-160750665,160750665,160750665,Rainbow Creek,Rainbow Creek,460,460,46003,46003,False,True,,EXPLAINED,UNCHANGED,
waterways,nhd-160750666,nhd-160750666,160750666,160750666,Rainbow Creek,Rainbow Creek,460,460,46003,46003,False,True,,EXPLAINED,UNCHANGED,
waterways,nhd-160750667,nhd-160750667,160750667,160750667,Indian Creek,Indian Creek,460,460,46006,46006,False,True,,EXPLAINED,UNCHANGED,
waterways,nhd-160750668,nhd-160750668,160750668,160750668,Indian Creek,Indian Creek,460,460,46006,46006,False,True,,EXPLAINED,UNCHANGED,
waterways,nhd-160750674,nhd-160750674,160750674,160750674,Rainbow Creek,Rainbow Creek,460,460,46003,46003,False,True,,EXPLAINED,UNCHANGED,
waterways,nhd-160750675,nhd-160750675,160750675,160750675,Rainbow Creek,Rainbow Creek,460,460,46003,46003,False,True,,EXPLAINED,UNCHANGED,
waterways,nhd-160750676,nhd-160750676,160750676,160750676,Bear Creek,Bear Creek,460,460,46006,46006,False,True,,EXPLAINED,UNCHANGED,
waterways,nhd-160750677,nhd-160750677,160750677,160750677,Bear Creek,Bear Creek,460,460,46006,46006,False,True,,EXPLAINED,UNCHANGED,
waterways,nhd-160750686,nhd-160750686,160750686,160750686,West Bear Creek,West Bear Creek,460,460,46003,46003,False,True,,EXPLAINED,UNCHANGED,
waterways,nhd-160750687,nhd-160750687,160750687,160750687,Indian Creek,Indian Creek,460,460,46006,46006,False,True,,EXPLAINED,UNCHANGED,
waterways,nhd-160750688,nhd-160750688,160750688,160750688,Indian Creek,Indian Creek,460,460,46006,46006,False,True,,EXPLAINED,UNCHANGED,
waterways,nhd-160750691,nhd-160750691,160750691,160750691,Rainbow Creek,Rainbow Creek,558,558,55800,55800,False,True,,EXPLAINED,UNCHANGED,
waterways,nhd-160750692,nhd-160750692,160750692,160750692,Rainbow Creek,Rainbow Creek,558,558,55800,55800,False,True,,EXPLAINED,UNCHANGED,
waterways,nhd-160750695,nhd-160750695,160750695,160750695,Aurora Rampart Tunnel Number 2,Aurora Rampart Tunnel Number 2,428,428,42803,42803,False,True,,EXPLAINED,UNCHANGED,
waterways,nhd-160750707,nhd-160750707,160750707,160750707,Little Willow Creek,Little Willow Creek,460,460,46003,46003,False,True,,EXPLAINED,UNCHANGED,
waterways,nhd-160750708,nhd-160750708,160750708,160750708,Little Willow Creek,Little Willow Creek,460,460,46003,46003,False,True,,EXPLAINED,UNCHANGED,
waterways,nhd-160750709,nhd-160750709,160750709,160750709,Indian Creek,Indian Creek,460,460,46006,46006,False,True,,EXPLAINED,UNCHANGED,
waterways,nhd-160750716,nhd-160750716,160750716,160750716,Rainbow Creek,Rainbow Creek,460,460,46003,46003,False,True,,EXPLAINED,UNCHANGED,
waterways,nhd-160750717,nhd-160750717,160750717,160750717,Rainbow Creek,Rainbow Creek,460,460,46003,46003,False,True,,EXPLAINED,UNCHANGED,
waterways,nhd-160750731,nhd-160750731,160750731,160750731,Indian Creek,Indian Creek,460,460,46006,46006,False,True,,EXPLAINED,UNCHANGED,
waterways,nhd-160750732,nhd-160750732,160750732,160750732,Indian Creek,Indian Creek,460,460,46006,46006,False,True,,EXPLAINED,UNCHANGED,
waterways,nhd-160750739,nhd-160750739,160750739,160750739,Indian Creek,Indian Creek,460,460,46006,46006,False,True,,EXPLAINED,UNCHANGED,
waterways,nhd-160750740,nhd-160750740,160750740,160750740,Indian Creek,Indian Creek,460,460,46006,46006,False,True,,EXPLAINED,UNCHANGED,
waterways,nhd-160750752,nhd-160750752,160750752,160750752,Little Willow Creek,Little Willow Creek,460,460,46003,46003,False,True,,EXPLAINED,UNCHANGED,
waterways,nhd-160750753,nhd-160750753,160750753,160750753,Little Willow Creek,Little Willow Creek,460,460,46003,46003,False,True,,EXPLAINED,UNCHANGED,
waterways,nhd-160750768,nhd-160750768,160750768,160750768,Willow Creek,Willow Creek,460,460,46003,46003,False,True,,EXPLAINED,UNCHANGED,
waterways,nhd-160750769,nhd-160750769,160750769,160750769,Willow Creek,Willow Creek,460,460,46003,46003,False,True,,EXPLAINED,UNCHANGED,
waterways,nhd-160750772,nhd-160750772,160750772,160750772,Indian Creek,Indian Creek,460,460,46006,46006,False,True,,EXPLAINED,UNCHANGED,
waterways,nhd-160750773,nhd-160750773,160750773,160750773,Indian Creek,Indian Creek,460,460,46006,46006,False,True,,EXPLAINED,UNCHANGED,
waterways,nhd-160751028,nhd-160751028,160751028,160751028,Indian Creek,Indian Creek,460,460,46006,46006,False,True,,EXPLAINED,UNCHANGED,
waterways,,nhd-160751039,,160751039,,South Platte River,,558,,55800,False,False,,EXPLAINED,ADDED_IN_STRIP,
waterways,nhd-160751083,nhd-160751083,160751083,160751083,Little Willow Creek,Little Willow Creek,460,460,46003,46003,False,True,,EXPLAINED,UNCHANGED,
waterways,nhd-160751084,nhd-160751084,160751084,160751084,Little Willow Creek,Little Willow Creek,460,460,46003,46003,False,True,,EXPLAINED,UNCHANGED,
waterways,nhd-160751089,nhd-160751089,160751089,160751089,Indian Creek,Indian Creek,460,460,46006,46006,False,True,,EXPLAINED,UNCHANGED,
waterways,nhd-160751090,nhd-160751090,160751090,160751090,Indian Creek,Indian Creek,460,460,46006,46006,False,True,,EXPLAINED,UNCHANGED,
waterways,nhd-160751100,nhd-160751100,160751100,160751100,Highline Canal,Highline Canal,336,336,33600,33600,False,True,,EXPLAINED,UNCHANGED,
waterways,nhd-160751110,nhd-160751110,160751110,160751110,Indian Creek,Indian Creek,460,460,46006,46006,False,True,,EXPLAINED,UNCHANGED,
waterways,,nhd-160751115,,160751115,,South Platte River,,558,,55800,False,False,,EXPLAINED,ADDED_IN_STRIP,
waterways,,nhd-160751116,,160751116,,South Platte River,,558,,55800,False,False,,EXPLAINED,ADDED_IN_STRIP,
waterways,,nhd-160751124,,160751124,,South Platte River,,558,,55800,False,False,,EXPLAINED,ADDED_IN_STRIP,
waterways,nhd-160751125,nhd-160751125,160751125,160751125,South Platte River,South Platte River,558,558,55800,55800,True,False,,NOT EXPLAINED,UNEXPLAINED_GEOMETRY_CHANGE,changed_source_fields_or_geometry
waterways,nhd-160751126,nhd-160751126,160751126,160751126,South Platte River,South Platte River,558,558,55800,55800,True,False,,NOT EXPLAINED,UNEXPLAINED_GEOMETRY_CHANGE,changed_source_fields_or_geometry
waterways,nhd-160751129,nhd-160751129,160751129,160751129,Little Willow Creek,Little Willow Creek,460,460,46003,46003,False,True,,EXPLAINED,UNCHANGED,
waterways,nhd-160751130,nhd-160751130,160751130,160751130,Little Willow Creek,Little Willow Creek,460,460,46003,46003,False,True,,EXPLAINED,UNCHANGED,
waterways,nhd-160751139,nhd-160751139,160751139,160751139,Highline Canal,Highline Canal,336,336,33600,33600,False,True,,EXPLAINED,UNCHANGED,
waterways,nhd-160751140,nhd-160751140,160751140,160751140,Highline Canal,Highline Canal,336,336,33600,33600,False,True,,EXPLAINED,UNCHANGED,
waterways,nhd-160751157,nhd-160751157,160751157,160751157,Little Willow Creek,Little Willow Creek,460,460,46003,46003,False,True,,EXPLAINED,UNCHANGED,
waterways,nhd-160751158,nhd-160751158,160751158,160751158,Little Willow Creek,Little Willow Creek,460,460,46003,46003,False,True,,EXPLAINED,UNCHANGED,
waterways,,nhd-160751174,,160751174,,South Platte River,,558,,55800,False,False,,EXPLAINED,ADDED_IN_STRIP,
waterways,,nhd-160751175,,160751175,,South Platte River,,558,,55800,False,False,,EXPLAINED,ADDED_IN_STRIP,
waterways,nhd-160751184,nhd-160751184,160751184,160751184,Highline Canal,Highline Canal,336,336,33600,33600,False,True,,EXPLAINED,UNCHANGED,
waterways,nhd-160751185,nhd-160751185,160751185,160751185,Highline Canal,Highline Canal,336,336,33600,33600,False,True,,EXPLAINED,UNCHANGED,
waterways,,nhd-160751204,,160751204,,South Platte River,,558,,55800,False,False,,EXPLAINED,ADDED_IN_STRIP,
waterways,,nhd-160751205,,160751205,,South Platte River,,558,,55800,False,False,,EXPLAINED,ADDED_IN_STRIP,
waterways,,nhd-160751208,,160751208,,South Platte River,,558,,55800,False,False,,EXPLAINED,ADDED_IN_STRIP,
waterways,,nhd-160751583,,160751583,,South Platte River,,558,,55800,False,False,,EXPLAINED,ADDED_IN_STRIP,
waterways,,nhd-160751595,,160751595,,South Platte River,,558,,55800,False,False,,EXPLAINED,ADDED_IN_STRIP,
waterways,,nhd-160751596,,160751596,,South Platte River,,558,,55800,False,False,,EXPLAINED,ADDED_IN_STRIP,
waterways,,nhd-160751662,,160751662,,South Platte River,,558,,55800,False,False,,EXPLAINED,ADDED_IN_STRIP,
waterways,,nhd-160751683,,160751683,,South Platte River,,558,,55800,False,False,,EXPLAINED,ADDED_IN_STRIP,
waterways,,nhd-160751684,,160751684,,South Platte River,,558,,55800,False,False,,EXPLAINED,ADDED_IN_STRIP,
waterways,nhd-160751728,nhd-160751728,160751728,160751728,South Platte River,South Platte River,558,558,55800,55800,True,False,,NOT EXPLAINED,UNEXPLAINED_GEOMETRY_CHANGE,changed_source_fields_or_geometry
waterways,,nhd-160751796,,160751796,,South Platte River,,558,,55800,False,False,,EXPLAINED,ADDED_IN_STRIP,
waterways,,nhd-160751797,,160751797,,South Platte River,,558,,55800,False,False,,EXPLAINED,ADDED_IN_STRIP,
waterways,,nhd-160751819,,160751819,,South Platte River,,558,,55800,False,False,,EXPLAINED,ADDED_IN_STRIP,
waterways,,nhd-160751820,,160751820,,South Platte River,,558,,55800,False,False,,EXPLAINED,ADDED_IN_STRIP,
waterways,,nhd-160751827,,160751827,,South Platte River,,558,,55800,False,False,,EXPLAINED,ADDED_IN_STRIP,
waterways,,nhd-160751828,,160751828,,South Platte River,,558,,55800,False,False,,EXPLAINED,ADDED_IN_STRIP,
waterways,,nhd-160751847,,160751847,,South Platte River,,558,,55800,False,False,,EXPLAINED,ADDED_IN_STRIP,
waterways,nhd-160751848,nhd-160751848,160751848,160751848,South Platte River,South Platte River,558,558,55800,55800,True,False,,NOT EXPLAINED,UNEXPLAINED_GEOMETRY_CHANGE,changed_source_fields_or_geometry
waterways,nhd-160755858,nhd-160755858,160755858,160755858,Sugar Creek,Sugar Creek,460,460,46006,46006,False,True,,EXPLAINED,UNCHANGED,
waterways,nhd-160755859,nhd-160755859,160755859,160755859,Sugar Creek,Sugar Creek,460,460,46006,46006,False,True,,EXPLAINED,UNCHANGED,
waterways,nhd-160755865,nhd-160755865,160755865,160755865,City Ditch,City Ditch,336,336,33600,33600,True,False,,NOT EXPLAINED,UNEXPLAINED_GEOMETRY_CHANGE,changed_source_fields_or_geometry
waterways,nhd-161637356,nhd-161637356,161637356,161637356,Highline Canal,Highline Canal,336,336,33600,33600,False,True,,EXPLAINED,UNCHANGED,
waterways,nhd-166955676,nhd-166955676,166955676,166955676,Highline Canal,Highline Canal,336,336,33600,33600,False,True,,EXPLAINED,UNCHANGED,
waterways,nhd-2AE9E249-A01A-4E30-8650-4E94E7EF041E,nhd-2AE9E249-A01A-4E30-8650-4E94E7EF041E,{2AE9E249-A01A-4E30-8650-4E94E7EF041E},{2AE9E249-A01A-4E30-8650-4E94E7EF041E},Willow Creek,Willow Creek,460,460,46003,46003,False,True,,EXPLAINED,UNCHANGED,
waterways,nhd-2a5de023-2dd3-42c8-a9f4-5eaa42e8a3dc,nhd-2a5de023-2dd3-42c8-a9f4-5eaa42e8a3dc,2a5de023-2dd3-42c8-a9f4-5eaa42e8a3dc,2a5de023-2dd3-42c8-a9f4-5eaa42e8a3dc,West Cherry Creek,West Cherry Creek,460,460,46006,46006,False,True,,EXPLAINED,UNCHANGED,
waterways,nhd-2f296ed3-0b0a-417e-8999-ebc456a19561,nhd-2f296ed3-0b0a-417e-8999-ebc456a19561,2f296ed3-0b0a-417e-8999-ebc456a19561,2f296ed3-0b0a-417e-8999-ebc456a19561,West Cherry Creek,West Cherry Creek,460,460,46006,46006,False,True,,EXPLAINED,UNCHANGED,
waterways,nhd-32cf7cab-2ebb-4c91-9d03-8ec3c0fb65ea,nhd-32cf7cab-2ebb-4c91-9d03-8ec3c0fb65ea,32cf7cab-2ebb-4c91-9d03-8ec3c0fb65ea,32cf7cab-2ebb-4c91-9d03-8ec3c0fb65ea,Dakan Ditch,Dakan Ditch,336,336,33600,33600,False,True,,EXPLAINED,UNCHANGED,
waterways,nhd-391e45db-a3ba-4db9-8244-62442609a0be,nhd-391e45db-a3ba-4db9-8244-62442609a0be,391e45db-a3ba-4db9-8244-62442609a0be,391e45db-a3ba-4db9-8244-62442609a0be,West Plum Creek,West Plum Creek,460,460,46006,46006,False,True,,EXPLAINED,UNCHANGED,
waterways,nhd-39ebab40-0c61-4bcd-a587-53f06c67cb6b,nhd-39ebab40-0c61-4bcd-a587-53f06c67cb6b,39ebab40-0c61-4bcd-a587-53f06c67cb6b,39ebab40-0c61-4bcd-a587-53f06c67cb6b,West Plum Creek,West Plum Creek,460,460,46006,46006,False,True,,EXPLAINED,UNCHANGED,
waterways,nhd-3afb3416-a6ce-4e39-ae7b-f4922f84cd53,nhd-3afb3416-a6ce-4e39-ae7b-f4922f84cd53,3afb3416-a6ce-4e39-ae7b-f4922f84cd53,3afb3416-a6ce-4e39-ae7b-f4922f84cd53,East Cherry Creek,East Cherry Creek,460,460,46003,46003,False,True,,EXPLAINED,UNCHANGED,
waterways,nhd-4430aa30-62de-49a6-962b-9fec66a3ace7,nhd-4430aa30-62de-49a6-962b-9fec66a3ace7,4430aa30-62de-49a6-962b-9fec66a3ace7,4430aa30-62de-49a6-962b-9fec66a3ace7,Garber Creek,Garber Creek,460,460,46006,46006,False,True,,EXPLAINED,UNCHANGED,
waterways,nhd-47804542-ed26-4fba-9407-c3b57eb1052e,nhd-47804542-ed26-4fba-9407-c3b57eb1052e,47804542-ed26-4fba-9407-c3b57eb1052e,47804542-ed26-4fba-9407-c3b57eb1052e,East Cherry Creek,East Cherry Creek,460,460,46003,46003,False,True,,EXPLAINED,UNCHANGED,
waterways,nhd-4a151f6d-a704-42a4-8caf-e46dd5081d9a,nhd-4a151f6d-a704-42a4-8caf-e46dd5081d9a,4a151f6d-a704-42a4-8caf-e46dd5081d9a,4a151f6d-a704-42a4-8caf-e46dd5081d9a,Meadow Ditch,Meadow Ditch,336,336,33600,33600,False,True,,EXPLAINED,UNCHANGED,
waterways,nhd-5057a09a-d97a-462f-b670-06d53d0dc583,nhd-5057a09a-d97a-462f-b670-06d53d0dc583,5057a09a-d97a-462f-b670-06d53d0dc583,5057a09a-d97a-462f-b670-06d53d0dc583,East Cherry Creek,East Cherry Creek,460,460,46003,46003,False,True,,EXPLAINED,UNCHANGED,
waterways,nhd-5a545947-b89b-4e9f-9bff-bf71e6bdcdfb,nhd-5a545947-b89b-4e9f-9bff-bf71e6bdcdfb,5a545947-b89b-4e9f-9bff-bf71e6bdcdfb,5a545947-b89b-4e9f-9bff-bf71e6bdcdfb,East Plum Creek Ditch,East Plum Creek Ditch,336,336,33600,33600,False,True,,EXPLAINED,UNCHANGED,
waterways,nhd-6b43c7e6-188b-4bf0-b686-25d58cb033c8,nhd-6b43c7e6-188b-4bf0-b686-25d58cb033c8,6b43c7e6-188b-4bf0-b686-25d58cb033c8,6b43c7e6-188b-4bf0-b686-25d58cb033c8,Fazzio Ditch,Fazzio Ditch,336,336,33600,33600,False,True,,EXPLAINED,UNCHANGED,
waterways,nhd-76ad3f24-fbbf-40e4-b1d7-42930bbf7fd2,nhd-76ad3f24-fbbf-40e4-b1d7-42930bbf7fd2,76ad3f24-fbbf-40e4-b1d7-42930bbf7fd2,76ad3f24-fbbf-40e4-b1d7-42930bbf7fd2,Cottonwood Creek,Cottonwood Creek,460,460,46003,46003,False,True,,EXPLAINED,UNCHANGED,
waterways,nhd-77ba7e0b-f396-4e7a-b276-322dddf05117,nhd-77ba7e0b-f396-4e7a-b276-322dddf05117,77ba7e0b-f396-4e7a-b276-322dddf05117,77ba7e0b-f396-4e7a-b276-322dddf05117,West Plum Creek,West Plum Creek,460,460,46006,46006,False,True,,EXPLAINED,UNCHANGED,
waterways,,nhd-7c48409c-5be4-4335-8802-fb5733de2433,,7c48409c-5be4-4335-8802-fb5733de2433,,Heiser Ditch,,558,,55800,False,False,,EXPLAINED,ADDED_IN_STRIP,
waterways,nhd-85b7d5a3-41a7-4b00-8ba1-a2b4dae2cb37,nhd-85b7d5a3-41a7-4b00-8ba1-a2b4dae2cb37,85b7d5a3-41a7-4b00-8ba1-a2b4dae2cb37,85b7d5a3-41a7-4b00-8ba1-a2b4dae2cb37,McCracken Ditch,McCracken Ditch,336,336,33600,33600,False,True,,EXPLAINED,UNCHANGED,
waterways,,nhd-87C1A2C7-0072-4F27-85AF-A4B927AAA529,,{87C1A2C7-0072-4F27-85AF-A4B927AAA529},,South Platte River,,558,,55800,False,False,,EXPLAINED,ADDED_IN_STRIP,
waterways,nhd-8d355dc1-853b-4e24-a99e-16d311708340,nhd-8d355dc1-853b-4e24-a99e-16d311708340,8d355dc1-853b-4e24-a99e-16d311708340,8d355dc1-853b-4e24-a99e-16d311708340,Ahlmaaz Gove Ditch,Ahlmaaz Gove Ditch,336,336,33600,33600,False,True,,EXPLAINED,UNCHANGED,
waterways,nhd-93211f97-1829-4ff0-94a9-475a97a0109e,nhd-93211f97-1829-4ff0-94a9-475a97a0109e,93211f97-1829-4ff0-94a9-475a97a0109e,93211f97-1829-4ff0-94a9-475a97a0109e,East Cherry Creek,East Cherry Creek,460,460,46003,46003,False,True,,EXPLAINED,UNCHANGED,
waterways,nhd-93b6cb5e-95b0-4760-a9dc-bb82fe0c45a6,nhd-93b6cb5e-95b0-4760-a9dc-bb82fe0c45a6,93b6cb5e-95b0-4760-a9dc-bb82fe0c45a6,93b6cb5e-95b0-4760-a9dc-bb82fe0c45a6,Garber Creek,Garber Creek,460,460,46006,46006,False,True,,EXPLAINED,UNCHANGED,
waterways,nhd-96ae7f26-c991-4fac-8e65-b2ef65404121,nhd-96ae7f26-c991-4fac-8e65-b2ef65404121,96ae7f26-c991-4fac-8e65-b2ef65404121,96ae7f26-c991-4fac-8e65-b2ef65404121,Gove Creek,Gove Creek,460,460,46006,46006,False,True,,EXPLAINED,UNCHANGED,
waterways,nhd-979200f0-8830-4905-9098-b6b6de66e87b,nhd-979200f0-8830-4905-9098-b6b6de66e87b,979200f0-8830-4905-9098-b6b6de66e87b,979200f0-8830-4905-9098-b6b6de66e87b,Ratcliff Plum Creek Ditch,Ratcliff Plum Creek Ditch,336,336,33600,33600,False,True,,EXPLAINED,UNCHANGED,
waterways,,nhd-97ee878d-021f-45df-b10d-61841e7fdd95,,97ee878d-021f-45df-b10d-61841e7fdd95,,East Cherry Creek,,558,,55800,False,False,,EXPLAINED,ADDED_IN_STRIP,
waterways,nhd-9BCBDD05-3D65-4E24-8403-E3FD8AC3EAD7,nhd-9BCBDD05-3D65-4E24-8403-E3FD8AC3EAD7,{9BCBDD05-3D65-4E24-8403-E3FD8AC3EAD7},{9BCBDD05-3D65-4E24-8403-E3FD8AC3EAD7},Arapahoe Canal,Arapahoe Canal,428,428,42803,42803,False,True,,EXPLAINED,UNCHANGED,
waterways,nhd-9d5deec9-ec62-4faf-8ca0-be0af9cdf617,nhd-9d5deec9-ec62-4faf-8ca0-be0af9cdf617,9d5deec9-ec62-4faf-8ca0-be0af9cdf617,9d5deec9-ec62-4faf-8ca0-be0af9cdf617,West Plum Creek,West Plum Creek,460,460,46006,46006,False,True,,EXPLAINED,UNCHANGED,
waterways,nhd-AE40EE20-1E5E-4422-97B2-432B4C88AF70,nhd-AE40EE20-1E5E-4422-97B2-432B4C88AF70,{AE40EE20-1E5E-4422-97B2-432B4C88AF70},{AE40EE20-1E5E-4422-97B2-432B4C88AF70},Arapahoe Canal,Arapahoe Canal,428,428,42803,42803,False,True,,EXPLAINED,UNCHANGED,
waterways,nhd-B29F0351-4134-41B4-80D0-2EBABB6C8E91,nhd-B29F0351-4134-41B4-80D0-2EBABB6C8E91,{B29F0351-4134-41B4-80D0-2EBABB6C8E91},{B29F0351-4134-41B4-80D0-2EBABB6C8E91},Sugar Creek,Sugar Creek,460,460,46006,46006,False,True,,EXPLAINED,UNCHANGED,
waterways,,nhd-B2C95CF5-10D7-437D-BC7B-ED86AF86528C,,{B2C95CF5-10D7-437D-BC7B-ED86AF86528C},,South Platte River,,336,,33601,False,False,,EXPLAINED,ADDED_IN_STRIP,
waterways,,nhd-F719433C-F380-44C5-8721-9C3EC176F629,,{F719433C-F380-44C5-8721-9C3EC176F629},,South Platte River,,558,,55800,False,False,,EXPLAINED,ADDED_IN_STRIP,
waterways,nhd-a7643fef-be8b-411f-b198-baedc135a05e,nhd-a7643fef-be8b-411f-b198-baedc135a05e,a7643fef-be8b-411f-b198-baedc135a05e,a7643fef-be8b-411f-b198-baedc135a05e,East Cherry Creek,East Cherry Creek,558,558,55800,55800,True,False,,NOT EXPLAINED,UNEXPLAINED_GEOMETRY_CHANGE,changed_source_fields_or_geometry
waterways,nhd-a78d0269-44ad-4af4-8eba-bf575ca08254,nhd-a78d0269-44ad-4af4-8eba-bf575ca08254,a78d0269-44ad-4af4-8eba-bf575ca08254,a78d0269-44ad-4af4-8eba-bf575ca08254,Kountz Ditch,Kountz Ditch,336,336,33600,33600,False,True,,EXPLAINED,UNCHANGED,
waterways,nhd-b7274615-3983-4232-9f69-2b620a5cf5b8,nhd-b7274615-3983-4232-9f69-2b620a5cf5b8,b7274615-3983-4232-9f69-2b620a5cf5b8,b7274615-3983-4232-9f69-2b620a5cf5b8,Goodrich Ditch,Goodrich Ditch,336,336,33600,33600,False,True,,EXPLAINED,UNCHANGED,
waterways,nhd-bf130962-c182-49e9-989d-93a405fef09b,nhd-bf130962-c182-49e9-989d-93a405fef09b,bf130962-c182-49e9-989d-93a405fef09b,bf130962-c182-49e9-989d-93a405fef09b,Garber Creek,Garber Creek,460,460,46006,46006,False,True,,EXPLAINED,UNCHANGED,
waterways,nhd-c8bd751c-c4bf-48f9-9c49-1610a4f841b4,nhd-c8bd751c-c4bf-48f9-9c49-1610a4f841b4,c8bd751c-c4bf-48f9-9c49-1610a4f841b4,c8bd751c-c4bf-48f9-9c49-1610a4f841b4,West Plum Creek,West Plum Creek,460,460,46006,46006,False,True,,EXPLAINED,UNCHANGED,
waterways,nhd-d88d0fc7-067a-4e80-958a-57ab1b16e9a8,nhd-d88d0fc7-067a-4e80-958a-57ab1b16e9a8,d88d0fc7-067a-4e80-958a-57ab1b16e9a8,d88d0fc7-067a-4e80-958a-57ab1b16e9a8,Garber Creek,Garber Creek,460,460,46006,46006,False,True,,EXPLAINED,UNCHANGED,
waterways,nhd-dc60d6d2-9d7d-46a9-9fc7-19cdd334ec93,nhd-dc60d6d2-9d7d-46a9-9fc7-19cdd334ec93,dc60d6d2-9d7d-46a9-9fc7-19cdd334ec93,dc60d6d2-9d7d-46a9-9fc7-19cdd334ec93,East Cherry Creek,East Cherry Creek,460,460,46003,46003,False,True,,EXPLAINED,UNCHANGED,
waterways,nhd-e3ce1423-36ed-4a51-bfe1-c7c91071f938,nhd-e3ce1423-36ed-4a51-bfe1-c7c91071f938,e3ce1423-36ed-4a51-bfe1-c7c91071f938,e3ce1423-36ed-4a51-bfe1-c7c91071f938,Alderman Ditch,Alderman Ditch,336,336,33600,33600,False,True,,EXPLAINED,UNCHANGED,
waterways,nhd-e6f376d2-46a0-4394-a2f3-04a0f74c2886,nhd-e6f376d2-46a0-4394-a2f3-04a0f74c2886,e6f376d2-46a0-4394-a2f3-04a0f74c2886,e6f376d2-46a0-4394-a2f3-04a0f74c2886,Gove Creek,Gove Creek,460,460,46006,46006,False,True,,EXPLAINED,UNCHANGED,
waterways,nhd-f06434d9-1ebe-4669-b69f-069e935d5e48,nhd-f06434d9-1ebe-4669-b69f-069e935d5e48,f06434d9-1ebe-4669-b69f-069e935d5e48,f06434d9-1ebe-4669-b69f-069e935d5e48,Gove Creek,Gove Creek,460,460,46006,46006,False,True,,EXPLAINED,UNCHANGED,
waterways,nhd-f2599b28-7348-4f0f-8107-a0bca80e96c0,nhd-f2599b28-7348-4f0f-8107-a0bca80e96c0,f2599b28-7348-4f0f-8107-a0bca80e96c0,f2599b28-7348-4f0f-8107-a0bca80e96c0,Heiser Ditch,Heiser Ditch,336,336,33600,33600,True,False,,NOT EXPLAINED,UNEXPLAINED_GEOMETRY_CHANGE,changed_source_fields_or_geometry
waterbodies,nhd-117790033,nhd-117790033,117790033,117790033,,,390,390,39004,39004,False,True,,EXPLAINED,UNCHANGED,
waterbodies,nhd-117790035,nhd-117790035,117790035,117790035,,,390,390,39004,39004,False,True,,EXPLAINED,UNCHANGED,
waterbodies,nhd-117790039,nhd-117790039,117790039,117790039,,,390,390,39001,39001,False,True,,EXPLAINED,UNCHANGED,
waterbodies,nhd-117790041,nhd-117790041,117790041,117790041,,,390,390,39001,39001,False,True,,EXPLAINED,UNCHANGED,
waterbodies,nhd-117790043,nhd-117790043,117790043,117790043,,,390,390,39001,39001,False,True,,EXPLAINED,UNCHANGED,
waterbodies,nhd-117790045,nhd-117790045,117790045,117790045,,,390,390,39001,39001,False,True,,EXPLAINED,UNCHANGED,
waterbodies,nhd-117790077,nhd-117790077,117790077,117790077,,,390,390,39001,39001,False,True,,EXPLAINED,UNCHANGED,
waterbodies,nhd-117790079,nhd-117790079,117790079,117790079,,,390,390,39001,39001,False,True,,EXPLAINED,UNCHANGED,
waterbodies,nhd-117790081,nhd-117790081,117790081,117790081,,,390,390,39004,39004,False,True,,EXPLAINED,UNCHANGED,
waterbodies,nhd-117790083,nhd-117790083,117790083,117790083,,,390,390,39001,39001,False,True,,EXPLAINED,UNCHANGED,
waterbodies,nhd-117790147,nhd-117790147,117790147,117790147,,,390,390,39004,39004,False,True,,EXPLAINED,UNCHANGED,
waterbodies,nhd-117790149,nhd-117790149,117790149,117790149,,,390,390,39001,39001,False,True,,EXPLAINED,UNCHANGED,
waterbodies,nhd-117792295,nhd-117792295,117792295,117792295,,,390,390,39004,39004,False,True,,EXPLAINED,UNCHANGED,
waterbodies,nhd-117792311,nhd-117792311,117792311,117792311,,,390,390,39001,39001,False,True,,EXPLAINED,UNCHANGED,
waterbodies,nhd-117792319,nhd-117792319,117792319,117792319,,,390,390,39001,39001,False,True,,EXPLAINED,UNCHANGED,
waterbodies,nhd-117792323,nhd-117792323,117792323,117792323,,,390,390,39001,39001,False,True,,EXPLAINED,UNCHANGED,
waterbodies,nhd-117792335,nhd-117792335,117792335,117792335,,,390,390,39004,39004,False,True,,EXPLAINED,UNCHANGED,
waterbodies,nhd-117792351,nhd-117792351,117792351,117792351,,,390,390,39001,39001,False,True,,EXPLAINED,UNCHANGED,
waterbodies,nhd-117792361,nhd-117792361,117792361,117792361,,,390,390,39001,39001,False,True,,EXPLAINED,UNCHANGED,
waterbodies,nhd-117792363,nhd-117792363,117792363,117792363,,,390,390,39001,39001,False,True,,EXPLAINED,UNCHANGED,
waterbodies,nhd-117792371,nhd-117792371,117792371,117792371,,,390,390,39001,39001,False,True,,EXPLAINED,UNCHANGED,
waterbodies,nhd-117792381,nhd-117792381,117792381,117792381,,,390,390,39004,39004,False,True,,EXPLAINED,UNCHANGED,
waterbodies,nhd-117792385,nhd-117792385,117792385,117792385,,,390,390,39001,39001,False,True,,EXPLAINED,UNCHANGED,
waterbodies,nhd-117792389,nhd-117792389,117792389,117792389,,,390,390,39004,39004,False,True,,EXPLAINED,UNCHANGED,
waterbodies,nhd-117792391,nhd-117792391,117792391,117792391,,,390,390,39001,39001,False,True,,EXPLAINED,UNCHANGED,
waterbodies,nhd-117792393,nhd-117792393,117792393,117792393,,,390,390,39004,39004,False,True,,EXPLAINED,UNCHANGED,
waterbodies,nhd-117792401,nhd-117792401,117792401,117792401,,,390,390,39001,39001,False,True,,EXPLAINED,UNCHANGED,
waterbodies,nhd-117792405,nhd-117792405,117792405,117792405,,,390,390,39001,39001,False,True,,EXPLAINED,UNCHANGED,
waterbodies,nhd-117792509,nhd-117792509,117792509,117792509,,,390,390,39004,39004,False,True,,EXPLAINED,UNCHANGED,
waterbodies,nhd-117792513,nhd-117792513,117792513,117792513,,,390,390,39001,39001,False,True,,EXPLAINED,UNCHANGED,
waterbodies,nhd-117792519,nhd-117792519,117792519,117792519,,,390,390,39001,39001,False,True,,EXPLAINED,UNCHANGED,
waterbodies,nhd-117792521,nhd-117792521,117792521,117792521,,,390,390,39001,39001,False,True,,EXPLAINED,UNCHANGED,
waterbodies,nhd-117792531,nhd-117792531,117792531,117792531,,,390,390,39004,39004,False,True,,EXPLAINED,UNCHANGED,
waterbodies,nhd-117792535,nhd-117792535,117792535,117792535,,,390,390,39001,39001,False,True,,EXPLAINED,UNCHANGED,
waterbodies,nhd-117792553,nhd-117792553,117792553,117792553,,,390,390,39004,39004,False,True,,EXPLAINED,UNCHANGED,
waterbodies,nhd-117792557,nhd-117792557,117792557,117792557,,,390,390,39004,39004,False,True,,EXPLAINED,UNCHANGED,
waterbodies,nhd-117793517,nhd-117793517,117793517,117793517,,,390,390,39001,39001,False,True,,EXPLAINED,UNCHANGED,
waterbodies,nhd-117793521,nhd-117793521,117793521,117793521,,,390,390,39001,39001,False,True,,EXPLAINED,UNCHANGED,
waterbodies,nhd-117793523,nhd-117793523,117793523,117793523,,,390,390,39001,39001,False,True,,EXPLAINED,UNCHANGED,
waterbodies,nhd-117793525,nhd-117793525,117793525,117793525,,,390,390,39001,39001,False,True,,EXPLAINED,UNCHANGED,
waterbodies,nhd-117793527,nhd-117793527,117793527,117793527,,,390,390,39001,39001,False,True,,EXPLAINED,UNCHANGED,
waterbodies,nhd-117793529,nhd-117793529,117793529,117793529,,,390,390,39001,39001,False,True,,EXPLAINED,UNCHANGED,
waterbodies,nhd-117793531,nhd-117793531,117793531,117793531,,,390,390,39001,39001,False,True,,EXPLAINED,UNCHANGED,
waterbodies,nhd-117793535,nhd-117793535,117793535,117793535,,,390,390,39001,39001,False,True,,EXPLAINED,UNCHANGED,
waterbodies,nhd-117793543,nhd-117793543,117793543,117793543,,,390,390,39001,39001,False,True,,EXPLAINED,UNCHANGED,
waterbodies,nhd-117793545,nhd-117793545,117793545,117793545,,,390,390,39001,39001,False,True,,EXPLAINED,UNCHANGED,
waterbodies,nhd-117793547,nhd-117793547,117793547,117793547,,,390,390,39001,39001,False,True,,EXPLAINED,UNCHANGED,
waterbodies,nhd-117793549,nhd-117793549,117793549,117793549,,,390,390,39001,39001,False,True,,EXPLAINED,UNCHANGED,
waterbodies,nhd-117793553,nhd-117793553,117793553,117793553,,,390,390,39004,39004,False,True,,EXPLAINED,UNCHANGED,
waterbodies,nhd-117793561,nhd-117793561,117793561,117793561,,,390,390,39001,39001,False,True,,EXPLAINED,UNCHANGED,
waterbodies,nhd-117793563,nhd-117793563,117793563,117793563,,,390,390,39001,39001,False,True,,EXPLAINED,UNCHANGED,
waterbodies,nhd-117793571,nhd-117793571,117793571,117793571,,,390,390,39001,39001,False,True,,EXPLAINED,UNCHANGED,
waterbodies,nhd-117793579,nhd-117793579,117793579,117793579,,,390,390,39001,39001,False,True,,EXPLAINED,UNCHANGED,
waterbodies,nhd-117793593,nhd-117793593,117793593,117793593,,,390,390,39001,39001,False,True,,EXPLAINED,UNCHANGED,
waterbodies,nhd-117793613,nhd-117793613,117793613,117793613,,,390,390,39001,39001,False,True,,EXPLAINED,UNCHANGED,
waterbodies,nhd-117793617,nhd-117793617,117793617,117793617,,,390,390,39001,39001,False,True,,EXPLAINED,UNCHANGED,
waterbodies,nhd-117793625,nhd-117793625,117793625,117793625,,,390,390,39001,39001,False,True,,EXPLAINED,UNCHANGED,
waterbodies,nhd-117793627,nhd-117793627,117793627,117793627,,,390,390,39004,39004,False,True,,EXPLAINED,UNCHANGED,
waterbodies,nhd-117793631,nhd-117793631,117793631,117793631,,,390,390,39001,39001,False,True,,EXPLAINED,UNCHANGED,
waterbodies,nhd-117793633,nhd-117793633,117793633,117793633,,,390,390,39001,39001,False,True,,EXPLAINED,UNCHANGED,
waterbodies,nhd-117793639,nhd-117793639,117793639,117793639,,,390,390,39001,39001,False,True,,EXPLAINED,UNCHANGED,
waterbodies,nhd-117793641,nhd-117793641,117793641,117793641,,,390,390,39001,39001,False,True,,EXPLAINED,UNCHANGED,
waterbodies,nhd-117793643,nhd-117793643,117793643,117793643,,,390,390,39001,39001,False,True,,EXPLAINED,UNCHANGED,
waterbodies,nhd-117793645,nhd-117793645,117793645,117793645,,,390,390,39001,39001,False,True,,EXPLAINED,UNCHANGED,
waterbodies,nhd-117793647,nhd-117793647,117793647,117793647,,,390,390,39001,39001,False,True,,EXPLAINED,UNCHANGED,
waterbodies,nhd-117793649,nhd-117793649,117793649,117793649,,,390,390,39001,39001,False,True,,EXPLAINED,UNCHANGED,
waterbodies,nhd-117793651,nhd-117793651,117793651,117793651,,,390,390,39001,39001,False,True,,EXPLAINED,UNCHANGED,
waterbodies,nhd-117793655,nhd-117793655,117793655,117793655,,,390,390,39001,39001,False,True,,EXPLAINED,UNCHANGED,
waterbodies,nhd-117793657,nhd-117793657,117793657,117793657,,,390,390,39001,39001,False,True,,EXPLAINED,UNCHANGED,
waterbodies,nhd-117793659,nhd-117793659,117793659,117793659,,,390,390,39001,39001,False,True,,EXPLAINED,UNCHANGED,
waterbodies,nhd-117793661,nhd-117793661,117793661,117793661,,,390,390,39001,39001,False,True,,EXPLAINED,UNCHANGED,
waterbodies,nhd-117793665,nhd-117793665,117793665,117793665,,,390,390,39001,39001,False,True,,EXPLAINED,UNCHANGED,
waterbodies,nhd-117793667,nhd-117793667,117793667,117793667,,,390,390,39001,39001,False,True,,EXPLAINED,UNCHANGED,
waterbodies,nhd-117793669,nhd-117793669,117793669,117793669,,,390,390,39001,39001,False,True,,EXPLAINED,UNCHANGED,
waterbodies,nhd-117793671,nhd-117793671,117793671,117793671,,,390,390,39001,39001,False,True,,EXPLAINED,UNCHANGED,
waterbodies,nhd-117793673,nhd-117793673,117793673,117793673,,,390,390,39001,39001,False,True,,EXPLAINED,UNCHANGED,
waterbodies,nhd-117793675,nhd-117793675,117793675,117793675,,,390,390,39004,39004,False,True,,EXPLAINED,UNCHANGED,
waterbodies,nhd-117793677,nhd-117793677,117793677,117793677,,,390,390,39001,39001,False,True,,EXPLAINED,UNCHANGED,
waterbodies,nhd-117793679,nhd-117793679,117793679,117793679,,,390,390,39001,39001,False,True,,EXPLAINED,UNCHANGED,
waterbodies,nhd-117793681,nhd-117793681,117793681,117793681,,,390,390,39001,39001,False,True,,EXPLAINED,UNCHANGED,
waterbodies,nhd-117793689,nhd-117793689,117793689,117793689,,,390,390,39004,39004,False,True,,EXPLAINED,UNCHANGED,
waterbodies,nhd-117793693,nhd-117793693,117793693,117793693,,,390,390,39001,39001,False,True,,EXPLAINED,UNCHANGED,
waterbodies,nhd-117793695,nhd-117793695,117793695,117793695,,,390,390,39001,39001,False,True,,EXPLAINED,UNCHANGED,
waterbodies,nhd-117793697,nhd-117793697,117793697,117793697,,,390,390,39001,39001,False,True,,EXPLAINED,UNCHANGED,
waterbodies,nhd-117793699,nhd-117793699,117793699,117793699,,,390,390,39001,39001,False,True,,EXPLAINED,UNCHANGED,
waterbodies,nhd-117793703,nhd-117793703,117793703,117793703,,,390,390,39001,39001,False,True,,EXPLAINED,UNCHANGED,
waterbodies,nhd-117793713,nhd-117793713,117793713,117793713,,,390,390,39001,39001,False,True,,EXPLAINED,UNCHANGED,
waterbodies,nhd-117793725,nhd-117793725,117793725,117793725,,,390,390,39001,39001,False,True,,EXPLAINED,UNCHANGED,
waterbodies,nhd-117793729,nhd-117793729,117793729,117793729,,,390,390,39001,39001,False,True,,EXPLAINED,UNCHANGED,
waterbodies,nhd-117793733,nhd-117793733,117793733,117793733,,,390,390,39001,39001,False,True,,EXPLAINED,UNCHANGED,
waterbodies,nhd-117793751,nhd-117793751,117793751,117793751,,,390,390,39001,39001,False,True,,EXPLAINED,UNCHANGED,
waterbodies,nhd-117793753,nhd-117793753,117793753,117793753,,,390,390,39001,39001,False,True,,EXPLAINED,UNCHANGED,
waterbodies,nhd-117793755,nhd-117793755,117793755,117793755,,,390,390,39001,39001,False,True,,EXPLAINED,UNCHANGED,
waterbodies,nhd-117793757,nhd-117793757,117793757,117793757,,,390,390,39001,39001,False,True,,EXPLAINED,UNCHANGED,
waterbodies,nhd-117793773,nhd-117793773,117793773,117793773,,,390,390,39001,39001,False,True,,EXPLAINED,UNCHANGED,
waterbodies,nhd-117793775,nhd-117793775,117793775,117793775,,,390,390,39004,39004,False,True,,EXPLAINED,UNCHANGED,
waterbodies,nhd-117793785,nhd-117793785,117793785,117793785,,,390,390,39001,39001,False,True,,EXPLAINED,UNCHANGED,
waterbodies,nhd-117793799,nhd-117793799,117793799,117793799,,,390,390,39001,39001,False,True,,EXPLAINED,UNCHANGED,
waterbodies,nhd-117793811,nhd-117793811,117793811,117793811,,,390,390,39001,39001,False,True,,EXPLAINED,UNCHANGED,
waterbodies,nhd-117793813,nhd-117793813,117793813,117793813,,,390,390,39001,39001,False,True,,EXPLAINED,UNCHANGED,
waterbodies,nhd-117793825,nhd-117793825,117793825,117793825,,,390,390,39001,39001,False,True,,EXPLAINED,UNCHANGED,
waterbodies,nhd-117793851,nhd-117793851,117793851,117793851,,,390,390,39001,39001,False,True,,EXPLAINED,UNCHANGED,
waterbodies,nhd-117793853,nhd-117793853,117793853,117793853,,,390,390,39004,39004,False,True,,EXPLAINED,UNCHANGED,
waterbodies,nhd-117793855,nhd-117793855,117793855,117793855,,,390,390,39001,39001,False,True,,EXPLAINED,UNCHANGED,
waterbodies,nhd-117793857,nhd-117793857,117793857,117793857,,,390,390,39001,39001,False,True,,EXPLAINED,UNCHANGED,
waterbodies,nhd-117793859,nhd-117793859,117793859,117793859,,,390,390,39001,39001,False,True,,EXPLAINED,UNCHANGED,
waterbodies,nhd-117793861,nhd-117793861,117793861,117793861,,,390,390,39004,39004,False,True,,EXPLAINED,UNCHANGED,
waterbodies,nhd-117793865,nhd-117793865,117793865,117793865,,,390,390,39001,39001,False,True,,EXPLAINED,UNCHANGED,
waterbodies,nhd-117793871,nhd-117793871,117793871,117793871,,,390,390,39004,39004,False,True,,EXPLAINED,UNCHANGED,
waterbodies,nhd-117793875,nhd-117793875,117793875,117793875,,,390,390,39001,39001,False,True,,EXPLAINED,UNCHANGED,
waterbodies,nhd-117793891,nhd-117793891,117793891,117793891,,,390,390,39004,39004,False,True,,EXPLAINED,UNCHANGED,
waterbodies,nhd-117793915,nhd-117793915,117793915,117793915,,,390,390,39004,39004,False,True,,EXPLAINED,UNCHANGED,
waterbodies,nhd-117793933,nhd-117793933,117793933,117793933,,,390,390,39004,39004,False,True,,EXPLAINED,UNCHANGED,
waterbodies,nhd-117793945,nhd-117793945,117793945,117793945,,,390,390,39004,39004,False,True,,EXPLAINED,UNCHANGED,
waterbodies,nhd-117793961,nhd-117793961,117793961,117793961,,,390,390,39004,39004,False,True,,EXPLAINED,UNCHANGED,
waterbodies,nhd-117793967,nhd-117793967,117793967,117793967,,,390,390,39004,39004,False,True,,EXPLAINED,UNCHANGED,
waterbodies,nhd-117793975,nhd-117793975,117793975,117793975,,,390,390,39004,39004,False,True,,EXPLAINED,UNCHANGED,
waterbodies,nhd-117793981,nhd-117793981,117793981,117793981,,,390,390,39004,39004,False,True,,EXPLAINED,UNCHANGED,
waterbodies,nhd-117793987,nhd-117793987,117793987,117793987,,,390,390,39004,39004,False,True,,EXPLAINED,UNCHANGED,
waterbodies,nhd-117793989,nhd-117793989,117793989,117793989,,,390,390,39004,39004,False,True,,EXPLAINED,UNCHANGED,
waterbodies,nhd-117793995,nhd-117793995,117793995,117793995,,,390,390,39004,39004,False,True,,EXPLAINED,UNCHANGED,
waterbodies,nhd-117794001,nhd-117794001,117794001,117794001,,,390,390,39004,39004,False,True,,EXPLAINED,UNCHANGED,
waterbodies,nhd-117794019,nhd-117794019,117794019,117794019,,,390,390,39004,39004,False,True,,EXPLAINED,UNCHANGED,
waterbodies,nhd-117794033,nhd-117794033,117794033,117794033,,,390,390,39004,39004,False,True,,EXPLAINED,UNCHANGED,
waterbodies,nhd-117794039,nhd-117794039,117794039,117794039,,,390,390,39004,39004,False,True,,EXPLAINED,UNCHANGED,
waterbodies,nhd-117794041,nhd-117794041,117794041,117794041,,,390,390,39004,39004,False,True,,EXPLAINED,UNCHANGED,
waterbodies,nhd-117794093,nhd-117794093,117794093,117794093,,,390,390,39004,39004,False,True,,EXPLAINED,UNCHANGED,
waterbodies,nhd-117797735,nhd-117797735,117797735,117797735,,,390,390,39004,39004,False,True,,EXPLAINED,UNCHANGED,
waterbodies,nhd-117797737,nhd-117797737,117797737,117797737,,,390,390,39004,39004,False,True,,EXPLAINED,UNCHANGED,
waterbodies,nhd-117797739,nhd-117797739,117797739,117797739,,,390,390,39004,39004,False,True,,EXPLAINED,UNCHANGED,
waterbodies,nhd-117797741,nhd-117797741,117797741,117797741,,,390,390,39004,39004,False,True,,EXPLAINED,UNCHANGED,
waterbodies,nhd-117797743,nhd-117797743,117797743,117797743,,,390,390,39004,39004,False,True,,EXPLAINED,UNCHANGED,
waterbodies,nhd-117797745,nhd-117797745,117797745,117797745,,,390,390,39004,39004,False,True,,EXPLAINED,UNCHANGED,
waterbodies,nhd-117797747,nhd-117797747,117797747,117797747,,,390,390,39004,39004,False,True,,EXPLAINED,UNCHANGED,
waterbodies,nhd-117797749,nhd-117797749,117797749,117797749,,,390,390,39004,39004,False,True,,EXPLAINED,UNCHANGED,
waterbodies,nhd-117797751,nhd-117797751,117797751,117797751,,,390,390,39004,39004,False,True,,EXPLAINED,UNCHANGED,
waterbodies,nhd-117797753,nhd-117797753,117797753,117797753,,,390,390,39004,39004,False,True,,EXPLAINED,UNCHANGED,
waterbodies,nhd-117797755,nhd-117797755,117797755,117797755,,,390,390,39004,39004,False,True,,EXPLAINED,UNCHANGED,
waterbodies,nhd-117800079,nhd-117800079,117800079,117800079,,,390,390,39004,39004,False,True,,EXPLAINED,UNCHANGED,
waterbodies,nhd-117800081,nhd-117800081,117800081,117800081,,,390,390,39001,39001,False,True,,EXPLAINED,UNCHANGED,
waterbodies,nhd-117800083,nhd-117800083,117800083,117800083,,,390,390,39001,39001,False,True,,EXPLAINED,UNCHANGED,
waterbodies,nhd-117800085,nhd-117800085,117800085,117800085,,,390,390,39001,39001,False,True,,EXPLAINED,UNCHANGED,
waterbodies,nhd-117800087,nhd-117800087,117800087,117800087,,,390,390,39001,39001,False,True,,EXPLAINED,UNCHANGED,
waterbodies,nhd-117800089,nhd-117800089,117800089,117800089,,,390,390,39001,39001,False,True,,EXPLAINED,UNCHANGED,
waterbodies,nhd-117800091,nhd-117800091,117800091,117800091,,,390,390,39004,39004,False,True,,EXPLAINED,UNCHANGED,
waterbodies,nhd-117800093,nhd-117800093,117800093,117800093,,,390,390,39001,39001,False,True,,EXPLAINED,UNCHANGED,
waterbodies,nhd-117800095,nhd-117800095,117800095,117800095,,,390,390,39001,39001,False,True,,EXPLAINED,UNCHANGED,
waterbodies,nhd-117800097,nhd-117800097,117800097,117800097,,,390,390,39001,39001,False,True,,EXPLAINED,UNCHANGED,
waterbodies,nhd-117800099,nhd-117800099,117800099,117800099,,,390,390,39001,39001,False,True,,EXPLAINED,UNCHANGED,
waterbodies,nhd-117800101,nhd-117800101,117800101,117800101,,,390,390,39004,39004,False,True,,EXPLAINED,UNCHANGED,
waterbodies,nhd-117800103,nhd-117800103,117800103,117800103,,,390,390,39004,39004,False,True,,EXPLAINED,UNCHANGED,
waterbodies,nhd-117800105,nhd-117800105,117800105,117800105,,,390,390,39004,39004,False,True,,EXPLAINED,UNCHANGED,
waterbodies,nhd-117800107,nhd-117800107,117800107,117800107,,,390,390,39001,39001,False,True,,EXPLAINED,UNCHANGED,
waterbodies,nhd-117800109,nhd-117800109,117800109,117800109,,,390,390,39001,39001,False,True,,EXPLAINED,UNCHANGED,
waterbodies,nhd-117800111,nhd-117800111,117800111,117800111,,,390,390,39001,39001,False,True,,EXPLAINED,UNCHANGED,
waterbodies,nhd-117800113,nhd-117800113,117800113,117800113,,,390,390,39001,39001,False,True,,EXPLAINED,UNCHANGED,
waterbodies,nhd-117800115,nhd-117800115,117800115,117800115,,,390,390,39004,39004,False,True,,EXPLAINED,UNCHANGED,
waterbodies,nhd-117800117,nhd-117800117,117800117,117800117,,,390,390,39001,39001,False,True,,EXPLAINED,UNCHANGED,
waterbodies,nhd-117800119,nhd-117800119,117800119,117800119,,,390,390,39004,39004,False,True,,EXPLAINED,UNCHANGED,
waterbodies,nhd-117800121,nhd-117800121,117800121,117800121,,,390,390,39001,39001,False,True,,EXPLAINED,UNCHANGED,
waterbodies,nhd-117800123,nhd-117800123,117800123,117800123,,,390,390,39004,39004,False,True,,EXPLAINED,UNCHANGED,
waterbodies,nhd-117800125,nhd-117800125,117800125,117800125,,,390,390,39001,39001,False,True,,EXPLAINED,UNCHANGED,
waterbodies,nhd-117800127,nhd-117800127,117800127,117800127,,,390,390,39004,39004,False,True,,EXPLAINED,UNCHANGED,
waterbodies,nhd-117800129,nhd-117800129,117800129,117800129,,,390,390,39004,39004,False,True,,EXPLAINED,UNCHANGED,
waterbodies,nhd-117800131,nhd-117800131,117800131,117800131,,,390,390,39001,39001,False,True,,EXPLAINED,UNCHANGED,
waterbodies,nhd-117800133,nhd-117800133,117800133,117800133,,,390,390,39001,39001,False,True,,EXPLAINED,UNCHANGED,
waterbodies,nhd-117800135,nhd-117800135,117800135,117800135,,,390,390,39001,39001,False,True,,EXPLAINED,UNCHANGED,
waterbodies,nhd-117800137,nhd-117800137,117800137,117800137,,,390,390,39001,39001,False,True,,EXPLAINED,UNCHANGED,
waterbodies,nhd-117800139,nhd-117800139,117800139,117800139,,,390,390,39001,39001,False,True,,EXPLAINED,UNCHANGED,
waterbodies,nhd-117800141,nhd-117800141,117800141,117800141,,,390,390,39004,39004,False,True,,EXPLAINED,UNCHANGED,
waterbodies,nhd-117800143,nhd-117800143,117800143,117800143,,,390,390,39004,39004,False,True,,EXPLAINED,UNCHANGED,
waterbodies,nhd-117800145,nhd-117800145,117800145,117800145,,,390,390,39004,39004,False,True,,EXPLAINED,UNCHANGED,
waterbodies,nhd-117800147,nhd-117800147,117800147,117800147,,,390,390,39004,39004,False,True,,EXPLAINED,UNCHANGED,
waterbodies,nhd-117800149,nhd-117800149,117800149,117800149,,,390,390,39004,39004,False,True,,EXPLAINED,UNCHANGED,
waterbodies,nhd-117800151,nhd-117800151,117800151,117800151,,,390,390,39004,39004,False,True,,EXPLAINED,UNCHANGED,
waterbodies,nhd-117800153,nhd-117800153,117800153,117800153,,,390,390,39004,39004,False,True,,EXPLAINED,UNCHANGED,
waterbodies,nhd-117800155,nhd-117800155,117800155,117800155,,,390,390,39004,39004,False,True,,EXPLAINED,UNCHANGED,
waterbodies,nhd-117800157,nhd-117800157,117800157,117800157,,,390,390,39004,39004,False,True,,EXPLAINED,UNCHANGED,
waterbodies,nhd-117800159,nhd-117800159,117800159,117800159,,,390,390,39004,39004,False,True,,EXPLAINED,UNCHANGED,
waterbodies,nhd-117800161,nhd-117800161,117800161,117800161,,,390,390,39004,39004,False,True,,EXPLAINED,UNCHANGED,
waterbodies,nhd-117800163,nhd-117800163,117800163,117800163,,,390,390,39004,39004,False,True,,EXPLAINED,UNCHANGED,
waterbodies,nhd-117800165,nhd-117800165,117800165,117800165,,,390,390,39004,39004,False,True,,EXPLAINED,UNCHANGED,
waterbodies,nhd-117800167,nhd-117800167,117800167,117800167,,,390,390,39004,39004,False,True,,EXPLAINED,UNCHANGED,
waterbodies,nhd-117800169,nhd-117800169,117800169,117800169,,,390,390,39004,39004,False,True,,EXPLAINED,UNCHANGED,
waterbodies,nhd-117800171,nhd-117800171,117800171,117800171,,,390,390,39004,39004,False,True,,EXPLAINED,UNCHANGED,
waterbodies,nhd-117800173,nhd-117800173,117800173,117800173,,,390,390,39001,39001,False,True,,EXPLAINED,UNCHANGED,
waterbodies,nhd-117800175,nhd-117800175,117800175,117800175,,,390,390,39004,39004,False,True,,EXPLAINED,UNCHANGED,
waterbodies,nhd-117800177,nhd-117800177,117800177,117800177,,,390,390,39001,39001,False,True,,EXPLAINED,UNCHANGED,
waterbodies,nhd-117800179,nhd-117800179,117800179,117800179,,,390,390,39004,39004,False,True,,EXPLAINED,UNCHANGED,
waterbodies,nhd-117800181,nhd-117800181,117800181,117800181,,,390,390,39004,39004,False,True,,EXPLAINED,UNCHANGED,
waterbodies,nhd-117800183,nhd-117800183,117800183,117800183,,,390,390,39004,39004,False,True,,EXPLAINED,UNCHANGED,
waterbodies,nhd-117800185,nhd-117800185,117800185,117800185,,,390,390,39004,39004,False,True,,EXPLAINED,UNCHANGED,
waterbodies,nhd-117800187,nhd-117800187,117800187,117800187,Stevens Reservoir Number 2 and 3,Stevens Reservoir Number 2 and 3,390,390,39001,39001,False,True,,EXPLAINED,UNCHANGED,
waterbodies,nhd-117800189,nhd-117800189,117800189,117800189,,,390,390,39001,39001,False,True,,EXPLAINED,UNCHANGED,
waterbodies,nhd-117800191,nhd-117800191,117800191,117800191,,,390,390,39001,39001,False,True,,EXPLAINED,UNCHANGED,
waterbodies,nhd-117800193,nhd-117800193,117800193,117800193,,,390,390,39004,39004,False,True,,EXPLAINED,UNCHANGED,
waterbodies,nhd-117800195,nhd-117800195,117800195,117800195,,,390,390,39004,39004,False,True,,EXPLAINED,UNCHANGED,
waterbodies,nhd-117800197,nhd-117800197,117800197,117800197,,,390,390,39004,39004,False,True,,EXPLAINED,UNCHANGED,
waterbodies,nhd-117800199,nhd-117800199,117800199,117800199,,,390,390,39001,39001,False,True,,EXPLAINED,UNCHANGED,
waterbodies,nhd-117800201,nhd-117800201,117800201,117800201,,,390,390,39004,39004,False,True,,EXPLAINED,UNCHANGED,
waterbodies,nhd-117800203,nhd-117800203,117800203,117800203,,,390,390,39004,39004,False,True,,EXPLAINED,UNCHANGED,
waterbodies,nhd-117800205,nhd-117800205,117800205,117800205,,,390,390,39004,39004,False,True,,EXPLAINED,UNCHANGED,
waterbodies,nhd-117800207,nhd-117800207,117800207,117800207,,,390,390,39004,39004,False,True,,EXPLAINED,UNCHANGED,
waterbodies,nhd-117800209,nhd-117800209,117800209,117800209,,,390,390,39001,39001,False,True,,EXPLAINED,UNCHANGED,
waterbodies,nhd-117800211,nhd-117800211,117800211,117800211,,,390,390,39001,39001,False,True,,EXPLAINED,UNCHANGED,
waterbodies,nhd-117800213,nhd-117800213,117800213,117800213,,,390,390,39004,39004,False,True,,EXPLAINED,UNCHANGED,
waterbodies,nhd-117800215,nhd-117800215,117800215,117800215,,,390,390,39004,39004,False,True,,EXPLAINED,UNCHANGED,
waterbodies,nhd-117800217,nhd-117800217,117800217,117800217,,,390,390,39004,39004,False,True,,EXPLAINED,UNCHANGED,
waterbodies,nhd-117800219,nhd-117800219,117800219,117800219,,,390,390,39004,39004,False,True,,EXPLAINED,UNCHANGED,
waterbodies,nhd-117800221,nhd-117800221,117800221,117800221,,,390,390,39004,39004,False,True,,EXPLAINED,UNCHANGED,
waterbodies,nhd-117800223,nhd-117800223,117800223,117800223,,,390,390,39001,39001,False,True,,EXPLAINED,UNCHANGED,
waterbodies,nhd-117800225,nhd-117800225,117800225,117800225,,,390,390,39004,39004,False,True,,EXPLAINED,UNCHANGED,
waterbodies,nhd-117800227,nhd-117800227,117800227,117800227,,,390,390,39004,39004,False,True,,EXPLAINED,UNCHANGED,
waterbodies,nhd-117800229,nhd-117800229,117800229,117800229,,,390,390,39004,39004,False,True,,EXPLAINED,UNCHANGED,
waterbodies,nhd-117800231,nhd-117800231,117800231,117800231,,,390,390,39004,39004,False,True,,EXPLAINED,UNCHANGED,
waterbodies,nhd-117800233,nhd-117800233,117800233,117800233,,,390,390,39004,39004,False,True,,EXPLAINED,UNCHANGED,
waterbodies,nhd-117800235,nhd-117800235,117800235,117800235,,,390,390,39004,39004,False,True,,EXPLAINED,UNCHANGED,
waterbodies,nhd-117800237,nhd-117800237,117800237,117800237,,,390,390,39004,39004,False,True,,EXPLAINED,UNCHANGED,
waterbodies,nhd-117800239,nhd-117800239,117800239,117800239,,,390,390,39004,39004,False,True,,EXPLAINED,UNCHANGED,
waterbodies,nhd-117800241,nhd-117800241,117800241,117800241,,,390,390,39004,39004,False,True,,EXPLAINED,UNCHANGED,
waterbodies,nhd-117800243,nhd-117800243,117800243,117800243,,,390,390,39001,39001,False,True,,EXPLAINED,UNCHANGED,
waterbodies,nhd-117800245,nhd-117800245,117800245,117800245,,,390,390,39001,39001,False,True,,EXPLAINED,UNCHANGED,
waterbodies,nhd-117800247,nhd-117800247,117800247,117800247,,,390,390,39004,39004,False,True,,EXPLAINED,UNCHANGED,
waterbodies,nhd-117800249,nhd-117800249,117800249,117800249,,,390,390,39004,39004,False,True,,EXPLAINED,UNCHANGED,
waterbodies,nhd-117800251,nhd-117800251,117800251,117800251,,,390,390,39001,39001,False,True,,EXPLAINED,UNCHANGED,
waterbodies,nhd-117800253,nhd-117800253,117800253,117800253,,,390,390,39001,39001,False,True,,EXPLAINED,UNCHANGED,
waterbodies,nhd-117800255,nhd-117800255,117800255,117800255,,,390,390,39001,39001,False,True,,EXPLAINED,UNCHANGED,
waterbodies,nhd-117800257,nhd-117800257,117800257,117800257,,,390,390,39004,39004,False,True,,EXPLAINED,UNCHANGED,
waterbodies,nhd-117800259,nhd-117800259,117800259,117800259,,,390,390,39004,39004,False,True,,EXPLAINED,UNCHANGED,
waterbodies,nhd-117800261,nhd-117800261,117800261,117800261,,,390,390,39004,39004,False,True,,EXPLAINED,UNCHANGED,
waterbodies,nhd-117800263,nhd-117800263,117800263,117800263,,,390,390,39004,39004,False,True,,EXPLAINED,UNCHANGED,
waterbodies,nhd-117800265,nhd-117800265,117800265,117800265,,,390,390,39004,39004,False,True,,EXPLAINED,UNCHANGED,
waterbodies,nhd-117800267,nhd-117800267,117800267,117800267,,,390,390,39004,39004,False,True,,EXPLAINED,UNCHANGED,
waterbodies,nhd-117800269,nhd-117800269,117800269,117800269,,,390,390,39004,39004,False,True,,EXPLAINED,UNCHANGED,
waterbodies,nhd-117800271,nhd-117800271,117800271,117800271,,,390,390,39001,39001,False,True,,EXPLAINED,UNCHANGED,
waterbodies,nhd-117800273,nhd-117800273,117800273,117800273,,,390,390,39004,39004,False,True,,EXPLAINED,UNCHANGED,
waterbodies,nhd-117800275,nhd-117800275,117800275,117800275,,,390,390,39004,39004,False,True,,EXPLAINED,UNCHANGED,
waterbodies,nhd-117800277,nhd-117800277,117800277,117800277,,,390,390,39004,39004,False,True,,EXPLAINED,UNCHANGED,
waterbodies,nhd-117800279,nhd-117800279,117800279,117800279,,,390,390,39001,39001,False,True,,EXPLAINED,UNCHANGED,
waterbodies,nhd-117800281,nhd-117800281,117800281,117800281,,,390,390,39001,39001,False,True,,EXPLAINED,UNCHANGED,
waterbodies,nhd-117800283,nhd-117800283,117800283,117800283,,,390,390,39001,39001,False,True,,EXPLAINED,UNCHANGED,
waterbodies,nhd-117800285,nhd-117800285,117800285,117800285,,,390,390,39004,39004,False,True,,EXPLAINED,UNCHANGED,
waterbodies,nhd-117800287,nhd-117800287,117800287,117800287,,,390,390,39001,39001,False,True,,EXPLAINED,UNCHANGED,
waterbodies,nhd-117800289,nhd-117800289,117800289,117800289,,,390,390,39004,39004,False,True,,EXPLAINED,UNCHANGED,
waterbodies,nhd-117800291,nhd-117800291,117800291,117800291,,,390,390,39004,39004,False,True,,EXPLAINED,UNCHANGED,
waterbodies,nhd-117800293,nhd-117800293,117800293,117800293,,,390,390,39004,39004,False,True,,EXPLAINED,UNCHANGED,
waterbodies,nhd-117800295,nhd-117800295,117800295,117800295,,,390,390,39001,39001,False,True,,EXPLAINED,UNCHANGED,
waterbodies,nhd-117800297,nhd-117800297,117800297,117800297,,,390,390,39004,39004,False,True,,EXPLAINED,UNCHANGED,
waterbodies,nhd-117800299,nhd-117800299,117800299,117800299,,,390,390,39004,39004,False,True,,EXPLAINED,UNCHANGED,
waterbodies,nhd-117800301,nhd-117800301,117800301,117800301,,,390,390,39001,39001,False,True,,EXPLAINED,UNCHANGED,
waterbodies,nhd-117800303,nhd-117800303,117800303,117800303,,,390,390,39001,39001,False,True,,EXPLAINED,UNCHANGED,
waterbodies,nhd-117800305,nhd-117800305,117800305,117800305,,,390,390,39004,39004,False,True,,EXPLAINED,UNCHANGED,
waterbodies,nhd-117800307,nhd-117800307,117800307,117800307,,,390,390,39001,39001,False,True,,EXPLAINED,UNCHANGED,
waterbodies,nhd-117800309,nhd-117800309,117800309,117800309,,,390,390,39004,39004,False,True,,EXPLAINED,UNCHANGED,
waterbodies,nhd-117800311,nhd-117800311,117800311,117800311,,,390,390,39001,39001,False,True,,EXPLAINED,UNCHANGED,
waterbodies,nhd-117800313,nhd-117800313,117800313,117800313,,,390,390,39004,39004,False,True,,EXPLAINED,UNCHANGED,
waterbodies,nhd-117800315,nhd-117800315,117800315,117800315,,,390,390,39004,39004,False,True,,EXPLAINED,UNCHANGED,
waterbodies,nhd-117800317,nhd-117800317,117800317,117800317,,,390,390,39004,39004,False,True,,EXPLAINED,UNCHANGED,
waterbodies,nhd-117800319,nhd-117800319,117800319,117800319,,,390,390,39004,39004,False,True,,EXPLAINED,UNCHANGED,
waterbodies,nhd-117800321,nhd-117800321,117800321,117800321,,,390,390,39004,39004,False,True,,EXPLAINED,UNCHANGED,
waterbodies,nhd-117800323,nhd-117800323,117800323,117800323,,,390,390,39004,39004,False,True,,EXPLAINED,UNCHANGED,
waterbodies,nhd-117800325,nhd-117800325,117800325,117800325,,,390,390,39004,39004,False,True,,EXPLAINED,UNCHANGED,
waterbodies,nhd-117800327,nhd-117800327,117800327,117800327,,,390,390,39004,39004,False,True,,EXPLAINED,UNCHANGED,
waterbodies,nhd-117800329,nhd-117800329,117800329,117800329,,,390,390,39004,39004,False,True,,EXPLAINED,UNCHANGED,
waterbodies,nhd-117800331,nhd-117800331,117800331,117800331,,,390,390,39004,39004,False,True,,EXPLAINED,UNCHANGED,
waterbodies,nhd-117800333,nhd-117800333,117800333,117800333,,,390,390,39004,39004,False,True,,EXPLAINED,UNCHANGED,
waterbodies,nhd-117800335,nhd-117800335,117800335,117800335,,,390,390,39004,39004,False,True,,EXPLAINED,UNCHANGED,
waterbodies,nhd-117800337,nhd-117800337,117800337,117800337,,,390,390,39004,39004,False,True,,EXPLAINED,UNCHANGED,
waterbodies,nhd-117800339,nhd-117800339,117800339,117800339,,,390,390,39004,39004,False,True,,EXPLAINED,UNCHANGED,
waterbodies,nhd-117800341,nhd-117800341,117800341,117800341,,,390,390,39004,39004,False,True,,EXPLAINED,UNCHANGED,
waterbodies,nhd-117800343,nhd-117800343,117800343,117800343,,,390,390,39001,39001,False,True,,EXPLAINED,UNCHANGED,
waterbodies,nhd-117800345,nhd-117800345,117800345,117800345,,,390,390,39004,39004,False,True,,EXPLAINED,UNCHANGED,
waterbodies,nhd-117800347,nhd-117800347,117800347,117800347,,,390,390,39001,39001,False,True,,EXPLAINED,UNCHANGED,
waterbodies,nhd-117800349,nhd-117800349,117800349,117800349,,,390,390,39001,39001,False,True,,EXPLAINED,UNCHANGED,
waterbodies,nhd-117800351,nhd-117800351,117800351,117800351,,,390,390,39004,39004,False,True,,EXPLAINED,UNCHANGED,
waterbodies,nhd-117800353,nhd-117800353,117800353,117800353,,,390,390,39004,39004,False,True,,EXPLAINED,UNCHANGED,
waterbodies,nhd-117800355,nhd-117800355,117800355,117800355,,,390,390,39004,39004,False,True,,EXPLAINED,UNCHANGED,
waterbodies,nhd-117800357,nhd-117800357,117800357,117800357,,,390,390,39004,39004,False,True,,EXPLAINED,UNCHANGED,
waterbodies,nhd-117800359,nhd-117800359,117800359,117800359,,,390,390,39001,39001,False,True,,EXPLAINED,UNCHANGED,
waterbodies,nhd-117800361,nhd-117800361,117800361,117800361,,,390,390,39004,39004,False,True,,EXPLAINED,UNCHANGED,
waterbodies,nhd-117800363,nhd-117800363,117800363,117800363,,,390,390,39004,39004,False,True,,EXPLAINED,UNCHANGED,
waterbodies,nhd-117800365,nhd-117800365,117800365,117800365,,,390,390,39004,39004,False,True,,EXPLAINED,UNCHANGED,
waterbodies,nhd-117800367,nhd-117800367,117800367,117800367,,,390,390,39004,39004,False,True,,EXPLAINED,UNCHANGED,
waterbodies,nhd-117800369,nhd-117800369,117800369,117800369,,,390,390,39001,39001,False,True,,EXPLAINED,UNCHANGED,
waterbodies,nhd-117800371,nhd-117800371,117800371,117800371,,,390,390,39004,39004,False,True,,EXPLAINED,UNCHANGED,
waterbodies,nhd-117800373,nhd-117800373,117800373,117800373,,,390,390,39001,39001,False,True,,EXPLAINED,UNCHANGED,
waterbodies,nhd-117800375,nhd-117800375,117800375,117800375,,,390,390,39004,39004,False,True,,EXPLAINED,UNCHANGED,
waterbodies,nhd-117800377,nhd-117800377,117800377,117800377,,,390,390,39004,39004,False,True,,EXPLAINED,UNCHANGED,
waterbodies,nhd-117800379,nhd-117800379,117800379,117800379,,,390,390,39004,39004,False,True,,EXPLAINED,UNCHANGED,
waterbodies,nhd-117800381,nhd-117800381,117800381,117800381,,,390,390,39004,39004,False,True,,EXPLAINED,UNCHANGED,
waterbodies,nhd-117800383,nhd-117800383,117800383,117800383,,,390,390,39004,39004,False,True,,EXPLAINED,UNCHANGED,
waterbodies,nhd-117800385,nhd-117800385,117800385,117800385,,,390,390,39001,39001,False,True,,EXPLAINED,UNCHANGED,
waterbodies,nhd-117800387,nhd-117800387,117800387,117800387,,,390,390,39004,39004,False,True,,EXPLAINED,UNCHANGED,
waterbodies,nhd-117800389,nhd-117800389,117800389,117800389,,,390,390,39004,39004,False,True,,EXPLAINED,UNCHANGED,
waterbodies,nhd-117800391,nhd-117800391,117800391,117800391,,,390,390,39004,39004,False,True,,EXPLAINED,UNCHANGED,
waterbodies,nhd-117800393,nhd-117800393,117800393,117800393,,,390,390,39004,39004,False,True,,EXPLAINED,UNCHANGED,
waterbodies,nhd-117800395,nhd-117800395,117800395,117800395,,,390,390,39004,39004,False,True,,EXPLAINED,UNCHANGED,
waterbodies,nhd-117800397,nhd-117800397,117800397,117800397,,,390,390,39004,39004,False,True,,EXPLAINED,UNCHANGED,
waterbodies,nhd-117800399,nhd-117800399,117800399,117800399,,,390,390,39004,39004,False,True,,EXPLAINED,UNCHANGED,
waterbodies,nhd-117800401,nhd-117800401,117800401,117800401,,,390,390,39004,39004,False,True,,EXPLAINED,UNCHANGED,
waterbodies,nhd-117800403,nhd-117800403,117800403,117800403,,,390,390,39004,39004,False,True,,EXPLAINED,UNCHANGED,
waterbodies,nhd-117800405,nhd-117800405,117800405,117800405,,,390,390,39004,39004,False,True,,EXPLAINED,UNCHANGED,
waterbodies,nhd-117800407,nhd-117800407,117800407,117800407,,,390,390,39004,39004,False,True,,EXPLAINED,UNCHANGED,
waterbodies,nhd-117800409,nhd-117800409,117800409,117800409,,,390,390,39001,39001,False,True,,EXPLAINED,UNCHANGED,
waterbodies,nhd-117800411,nhd-117800411,117800411,117800411,,,390,390,39004,39004,False,True,,EXPLAINED,UNCHANGED,
waterbodies,nhd-117800413,nhd-117800413,117800413,117800413,,,390,390,39004,39004,False,True,,EXPLAINED,UNCHANGED,
waterbodies,nhd-117800415,nhd-117800415,117800415,117800415,,,390,390,39001,39001,False,True,,EXPLAINED,UNCHANGED,
waterbodies,nhd-117800417,nhd-117800417,117800417,117800417,,,390,390,39004,39004,False,True,,EXPLAINED,UNCHANGED,
waterbodies,nhd-117800419,nhd-117800419,117800419,117800419,,,390,390,39001,39001,False,True,,EXPLAINED,UNCHANGED,
waterbodies,nhd-117800421,nhd-117800421,117800421,117800421,,,390,390,39004,39004,False,True,,EXPLAINED,UNCHANGED,
waterbodies,nhd-117800423,nhd-117800423,117800423,117800423,,,390,390,39001,39001,False,True,,EXPLAINED,UNCHANGED,
waterbodies,nhd-117800425,nhd-117800425,117800425,117800425,,,390,390,39004,39004,False,True,,EXPLAINED,UNCHANGED,
waterbodies,nhd-117800427,nhd-117800427,117800427,117800427,,,390,390,39004,39004,False,True,,EXPLAINED,UNCHANGED,
waterbodies,nhd-117800429,nhd-117800429,117800429,117800429,,,390,390,39001,39001,False,True,,EXPLAINED,UNCHANGED,
waterbodies,nhd-117800431,nhd-117800431,117800431,117800431,,,390,390,39004,39004,False,True,,EXPLAINED,UNCHANGED,
waterbodies,nhd-117800433,nhd-117800433,117800433,117800433,,,390,390,39004,39004,False,True,,EXPLAINED,UNCHANGED,
waterbodies,nhd-117800435,nhd-117800435,117800435,117800435,,,390,390,39004,39004,False,True,,EXPLAINED,UNCHANGED,
waterbodies,nhd-117800437,nhd-117800437,117800437,117800437,,,390,390,39004,39004,False,True,,EXPLAINED,UNCHANGED,
waterbodies,nhd-117800439,nhd-117800439,117800439,117800439,,,390,390,39001,39001,False,True,,EXPLAINED,UNCHANGED,
waterbodies,nhd-117800441,nhd-117800441,117800441,117800441,,,390,390,39001,39001,False,True,,EXPLAINED,UNCHANGED,
waterbodies,nhd-117800443,nhd-117800443,117800443,117800443,,,390,390,39001,39001,False,True,,EXPLAINED,UNCHANGED,
waterbodies,nhd-117800445,nhd-117800445,117800445,117800445,,,390,390,39004,39004,False,True,,EXPLAINED,UNCHANGED,
waterbodies,nhd-117800447,nhd-117800447,117800447,117800447,,,390,390,39001,39001,False,True,,EXPLAINED,UNCHANGED,
waterbodies,nhd-117800449,nhd-117800449,117800449,117800449,,,390,390,39004,39004,False,True,,EXPLAINED,UNCHANGED,
waterbodies,nhd-117800451,nhd-117800451,117800451,117800451,,,390,390,39001,39001,False,True,,EXPLAINED,UNCHANGED,
waterbodies,nhd-117800453,nhd-117800453,117800453,117800453,,,390,390,39004,39004,False,True,,EXPLAINED,UNCHANGED,
waterbodies,nhd-117800455,nhd-117800455,117800455,117800455,,,390,390,39001,39001,False,True,,EXPLAINED,UNCHANGED,
waterbodies,nhd-117800457,nhd-117800457,117800457,117800457,,,390,390,39004,39004,False,True,,EXPLAINED,UNCHANGED,
waterbodies,nhd-117800459,nhd-117800459,117800459,117800459,,,390,390,39004,39004,False,True,,EXPLAINED,UNCHANGED,
waterbodies,nhd-117800461,nhd-117800461,117800461,117800461,,,390,390,39004,39004,False,True,,EXPLAINED,UNCHANGED,
waterbodies,nhd-117800463,nhd-117800463,117800463,117800463,,,390,390,39004,39004,False,True,,EXPLAINED,UNCHANGED,
waterbodies,nhd-117800465,nhd-117800465,117800465,117800465,,,390,390,39004,39004,False,True,,EXPLAINED,UNCHANGED,
waterbodies,nhd-117800467,nhd-117800467,117800467,117800467,,,390,390,39004,39004,False,True,,EXPLAINED,UNCHANGED,
waterbodies,nhd-117800469,nhd-117800469,117800469,117800469,,,390,390,39004,39004,False,True,,EXPLAINED,UNCHANGED,
waterbodies,nhd-117800471,nhd-117800471,117800471,117800471,,,390,390,39004,39004,False,True,,EXPLAINED,UNCHANGED,
waterbodies,nhd-117800473,nhd-117800473,117800473,117800473,,,390,390,39004,39004,False,True,,EXPLAINED,UNCHANGED,
waterbodies,nhd-117800475,nhd-117800475,117800475,117800475,,,390,390,39004,39004,False,True,,EXPLAINED,UNCHANGED,
waterbodies,nhd-117800477,nhd-117800477,117800477,117800477,,,390,390,39001,39001,False,True,,EXPLAINED,UNCHANGED,
waterbodies,nhd-117800479,nhd-117800479,117800479,117800479,,,390,390,39004,39004,False,True,,EXPLAINED,UNCHANGED,
waterbodies,nhd-117800481,nhd-117800481,117800481,117800481,Waucondah Reservoir,Waucondah Reservoir,390,390,39004,39004,False,True,,EXPLAINED,UNCHANGED,
waterbodies,nhd-117800483,nhd-117800483,117800483,117800483,,,390,390,39004,39004,False,True,,EXPLAINED,UNCHANGED,
waterbodies,nhd-117800485,nhd-117800485,117800485,117800485,,,390,390,39001,39001,False,True,,EXPLAINED,UNCHANGED,
waterbodies,nhd-117800487,nhd-117800487,117800487,117800487,,,390,390,39004,39004,False,True,,EXPLAINED,UNCHANGED,
waterbodies,nhd-117800489,nhd-117800489,117800489,117800489,,,390,390,39004,39004,False,True,,EXPLAINED,UNCHANGED,
waterbodies,nhd-117800491,nhd-117800491,117800491,117800491,,,390,390,39001,39001,False,True,,EXPLAINED,UNCHANGED,
waterbodies,nhd-117800493,nhd-117800493,117800493,117800493,,,436,436,43624,43624,False,True,,EXPLAINED,UNCHANGED,
waterbodies,nhd-117800495,nhd-117800495,117800495,117800495,,,390,390,39004,39004,False,True,,EXPLAINED,UNCHANGED,
waterbodies,nhd-117800497,nhd-117800497,117800497,117800497,,,390,390,39004,39004,False,True,,EXPLAINED,UNCHANGED,
waterbodies,nhd-117800499,nhd-117800499,117800499,117800499,,,390,390,39004,39004,False,True,,EXPLAINED,UNCHANGED,
waterbodies,nhd-117800501,nhd-117800501,117800501,117800501,,,390,390,39004,39004,False,True,,EXPLAINED,UNCHANGED,
waterbodies,nhd-117800503,nhd-117800503,117800503,117800503,,,390,390,39001,39001,False,True,,EXPLAINED,UNCHANGED,
waterbodies,nhd-117800505,nhd-117800505,117800505,117800505,,,390,390,39004,39004,False,True,,EXPLAINED,UNCHANGED,
waterbodies,,nhd-117801903,,117801903,,,,390,,39004,False,False,,EXPLAINED,ADDED_IN_STRIP,
waterbodies,nhd-117805199,nhd-117805199,117805199,117805199,,,390,390,39004,39004,False,True,,EXPLAINED,UNCHANGED,
waterbodies,nhd-117805201,nhd-117805201,117805201,117805201,,,390,390,39004,39004,False,True,,EXPLAINED,UNCHANGED,
waterbodies,nhd-117805203,nhd-117805203,117805203,117805203,,,390,390,39004,39004,False,True,,EXPLAINED,UNCHANGED,
waterbodies,nhd-117805205,nhd-117805205,117805205,117805205,,,390,390,39004,39004,False,True,,EXPLAINED,UNCHANGED,
waterbodies,nhd-117805207,nhd-117805207,117805207,117805207,,,390,390,39004,39004,False,True,,EXPLAINED,UNCHANGED,
waterbodies,nhd-117805209,nhd-117805209,117805209,117805209,,,390,390,39001,39001,False,True,,EXPLAINED,UNCHANGED,
waterbodies,nhd-117805211,nhd-117805211,117805211,117805211,,,390,390,39004,39004,False,True,,EXPLAINED,UNCHANGED,
waterbodies,nhd-117805213,nhd-117805213,117805213,117805213,,,390,390,39004,39004,False,True,,EXPLAINED,UNCHANGED,
waterbodies,nhd-117805215,nhd-117805215,117805215,117805215,,,390,390,39004,39004,False,True,,EXPLAINED,UNCHANGED,
waterbodies,nhd-117805217,nhd-117805217,117805217,117805217,,,390,390,39004,39004,False,True,,EXPLAINED,UNCHANGED,
waterbodies,nhd-117805219,nhd-117805219,117805219,117805219,,,390,390,39004,39004,False,True,,EXPLAINED,UNCHANGED,
waterbodies,nhd-117805221,nhd-117805221,117805221,117805221,,,390,390,39004,39004,False,True,,EXPLAINED,UNCHANGED,
waterbodies,nhd-117805223,nhd-117805223,117805223,117805223,,,390,390,39004,39004,False,True,,EXPLAINED,UNCHANGED,
waterbodies,nhd-117805225,nhd-117805225,117805225,117805225,,,390,390,39004,39004,False,True,,EXPLAINED,UNCHANGED,
waterbodies,nhd-117805227,nhd-117805227,117805227,117805227,,,390,390,39004,39004,False,True,,EXPLAINED,UNCHANGED,
waterbodies,nhd-117805229,nhd-117805229,117805229,117805229,,,390,390,39004,39004,False,True,,EXPLAINED,UNCHANGED,
waterbodies,nhd-117805231,nhd-117805231,117805231,117805231,,,390,390,39004,39004,False,True,,EXPLAINED,UNCHANGED,
waterbodies,nhd-117805233,nhd-117805233,117805233,117805233,,,390,390,39004,39004,False,True,,EXPLAINED,UNCHANGED,
waterbodies,nhd-117805235,nhd-117805235,117805235,117805235,,,390,390,39004,39004,False,True,,EXPLAINED,UNCHANGED,
waterbodies,nhd-117805237,nhd-117805237,117805237,117805237,,,390,390,39001,39001,False,True,,EXPLAINED,UNCHANGED,
waterbodies,nhd-117805239,nhd-117805239,117805239,117805239,,,390,390,39004,39004,False,True,,EXPLAINED,UNCHANGED,
waterbodies,nhd-117805241,nhd-117805241,117805241,117805241,,,390,390,39004,39004,False,True,,EXPLAINED,UNCHANGED,
waterbodies,nhd-117805243,nhd-117805243,117805243,117805243,,,390,390,39004,39004,False,True,,EXPLAINED,UNCHANGED,
waterbodies,nhd-117805245,nhd-117805245,117805245,117805245,,,390,390,39004,39004,False,True,,EXPLAINED,UNCHANGED,
waterbodies,nhd-117805247,nhd-117805247,117805247,117805247,,,390,390,39004,39004,False,True,,EXPLAINED,UNCHANGED,
waterbodies,nhd-117805249,nhd-117805249,117805249,117805249,,,390,390,39004,39004,False,True,,EXPLAINED,UNCHANGED,
waterbodies,nhd-117813623,nhd-117813623,117813623,117813623,,,390,390,39001,39001,False,True,,EXPLAINED,UNCHANGED,
waterbodies,nhd-117813625,nhd-117813625,117813625,117813625,,,390,390,39001,39001,False,True,,EXPLAINED,UNCHANGED,
waterbodies,nhd-117813633,nhd-117813633,117813633,117813633,,,390,390,39001,39001,False,True,,EXPLAINED,UNCHANGED,
waterbodies,nhd-117813635,nhd-117813635,117813635,117813635,,,390,390,39004,39004,False,True,,EXPLAINED,UNCHANGED,
waterbodies,nhd-117813655,nhd-117813655,117813655,117813655,,,390,390,39001,39001,False,True,,EXPLAINED,UNCHANGED,
waterbodies,nhd-117813657,nhd-117813657,117813657,117813657,,,390,390,39001,39001,False,True,,EXPLAINED,UNCHANGED,
waterbodies,nhd-117813659,nhd-117813659,117813659,117813659,,,390,390,39001,39001,False,True,,EXPLAINED,UNCHANGED,
waterbodies,nhd-117813677,nhd-117813677,117813677,117813677,,,390,390,39001,39001,False,True,,EXPLAINED,UNCHANGED,
waterbodies,nhd-117813685,nhd-117813685,117813685,117813685,,,390,390,39001,39001,False,True,,EXPLAINED,UNCHANGED,
waterbodies,nhd-117813695,nhd-117813695,117813695,117813695,,,390,390,39001,39001,False,True,,EXPLAINED,UNCHANGED,
waterbodies,nhd-117813703,nhd-117813703,117813703,117813703,,,390,390,39001,39001,False,True,,EXPLAINED,UNCHANGED,
waterbodies,nhd-117813707,nhd-117813707,117813707,117813707,,,390,390,39001,39001,False,True,,EXPLAINED,UNCHANGED,
waterbodies,nhd-117813713,nhd-117813713,117813713,117813713,,,390,390,39001,39001,False,True,,EXPLAINED,UNCHANGED,
waterbodies,nhd-117813719,nhd-117813719,117813719,117813719,,,390,390,39001,39001,False,True,,EXPLAINED,UNCHANGED,
waterbodies,nhd-117813725,nhd-117813725,117813725,117813725,,,390,390,39004,39004,False,True,,EXPLAINED,UNCHANGED,
waterbodies,nhd-117813727,nhd-117813727,117813727,117813727,,,390,390,39004,39004,False,True,,EXPLAINED,UNCHANGED,
waterbodies,nhd-117813729,nhd-117813729,117813729,117813729,,,390,390,39001,39001,False,True,,EXPLAINED,UNCHANGED,
waterbodies,nhd-117813739,nhd-117813739,117813739,117813739,,,390,390,39001,39001,False,True,,EXPLAINED,UNCHANGED,
waterbodies,nhd-117813741,nhd-117813741,117813741,117813741,,,390,390,39001,39001,False,True,,EXPLAINED,UNCHANGED,
waterbodies,nhd-117813743,nhd-117813743,117813743,117813743,,,390,390,39004,39004,False,True,,EXPLAINED,UNCHANGED,
waterbodies,nhd-117813753,nhd-117813753,117813753,117813753,,,390,390,39004,39004,False,True,,EXPLAINED,UNCHANGED,
waterbodies,nhd-117813771,nhd-117813771,117813771,117813771,,,390,390,39001,39001,False,True,,EXPLAINED,UNCHANGED,
waterbodies,nhd-117813775,nhd-117813775,117813775,117813775,,,390,390,39004,39004,False,True,,EXPLAINED,UNCHANGED,
waterbodies,nhd-117813777,nhd-117813777,117813777,117813777,,,390,390,39004,39004,False,True,,EXPLAINED,UNCHANGED,
waterbodies,nhd-117813781,nhd-117813781,117813781,117813781,,,390,390,39001,39001,False,True,,EXPLAINED,UNCHANGED,
waterbodies,nhd-117813785,nhd-117813785,117813785,117813785,,,390,390,39004,39004,False,True,,EXPLAINED,UNCHANGED,
waterbodies,nhd-117813787,nhd-117813787,117813787,117813787,,,390,390,39001,39001,False,True,,EXPLAINED,UNCHANGED,
waterbodies,nhd-117813813,nhd-117813813,117813813,117813813,,,390,390,39001,39001,False,True,,EXPLAINED,UNCHANGED,
waterbodies,nhd-117813817,nhd-117813817,117813817,117813817,,,390,390,39004,39004,False,True,,EXPLAINED,UNCHANGED,
waterbodies,nhd-117813833,nhd-117813833,117813833,117813833,,,390,390,39004,39004,False,True,,EXPLAINED,UNCHANGED,
waterbodies,nhd-117813841,nhd-117813841,117813841,117813841,,,390,390,39001,39001,False,True,,EXPLAINED,UNCHANGED,
waterbodies,nhd-117813845,nhd-117813845,117813845,117813845,,,390,390,39001,39001,False,True,,EXPLAINED,UNCHANGED,
waterbodies,nhd-117813853,nhd-117813853,117813853,117813853,Allis Reservoir,Allis Reservoir,390,390,39004,39004,False,True,,EXPLAINED,UNCHANGED,
waterbodies,nhd-117813859,nhd-117813859,117813859,117813859,,,390,390,39004,39004,False,True,,EXPLAINED,UNCHANGED,
waterbodies,nhd-117813865,nhd-117813865,117813865,117813865,,,390,390,39004,39004,False,True,,EXPLAINED,UNCHANGED,
waterbodies,nhd-117816257,nhd-117816257,117816257,117816257,,,390,390,39001,39001,False,True,,EXPLAINED,UNCHANGED,
waterbodies,nhd-117816259,nhd-117816259,117816259,117816259,,,390,390,39001,39001,False,True,,EXPLAINED,UNCHANGED,
waterbodies,nhd-117816261,nhd-117816261,117816261,117816261,,,390,390,39004,39004,False,True,,EXPLAINED,UNCHANGED,
waterbodies,nhd-117816265,nhd-117816265,117816265,117816265,,,390,390,39004,39004,False,True,,EXPLAINED,UNCHANGED,
waterbodies,nhd-117816267,nhd-117816267,117816267,117816267,,,390,390,39004,39004,False,True,,EXPLAINED,UNCHANGED,
waterbodies,nhd-117816273,nhd-117816273,117816273,117816273,,,390,390,39004,39004,False,True,,EXPLAINED,UNCHANGED,
waterbodies,nhd-117816275,nhd-117816275,117816275,117816275,,,390,390,39004,39004,False,True,,EXPLAINED,UNCHANGED,
waterbodies,nhd-117816299,nhd-117816299,117816299,117816299,,,390,390,39001,39001,False,True,,EXPLAINED,UNCHANGED,
waterbodies,nhd-117816301,nhd-117816301,117816301,117816301,,,390,390,39001,39001,False,True,,EXPLAINED,UNCHANGED,
waterbodies,nhd-117816303,nhd-117816303,117816303,117816303,,,390,390,39004,39004,False,True,,EXPLAINED,UNCHANGED,
waterbodies,nhd-117816305,nhd-117816305,117816305,117816305,,,390,390,39001,39001,False,True,,EXPLAINED,UNCHANGED,
waterbodies,nhd-117816307,nhd-117816307,117816307,117816307,,,390,390,39001,39001,False,True,,EXPLAINED,UNCHANGED,
waterbodies,nhd-117816309,nhd-117816309,117816309,117816309,,,390,390,39001,39001,False,True,,EXPLAINED,UNCHANGED,
waterbodies,nhd-117816311,nhd-117816311,117816311,117816311,,,390,390,39004,39004,False,True,,EXPLAINED,UNCHANGED,
waterbodies,nhd-117816313,nhd-117816313,117816313,117816313,,,390,390,39004,39004,False,True,,EXPLAINED,UNCHANGED,
waterbodies,nhd-117816315,nhd-117816315,117816315,117816315,,,390,390,39001,39001,False,True,,EXPLAINED,UNCHANGED,
waterbodies,nhd-117816317,nhd-117816317,117816317,117816317,,,390,390,39001,39001,False,True,,EXPLAINED,UNCHANGED,
waterbodies,nhd-117816319,nhd-117816319,117816319,117816319,,,390,390,39004,39004,False,True,,EXPLAINED,UNCHANGED,
waterbodies,,nhd-117816321,,117816321,,,,390,,39004,False,False,,EXPLAINED,ADDED_IN_STRIP,
waterbodies,,nhd-117816323,,117816323,,,,390,,39004,False,False,,EXPLAINED,ADDED_IN_STRIP,
waterbodies,nhd-117816325,nhd-117816325,117816325,117816325,,,390,390,39001,39001,False,True,,EXPLAINED,UNCHANGED,
waterbodies,nhd-117816327,nhd-117816327,117816327,117816327,,,390,390,39001,39001,False,True,,EXPLAINED,UNCHANGED,
waterbodies,nhd-117816329,nhd-117816329,117816329,117816329,,,390,390,39001,39001,False,True,,EXPLAINED,UNCHANGED,
waterbodies,nhd-117816331,nhd-117816331,117816331,117816331,,,390,390,39001,39001,False,True,,EXPLAINED,UNCHANGED,
waterbodies,nhd-117816333,nhd-117816333,117816333,117816333,,,390,390,39004,39004,False,True,,EXPLAINED,UNCHANGED,
waterbodies,nhd-117816335,nhd-117816335,117816335,117816335,,,390,390,39001,39001,False,True,,EXPLAINED,UNCHANGED,
waterbodies,nhd-117816337,nhd-117816337,117816337,117816337,,,390,390,39001,39001,False,True,,EXPLAINED,UNCHANGED,
waterbodies,nhd-117816339,nhd-117816339,117816339,117816339,,,390,390,39001,39001,False,True,,EXPLAINED,UNCHANGED,
waterbodies,nhd-117816341,nhd-117816341,117816341,117816341,,,390,390,39001,39001,False,True,,EXPLAINED,UNCHANGED,
waterbodies,nhd-117816343,nhd-117816343,117816343,117816343,,,390,390,39001,39001,False,True,,EXPLAINED,UNCHANGED,
waterbodies,nhd-117816345,nhd-117816345,117816345,117816345,,,390,390,39001,39001,False,True,,EXPLAINED,UNCHANGED,
waterbodies,nhd-117816347,nhd-117816347,117816347,117816347,,,390,390,39001,39001,False,True,,EXPLAINED,UNCHANGED,
waterbodies,nhd-117816349,nhd-117816349,117816349,117816349,,,390,390,39001,39001,False,True,,EXPLAINED,UNCHANGED,
waterbodies,nhd-117816351,nhd-117816351,117816351,117816351,,,390,390,39001,39001,False,True,,EXPLAINED,UNCHANGED,
waterbodies,nhd-117816353,nhd-117816353,117816353,117816353,,,390,390,39004,39004,False,True,,EXPLAINED,UNCHANGED,
waterbodies,nhd-117816355,nhd-117816355,117816355,117816355,,,390,390,39004,39004,False,True,,EXPLAINED,UNCHANGED,
waterbodies,nhd-117816357,nhd-117816357,117816357,117816357,,,390,390,39004,39004,False,True,,EXPLAINED,UNCHANGED,
waterbodies,nhd-117816359,nhd-117816359,117816359,117816359,,,390,390,39001,39001,False,True,,EXPLAINED,UNCHANGED,
waterbodies,nhd-117816361,nhd-117816361,117816361,117816361,,,390,390,39001,39001,False,True,,EXPLAINED,UNCHANGED,
waterbodies,nhd-117816363,nhd-117816363,117816363,117816363,,,390,390,39001,39001,False,True,,EXPLAINED,UNCHANGED,
waterbodies,nhd-117816365,nhd-117816365,117816365,117816365,,,390,390,39001,39001,False,True,,EXPLAINED,UNCHANGED,
waterbodies,nhd-117816367,nhd-117816367,117816367,117816367,,,390,390,39001,39001,False,True,,EXPLAINED,UNCHANGED,
waterbodies,nhd-117816369,nhd-117816369,117816369,117816369,,,390,390,39001,39001,False,True,,EXPLAINED,UNCHANGED,
waterbodies,nhd-117816371,nhd-117816371,117816371,117816371,,,390,390,39001,39001,False,True,,EXPLAINED,UNCHANGED,
waterbodies,nhd-117816373,nhd-117816373,117816373,117816373,,,390,390,39001,39001,False,True,,EXPLAINED,UNCHANGED,
waterbodies,nhd-117816375,nhd-117816375,117816375,117816375,,,390,390,39004,39004,False,True,,EXPLAINED,UNCHANGED,
waterbodies,nhd-117816377,nhd-117816377,117816377,117816377,,,390,390,39004,39004,False,True,,EXPLAINED,UNCHANGED,
waterbodies,nhd-117816379,nhd-117816379,117816379,117816379,,,390,390,39004,39004,False,True,,EXPLAINED,UNCHANGED,
waterbodies,nhd-117816381,nhd-117816381,117816381,117816381,,,390,390,39001,39001,False,True,,EXPLAINED,UNCHANGED,
waterbodies,nhd-117816383,nhd-117816383,117816383,117816383,,,390,390,39001,39001,False,True,,EXPLAINED,UNCHANGED,
waterbodies,nhd-117816385,nhd-117816385,117816385,117816385,,,390,390,39001,39001,False,True,,EXPLAINED,UNCHANGED,
waterbodies,nhd-117816387,nhd-117816387,117816387,117816387,,,390,390,39001,39001,False,True,,EXPLAINED,UNCHANGED,
waterbodies,nhd-117816389,nhd-117816389,117816389,117816389,,,390,390,39001,39001,False,True,,EXPLAINED,UNCHANGED,
waterbodies,nhd-117816391,nhd-117816391,117816391,117816391,,,390,390,39001,39001,False,True,,EXPLAINED,UNCHANGED,
waterbodies,nhd-117816393,nhd-117816393,117816393,117816393,,,390,390,39001,39001,False,True,,EXPLAINED,UNCHANGED,
waterbodies,nhd-117816395,nhd-117816395,117816395,117816395,,,390,390,39001,39001,False,True,,EXPLAINED,UNCHANGED,
waterbodies,nhd-117816397,nhd-117816397,117816397,117816397,,,390,390,39001,39001,False,True,,EXPLAINED,UNCHANGED,
waterbodies,nhd-117816399,nhd-117816399,117816399,117816399,,,390,390,39001,39001,False,True,,EXPLAINED,UNCHANGED,
waterbodies,nhd-117816401,nhd-117816401,117816401,117816401,,,390,390,39001,39001,False,True,,EXPLAINED,UNCHANGED,
waterbodies,nhd-117816403,nhd-117816403,117816403,117816403,,,390,390,39001,39001,False,True,,EXPLAINED,UNCHANGED,
waterbodies,nhd-117816405,nhd-117816405,117816405,117816405,,,390,390,39004,39004,False,True,,EXPLAINED,UNCHANGED,
waterbodies,nhd-117816407,nhd-117816407,117816407,117816407,,,390,390,39001,39001,False,True,,EXPLAINED,UNCHANGED,
waterbodies,nhd-117816409,nhd-117816409,117816409,117816409,,,390,390,39001,39001,False,True,,EXPLAINED,UNCHANGED,
waterbodies,nhd-117816411,nhd-117816411,117816411,117816411,,,390,390,39001,39001,False,True,,EXPLAINED,UNCHANGED,
waterbodies,nhd-117816413,nhd-117816413,117816413,117816413,,,390,390,39001,39001,False,True,,EXPLAINED,UNCHANGED,
waterbodies,nhd-117816415,nhd-117816415,117816415,117816415,,,390,390,39001,39001,False,True,,EXPLAINED,UNCHANGED,
waterbodies,nhd-117816417,nhd-117816417,117816417,117816417,,,390,390,39001,39001,False,True,,EXPLAINED,UNCHANGED,
waterbodies,nhd-117816419,nhd-117816419,117816419,117816419,,,390,390,39001,39001,False,True,,EXPLAINED,UNCHANGED,
waterbodies,nhd-117816421,nhd-117816421,117816421,117816421,,,390,390,39001,39001,False,True,,EXPLAINED,UNCHANGED,
waterbodies,nhd-117816423,nhd-117816423,117816423,117816423,,,390,390,39004,39004,False,True,,EXPLAINED,UNCHANGED,
waterbodies,nhd-117816425,nhd-117816425,117816425,117816425,,,390,390,39004,39004,False,True,,EXPLAINED,UNCHANGED,
waterbodies,nhd-117816427,nhd-117816427,117816427,117816427,,,390,390,39001,39001,False,True,,EXPLAINED,UNCHANGED,
waterbodies,nhd-117816429,nhd-117816429,117816429,117816429,,,390,390,39001,39001,False,True,,EXPLAINED,UNCHANGED,
waterbodies,nhd-117816431,nhd-117816431,117816431,117816431,,,390,390,39001,39001,False,True,,EXPLAINED,UNCHANGED,
waterbodies,nhd-117816433,nhd-117816433,117816433,117816433,,,390,390,39001,39001,False,True,,EXPLAINED,UNCHANGED,
waterbodies,nhd-117816435,nhd-117816435,117816435,117816435,,,390,390,39001,39001,False,True,,EXPLAINED,UNCHANGED,
waterbodies,nhd-117816437,nhd-117816437,117816437,117816437,,,390,390,39001,39001,False,True,,EXPLAINED,UNCHANGED,
waterbodies,nhd-117816439,nhd-117816439,117816439,117816439,,,390,390,39001,39001,False,True,,EXPLAINED,UNCHANGED,
waterbodies,nhd-117816441,nhd-117816441,117816441,117816441,,,390,390,39001,39001,False,True,,EXPLAINED,UNCHANGED,
waterbodies,nhd-117816443,nhd-117816443,117816443,117816443,,,390,390,39001,39001,False,True,,EXPLAINED,UNCHANGED,
waterbodies,nhd-117816445,nhd-117816445,117816445,117816445,,,390,390,39001,39001,False,True,,EXPLAINED,UNCHANGED,
waterbodies,nhd-117816447,nhd-117816447,117816447,117816447,,,390,390,39001,39001,False,True,,EXPLAINED,UNCHANGED,
waterbodies,nhd-117816449,nhd-117816449,117816449,117816449,,,390,390,39001,39001,False,True,,EXPLAINED,UNCHANGED,
waterbodies,nhd-117816451,nhd-117816451,117816451,117816451,,,390,390,39001,39001,False,True,,EXPLAINED,UNCHANGED,
waterbodies,nhd-117816453,nhd-117816453,117816453,117816453,,,390,390,39001,39001,False,True,,EXPLAINED,UNCHANGED,
waterbodies,nhd-117816455,nhd-117816455,117816455,117816455,,,390,390,39004,39004,False,True,,EXPLAINED,UNCHANGED,
waterbodies,nhd-117816457,nhd-117816457,117816457,117816457,,,390,390,39001,39001,False,True,,EXPLAINED,UNCHANGED,
waterbodies,nhd-117816459,nhd-117816459,117816459,117816459,,,390,390,39001,39001,False,True,,EXPLAINED,UNCHANGED,
waterbodies,nhd-117816461,nhd-117816461,117816461,117816461,,,390,390,39001,39001,False,True,,EXPLAINED,UNCHANGED,
waterbodies,nhd-117816463,nhd-117816463,117816463,117816463,,,390,390,39001,39001,False,True,,EXPLAINED,UNCHANGED,
waterbodies,nhd-117816465,nhd-117816465,117816465,117816465,,,390,390,39001,39001,False,True,,EXPLAINED,UNCHANGED,
waterbodies,nhd-117816467,nhd-117816467,117816467,117816467,,,390,390,39004,39004,False,True,,EXPLAINED,UNCHANGED,
waterbodies,nhd-117816469,nhd-117816469,117816469,117816469,,,390,390,39004,39004,False,True,,EXPLAINED,UNCHANGED,
waterbodies,nhd-117816471,nhd-117816471,117816471,117816471,,,390,390,39004,39004,False,True,,EXPLAINED,UNCHANGED,
waterbodies,nhd-117816473,nhd-117816473,117816473,117816473,,,390,390,39004,39004,False,True,,EXPLAINED,UNCHANGED,
waterbodies,nhd-117816475,nhd-117816475,117816475,117816475,,,390,390,39004,39004,False,True,,EXPLAINED,UNCHANGED,
waterbodies,nhd-117816477,nhd-117816477,117816477,117816477,,,390,390,39004,39004,False,True,,EXPLAINED,UNCHANGED,
waterbodies,nhd-117816479,nhd-117816479,117816479,117816479,,,390,390,39004,39004,False,True,,EXPLAINED,UNCHANGED,
waterbodies,nhd-117816481,nhd-117816481,117816481,117816481,,,390,390,39001,39001,False,True,,EXPLAINED,UNCHANGED,
waterbodies,nhd-117816483,nhd-117816483,117816483,117816483,,,390,390,39001,39001,False,True,,EXPLAINED,UNCHANGED,
waterbodies,nhd-117816485,nhd-117816485,117816485,117816485,,,390,390,39001,39001,False,True,,EXPLAINED,UNCHANGED,
waterbodies,nhd-117816487,nhd-117816487,117816487,117816487,,,390,390,39001,39001,False,True,,EXPLAINED,UNCHANGED,
waterbodies,nhd-117816489,nhd-117816489,117816489,117816489,,,390,390,39001,39001,False,True,,EXPLAINED,UNCHANGED,
waterbodies,nhd-117816491,nhd-117816491,117816491,117816491,,,390,390,39001,39001,False,True,,EXPLAINED,UNCHANGED,
waterbodies,nhd-117816493,nhd-117816493,117816493,117816493,,,390,390,39001,39001,False,True,,EXPLAINED,UNCHANGED,
waterbodies,nhd-117816495,nhd-117816495,117816495,117816495,,,390,390,39001,39001,False,True,,EXPLAINED,UNCHANGED,
waterbodies,nhd-117816497,nhd-117816497,117816497,117816497,,,390,390,39001,39001,False,True,,EXPLAINED,UNCHANGED,
waterbodies,nhd-117816499,nhd-117816499,117816499,117816499,,,390,390,39001,39001,False,True,,EXPLAINED,UNCHANGED,
waterbodies,nhd-117816501,nhd-117816501,117816501,117816501,,,390,390,39001,39001,False,True,,EXPLAINED,UNCHANGED,
waterbodies,nhd-117816503,nhd-117816503,117816503,117816503,,,390,390,39004,39004,False,True,,EXPLAINED,UNCHANGED,
waterbodies,nhd-117816505,nhd-117816505,117816505,117816505,,,390,390,39004,39004,False,True,,EXPLAINED,UNCHANGED,
waterbodies,nhd-117816507,nhd-117816507,117816507,117816507,,,390,390,39004,39004,False,True,,EXPLAINED,UNCHANGED,
waterbodies,nhd-117816509,nhd-117816509,117816509,117816509,,,390,390,39004,39004,False,True,,EXPLAINED,UNCHANGED,
waterbodies,nhd-117816511,nhd-117816511,117816511,117816511,,,390,390,39004,39004,False,True,,EXPLAINED,UNCHANGED,
waterbodies,nhd-117816513,nhd-117816513,117816513,117816513,,,390,390,39004,39004,False,True,,EXPLAINED,UNCHANGED,
waterbodies,nhd-117816515,nhd-117816515,117816515,117816515,,,390,390,39004,39004,False,True,,EXPLAINED,UNCHANGED,
waterbodies,nhd-117816517,nhd-117816517,117816517,117816517,,,390,390,39004,39004,False,True,,EXPLAINED,UNCHANGED,
waterbodies,nhd-117816519,nhd-117816519,117816519,117816519,,,390,390,39004,39004,False,True,,EXPLAINED,UNCHANGED,
waterbodies,nhd-117816521,nhd-117816521,117816521,117816521,,,390,390,39004,39004,False,True,,EXPLAINED,UNCHANGED,
waterbodies,nhd-117816523,nhd-117816523,117816523,117816523,,,390,390,39004,39004,False,True,,EXPLAINED,UNCHANGED,
waterbodies,nhd-117816525,nhd-117816525,117816525,117816525,,,390,390,39001,39001,False,True,,EXPLAINED,UNCHANGED,
waterbodies,nhd-117816527,nhd-117816527,117816527,117816527,,,390,390,39001,39001,False,True,,EXPLAINED,UNCHANGED,
waterbodies,,nhd-117816529,,117816529,,,,390,,39004,False,False,,EXPLAINED,ADDED_IN_STRIP,
waterbodies,,nhd-117816531,,117816531,,,,390,,39004,False,False,,EXPLAINED,ADDED_IN_STRIP,
waterbodies,,nhd-117816537,,117816537,,,,436,,43613,False,False,,EXPLAINED,ADDED_IN_STRIP,
waterbodies,,nhd-117816539,,117816539,,,,436,,43613,False,False,,EXPLAINED,ADDED_IN_STRIP,
waterbodies,,nhd-117816541,,117816541,,,,390,,39004,False,False,,EXPLAINED,ADDED_IN_STRIP,
waterbodies,nhd-117816543,nhd-117816543,117816543,117816543,,,390,390,39004,39004,False,True,,EXPLAINED,UNCHANGED,
waterbodies,nhd-117816545,nhd-117816545,117816545,117816545,,,390,390,39004,39004,False,True,,EXPLAINED,UNCHANGED,
waterbodies,nhd-117816547,nhd-117816547,117816547,117816547,,,390,390,39004,39004,False,True,,EXPLAINED,UNCHANGED,
waterbodies,nhd-117816549,nhd-117816549,117816549,117816549,,,390,390,39001,39001,False,True,,EXPLAINED,UNCHANGED,
waterbodies,nhd-117816551,nhd-117816551,117816551,117816551,,,390,390,39001,39001,False,True,,EXPLAINED,UNCHANGED,
waterbodies,nhd-117816553,nhd-117816553,117816553,117816553,,,390,390,39001,39001,False,True,,EXPLAINED,UNCHANGED,
waterbodies,nhd-117816555,nhd-117816555,117816555,117816555,,,390,390,39001,39001,False,True,,EXPLAINED,UNCHANGED,
waterbodies,nhd-117816557,nhd-117816557,117816557,117816557,,,390,390,39001,39001,False,True,,EXPLAINED,UNCHANGED,
waterbodies,nhd-117816559,nhd-117816559,117816559,117816559,,,390,390,39001,39001,False,True,,EXPLAINED,UNCHANGED,
waterbodies,nhd-117816561,nhd-117816561,117816561,117816561,,,390,390,39001,39001,False,True,,EXPLAINED,UNCHANGED,
waterbodies,nhd-117816563,nhd-117816563,117816563,117816563,,,390,390,39001,39001,False,True,,EXPLAINED,UNCHANGED,
waterbodies,nhd-117816565,nhd-117816565,117816565,117816565,,,390,390,39001,39001,False,True,,EXPLAINED,UNCHANGED,
waterbodies,nhd-117816567,nhd-117816567,117816567,117816567,,,390,390,39001,39001,False,True,,EXPLAINED,UNCHANGED,
waterbodies,nhd-117817623,nhd-117817623,117817623,117817623,,,390,390,39001,39001,False,True,,EXPLAINED,UNCHANGED,
waterbodies,nhd-117817629,nhd-117817629,117817629,117817629,,,390,390,39001,39001,False,True,,EXPLAINED,UNCHANGED,
waterbodies,nhd-117819333,nhd-117819333,117819333,117819333,,,390,390,39004,39004,False,True,,EXPLAINED,UNCHANGED,
waterbodies,nhd-117819335,nhd-117819335,117819335,117819335,,,390,390,39004,39004,False,True,,EXPLAINED,UNCHANGED,
waterbodies,,nhd-117819337,,117819337,,,,390,,39004,False,False,,EXPLAINED,ADDED_IN_STRIP,
waterbodies,nhd-117819339,nhd-117819339,117819339,117819339,,,390,390,39004,39004,False,True,,EXPLAINED,UNCHANGED,
waterbodies,nhd-117819341,nhd-117819341,117819341,117819341,,,390,390,39004,39004,False,True,,EXPLAINED,UNCHANGED,
waterbodies,nhd-117819343,nhd-117819343,117819343,117819343,,,390,390,39004,39004,False,True,,EXPLAINED,UNCHANGED,
waterbodies,nhd-117819345,nhd-117819345,117819345,117819345,,,390,390,39004,39004,False,True,,EXPLAINED,UNCHANGED,
waterbodies,nhd-117819347,nhd-117819347,117819347,117819347,,,390,390,39004,39004,False,True,,EXPLAINED,UNCHANGED,
waterbodies,nhd-117819349,nhd-117819349,117819349,117819349,,,390,390,39004,39004,False,True,,EXPLAINED,UNCHANGED,
waterbodies,,nhd-117819353,,117819353,,,,390,,39004,False,False,,EXPLAINED,ADDED_IN_STRIP,
waterbodies,,nhd-117819355,,117819355,,,,390,,39004,False,False,,EXPLAINED,ADDED_IN_STRIP,
waterbodies,nhd-117819359,nhd-117819359,117819359,117819359,,,390,390,39001,39001,False,True,,EXPLAINED,UNCHANGED,
waterbodies,nhd-117819361,nhd-117819361,117819361,117819361,,,390,390,39004,39004,False,True,,EXPLAINED,UNCHANGED,
waterbodies,nhd-117819363,nhd-117819363,117819363,117819363,Platte Canyon Reservoir,Platte Canyon Reservoir,390,390,39009,39009,False,True,,EXPLAINED,UNCHANGED,
waterbodies,,nhd-117819365,,117819365,,,,390,,39004,False,False,,EXPLAINED,ADDED_IN_STRIP,
waterbodies,,nhd-117819367,,117819367,,,,390,,39004,False,False,,EXPLAINED,ADDED_IN_STRIP,
waterbodies,,nhd-117819369,,117819369,,,,436,,43624,False,False,,EXPLAINED,ADDED_IN_STRIP,
waterbodies,,nhd-117819373,,117819373,,,,436,,43624,False,False,,EXPLAINED,ADDED_IN_STRIP,
waterbodies,nhd-117819375,nhd-117819375,117819375,117819375,,,390,390,39004,39004,False,True,,EXPLAINED,UNCHANGED,
waterbodies,nhd-117819377,nhd-117819377,117819377,117819377,,,390,390,39004,39004,False,True,,EXPLAINED,UNCHANGED,
waterbodies,nhd-117819379,nhd-117819379,117819379,117819379,,,390,390,39004,39004,False,True,,EXPLAINED,UNCHANGED,
waterbodies,nhd-117819381,nhd-117819381,117819381,117819381,,,390,390,39004,39004,False,True,,EXPLAINED,UNCHANGED,
waterbodies,nhd-117819383,nhd-117819383,117819383,117819383,,,390,390,39004,39004,False,True,,EXPLAINED,UNCHANGED,
waterbodies,nhd-117819385,nhd-117819385,117819385,117819385,,,390,390,39004,39004,False,True,,EXPLAINED,UNCHANGED,
waterbodies,nhd-117819389,nhd-117819389,117819389,117819389,,,390,390,39004,39004,False,True,,EXPLAINED,UNCHANGED,
waterbodies,nhd-117819391,nhd-117819391,117819391,117819391,,,390,390,39004,39004,False,True,,EXPLAINED,UNCHANGED,
waterbodies,nhd-117819393,nhd-117819393,117819393,117819393,,,390,390,39004,39004,False,True,,EXPLAINED,UNCHANGED,
waterbodies,nhd-117819395,nhd-117819395,117819395,117819395,,,390,390,39004,39004,False,True,,EXPLAINED,UNCHANGED,
waterbodies,nhd-117819397,nhd-117819397,117819397,117819397,,,390,390,39004,39004,False,True,,EXPLAINED,UNCHANGED,
waterbodies,nhd-117819399,nhd-117819399,117819399,117819399,,,436,436,43624,43624,False,True,,EXPLAINED,UNCHANGED,
waterbodies,nhd-117819401,nhd-117819401,117819401,117819401,,,436,436,43624,43624,False,True,,EXPLAINED,UNCHANGED,
waterbodies,nhd-117819403,nhd-117819403,117819403,117819403,,,436,436,43624,43624,False,True,,EXPLAINED,UNCHANGED,
waterbodies,nhd-117819405,nhd-117819405,117819405,117819405,,,436,436,43624,43624,False,True,,EXPLAINED,UNCHANGED,
waterbodies,nhd-117819407,nhd-117819407,117819407,117819407,,,436,436,43624,43624,False,True,,EXPLAINED,UNCHANGED,
waterbodies,nhd-117819409,nhd-117819409,117819409,117819409,,,390,390,39004,39004,False,True,,EXPLAINED,UNCHANGED,
waterbodies,nhd-117819411,nhd-117819411,117819411,117819411,,,390,390,39001,39001,False,True,,EXPLAINED,UNCHANGED,
waterbodies,nhd-117819413,nhd-117819413,117819413,117819413,,,436,436,43601,43601,False,True,,EXPLAINED,UNCHANGED,
waterbodies,nhd-117819415,nhd-117819415,117819415,117819415,,,390,390,39004,39004,False,True,,EXPLAINED,UNCHANGED,
waterbodies,nhd-117819417,nhd-117819417,117819417,117819417,,,390,390,39004,39004,False,True,,EXPLAINED,UNCHANGED,
waterbodies,nhd-117819419,nhd-117819419,117819419,117819419,,,390,390,39004,39004,False,True,,EXPLAINED,UNCHANGED,
waterbodies,nhd-117819421,nhd-117819421,117819421,117819421,,,390,390,39004,39004,False,True,,EXPLAINED,UNCHANGED,
waterbodies,nhd-117819423,nhd-117819423,117819423,117819423,,,390,390,39004,39004,False,True,,EXPLAINED,UNCHANGED,
waterbodies,nhd-117819425,nhd-117819425,117819425,117819425,,,390,390,39004,39004,False,True,,EXPLAINED,UNCHANGED,
waterbodies,nhd-117819427,nhd-117819427,117819427,117819427,,,390,390,39004,39004,False,True,,EXPLAINED,UNCHANGED,
waterbodies,nhd-117819429,nhd-117819429,117819429,117819429,,,436,436,43624,43624,False,True,,EXPLAINED,UNCHANGED,
waterbodies,nhd-117819431,nhd-117819431,117819431,117819431,,,390,390,39001,39001,False,True,,EXPLAINED,UNCHANGED,
waterbodies,nhd-117819433,nhd-117819433,117819433,117819433,,,436,436,43624,43624,False,True,,EXPLAINED,UNCHANGED,
waterbodies,nhd-117819435,nhd-117819435,117819435,117819435,,,390,390,39004,39004,False,True,,EXPLAINED,UNCHANGED,
waterbodies,nhd-117819437,nhd-117819437,117819437,117819437,,,390,390,39004,39004,False,True,,EXPLAINED,UNCHANGED,
waterbodies,nhd-117819439,nhd-117819439,117819439,117819439,,,390,390,39004,39004,False,True,,EXPLAINED,UNCHANGED,
waterbodies,nhd-117819441,nhd-117819441,117819441,117819441,,,436,436,43624,43624,False,True,,EXPLAINED,UNCHANGED,
waterbodies,nhd-117819443,nhd-117819443,117819443,117819443,,,390,390,39004,39004,False,True,,EXPLAINED,UNCHANGED,
waterbodies,nhd-117819445,nhd-117819445,117819445,117819445,,,436,436,43624,43624,False,True,,EXPLAINED,UNCHANGED,
waterbodies,nhd-117819447,nhd-117819447,117819447,117819447,,,436,436,43624,43624,False,True,,EXPLAINED,UNCHANGED,
waterbodies,nhd-117819449,nhd-117819449,117819449,117819449,,,436,436,43624,43624,False,True,,EXPLAINED,UNCHANGED,
waterbodies,nhd-117819451,nhd-117819451,117819451,117819451,,,390,390,39004,39004,False,True,,EXPLAINED,UNCHANGED,
waterbodies,nhd-117819453,nhd-117819453,117819453,117819453,,,390,390,39004,39004,False,True,,EXPLAINED,UNCHANGED,
waterbodies,nhd-117819455,nhd-117819455,117819455,117819455,,,390,390,39001,39001,False,True,,EXPLAINED,UNCHANGED,
waterbodies,nhd-117819457,nhd-117819457,117819457,117819457,,,390,390,39004,39004,False,True,,EXPLAINED,UNCHANGED,
waterbodies,nhd-117819459,nhd-117819459,117819459,117819459,,,390,390,39004,39004,False,True,,EXPLAINED,UNCHANGED,
waterbodies,nhd-117819461,nhd-117819461,117819461,117819461,,,390,390,39004,39004,False,True,,EXPLAINED,UNCHANGED,
waterbodies,nhd-117819463,nhd-117819463,117819463,117819463,,,390,390,39004,39004,False,True,,EXPLAINED,UNCHANGED,
waterbodies,nhd-117819465,nhd-117819465,117819465,117819465,Aurora-Rampart Reservoir,Aurora-Rampart Reservoir,390,390,39009,39009,False,True,,EXPLAINED,UNCHANGED,
waterbodies,nhd-117819467,nhd-117819467,117819467,117819467,,,390,390,39001,39001,False,True,,EXPLAINED,UNCHANGED,
waterbodies,nhd-117819469,nhd-117819469,117819469,117819469,,,390,390,39004,39004,False,True,,EXPLAINED,UNCHANGED,
waterbodies,nhd-117819471,nhd-117819471,117819471,117819471,,,390,390,39004,39004,False,True,,EXPLAINED,UNCHANGED,
waterbodies,nhd-117819473,nhd-117819473,117819473,117819473,,,390,390,39001,39001,False,True,,EXPLAINED,UNCHANGED,
waterbodies,nhd-117819475,nhd-117819475,117819475,117819475,,,390,390,39001,39001,False,True,,EXPLAINED,UNCHANGED,
waterbodies,nhd-117819477,nhd-117819477,117819477,117819477,Wakeman Reservoir,Wakeman Reservoir,390,390,39004,39004,False,True,,EXPLAINED,UNCHANGED,
waterbodies,nhd-117819479,nhd-117819479,117819479,117819479,,,390,390,39001,39001,False,True,,EXPLAINED,UNCHANGED,
waterbodies,nhd-117819481,nhd-117819481,117819481,117819481,,,390,390,39004,39004,False,True,,EXPLAINED,UNCHANGED,
waterbodies,nhd-117819483,nhd-117819483,117819483,117819483,,,390,390,39001,39001,False,True,,EXPLAINED,UNCHANGED,
waterbodies,nhd-117819485,nhd-117819485,117819485,117819485,,,390,390,39004,39004,False,True,,EXPLAINED,UNCHANGED,
waterbodies,nhd-117819487,nhd-117819487,117819487,117819487,,,390,390,39001,39001,False,True,,EXPLAINED,UNCHANGED,
waterbodies,nhd-117819489,nhd-117819489,117819489,117819489,,,390,390,39004,39004,False,True,,EXPLAINED,UNCHANGED,
waterbodies,nhd-117819491,nhd-117819491,117819491,117819491,,,390,390,39004,39004,False,True,,EXPLAINED,UNCHANGED,
waterbodies,nhd-117819493,nhd-117819493,117819493,117819493,,,390,390,39004,39004,False,True,,EXPLAINED,UNCHANGED,
waterbodies,nhd-117819495,nhd-117819495,117819495,117819495,,,390,390,39004,39004,False,True,,EXPLAINED,UNCHANGED,
waterbodies,nhd-117819497,nhd-117819497,117819497,117819497,,,390,390,39001,39001,False,True,,EXPLAINED,UNCHANGED,
waterbodies,nhd-117819499,nhd-117819499,117819499,117819499,,,390,390,39004,39004,False,True,,EXPLAINED,UNCHANGED,
waterbodies,nhd-117819501,nhd-117819501,117819501,117819501,,,390,390,39004,39004,False,True,,EXPLAINED,UNCHANGED,
waterbodies,nhd-117819503,nhd-117819503,117819503,117819503,,,390,390,39004,39004,False,True,,EXPLAINED,UNCHANGED,
waterbodies,nhd-117819505,nhd-117819505,117819505,117819505,,,390,390,39001,39001,False,True,,EXPLAINED,UNCHANGED,
waterbodies,nhd-117819507,nhd-117819507,117819507,117819507,,,390,390,39004,39004,False,True,,EXPLAINED,UNCHANGED,
waterbodies,nhd-117819509,nhd-117819509,117819509,117819509,,,390,390,39001,39001,False,True,,EXPLAINED,UNCHANGED,
waterbodies,nhd-117819511,nhd-117819511,117819511,117819511,Nelson Reservoir,Nelson Reservoir,390,390,39001,39001,False,True,,EXPLAINED,UNCHANGED,
waterbodies,nhd-117819513,nhd-117819513,117819513,117819513,,,390,390,39004,39004,False,True,,EXPLAINED,UNCHANGED,
waterbodies,nhd-117819515,nhd-117819515,117819515,117819515,,,390,390,39004,39004,False,True,,EXPLAINED,UNCHANGED,
waterbodies,nhd-117819517,nhd-117819517,117819517,117819517,,,390,390,39001,39001,False,True,,EXPLAINED,UNCHANGED,
waterbodies,nhd-117819519,nhd-117819519,117819519,117819519,,,390,390,39001,39001,False,True,,EXPLAINED,UNCHANGED,
waterbodies,nhd-117819521,nhd-117819521,117819521,117819521,,,390,390,39004,39004,False,True,,EXPLAINED,UNCHANGED,
waterbodies,nhd-117819523,nhd-117819523,117819523,117819523,,,390,390,39001,39001,False,True,,EXPLAINED,UNCHANGED,
waterbodies,nhd-117819525,nhd-117819525,117819525,117819525,,,390,390,39004,39004,False,True,,EXPLAINED,UNCHANGED,
waterbodies,nhd-117819527,nhd-117819527,117819527,117819527,,,390,390,39001,39001,False,True,,EXPLAINED,UNCHANGED,
waterbodies,nhd-117819529,nhd-117819529,117819529,117819529,,,390,390,39004,39004,False,True,,EXPLAINED,UNCHANGED,
waterbodies,nhd-117819531,nhd-117819531,117819531,117819531,,,390,390,39004,39004,False,True,,EXPLAINED,UNCHANGED,
waterbodies,nhd-117819533,nhd-117819533,117819533,117819533,,,390,390,39001,39001,False,True,,EXPLAINED,UNCHANGED,
waterbodies,nhd-117819535,nhd-117819535,117819535,117819535,,,390,390,39001,39001,False,True,,EXPLAINED,UNCHANGED,
waterbodies,nhd-117819537,nhd-117819537,117819537,117819537,,,390,390,39004,39004,False,True,,EXPLAINED,UNCHANGED,
waterbodies,nhd-117819539,nhd-117819539,117819539,117819539,,,390,390,39004,39004,False,True,,EXPLAINED,UNCHANGED,
waterbodies,nhd-117819541,nhd-117819541,117819541,117819541,,,390,390,39001,39001,False,True,,EXPLAINED,UNCHANGED,
waterbodies,nhd-117819543,nhd-117819543,117819543,117819543,,,390,390,39001,39001,False,True,,EXPLAINED,UNCHANGED,
waterbodies,nhd-117819545,nhd-117819545,117819545,117819545,,,390,390,39001,39001,False,True,,EXPLAINED,UNCHANGED,
waterbodies,nhd-117819547,nhd-117819547,117819547,117819547,,,390,390,39001,39001,False,True,,EXPLAINED,UNCHANGED,
waterbodies,nhd-117819549,nhd-117819549,117819549,117819549,,,390,390,39004,39004,False,True,,EXPLAINED,UNCHANGED,
waterbodies,nhd-117819551,nhd-117819551,117819551,117819551,,,390,390,39001,39001,False,True,,EXPLAINED,UNCHANGED,
waterbodies,nhd-117819553,nhd-117819553,117819553,117819553,,,390,390,39004,39004,False,True,,EXPLAINED,UNCHANGED,
waterbodies,nhd-117821189,nhd-117821189,117821189,117821189,,,390,390,39001,39001,False,True,,EXPLAINED,UNCHANGED,
waterbodies,nhd-117821191,nhd-117821191,117821191,117821191,Cantrill Reservoir,Cantrill Reservoir,390,390,39001,39001,False,True,,EXPLAINED,UNCHANGED,
waterbodies,nhd-117821193,nhd-117821193,117821193,117821193,,,390,390,39001,39001,False,True,,EXPLAINED,UNCHANGED,
waterbodies,nhd-117821195,nhd-117821195,117821195,117821195,,,390,390,39001,39001,False,True,,EXPLAINED,UNCHANGED,
waterbodies,nhd-117821197,nhd-117821197,117821197,117821197,,,390,390,39001,39001,False,True,,EXPLAINED,UNCHANGED,
waterbodies,nhd-117821199,nhd-117821199,117821199,117821199,,,390,390,39004,39004,False,True,,EXPLAINED,UNCHANGED,
waterbodies,nhd-117821201,nhd-117821201,117821201,117821201,,,390,390,39004,39004,False,True,,EXPLAINED,UNCHANGED,
waterbodies,nhd-117821203,nhd-117821203,117821203,117821203,,,390,390,39001,39001,False,True,,EXPLAINED,UNCHANGED,
waterbodies,nhd-117821205,nhd-117821205,117821205,117821205,,,390,390,39001,39001,False,True,,EXPLAINED,UNCHANGED,
waterbodies,nhd-117821207,nhd-117821207,117821207,117821207,,,390,390,39001,39001,False,True,,EXPLAINED,UNCHANGED,
waterbodies,nhd-117821209,nhd-117821209,117821209,117821209,,,390,390,39001,39001,False,True,,EXPLAINED,UNCHANGED,
waterbodies,nhd-117821211,nhd-117821211,117821211,117821211,,,390,390,39001,39001,False,True,,EXPLAINED,UNCHANGED,
waterbodies,nhd-117821213,nhd-117821213,117821213,117821213,,,390,390,39001,39001,False,True,,EXPLAINED,UNCHANGED,
waterbodies,nhd-117821215,nhd-117821215,117821215,117821215,,,390,390,39001,39001,False,True,,EXPLAINED,UNCHANGED,
waterbodies,nhd-117821217,nhd-117821217,117821217,117821217,,,390,390,39001,39001,False,True,,EXPLAINED,UNCHANGED,
waterbodies,nhd-117821219,nhd-117821219,117821219,117821219,,,390,390,39001,39001,False,True,,EXPLAINED,UNCHANGED,
waterbodies,nhd-117821221,nhd-117821221,117821221,117821221,,,390,390,39001,39001,False,True,,EXPLAINED,UNCHANGED,
waterbodies,nhd-117821223,nhd-117821223,117821223,117821223,,,390,390,39004,39004,False,True,,EXPLAINED,UNCHANGED,
waterbodies,nhd-117821225,nhd-117821225,117821225,117821225,,,390,390,39001,39001,False,True,,EXPLAINED,UNCHANGED,
waterbodies,nhd-117821227,nhd-117821227,117821227,117821227,,,390,390,39001,39001,False,True,,EXPLAINED,UNCHANGED,
waterbodies,nhd-117821229,nhd-117821229,117821229,117821229,,,390,390,39001,39001,False,True,,EXPLAINED,UNCHANGED,
waterbodies,nhd-117821231,nhd-117821231,117821231,117821231,,,390,390,39001,39001,False,True,,EXPLAINED,UNCHANGED,
waterbodies,nhd-117821233,nhd-117821233,117821233,117821233,,,390,390,39001,39001,False,True,,EXPLAINED,UNCHANGED,
waterbodies,nhd-117821235,nhd-117821235,117821235,117821235,,,390,390,39001,39001,False,True,,EXPLAINED,UNCHANGED,
waterbodies,nhd-117821237,nhd-117821237,117821237,117821237,,,390,390,39001,39001,False,True,,EXPLAINED,UNCHANGED,
waterbodies,nhd-117821239,nhd-117821239,117821239,117821239,,,390,390,39001,39001,False,True,,EXPLAINED,UNCHANGED,
waterbodies,nhd-117821241,nhd-117821241,117821241,117821241,,,390,390,39001,39001,False,True,,EXPLAINED,UNCHANGED,
waterbodies,nhd-117821243,nhd-117821243,117821243,117821243,,,390,390,39001,39001,False,True,,EXPLAINED,UNCHANGED,
waterbodies,nhd-117821245,nhd-117821245,117821245,117821245,,,390,390,39001,39001,False,True,,EXPLAINED,UNCHANGED,
waterbodies,nhd-117821247,nhd-117821247,117821247,117821247,,,390,390,39001,39001,False,True,,EXPLAINED,UNCHANGED,
waterbodies,nhd-117821249,nhd-117821249,117821249,117821249,,,390,390,39001,39001,False,True,,EXPLAINED,UNCHANGED,
waterbodies,nhd-117821251,nhd-117821251,117821251,117821251,,,390,390,39001,39001,False,True,,EXPLAINED,UNCHANGED,
waterbodies,nhd-117821253,nhd-117821253,117821253,117821253,,,390,390,39001,39001,False,True,,EXPLAINED,UNCHANGED,
waterbodies,nhd-117821255,nhd-117821255,117821255,117821255,,,390,390,39001,39001,False,True,,EXPLAINED,UNCHANGED,
waterbodies,nhd-117821257,nhd-117821257,117821257,117821257,,,390,390,39001,39001,False,True,,EXPLAINED,UNCHANGED,
waterbodies,nhd-117821259,nhd-117821259,117821259,117821259,,,390,390,39001,39001,False,True,,EXPLAINED,UNCHANGED,
waterbodies,nhd-117821261,nhd-117821261,117821261,117821261,,,390,390,39001,39001,False,True,,EXPLAINED,UNCHANGED,
waterbodies,nhd-117821263,nhd-117821263,117821263,117821263,,,390,390,39001,39001,False,True,,EXPLAINED,UNCHANGED,
waterbodies,nhd-117821265,nhd-117821265,117821265,117821265,,,390,390,39001,39001,False,True,,EXPLAINED,UNCHANGED,
waterbodies,nhd-117821267,nhd-117821267,117821267,117821267,,,390,390,39001,39001,False,True,,EXPLAINED,UNCHANGED,
waterbodies,nhd-117821269,nhd-117821269,117821269,117821269,,,390,390,39001,39001,False,True,,EXPLAINED,UNCHANGED,
waterbodies,nhd-117821271,nhd-117821271,117821271,117821271,,,390,390,39001,39001,False,True,,EXPLAINED,UNCHANGED,
waterbodies,nhd-117821273,nhd-117821273,117821273,117821273,,,390,390,39001,39001,False,True,,EXPLAINED,UNCHANGED,
waterbodies,nhd-117821275,nhd-117821275,117821275,117821275,,,390,390,39001,39001,False,True,,EXPLAINED,UNCHANGED,
waterbodies,nhd-117821277,nhd-117821277,117821277,117821277,,,390,390,39001,39001,False,True,,EXPLAINED,UNCHANGED,
waterbodies,nhd-117821279,nhd-117821279,117821279,117821279,,,390,390,39001,39001,False,True,,EXPLAINED,UNCHANGED,
waterbodies,nhd-117821281,nhd-117821281,117821281,117821281,,,390,390,39004,39004,False,True,,EXPLAINED,UNCHANGED,
waterbodies,nhd-117821283,nhd-117821283,117821283,117821283,,,390,390,39001,39001,False,True,,EXPLAINED,UNCHANGED,
waterbodies,nhd-117821285,nhd-117821285,117821285,117821285,,,390,390,39001,39001,False,True,,EXPLAINED,UNCHANGED,
waterbodies,nhd-117821287,nhd-117821287,117821287,117821287,,,390,390,39001,39001,False,True,,EXPLAINED,UNCHANGED,
waterbodies,nhd-117821289,nhd-117821289,117821289,117821289,,,390,390,39001,39001,False,True,,EXPLAINED,UNCHANGED,
waterbodies,nhd-117821291,nhd-117821291,117821291,117821291,,,390,390,39004,39004,False,True,,EXPLAINED,UNCHANGED,
waterbodies,nhd-117821293,nhd-117821293,117821293,117821293,,,390,390,39001,39001,False,True,,EXPLAINED,UNCHANGED,
waterbodies,nhd-117821295,nhd-117821295,117821295,117821295,,,390,390,39001,39001,False,True,,EXPLAINED,UNCHANGED,
waterbodies,nhd-117821297,nhd-117821297,117821297,117821297,,,390,390,39004,39004,False,True,,EXPLAINED,UNCHANGED,
waterbodies,nhd-117821299,nhd-117821299,117821299,117821299,,,390,390,39001,39001,False,True,,EXPLAINED,UNCHANGED,
waterbodies,nhd-117821301,nhd-117821301,117821301,117821301,,,390,390,39001,39001,False,True,,EXPLAINED,UNCHANGED,
waterbodies,nhd-117821303,nhd-117821303,117821303,117821303,,,390,390,39001,39001,False,True,,EXPLAINED,UNCHANGED,
waterbodies,nhd-117821305,nhd-117821305,117821305,117821305,,,390,390,39001,39001,False,True,,EXPLAINED,UNCHANGED,
waterbodies,nhd-117821307,nhd-117821307,117821307,117821307,,,390,390,39001,39001,False,True,,EXPLAINED,UNCHANGED,
waterbodies,nhd-117821309,nhd-117821309,117821309,117821309,,,390,390,39004,39004,False,True,,EXPLAINED,UNCHANGED,
waterbodies,nhd-117821311,nhd-117821311,117821311,117821311,,,390,390,39001,39001,False,True,,EXPLAINED,UNCHANGED,
waterbodies,nhd-117821313,nhd-117821313,117821313,117821313,,,390,390,39001,39001,False,True,,EXPLAINED,UNCHANGED,
waterbodies,nhd-117821315,nhd-117821315,117821315,117821315,,,390,390,39001,39001,False,True,,EXPLAINED,UNCHANGED,
waterbodies,nhd-117821317,nhd-117821317,117821317,117821317,,,390,390,39001,39001,False,True,,EXPLAINED,UNCHANGED,
waterbodies,nhd-117821319,nhd-117821319,117821319,117821319,,,390,390,39001,39001,False,True,,EXPLAINED,UNCHANGED,
waterbodies,nhd-117821321,nhd-117821321,117821321,117821321,,,390,390,39001,39001,False,True,,EXPLAINED,UNCHANGED,
waterbodies,nhd-117821323,nhd-117821323,117821323,117821323,,,390,390,39001,39001,False,True,,EXPLAINED,UNCHANGED,
waterbodies,nhd-117821325,nhd-117821325,117821325,117821325,,,390,390,39001,39001,False,True,,EXPLAINED,UNCHANGED,
waterbodies,nhd-117821327,nhd-117821327,117821327,117821327,,,390,390,39001,39001,False,True,,EXPLAINED,UNCHANGED,
waterbodies,nhd-117821329,nhd-117821329,117821329,117821329,,,390,390,39001,39001,False,True,,EXPLAINED,UNCHANGED,
waterbodies,,nhd-117821331,,117821331,,,,390,,39001,False,False,,EXPLAINED,ADDED_IN_STRIP,
waterbodies,,nhd-117821333,,117821333,,,,390,,39001,False,False,,EXPLAINED,ADDED_IN_STRIP,
waterbodies,,nhd-117821335,,117821335,,,,390,,39001,False,False,,EXPLAINED,ADDED_IN_STRIP,
waterbodies,,nhd-117821337,,117821337,,,,390,,39001,False,False,,EXPLAINED,ADDED_IN_STRIP,
waterbodies,,nhd-117822693,,117822693,,Eaglewatch Lake,,390,,39004,False,False,,EXPLAINED,ADDED_IN_STRIP,
waterbodies,nhd-117822697,nhd-117822697,117822697,117822697,McLellan Reservoir,McLellan Reservoir,390,390,39009,39009,True,False,,NOT EXPLAINED,UNEXPLAINED_GEOMETRY_CHANGE,changed_source_fields_or_geometry
waterbodies,,nhd-117822699,,117822699,,Blackrock Lake,,390,,39004,False,False,,EXPLAINED,ADDED_IN_STRIP,
waterbodies,nhd-117822701,nhd-117822701,117822701,117822701,,,466,466,46600,46600,True,False,,NOT EXPLAINED,UNEXPLAINED_GEOMETRY_CHANGE,changed_source_fields_or_geometry
waterbodies,nhd-117822703,nhd-117822703,117822703,117822703,,,390,390,39001,39001,False,True,,EXPLAINED,UNCHANGED,
waterbodies,nhd-117822705,nhd-117822705,117822705,117822705,,,390,390,39004,39004,False,True,,EXPLAINED,UNCHANGED,
waterbodies,nhd-117822707,nhd-117822707,117822707,117822707,,,390,390,39004,39004,False,True,,EXPLAINED,UNCHANGED,
waterbodies,nhd-117822709,nhd-117822709,117822709,117822709,,,390,390,39004,39004,True,False,,NOT EXPLAINED,UNEXPLAINED_GEOMETRY_CHANGE,changed_source_fields_or_geometry
waterbodies,nhd-117822711,nhd-117822711,117822711,117822711,,,390,390,39001,39001,False,True,,EXPLAINED,UNCHANGED,
waterbodies,,nhd-117822713,,117822713,,,,390,,39004,False,False,,EXPLAINED,ADDED_IN_STRIP,
waterbodies,nhd-117822715,nhd-117822715,117822715,117822715,,,390,390,39004,39004,True,False,,NOT EXPLAINED,UNEXPLAINED_GEOMETRY_CHANGE,changed_source_fields_or_geometry
waterbodies,nhd-117822717,nhd-117822717,117822717,117822717,,,390,390,39001,39001,False,True,,EXPLAINED,UNCHANGED,
waterbodies,nhd-117822719,nhd-117822719,117822719,117822719,,,390,390,39001,39001,False,True,,EXPLAINED,UNCHANGED,
waterbodies,nhd-117822725,nhd-117822725,117822725,117822725,,,390,390,39004,39004,False,True,,EXPLAINED,UNCHANGED,
waterbodies,nhd-117822727,nhd-117822727,117822727,117822727,,,390,390,39004,39004,False,True,,EXPLAINED,UNCHANGED,
waterbodies,nhd-117822733,nhd-117822733,117822733,117822733,,,390,390,39004,39004,False,True,,EXPLAINED,UNCHANGED,
waterbodies,nhd-117822739,nhd-117822739,117822739,117822739,Chatfield Lake,Chatfield Lake,390,390,39009,39009,True,False,,NOT EXPLAINED,UNEXPLAINED_GEOMETRY_CHANGE,changed_source_fields_or_geometry
waterbodies,nhd-117822741,nhd-117822741,117822741,117822741,,,436,436,43624,43624,False,True,,EXPLAINED,UNCHANGED,
waterbodies,nhd-117822743,nhd-117822743,117822743,117822743,,,436,436,43624,43624,False,True,,EXPLAINED,UNCHANGED,
waterbodies,nhd-117822745,nhd-117822745,117822745,117822745,,,436,436,43624,43624,False,True,,EXPLAINED,UNCHANGED,
waterbodies,nhd-117822747,nhd-117822747,117822747,117822747,,,436,436,43624,43624,False,True,,EXPLAINED,UNCHANGED,
waterbodies,nhd-117822749,nhd-117822749,117822749,117822749,,,436,436,43624,43624,False,True,,EXPLAINED,UNCHANGED,
waterbodies,nhd-117822751,nhd-117822751,117822751,117822751,,,436,436,43624,43624,False,True,,EXPLAINED,UNCHANGED,
waterbodies,nhd-117822753,nhd-117822753,117822753,117822753,,,436,436,43624,43624,False,True,,EXPLAINED,UNCHANGED,
waterbodies,nhd-117822789,nhd-117822789,117822789,117822789,,,390,390,39001,39001,False,True,,EXPLAINED,UNCHANGED,
waterbodies,nhd-117822793,nhd-117822793,117822793,117822793,,,390,390,39001,39001,False,True,,EXPLAINED,UNCHANGED,
waterbodies,nhd-117822795,nhd-117822795,117822795,117822795,,,390,390,39001,39001,False,True,,EXPLAINED,UNCHANGED,
waterbodies,nhd-117822797,nhd-117822797,117822797,117822797,,,390,390,39001,39001,False,True,,EXPLAINED,UNCHANGED,
waterbodies,nhd-117822803,nhd-117822803,117822803,117822803,,,390,390,39001,39001,False,True,,EXPLAINED,UNCHANGED,
waterbodies,nhd-117822805,nhd-117822805,117822805,117822805,,,390,390,39001,39001,False,True,,EXPLAINED,UNCHANGED,
waterbodies,nhd-117822813,nhd-117822813,117822813,117822813,,,390,390,39001,39001,False,True,,EXPLAINED,UNCHANGED,
waterbodies,nhd-117822835,nhd-117822835,117822835,117822835,,,390,390,39004,39004,False,True,,EXPLAINED,UNCHANGED,
waterbodies,nhd-117822843,nhd-117822843,117822843,117822843,,,390,390,39001,39001,False,True,,EXPLAINED,UNCHANGED,
waterbodies,nhd-117822859,nhd-117822859,117822859,117822859,,,390,390,39001,39001,False,True,,EXPLAINED,UNCHANGED,
waterbodies,nhd-117822861,nhd-117822861,117822861,117822861,,,390,390,39001,39001,False,True,,EXPLAINED,UNCHANGED,
waterbodies,nhd-117822865,nhd-117822865,117822865,117822865,,,390,390,39001,39001,False,True,,EXPLAINED,UNCHANGED,
waterbodies,nhd-117822867,nhd-117822867,117822867,117822867,,,390,390,39001,39001,False,True,,EXPLAINED,UNCHANGED,
waterbodies,nhd-117822873,nhd-117822873,117822873,117822873,,,390,390,39001,39001,False,True,,EXPLAINED,UNCHANGED,
waterbodies,nhd-117822875,nhd-117822875,117822875,117822875,,,390,390,39001,39001,False,True,,EXPLAINED,UNCHANGED,
waterbodies,nhd-117822877,nhd-117822877,117822877,117822877,,,390,390,39001,39001,False,True,,EXPLAINED,UNCHANGED,
waterbodies,nhd-117822879,nhd-117822879,117822879,117822879,,,390,390,39004,39004,False,True,,EXPLAINED,UNCHANGED,
waterbodies,,nhd-117822891,,117822891,,Ladybug Lake,,390,,39004,False,False,,EXPLAINED,ADDED_IN_STRIP,
waterbodies,nhd-117822893,nhd-117822893,117822893,117822893,Wolhurst Lake,Wolhurst Lake,390,390,39004,39004,True,False,,NOT EXPLAINED,UNEXPLAINED_GEOMETRY_CHANGE,changed_source_fields_or_geometry
waterbodies,nhd-117822897,nhd-117822897,117822897,117822897,,,390,390,39004,39004,False,True,,EXPLAINED,UNCHANGED,
waterbodies,nhd-117822899,nhd-117822899,117822899,117822899,,,390,390,39001,39001,True,False,,NOT EXPLAINED,UNEXPLAINED_GEOMETRY_CHANGE,changed_source_fields_or_geometry
waterbodies,nhd-117822901,nhd-117822901,117822901,117822901,,,390,390,39004,39004,False,True,,EXPLAINED,UNCHANGED,
waterbodies,nhd-117822903,nhd-117822903,117822903,117822903,,,436,436,43613,43613,False,True,,EXPLAINED,UNCHANGED,
waterbodies,nhd-117822905,nhd-117822905,117822905,117822905,,,436,436,43613,43613,False,True,,EXPLAINED,UNCHANGED,
waterbodies,nhd-117822907,nhd-117822907,117822907,117822907,,,390,390,39004,39004,False,True,,EXPLAINED,UNCHANGED,
waterbodies,nhd-117822909,nhd-117822909,117822909,117822909,,,390,390,39004,39004,False,True,,EXPLAINED,UNCHANGED,
waterbodies,nhd-117822911,nhd-117822911,117822911,117822911,,,436,436,43624,43624,False,True,,EXPLAINED,UNCHANGED,
waterbodies,nhd-117822915,nhd-117822915,117822915,117822915,,,390,390,39004,39004,False,True,,EXPLAINED,UNCHANGED,
waterbodies,nhd-117822917,nhd-117822917,117822917,117822917,,,390,390,39004,39004,False,True,,EXPLAINED,UNCHANGED,
waterbodies,,nhd-117822919,,117822919,,,,390,,39004,False,False,,EXPLAINED,ADDED_IN_STRIP,
waterbodies,nhd-117822921,nhd-117822921,117822921,117822921,,,390,390,39004,39004,False,True,,EXPLAINED,UNCHANGED,
waterbodies,nhd-117822923,nhd-117822923,117822923,117822923,,,390,390,39004,39004,False,True,,EXPLAINED,UNCHANGED,
waterbodies,nhd-117822925,nhd-117822925,117822925,117822925,,,390,390,39004,39004,False,True,,EXPLAINED,UNCHANGED,
waterbodies,nhd-117822927,nhd-117822927,117822927,117822927,,,390,390,39004,39004,False,True,,EXPLAINED,UNCHANGED,
waterbodies,,nhd-117825121,,117825121,,Palmer Lake,,390,,39004,False,False,,EXPLAINED,ADDED_IN_STRIP,
waterbodies,nhd-117832799,nhd-117832799,117832799,117832799,,,390,390,39001,39001,False,True,,EXPLAINED,UNCHANGED,
waterbodies,nhd-117832811,nhd-117832811,117832811,117832811,,,390,390,39001,39001,False,True,,EXPLAINED,UNCHANGED,
waterbodies,nhd-117832815,nhd-117832815,117832815,117832815,,,390,390,39001,39001,False,True,,EXPLAINED,UNCHANGED,
waterbodies,nhd-117834809,nhd-117834809,117834809,117834809,Strontia Springs Reservoir,Strontia Springs Reservoir,390,390,39004,39004,True,False,,NOT EXPLAINED,UNEXPLAINED_GEOMETRY_CHANGE,changed_source_fields_or_geometry
waterbodies,nhd-117836689,nhd-117836689,117836689,117836689,,,390,390,39001,39001,False,True,,EXPLAINED,UNCHANGED,
waterbodies,nhd-117836691,nhd-117836691,117836691,117836691,,,390,390,39001,39001,False,True,,EXPLAINED,UNCHANGED,
waterbodies,nhd-117836695,nhd-117836695,117836695,117836695,,,390,390,39001,39001,False,True,,EXPLAINED,UNCHANGED,
waterbodies,nhd-117836701,nhd-117836701,117836701,117836701,,,390,390,39004,39004,False,True,,EXPLAINED,UNCHANGED,
waterbodies,nhd-117836705,nhd-117836705,117836705,117836705,,,390,390,39004,39004,False,True,,EXPLAINED,UNCHANGED,
waterbodies,nhd-117836713,nhd-117836713,117836713,117836713,,,390,390,39001,39001,False,True,,EXPLAINED,UNCHANGED,
waterbodies,nhd-117836717,nhd-117836717,117836717,117836717,,,390,390,39004,39004,False,True,,EXPLAINED,UNCHANGED,
waterbodies,nhd-117836719,nhd-117836719,117836719,117836719,,,390,390,39001,39001,False,True,,EXPLAINED,UNCHANGED,
waterbodies,nhd-117836743,nhd-117836743,117836743,117836743,,,390,390,39001,39001,False,True,,EXPLAINED,UNCHANGED,
waterbodies,nhd-117836745,nhd-117836745,117836745,117836745,,,390,390,39004,39004,False,True,,EXPLAINED,UNCHANGED,
waterbodies,nhd-117836747,nhd-117836747,117836747,117836747,,,390,390,39001,39001,False,True,,EXPLAINED,UNCHANGED,
waterbodies,nhd-117836749,nhd-117836749,117836749,117836749,,,390,390,39004,39004,False,True,,EXPLAINED,UNCHANGED,
waterbodies,nhd-117836751,nhd-117836751,117836751,117836751,,,390,390,39001,39001,False,True,,EXPLAINED,UNCHANGED,
waterbodies,nhd-117836753,nhd-117836753,117836753,117836753,,,390,390,39001,39001,False,True,,EXPLAINED,UNCHANGED,
waterbodies,nhd-117836757,nhd-117836757,117836757,117836757,,,390,390,39001,39001,False,True,,EXPLAINED,UNCHANGED,
waterbodies,nhd-117836759,nhd-117836759,117836759,117836759,,,390,390,39004,39004,False,True,,EXPLAINED,UNCHANGED,
waterbodies,nhd-117836763,nhd-117836763,117836763,117836763,,,390,390,39001,39001,False,True,,EXPLAINED,UNCHANGED,
waterbodies,nhd-117836767,nhd-117836767,117836767,117836767,,,390,390,39004,39004,False,True,,EXPLAINED,UNCHANGED,
waterbodies,nhd-117836793,nhd-117836793,117836793,117836793,,,390,390,39001,39001,False,True,,EXPLAINED,UNCHANGED,
waterbodies,nhd-117836799,nhd-117836799,117836799,117836799,,,390,390,39004,39004,False,True,,EXPLAINED,UNCHANGED,
waterbodies,nhd-117836815,nhd-117836815,117836815,117836815,,,390,390,39004,39004,False,True,,EXPLAINED,UNCHANGED,
waterbodies,nhd-117836817,nhd-117836817,117836817,117836817,,,390,390,39001,39001,False,True,,EXPLAINED,UNCHANGED,
waterbodies,nhd-117836827,nhd-117836827,117836827,117836827,,,390,390,39004,39004,False,True,,EXPLAINED,UNCHANGED,
waterbodies,nhd-117836835,nhd-117836835,117836835,117836835,,,390,390,39004,39004,False,True,,EXPLAINED,UNCHANGED,
waterbodies,nhd-117836841,nhd-117836841,117836841,117836841,,,390,390,39001,39001,False,True,,EXPLAINED,UNCHANGED,
waterbodies,nhd-117836845,nhd-117836845,117836845,117836845,,,390,390,39001,39001,False,True,,EXPLAINED,UNCHANGED,
waterbodies,nhd-117836855,nhd-117836855,117836855,117836855,,,390,390,39001,39001,False,True,,EXPLAINED,UNCHANGED,
waterbodies,nhd-117836857,nhd-117836857,117836857,117836857,,,390,390,39001,39001,False,True,,EXPLAINED,UNCHANGED,
waterbodies,nhd-117836863,nhd-117836863,117836863,117836863,,,390,390,39001,39001,False,True,,EXPLAINED,UNCHANGED,
waterbodies,nhd-117836867,nhd-117836867,117836867,117836867,,,390,390,39001,39001,False,True,,EXPLAINED,UNCHANGED,
waterbodies,nhd-117836869,nhd-117836869,117836869,117836869,,,390,390,39001,39001,False,True,,EXPLAINED,UNCHANGED,
waterbodies,nhd-117836871,nhd-117836871,117836871,117836871,,,390,390,39004,39004,False,True,,EXPLAINED,UNCHANGED,
waterbodies,nhd-117836873,nhd-117836873,117836873,117836873,,,390,390,39001,39001,False,True,,EXPLAINED,UNCHANGED,
waterbodies,nhd-117836875,nhd-117836875,117836875,117836875,,,390,390,39001,39001,False,True,,EXPLAINED,UNCHANGED,
waterbodies,nhd-117836883,nhd-117836883,117836883,117836883,,,390,390,39001,39001,False,True,,EXPLAINED,UNCHANGED,
waterbodies,nhd-117836885,nhd-117836885,117836885,117836885,,,390,390,39004,39004,False,True,,EXPLAINED,UNCHANGED,
waterbodies,nhd-117836887,nhd-117836887,117836887,117836887,,,390,390,39001,39001,False,True,,EXPLAINED,UNCHANGED,
waterbodies,nhd-117836889,nhd-117836889,117836889,117836889,,,390,390,39001,39001,False,True,,EXPLAINED,UNCHANGED,
waterbodies,nhd-117836891,nhd-117836891,117836891,117836891,,,390,390,39001,39001,False,True,,EXPLAINED,UNCHANGED,
waterbodies,nhd-117836893,nhd-117836893,117836893,117836893,,,390,390,39004,39004,False,True,,EXPLAINED,UNCHANGED,
waterbodies,nhd-117836899,nhd-117836899,117836899,117836899,,,390,390,39001,39001,False,True,,EXPLAINED,UNCHANGED,
waterbodies,nhd-117836901,nhd-117836901,117836901,117836901,,,390,390,39001,39001,False,True,,EXPLAINED,UNCHANGED,
waterbodies,nhd-117836903,nhd-117836903,117836903,117836903,,,390,390,39001,39001,False,True,,EXPLAINED,UNCHANGED,
waterbodies,nhd-117836905,nhd-117836905,117836905,117836905,,,390,390,39004,39004,False,True,,EXPLAINED,UNCHANGED,
waterbodies,nhd-117836907,nhd-117836907,117836907,117836907,,,390,390,39001,39001,False,True,,EXPLAINED,UNCHANGED,
waterbodies,nhd-117836909,nhd-117836909,117836909,117836909,,,390,390,39001,39001,False,True,,EXPLAINED,UNCHANGED,
waterbodies,nhd-117836911,nhd-117836911,117836911,117836911,,,390,390,39001,39001,False,True,,EXPLAINED,UNCHANGED,
waterbodies,nhd-117836913,nhd-117836913,117836913,117836913,,,390,390,39001,39001,False,True,,EXPLAINED,UNCHANGED,
waterbodies,nhd-117836915,nhd-117836915,117836915,117836915,,,390,390,39001,39001,False,True,,EXPLAINED,UNCHANGED,
waterbodies,nhd-117836917,nhd-117836917,117836917,117836917,,,390,390,39001,39001,False,True,,EXPLAINED,UNCHANGED,
waterbodies,nhd-117836921,nhd-117836921,117836921,117836921,,,390,390,39001,39001,False,True,,EXPLAINED,UNCHANGED,
waterbodies,nhd-117836923,nhd-117836923,117836923,117836923,,,390,390,39001,39001,False,True,,EXPLAINED,UNCHANGED,
waterbodies,nhd-117836925,nhd-117836925,117836925,117836925,,,390,390,39004,39004,False,True,,EXPLAINED,UNCHANGED,
waterbodies,nhd-117836927,nhd-117836927,117836927,117836927,,,390,390,39001,39001,False,True,,EXPLAINED,UNCHANGED,
waterbodies,nhd-117836929,nhd-117836929,117836929,117836929,,,390,390,39001,39001,False,True,,EXPLAINED,UNCHANGED,
waterbodies,nhd-117836931,nhd-117836931,117836931,117836931,,,390,390,39001,39001,False,True,,EXPLAINED,UNCHANGED,
waterbodies,nhd-117836933,nhd-117836933,117836933,117836933,,,390,390,39001,39001,False,True,,EXPLAINED,UNCHANGED,
waterbodies,nhd-117836937,nhd-117836937,117836937,117836937,,,390,390,39001,39001,False,True,,EXPLAINED,UNCHANGED,
waterbodies,nhd-117836943,nhd-117836943,117836943,117836943,,,390,390,39001,39001,False,True,,EXPLAINED,UNCHANGED,
waterbodies,nhd-117836945,nhd-117836945,117836945,117836945,,,390,390,39001,39001,False,True,,EXPLAINED,UNCHANGED,
waterbodies,nhd-117836947,nhd-117836947,117836947,117836947,,,390,390,39001,39001,False,True,,EXPLAINED,UNCHANGED,
waterbodies,nhd-117836953,nhd-117836953,117836953,117836953,,,390,390,39001,39001,False,True,,EXPLAINED,UNCHANGED,
waterbodies,nhd-117836959,nhd-117836959,117836959,117836959,,,390,390,39001,39001,False,True,,EXPLAINED,UNCHANGED,
waterbodies,nhd-117836961,nhd-117836961,117836961,117836961,,,390,390,39001,39001,False,True,,EXPLAINED,UNCHANGED,
waterbodies,nhd-117836967,nhd-117836967,117836967,117836967,,,390,390,39001,39001,False,True,,EXPLAINED,UNCHANGED,
waterbodies,nhd-117836969,nhd-117836969,117836969,117836969,,,390,390,39001,39001,False,True,,EXPLAINED,UNCHANGED,
waterbodies,nhd-117836971,nhd-117836971,117836971,117836971,,,390,390,39001,39001,False,True,,EXPLAINED,UNCHANGED,
waterbodies,nhd-117836973,nhd-117836973,117836973,117836973,,,390,390,39001,39001,False,True,,EXPLAINED,UNCHANGED,
waterbodies,nhd-117836975,nhd-117836975,117836975,117836975,,,390,390,39004,39004,False,True,,EXPLAINED,UNCHANGED,
waterbodies,nhd-117836977,nhd-117836977,117836977,117836977,,,390,390,39004,39004,False,True,,EXPLAINED,UNCHANGED,
waterbodies,nhd-117836979,nhd-117836979,117836979,117836979,,,390,390,39004,39004,False,True,,EXPLAINED,UNCHANGED,
waterbodies,nhd-117836981,nhd-117836981,117836981,117836981,,,390,390,39004,39004,False,True,,EXPLAINED,UNCHANGED,
waterbodies,nhd-117836983,nhd-117836983,117836983,117836983,,,390,390,39004,39004,False,True,,EXPLAINED,UNCHANGED,
waterbodies,nhd-117836985,nhd-117836985,117836985,117836985,,,390,390,39001,39001,False,True,,EXPLAINED,UNCHANGED,
waterbodies,nhd-117836987,nhd-117836987,117836987,117836987,,,390,390,39001,39001,False,True,,EXPLAINED,UNCHANGED,
waterbodies,nhd-117836991,nhd-117836991,117836991,117836991,,,390,390,39001,39001,False,True,,EXPLAINED,UNCHANGED,
waterbodies,nhd-117836995,nhd-117836995,117836995,117836995,,,390,390,39001,39001,False,True,,EXPLAINED,UNCHANGED,
waterbodies,nhd-117836999,nhd-117836999,117836999,117836999,,,390,390,39001,39001,False,True,,EXPLAINED,UNCHANGED,
waterbodies,nhd-117837005,nhd-117837005,117837005,117837005,,,390,390,39004,39004,False,True,,EXPLAINED,UNCHANGED,
waterbodies,nhd-117837007,nhd-117837007,117837007,117837007,,,390,390,39001,39001,False,True,,EXPLAINED,UNCHANGED,
waterbodies,nhd-117837009,nhd-117837009,117837009,117837009,,,390,390,39001,39001,False,True,,EXPLAINED,UNCHANGED,
waterbodies,nhd-117837011,nhd-117837011,117837011,117837011,,,390,390,39001,39001,False,True,,EXPLAINED,UNCHANGED,
waterbodies,nhd-117837013,nhd-117837013,117837013,117837013,,,390,390,39004,39004,False,True,,EXPLAINED,UNCHANGED,
waterbodies,nhd-117837015,nhd-117837015,117837015,117837015,,,390,390,39004,39004,False,True,,EXPLAINED,UNCHANGED,
waterbodies,nhd-117837017,nhd-117837017,117837017,117837017,,,390,390,39004,39004,False,True,,EXPLAINED,UNCHANGED,
waterbodies,nhd-117837019,nhd-117837019,117837019,117837019,,,390,390,39001,39001,False,True,,EXPLAINED,UNCHANGED,
waterbodies,nhd-117837021,nhd-117837021,117837021,117837021,,,390,390,39004,39004,False,True,,EXPLAINED,UNCHANGED,
waterbodies,nhd-117837023,nhd-117837023,117837023,117837023,,,390,390,39004,39004,False,True,,EXPLAINED,UNCHANGED,
waterbodies,nhd-117837025,nhd-117837025,117837025,117837025,,,390,390,39001,39001,False,True,,EXPLAINED,UNCHANGED,
waterbodies,nhd-117837027,nhd-117837027,117837027,117837027,,,390,390,39001,39001,False,True,,EXPLAINED,UNCHANGED,
waterbodies,nhd-117837029,nhd-117837029,117837029,117837029,,,390,390,39001,39001,False,True,,EXPLAINED,UNCHANGED,
waterbodies,nhd-117837031,nhd-117837031,117837031,117837031,,,390,390,39001,39001,False,True,,EXPLAINED,UNCHANGED,
waterbodies,nhd-117837033,nhd-117837033,117837033,117837033,,,390,390,39004,39004,False,True,,EXPLAINED,UNCHANGED,
waterbodies,nhd-117837035,nhd-117837035,117837035,117837035,,,390,390,39001,39001,False,True,,EXPLAINED,UNCHANGED,
waterbodies,nhd-117837037,nhd-117837037,117837037,117837037,,,390,390,39001,39001,False,True,,EXPLAINED,UNCHANGED,
waterbodies,nhd-117837039,nhd-117837039,117837039,117837039,,,390,390,39001,39001,False,True,,EXPLAINED,UNCHANGED,
waterbodies,nhd-117837041,nhd-117837041,117837041,117837041,,,390,390,39001,39001,False,True,,EXPLAINED,UNCHANGED,
waterbodies,nhd-117837043,nhd-117837043,117837043,117837043,,,390,390,39001,39001,False,True,,EXPLAINED,UNCHANGED,
waterbodies,nhd-117837045,nhd-117837045,117837045,117837045,,,390,390,39004,39004,False,True,,EXPLAINED,UNCHANGED,
waterbodies,nhd-117837047,nhd-117837047,117837047,117837047,,,390,390,39004,39004,False,True,,EXPLAINED,UNCHANGED,
waterbodies,nhd-117837049,nhd-117837049,117837049,117837049,,,390,390,39001,39001,False,True,,EXPLAINED,UNCHANGED,
waterbodies,nhd-117837051,nhd-117837051,117837051,117837051,,,390,390,39001,39001,False,True,,EXPLAINED,UNCHANGED,
waterbodies,nhd-117837053,nhd-117837053,117837053,117837053,,,390,390,39004,39004,False,True,,EXPLAINED,UNCHANGED,
waterbodies,nhd-117837055,nhd-117837055,117837055,117837055,,,390,390,39001,39001,False,True,,EXPLAINED,UNCHANGED,
waterbodies,nhd-117837057,nhd-117837057,117837057,117837057,,,390,390,39004,39004,False,True,,EXPLAINED,UNCHANGED,
waterbodies,nhd-117837059,nhd-117837059,117837059,117837059,,,390,390,39001,39001,False,True,,EXPLAINED,UNCHANGED,
waterbodies,nhd-117837061,nhd-117837061,117837061,117837061,,,390,390,39004,39004,False,True,,EXPLAINED,UNCHANGED,
waterbodies,nhd-117837063,nhd-117837063,117837063,117837063,,,390,390,39001,39001,False,True,,EXPLAINED,UNCHANGED,
waterbodies,nhd-117837065,nhd-117837065,117837065,117837065,,,390,390,39001,39001,False,True,,EXPLAINED,UNCHANGED,
waterbodies,nhd-117837067,nhd-117837067,117837067,117837067,,,390,390,39004,39004,False,True,,EXPLAINED,UNCHANGED,
waterbodies,nhd-117837069,nhd-117837069,117837069,117837069,,,390,390,39001,39001,False,True,,EXPLAINED,UNCHANGED,
waterbodies,nhd-117837071,nhd-117837071,117837071,117837071,,,390,390,39001,39001,False,True,,EXPLAINED,UNCHANGED,
waterbodies,nhd-117837073,nhd-117837073,117837073,117837073,,,390,390,39001,39001,False,True,,EXPLAINED,UNCHANGED,
waterbodies,nhd-117837075,nhd-117837075,117837075,117837075,,,390,390,39001,39001,False,True,,EXPLAINED,UNCHANGED,
waterbodies,nhd-117837077,nhd-117837077,117837077,117837077,,,390,390,39004,39004,False,True,,EXPLAINED,UNCHANGED,
waterbodies,nhd-117837079,nhd-117837079,117837079,117837079,,,390,390,39001,39001,False,True,,EXPLAINED,UNCHANGED,
waterbodies,nhd-117837081,nhd-117837081,117837081,117837081,,,390,390,39004,39004,False,True,,EXPLAINED,UNCHANGED,
waterbodies,nhd-117837083,nhd-117837083,117837083,117837083,,,390,390,39001,39001,False,True,,EXPLAINED,UNCHANGED,
waterbodies,nhd-117837085,nhd-117837085,117837085,117837085,,,390,390,39004,39004,False,True,,EXPLAINED,UNCHANGED,
waterbodies,nhd-117837087,nhd-117837087,117837087,117837087,,,390,390,39004,39004,False,True,,EXPLAINED,UNCHANGED,
waterbodies,nhd-117837089,nhd-117837089,117837089,117837089,,,390,390,39004,39004,False,True,,EXPLAINED,UNCHANGED,
waterbodies,nhd-117837091,nhd-117837091,117837091,117837091,,,390,390,39004,39004,False,True,,EXPLAINED,UNCHANGED,
waterbodies,nhd-117837093,nhd-117837093,117837093,117837093,,,390,390,39001,39001,False,True,,EXPLAINED,UNCHANGED,
waterbodies,nhd-117837095,nhd-117837095,117837095,117837095,,,390,390,39001,39001,False,True,,EXPLAINED,UNCHANGED,
waterbodies,nhd-117837097,nhd-117837097,117837097,117837097,,,390,390,39004,39004,False,True,,EXPLAINED,UNCHANGED,
waterbodies,nhd-117837099,nhd-117837099,117837099,117837099,,,390,390,39001,39001,False,True,,EXPLAINED,UNCHANGED,
waterbodies,nhd-117837101,nhd-117837101,117837101,117837101,,,390,390,39001,39001,False,True,,EXPLAINED,UNCHANGED,
waterbodies,nhd-117837103,nhd-117837103,117837103,117837103,,,390,390,39001,39001,False,True,,EXPLAINED,UNCHANGED,
waterbodies,nhd-117837105,nhd-117837105,117837105,117837105,,,390,390,39004,39004,False,True,,EXPLAINED,UNCHANGED,
waterbodies,nhd-117837107,nhd-117837107,117837107,117837107,,,390,390,39004,39004,False,True,,EXPLAINED,UNCHANGED,
waterbodies,nhd-117837109,nhd-117837109,117837109,117837109,,,390,390,39001,39001,False,True,,EXPLAINED,UNCHANGED,
waterbodies,nhd-117837111,nhd-117837111,117837111,117837111,,,390,390,39004,39004,False,True,,EXPLAINED,UNCHANGED,
waterbodies,nhd-117837113,nhd-117837113,117837113,117837113,,,390,390,39001,39001,False,True,,EXPLAINED,UNCHANGED,
waterbodies,nhd-117837115,nhd-117837115,117837115,117837115,,,390,390,39001,39001,False,True,,EXPLAINED,UNCHANGED,
waterbodies,nhd-117837117,nhd-117837117,117837117,117837117,,,390,390,39001,39001,False,True,,EXPLAINED,UNCHANGED,
waterbodies,nhd-117837119,nhd-117837119,117837119,117837119,,,390,390,39004,39004,False,True,,EXPLAINED,UNCHANGED,
waterbodies,nhd-117837121,nhd-117837121,117837121,117837121,,,390,390,39004,39004,False,True,,EXPLAINED,UNCHANGED,
waterbodies,nhd-117837123,nhd-117837123,117837123,117837123,,,390,390,39004,39004,False,True,,EXPLAINED,UNCHANGED,
waterbodies,nhd-117837125,nhd-117837125,117837125,117837125,,,390,390,39004,39004,False,True,,EXPLAINED,UNCHANGED,
waterbodies,nhd-117837127,nhd-117837127,117837127,117837127,,,390,390,39001,39001,False,True,,EXPLAINED,UNCHANGED,
waterbodies,nhd-117837129,nhd-117837129,117837129,117837129,,,390,390,39001,39001,False,True,,EXPLAINED,UNCHANGED,
waterbodies,nhd-117837131,nhd-117837131,117837131,117837131,,,390,390,39001,39001,False,True,,EXPLAINED,UNCHANGED,
waterbodies,nhd-117837133,nhd-117837133,117837133,117837133,,,390,390,39001,39001,False,True,,EXPLAINED,UNCHANGED,
waterbodies,nhd-117837135,nhd-117837135,117837135,117837135,,,390,390,39004,39004,False,True,,EXPLAINED,UNCHANGED,
waterbodies,nhd-117837137,nhd-117837137,117837137,117837137,,,390,390,39001,39001,False,True,,EXPLAINED,UNCHANGED,
waterbodies,nhd-117837139,nhd-117837139,117837139,117837139,,,390,390,39004,39004,False,True,,EXPLAINED,UNCHANGED,
waterbodies,nhd-117837141,nhd-117837141,117837141,117837141,,,390,390,39001,39001,False,True,,EXPLAINED,UNCHANGED,
waterbodies,nhd-117837143,nhd-117837143,117837143,117837143,,,390,390,39001,39001,False,True,,EXPLAINED,UNCHANGED,
waterbodies,nhd-117837145,nhd-117837145,117837145,117837145,,,390,390,39001,39001,False,True,,EXPLAINED,UNCHANGED,
waterbodies,nhd-117837147,nhd-117837147,117837147,117837147,,,390,390,39004,39004,False,True,,EXPLAINED,UNCHANGED,
waterbodies,nhd-117837149,nhd-117837149,117837149,117837149,,,390,390,39001,39001,False,True,,EXPLAINED,UNCHANGED,
waterbodies,nhd-117837151,nhd-117837151,117837151,117837151,,,390,390,39001,39001,False,True,,EXPLAINED,UNCHANGED,
waterbodies,nhd-117837153,nhd-117837153,117837153,117837153,,,390,390,39001,39001,False,True,,EXPLAINED,UNCHANGED,
waterbodies,nhd-117837155,nhd-117837155,117837155,117837155,,,390,390,39001,39001,False,True,,EXPLAINED,UNCHANGED,
waterbodies,nhd-117837157,nhd-117837157,117837157,117837157,,,390,390,39001,39001,False,True,,EXPLAINED,UNCHANGED,
waterbodies,nhd-117837159,nhd-117837159,117837159,117837159,,,390,390,39001,39001,False,True,,EXPLAINED,UNCHANGED,
waterbodies,nhd-117837161,nhd-117837161,117837161,117837161,,,390,390,39001,39001,False,True,,EXPLAINED,UNCHANGED,
waterbodies,nhd-117837163,nhd-117837163,117837163,117837163,,,390,390,39001,39001,False,True,,EXPLAINED,UNCHANGED,
waterbodies,nhd-117837165,nhd-117837165,117837165,117837165,,,390,390,39001,39001,False,True,,EXPLAINED,UNCHANGED,
waterbodies,nhd-117844323,nhd-117844323,117844323,117844323,,,390,390,39004,39004,False,True,,EXPLAINED,UNCHANGED,
waterbodies,nhd-117844325,nhd-117844325,117844325,117844325,,,390,390,39004,39004,False,True,,EXPLAINED,UNCHANGED,
waterbodies,nhd-117844327,nhd-117844327,117844327,117844327,,,390,390,39004,39004,False,True,,EXPLAINED,UNCHANGED,
waterbodies,nhd-117844329,nhd-117844329,117844329,117844329,,,390,390,39004,39004,False,True,,EXPLAINED,UNCHANGED,
waterbodies,nhd-117844331,nhd-117844331,117844331,117844331,,,390,390,39004,39004,False,True,,EXPLAINED,UNCHANGED,
waterbodies,nhd-117844333,nhd-117844333,117844333,117844333,,,390,390,39004,39004,False,True,,EXPLAINED,UNCHANGED,
waterbodies,nhd-117844335,nhd-117844335,117844335,117844335,,,390,390,39004,39004,False,True,,EXPLAINED,UNCHANGED,
waterbodies,nhd-117844337,nhd-117844337,117844337,117844337,,,390,390,39004,39004,False,True,,EXPLAINED,UNCHANGED,
waterbodies,nhd-117844339,nhd-117844339,117844339,117844339,,,390,390,39004,39004,False,True,,EXPLAINED,UNCHANGED,
waterbodies,nhd-117844341,nhd-117844341,117844341,117844341,,,390,390,39004,39004,False,True,,EXPLAINED,UNCHANGED,
waterbodies,nhd-117844343,nhd-117844343,117844343,117844343,J O Hill Reservoir,J O Hill Reservoir,390,390,39004,39004,False,True,,EXPLAINED,UNCHANGED,
waterbodies,nhd-117844345,nhd-117844345,117844345,117844345,,,390,390,39004,39004,False,True,,EXPLAINED,UNCHANGED,
waterbodies,,nhd-117844347,,117844347,,,,390,,39004,False,False,,EXPLAINED,ADDED_IN_STRIP,
waterbodies,,nhd-117844349,,117844349,,,,390,,39004,False,False,,EXPLAINED,ADDED_IN_STRIP,
waterbodies,,nhd-117844351,,117844351,,,,390,,39004,False,False,,EXPLAINED,ADDED_IN_STRIP,
waterbodies,,nhd-117844353,,117844353,,,,390,,39004,False,False,,EXPLAINED,ADDED_IN_STRIP,
waterbodies,,nhd-117844355,,117844355,,,,390,,39004,False,False,,EXPLAINED,ADDED_IN_STRIP,
waterbodies,,nhd-117848417,,117848417,,,,390,,39004,False,False,,EXPLAINED,ADDED_IN_STRIP,
waterbodies,,nhd-117848419,,117848419,,,,390,,39004,False,False,,EXPLAINED,ADDED_IN_STRIP,
waterbodies,nhd-120030962,nhd-120030962,120030962,120030962,Cheesman Lake,Cheesman Lake,390,390,39009,39009,True,False,,EXPLAINED,EXTENDED_IN_STRIP,
waterbodies,,nhd-120654810,,120654810,,Inverness Reservoir,,390,,39009,False,False,,EXPLAINED,ADDED_IN_STRIP,
waterbodies,,nhd-120654811,,120654811,,,,390,,39004,False,False,,EXPLAINED,ADDED_IN_STRIP,
waterbodies,,nhd-120654812,,120654812,,,,390,,39004,False,False,,EXPLAINED,ADDED_IN_STRIP,
waterbodies,,nhd-120654813,,120654813,,,,390,,39001,False,False,,EXPLAINED,ADDED_IN_STRIP,
waterbodies,,nhd-120654816,,120654816,,,,390,,39004,False,False,,EXPLAINED,ADDED_IN_STRIP,
waterbodies,,nhd-120654818,,120654818,,,,390,,39001,False,False,,EXPLAINED,ADDED_IN_STRIP,
waterbodies,,nhd-120654819,,120654819,,,,390,,39001,False,False,,EXPLAINED,ADDED_IN_STRIP,
waterbodies,,nhd-120654821,,120654821,,,,390,,39004,False,False,,EXPLAINED,ADDED_IN_STRIP,
waterbodies,,nhd-120654822,,120654822,,,,390,,39001,False,False,,EXPLAINED,ADDED_IN_STRIP,
waterbodies,,nhd-120654823,,120654823,,,,390,,39001,False,False,,EXPLAINED,ADDED_IN_STRIP,
waterbodies,nhd-120654827,nhd-120654827,120654827,120654827,,,390,390,39001,39001,False,True,,EXPLAINED,UNCHANGED,
waterbodies,nhd-120654831,nhd-120654831,120654831,120654831,,,390,390,39004,39004,False,True,,EXPLAINED,UNCHANGED,
waterbodies,,nhd-120654832,,120654832,,,,390,,39001,False,False,,EXPLAINED,ADDED_IN_STRIP,
waterbodies,nhd-120654833,nhd-120654833,120654833,120654833,,,390,390,39001,39001,False,True,,EXPLAINED,UNCHANGED,
waterbodies,,nhd-120654834,,120654834,,,,390,,39001,False,False,,EXPLAINED,ADDED_IN_STRIP,
waterbodies,nhd-120654835,nhd-120654835,120654835,120654835,,,390,390,39004,39004,False,True,,EXPLAINED,UNCHANGED,
waterbodies,nhd-120654836,nhd-120654836,120654836,120654836,,,390,390,39001,39001,False,True,,EXPLAINED,UNCHANGED,
waterbodies,nhd-120654839,nhd-120654839,120654839,120654839,,,390,390,39001,39001,False,True,,EXPLAINED,UNCHANGED,
waterbodies,nhd-120654840,nhd-120654840,120654840,120654840,,,390,390,39004,39004,False,True,,EXPLAINED,UNCHANGED,
waterbodies,nhd-120654841,nhd-120654841,120654841,120654841,,,390,390,39001,39001,False,True,,EXPLAINED,UNCHANGED,
waterbodies,,nhd-120654842,,120654842,,,,390,,39001,False,False,,EXPLAINED,ADDED_IN_STRIP,
waterbodies,nhd-120654843,nhd-120654843,120654843,120654843,,,390,390,39001,39001,False,True,,EXPLAINED,UNCHANGED,
waterbodies,,nhd-120654844,,120654844,,,,390,,39001,False,False,,EXPLAINED,ADDED_IN_STRIP,
waterbodies,nhd-120654845,nhd-120654845,120654845,120654845,,,390,390,39001,39001,False,True,,EXPLAINED,UNCHANGED,
waterbodies,nhd-120654846,nhd-120654846,120654846,120654846,,,390,390,39001,39001,False,True,,EXPLAINED,UNCHANGED,
waterbodies,nhd-120654847,nhd-120654847,120654847,120654847,,,390,390,39004,39004,False,True,,EXPLAINED,UNCHANGED,
waterbodies,nhd-120654848,nhd-120654848,120654848,120654848,,,390,390,39001,39001,False,True,,EXPLAINED,UNCHANGED,
waterbodies,nhd-120654849,nhd-120654849,120654849,120654849,,,390,390,39004,39004,False,True,,EXPLAINED,UNCHANGED,
waterbodies,nhd-120654850,nhd-120654850,120654850,120654850,,,390,390,39001,39001,False,True,,EXPLAINED,UNCHANGED,
waterbodies,nhd-120654851,nhd-120654851,120654851,120654851,,,390,390,39004,39004,False,True,,EXPLAINED,UNCHANGED,
waterbodies,nhd-120654852,nhd-120654852,120654852,120654852,,,390,390,39001,39001,False,True,,EXPLAINED,UNCHANGED,
waterbodies,nhd-120654853,nhd-120654853,120654853,120654853,,,390,390,39001,39001,False,True,,EXPLAINED,UNCHANGED,
waterbodies,nhd-120654854,nhd-120654854,120654854,120654854,,,390,390,39001,39001,False,True,,EXPLAINED,UNCHANGED,
waterbodies,nhd-120654855,nhd-120654855,120654855,120654855,,,390,390,39004,39004,False,True,,EXPLAINED,UNCHANGED,
waterbodies,nhd-120654856,nhd-120654856,120654856,120654856,,,390,390,39001,39001,False,True,,EXPLAINED,UNCHANGED,
waterbodies,nhd-120654857,nhd-120654857,120654857,120654857,,,390,390,39001,39001,False,True,,EXPLAINED,UNCHANGED,
waterbodies,nhd-120654858,nhd-120654858,120654858,120654858,,,390,390,39001,39001,False,True,,EXPLAINED,UNCHANGED,
waterbodies,nhd-120654859,nhd-120654859,120654859,120654859,,,390,390,39004,39004,False,True,,EXPLAINED,UNCHANGED,
waterbodies,nhd-120654860,nhd-120654860,120654860,120654860,,,390,390,39001,39001,False,True,,EXPLAINED,UNCHANGED,
waterbodies,nhd-120654861,nhd-120654861,120654861,120654861,,,390,390,39001,39001,False,True,,EXPLAINED,UNCHANGED,
waterbodies,nhd-120654862,nhd-120654862,120654862,120654862,,,390,390,39001,39001,False,True,,EXPLAINED,UNCHANGED,
waterbodies,nhd-120654863,nhd-120654863,120654863,120654863,,,390,390,39001,39001,False,True,,EXPLAINED,UNCHANGED,
waterbodies,nhd-120654864,nhd-120654864,120654864,120654864,,,390,390,39001,39001,False,True,,EXPLAINED,UNCHANGED,
waterbodies,nhd-120654865,nhd-120654865,120654865,120654865,,,390,390,39001,39001,False,True,,EXPLAINED,UNCHANGED,
waterbodies,nhd-120654866,nhd-120654866,120654866,120654866,,,390,390,39001,39001,False,True,,EXPLAINED,UNCHANGED,
waterbodies,nhd-120654868,nhd-120654868,120654868,120654868,,,390,390,39001,39001,False,True,,EXPLAINED,UNCHANGED,
waterbodies,nhd-120654869,nhd-120654869,120654869,120654869,,,390,390,39004,39004,False,True,,EXPLAINED,UNCHANGED,
waterbodies,nhd-120654871,nhd-120654871,120654871,120654871,,,390,390,39001,39001,False,True,,EXPLAINED,UNCHANGED,
waterbodies,nhd-120654872,nhd-120654872,120654872,120654872,,,390,390,39001,39001,False,True,,EXPLAINED,UNCHANGED,
waterbodies,nhd-120654873,nhd-120654873,120654873,120654873,,,390,390,39001,39001,False,True,,EXPLAINED,UNCHANGED,
waterbodies,nhd-120654874,nhd-120654874,120654874,120654874,,,390,390,39001,39001,False,True,,EXPLAINED,UNCHANGED,
waterbodies,nhd-120654876,nhd-120654876,120654876,120654876,,,390,390,39004,39004,False,True,,EXPLAINED,UNCHANGED,
waterbodies,,nhd-120654877,,120654877,,,,390,,39001,False,False,,EXPLAINED,ADDED_IN_STRIP,
waterbodies,nhd-120654878,nhd-120654878,120654878,120654878,,,390,390,39001,39001,False,True,,EXPLAINED,UNCHANGED,
waterbodies,nhd-120654880,nhd-120654880,120654880,120654880,,,390,390,39001,39001,False,True,,EXPLAINED,UNCHANGED,
waterbodies,nhd-120654885,nhd-120654885,120654885,120654885,,,390,390,39001,39001,False,True,,EXPLAINED,UNCHANGED,
waterbodies,nhd-120654886,nhd-120654886,120654886,120654886,,,390,390,39001,39001,False,True,,EXPLAINED,UNCHANGED,
waterbodies,nhd-120654887,nhd-120654887,120654887,120654887,,,390,390,39004,39004,False,True,,EXPLAINED,UNCHANGED,
waterbodies,nhd-120654888,nhd-120654888,120654888,120654888,,,390,390,39001,39001,False,True,,EXPLAINED,UNCHANGED,
waterbodies,nhd-120654890,nhd-120654890,120654890,120654890,,,390,390,39001,39001,False,True,,EXPLAINED,UNCHANGED,
waterbodies,nhd-120654891,nhd-120654891,120654891,120654891,,,390,390,39004,39004,False,True,,EXPLAINED,UNCHANGED,
waterbodies,nhd-120654892,nhd-120654892,120654892,120654892,,,390,390,39001,39001,False,True,,EXPLAINED,UNCHANGED,
waterbodies,nhd-120654893,nhd-120654893,120654893,120654893,,,390,390,39001,39001,False,True,,EXPLAINED,UNCHANGED,
waterbodies,nhd-120654894,nhd-120654894,120654894,120654894,,,390,390,39001,39001,False,True,,EXPLAINED,UNCHANGED,
waterbodies,nhd-120654896,nhd-120654896,120654896,120654896,,,390,390,39001,39001,False,True,,EXPLAINED,UNCHANGED,
waterbodies,nhd-120654897,nhd-120654897,120654897,120654897,,,390,390,39004,39004,False,True,,EXPLAINED,UNCHANGED,
waterbodies,nhd-120654898,nhd-120654898,120654898,120654898,,,390,390,39004,39004,False,True,,EXPLAINED,UNCHANGED,
waterbodies,nhd-120654899,nhd-120654899,120654899,120654899,,,390,390,39001,39001,False,True,,EXPLAINED,UNCHANGED,
waterbodies,nhd-120654901,nhd-120654901,120654901,120654901,,,390,390,39004,39004,False,True,,EXPLAINED,UNCHANGED,
waterbodies,nhd-120654902,nhd-120654902,120654902,120654902,,,390,390,39001,39001,False,True,,EXPLAINED,UNCHANGED,
waterbodies,nhd-120654903,nhd-120654903,120654903,120654903,,,390,390,39001,39001,False,True,,EXPLAINED,UNCHANGED,
waterbodies,nhd-120654904,nhd-120654904,120654904,120654904,,,390,390,39001,39001,False,True,,EXPLAINED,UNCHANGED,
waterbodies,nhd-120654907,nhd-120654907,120654907,120654907,,,390,390,39001,39001,False,True,,EXPLAINED,UNCHANGED,
waterbodies,nhd-120654909,nhd-120654909,120654909,120654909,,,390,390,39004,39004,False,True,,EXPLAINED,UNCHANGED,
waterbodies,nhd-120654911,nhd-120654911,120654911,120654911,,,390,390,39001,39001,False,True,,EXPLAINED,UNCHANGED,
waterbodies,nhd-120654912,nhd-120654912,120654912,120654912,,,390,390,39001,39001,False,True,,EXPLAINED,UNCHANGED,
waterbodies,nhd-120654913,nhd-120654913,120654913,120654913,,,390,390,39001,39001,False,True,,EXPLAINED,UNCHANGED,
waterbodies,nhd-120654914,nhd-120654914,120654914,120654914,,,390,390,39001,39001,False,True,,EXPLAINED,UNCHANGED,
waterbodies,nhd-120654916,nhd-120654916,120654916,120654916,,,390,390,39001,39001,False,True,,EXPLAINED,UNCHANGED,
waterbodies,,nhd-120654918,,120654918,,,,390,,39001,False,False,,EXPLAINED,ADDED_IN_STRIP,
waterbodies,nhd-120654919,nhd-120654919,120654919,120654919,,,390,390,39001,39001,False,True,,EXPLAINED,UNCHANGED,
waterbodies,nhd-120654920,nhd-120654920,120654920,120654920,,,390,390,39004,39004,False,True,,EXPLAINED,UNCHANGED,
waterbodies,nhd-120654922,nhd-120654922,120654922,120654922,,,390,390,39004,39004,False,True,,EXPLAINED,UNCHANGED,
waterbodies,nhd-120654923,nhd-120654923,120654923,120654923,,,390,390,39001,39001,False,True,,EXPLAINED,UNCHANGED,
waterbodies,nhd-120654924,nhd-120654924,120654924,120654924,,,390,390,39001,39001,False,True,,EXPLAINED,UNCHANGED,
waterbodies,nhd-120654926,nhd-120654926,120654926,120654926,,,390,390,39004,39004,False,True,,EXPLAINED,UNCHANGED,
waterbodies,nhd-120654927,nhd-120654927,120654927,120654927,,,390,390,39001,39001,False,True,,EXPLAINED,UNCHANGED,
waterbodies,nhd-120654928,nhd-120654928,120654928,120654928,,,390,390,39001,39001,False,True,,EXPLAINED,UNCHANGED,
waterbodies,nhd-120654929,nhd-120654929,120654929,120654929,,,390,390,39001,39001,False,True,,EXPLAINED,UNCHANGED,
waterbodies,nhd-120654930,nhd-120654930,120654930,120654930,,,390,390,39001,39001,False,True,,EXPLAINED,UNCHANGED,
waterbodies,nhd-120654931,nhd-120654931,120654931,120654931,,,390,390,39001,39001,False,True,,EXPLAINED,UNCHANGED,
waterbodies,nhd-120654932,nhd-120654932,120654932,120654932,,,390,390,39004,39004,False,True,,EXPLAINED,UNCHANGED,
waterbodies,nhd-120654934,nhd-120654934,120654934,120654934,,,390,390,39001,39001,False,True,,EXPLAINED,UNCHANGED,
waterbodies,nhd-120654936,nhd-120654936,120654936,120654936,,,390,390,39001,39001,False,True,,EXPLAINED,UNCHANGED,
waterbodies,nhd-120654937,nhd-120654937,120654937,120654937,,,390,390,39004,39004,False,True,,EXPLAINED,UNCHANGED,
waterbodies,nhd-120654938,nhd-120654938,120654938,120654938,,,390,390,39001,39001,False,True,,EXPLAINED,UNCHANGED,
waterbodies,nhd-120654939,nhd-120654939,120654939,120654939,,,390,390,39004,39004,False,True,,EXPLAINED,UNCHANGED,
waterbodies,nhd-120654940,nhd-120654940,120654940,120654940,,,390,390,39001,39001,False,True,,EXPLAINED,UNCHANGED,
waterbodies,nhd-120654941,nhd-120654941,120654941,120654941,,,390,390,39001,39001,False,True,,EXPLAINED,UNCHANGED,
waterbodies,nhd-120654942,nhd-120654942,120654942,120654942,,,390,390,39001,39001,False,True,,EXPLAINED,UNCHANGED,
waterbodies,nhd-120654943,nhd-120654943,120654943,120654943,,,390,390,39001,39001,False,True,,EXPLAINED,UNCHANGED,
waterbodies,nhd-120654944,nhd-120654944,120654944,120654944,,,390,390,39004,39004,False,True,,EXPLAINED,UNCHANGED,
waterbodies,nhd-120654945,nhd-120654945,120654945,120654945,,,390,390,39001,39001,False,True,,EXPLAINED,UNCHANGED,
waterbodies,nhd-120654947,nhd-120654947,120654947,120654947,,,390,390,39001,39001,False,True,,EXPLAINED,UNCHANGED,
waterbodies,nhd-120654948,nhd-120654948,120654948,120654948,,,390,390,39001,39001,False,True,,EXPLAINED,UNCHANGED,
waterbodies,nhd-120654949,nhd-120654949,120654949,120654949,,,390,390,39001,39001,False,True,,EXPLAINED,UNCHANGED,
waterbodies,nhd-120654950,nhd-120654950,120654950,120654950,,,390,390,39001,39001,False,True,,EXPLAINED,UNCHANGED,
waterbodies,nhd-120654954,nhd-120654954,120654954,120654954,Franktown Parker FPB-1 Reservoir,Franktown Parker FPB-1 Reservoir,390,390,39005,39005,False,True,,EXPLAINED,UNCHANGED,
waterbodies,nhd-120654955,nhd-120654955,120654955,120654955,,,390,390,39004,39004,False,True,,EXPLAINED,UNCHANGED,
waterbodies,nhd-120654956,nhd-120654956,120654956,120654956,,,390,390,39001,39001,False,True,,EXPLAINED,UNCHANGED,
waterbodies,nhd-120654957,nhd-120654957,120654957,120654957,,,390,390,39001,39001,False,True,,EXPLAINED,UNCHANGED,
waterbodies,nhd-120654960,nhd-120654960,120654960,120654960,,,390,390,39001,39001,False,True,,EXPLAINED,UNCHANGED,
waterbodies,nhd-120654961,nhd-120654961,120654961,120654961,,,390,390,39001,39001,False,True,,EXPLAINED,UNCHANGED,
waterbodies,nhd-120654962,nhd-120654962,120654962,120654962,,,390,390,39001,39001,False,True,,EXPLAINED,UNCHANGED,
waterbodies,nhd-120654963,nhd-120654963,120654963,120654963,,,390,390,39001,39001,False,True,,EXPLAINED,UNCHANGED,
waterbodies,nhd-120654964,nhd-120654964,120654964,120654964,,,390,390,39004,39004,False,True,,EXPLAINED,UNCHANGED,
waterbodies,nhd-120654965,nhd-120654965,120654965,120654965,,,390,390,39004,39004,False,True,,EXPLAINED,UNCHANGED,
waterbodies,nhd-120654967,nhd-120654967,120654967,120654967,,,390,390,39001,39001,False,True,,EXPLAINED,UNCHANGED,
waterbodies,nhd-120654968,nhd-120654968,120654968,120654968,,,390,390,39001,39001,False,True,,EXPLAINED,UNCHANGED,
waterbodies,nhd-120654969,nhd-120654969,120654969,120654969,,,390,390,39001,39001,False,True,,EXPLAINED,UNCHANGED,
waterbodies,nhd-120654970,nhd-120654970,120654970,120654970,,,390,390,39001,39001,False,True,,EXPLAINED,UNCHANGED,
waterbodies,nhd-120654972,nhd-120654972,120654972,120654972,,,390,390,39001,39001,False,True,,EXPLAINED,UNCHANGED,
waterbodies,nhd-120654973,nhd-120654973,120654973,120654973,,,390,390,39001,39001,False,True,,EXPLAINED,UNCHANGED,
waterbodies,nhd-120654974,nhd-120654974,120654974,120654974,,,390,390,39004,39004,False,True,,EXPLAINED,UNCHANGED,
waterbodies,nhd-120654975,nhd-120654975,120654975,120654975,,,390,390,39001,39001,False,True,,EXPLAINED,UNCHANGED,
waterbodies,nhd-120654977,nhd-120654977,120654977,120654977,,,390,390,39001,39001,False,True,,EXPLAINED,UNCHANGED,
waterbodies,nhd-120654978,nhd-120654978,120654978,120654978,,,390,390,39004,39004,False,True,,EXPLAINED,UNCHANGED,
waterbodies,nhd-120654979,nhd-120654979,120654979,120654979,,,390,390,39004,39004,False,True,,EXPLAINED,UNCHANGED,
waterbodies,nhd-120654980,nhd-120654980,120654980,120654980,,,390,390,39001,39001,False,True,,EXPLAINED,UNCHANGED,
waterbodies,nhd-120654981,nhd-120654981,120654981,120654981,,,390,390,39001,39001,False,True,,EXPLAINED,UNCHANGED,
waterbodies,nhd-120654982,nhd-120654982,120654982,120654982,,,390,390,39004,39004,False,True,,EXPLAINED,UNCHANGED,
waterbodies,nhd-120654983,nhd-120654983,120654983,120654983,,,390,390,39001,39001,False,True,,EXPLAINED,UNCHANGED,
waterbodies,nhd-120654984,nhd-120654984,120654984,120654984,,,390,390,39001,39001,False,True,,EXPLAINED,UNCHANGED,
waterbodies,nhd-120654985,nhd-120654985,120654985,120654985,Franktown Parker FPP-1 Reservoir,Franktown Parker FPP-1 Reservoir,390,390,39001,39001,False,True,,EXPLAINED,UNCHANGED,
waterbodies,nhd-120654986,nhd-120654986,120654986,120654986,,,390,390,39001,39001,False,True,,EXPLAINED,UNCHANGED,
waterbodies,nhd-120654987,nhd-120654987,120654987,120654987,,,390,390,39004,39004,False,True,,EXPLAINED,UNCHANGED,
waterbodies,nhd-120654988,nhd-120654988,120654988,120654988,,,390,390,39001,39001,False,True,,EXPLAINED,UNCHANGED,
waterbodies,nhd-120654989,nhd-120654989,120654989,120654989,,,390,390,39001,39001,False,True,,EXPLAINED,UNCHANGED,
waterbodies,nhd-120654990,nhd-120654990,120654990,120654990,,,390,390,39001,39001,False,True,,EXPLAINED,UNCHANGED,
waterbodies,nhd-120654991,nhd-120654991,120654991,120654991,,,390,390,39001,39001,False,True,,EXPLAINED,UNCHANGED,
waterbodies,nhd-120654993,nhd-120654993,120654993,120654993,,,390,390,39001,39001,False,True,,EXPLAINED,UNCHANGED,
waterbodies,nhd-120654994,nhd-120654994,120654994,120654994,,,390,390,39001,39001,False,True,,EXPLAINED,UNCHANGED,
waterbodies,nhd-120654995,nhd-120654995,120654995,120654995,,,390,390,39001,39001,False,True,,EXPLAINED,UNCHANGED,
waterbodies,nhd-120654996,nhd-120654996,120654996,120654996,,,390,390,39001,39001,False,True,,EXPLAINED,UNCHANGED,
waterbodies,nhd-120654999,nhd-120654999,120654999,120654999,,,390,390,39004,39004,False,True,,EXPLAINED,UNCHANGED,
waterbodies,nhd-120655000,nhd-120655000,120655000,120655000,,,390,390,39001,39001,False,True,,EXPLAINED,UNCHANGED,
waterbodies,nhd-120655001,nhd-120655001,120655001,120655001,,,390,390,39001,39001,False,True,,EXPLAINED,UNCHANGED,
waterbodies,nhd-120655003,nhd-120655003,120655003,120655003,,,390,390,39001,39001,False,True,,EXPLAINED,UNCHANGED,
waterbodies,nhd-120655004,nhd-120655004,120655004,120655004,,,390,390,39001,39001,False,True,,EXPLAINED,UNCHANGED,
waterbodies,nhd-120655005,nhd-120655005,120655005,120655005,,,390,390,39001,39001,False,True,,EXPLAINED,UNCHANGED,
waterbodies,nhd-120655006,nhd-120655006,120655006,120655006,,,390,390,39001,39001,False,True,,EXPLAINED,UNCHANGED,
waterbodies,nhd-120655007,nhd-120655007,120655007,120655007,,,390,390,39001,39001,False,True,,EXPLAINED,UNCHANGED,
waterbodies,nhd-120655008,nhd-120655008,120655008,120655008,,,390,390,39001,39001,False,True,,EXPLAINED,UNCHANGED,
waterbodies,nhd-120655011,nhd-120655011,120655011,120655011,,,390,390,39004,39004,False,True,,EXPLAINED,UNCHANGED,
waterbodies,nhd-120655012,nhd-120655012,120655012,120655012,,,390,390,39001,39001,False,True,,EXPLAINED,UNCHANGED,
waterbodies,nhd-120655016,nhd-120655016,120655016,120655016,,,390,390,39001,39001,False,True,,EXPLAINED,UNCHANGED,
waterbodies,nhd-120655017,nhd-120655017,120655017,120655017,,,390,390,39001,39001,False,True,,EXPLAINED,UNCHANGED,
waterbodies,nhd-120655018,nhd-120655018,120655018,120655018,,,390,390,39001,39001,False,True,,EXPLAINED,UNCHANGED,
waterbodies,nhd-120655019,nhd-120655019,120655019,120655019,,,390,390,39004,39004,False,True,,EXPLAINED,UNCHANGED,
waterbodies,nhd-120655020,nhd-120655020,120655020,120655020,,,390,390,39001,39001,False,True,,EXPLAINED,UNCHANGED,
waterbodies,nhd-120655021,nhd-120655021,120655021,120655021,,,390,390,39004,39004,False,True,,EXPLAINED,UNCHANGED,
waterbodies,nhd-120655023,nhd-120655023,120655023,120655023,,,390,390,39004,39004,False,True,,EXPLAINED,UNCHANGED,
waterbodies,nhd-120655024,nhd-120655024,120655024,120655024,,,390,390,39001,39001,False,True,,EXPLAINED,UNCHANGED,
waterbodies,nhd-120655025,nhd-120655025,120655025,120655025,,,390,390,39001,39001,False,True,,EXPLAINED,UNCHANGED,
waterbodies,nhd-120655026,nhd-120655026,120655026,120655026,,,390,390,39001,39001,False,True,,EXPLAINED,UNCHANGED,
waterbodies,nhd-120655028,nhd-120655028,120655028,120655028,,,390,390,39001,39001,False,True,,EXPLAINED,UNCHANGED,
waterbodies,nhd-120655029,nhd-120655029,120655029,120655029,,,390,390,39001,39001,False,True,,EXPLAINED,UNCHANGED,
waterbodies,,nhd-120655031,,120655031,,,,390,,39001,False,False,,EXPLAINED,ADDED_IN_STRIP,
waterbodies,nhd-120655032,nhd-120655032,120655032,120655032,,,390,390,39001,39001,False,True,,EXPLAINED,UNCHANGED,
waterbodies,nhd-120655034,nhd-120655034,120655034,120655034,,,390,390,39001,39001,False,True,,EXPLAINED,UNCHANGED,
waterbodies,,nhd-120655035,,120655035,,,,390,,39001,False,False,,EXPLAINED,ADDED_IN_STRIP,
waterbodies,nhd-120655036,nhd-120655036,120655036,120655036,,,390,390,39001,39001,False,True,,EXPLAINED,UNCHANGED,
waterbodies,nhd-120655039,nhd-120655039,120655039,120655039,,,390,390,39001,39001,False,True,,EXPLAINED,UNCHANGED,
waterbodies,nhd-120655040,nhd-120655040,120655040,120655040,,,390,390,39001,39001,False,True,,EXPLAINED,UNCHANGED,
waterbodies,nhd-120655041,nhd-120655041,120655041,120655041,,,390,390,39001,39001,False,True,,EXPLAINED,UNCHANGED,
waterbodies,nhd-120655044,nhd-120655044,120655044,120655044,,,390,390,39001,39001,False,True,,EXPLAINED,UNCHANGED,
waterbodies,nhd-120655047,nhd-120655047,120655047,120655047,,,390,390,39001,39001,False,True,,EXPLAINED,UNCHANGED,
waterbodies,nhd-120655051,nhd-120655051,120655051,120655051,,,390,390,39001,39001,False,True,,EXPLAINED,UNCHANGED,
waterbodies,nhd-120655052,nhd-120655052,120655052,120655052,,,390,390,39004,39004,False,True,,EXPLAINED,UNCHANGED,
waterbodies,nhd-120655053,nhd-120655053,120655053,120655053,,,390,390,39001,39001,False,True,,EXPLAINED,UNCHANGED,
waterbodies,nhd-120655056,nhd-120655056,120655056,120655056,,,390,390,39001,39001,False,True,,EXPLAINED,UNCHANGED,
waterbodies,nhd-120655059,nhd-120655059,120655059,120655059,,,390,390,39001,39001,False,True,,EXPLAINED,UNCHANGED,
waterbodies,nhd-120655061,nhd-120655061,120655061,120655061,,,390,390,39004,39004,False,True,,EXPLAINED,UNCHANGED,
waterbodies,nhd-120655064,nhd-120655064,120655064,120655064,,,390,390,39001,39001,False,True,,EXPLAINED,UNCHANGED,
waterbodies,nhd-120655065,nhd-120655065,120655065,120655065,,,390,390,39001,39001,False,True,,EXPLAINED,UNCHANGED,
waterbodies,nhd-120655066,nhd-120655066,120655066,120655066,,,390,390,39001,39001,False,True,,EXPLAINED,UNCHANGED,
waterbodies,nhd-120655067,nhd-120655067,120655067,120655067,,,390,390,39001,39001,False,True,,EXPLAINED,UNCHANGED,
waterbodies,nhd-120655069,nhd-120655069,120655069,120655069,,,390,390,39001,39001,False,True,,EXPLAINED,UNCHANGED,
waterbodies,nhd-120655070,nhd-120655070,120655070,120655070,,,390,390,39001,39001,False,True,,EXPLAINED,UNCHANGED,
waterbodies,nhd-120655071,nhd-120655071,120655071,120655071,,,390,390,39001,39001,False,True,,EXPLAINED,UNCHANGED,
waterbodies,nhd-120655073,nhd-120655073,120655073,120655073,,,390,390,39001,39001,False,True,,EXPLAINED,UNCHANGED,
waterbodies,nhd-120655074,nhd-120655074,120655074,120655074,,,390,390,39001,39001,False,True,,EXPLAINED,UNCHANGED,
waterbodies,nhd-120655075,nhd-120655075,120655075,120655075,,,390,390,39001,39001,False,True,,EXPLAINED,UNCHANGED,
waterbodies,nhd-120655076,nhd-120655076,120655076,120655076,,,390,390,39004,39004,False,True,,EXPLAINED,UNCHANGED,
waterbodies,nhd-120655077,nhd-120655077,120655077,120655077,,,390,390,39001,39001,False,True,,EXPLAINED,UNCHANGED,
waterbodies,nhd-120655078,nhd-120655078,120655078,120655078,,,390,390,39001,39001,False,True,,EXPLAINED,UNCHANGED,
waterbodies,nhd-120655079,nhd-120655079,120655079,120655079,,,390,390,39004,39004,False,True,,EXPLAINED,UNCHANGED,
waterbodies,nhd-120655080,nhd-120655080,120655080,120655080,,,390,390,39001,39001,False,True,,EXPLAINED,UNCHANGED,
waterbodies,nhd-120655081,nhd-120655081,120655081,120655081,,,390,390,39001,39001,False,True,,EXPLAINED,UNCHANGED,
waterbodies,nhd-120655082,nhd-120655082,120655082,120655082,,,390,390,39001,39001,False,True,,EXPLAINED,UNCHANGED,
waterbodies,nhd-120655083,nhd-120655083,120655083,120655083,,,390,390,39001,39001,False,True,,EXPLAINED,UNCHANGED,
waterbodies,nhd-120655084,nhd-120655084,120655084,120655084,,,390,390,39001,39001,False,True,,EXPLAINED,UNCHANGED,
waterbodies,nhd-120655085,nhd-120655085,120655085,120655085,,,390,390,39001,39001,False,True,,EXPLAINED,UNCHANGED,
waterbodies,nhd-120655087,nhd-120655087,120655087,120655087,,,390,390,39001,39001,False,True,,EXPLAINED,UNCHANGED,
waterbodies,nhd-120655088,nhd-120655088,120655088,120655088,,,390,390,39001,39001,False,True,,EXPLAINED,UNCHANGED,
waterbodies,nhd-120655089,nhd-120655089,120655089,120655089,,,390,390,39001,39001,False,True,,EXPLAINED,UNCHANGED,
waterbodies,nhd-120655091,nhd-120655091,120655091,120655091,,,390,390,39004,39004,False,True,,EXPLAINED,UNCHANGED,
waterbodies,nhd-120655092,nhd-120655092,120655092,120655092,,,390,390,39004,39004,False,True,,EXPLAINED,UNCHANGED,
waterbodies,nhd-120655093,nhd-120655093,120655093,120655093,,,390,390,39001,39001,False,True,,EXPLAINED,UNCHANGED,
waterbodies,nhd-120655094,nhd-120655094,120655094,120655094,,,390,390,39004,39004,False,True,,EXPLAINED,UNCHANGED,
waterbodies,nhd-120655095,nhd-120655095,120655095,120655095,,,390,390,39004,39004,False,True,,EXPLAINED,UNCHANGED,
waterbodies,nhd-120655096,nhd-120655096,120655096,120655096,,,390,390,39001,39001,False,True,,EXPLAINED,UNCHANGED,
waterbodies,nhd-120655097,nhd-120655097,120655097,120655097,,,390,390,39001,39001,False,True,,EXPLAINED,UNCHANGED,
waterbodies,nhd-120655098,nhd-120655098,120655098,120655098,,,390,390,39001,39001,False,True,,EXPLAINED,UNCHANGED,
waterbodies,nhd-120655099,nhd-120655099,120655099,120655099,,,390,390,39001,39001,False,True,,EXPLAINED,UNCHANGED,
waterbodies,nhd-120655100,nhd-120655100,120655100,120655100,,,390,390,39001,39001,False,True,,EXPLAINED,UNCHANGED,
waterbodies,nhd-120655101,nhd-120655101,120655101,120655101,,,390,390,39004,39004,False,True,,EXPLAINED,UNCHANGED,
waterbodies,nhd-120655102,nhd-120655102,120655102,120655102,,,390,390,39001,39001,False,True,,EXPLAINED,UNCHANGED,
waterbodies,nhd-120655103,nhd-120655103,120655103,120655103,,,390,390,39004,39004,False,True,,EXPLAINED,UNCHANGED,
waterbodies,nhd-120655104,nhd-120655104,120655104,120655104,,,390,390,39001,39001,False,True,,EXPLAINED,UNCHANGED,
waterbodies,nhd-120655105,nhd-120655105,120655105,120655105,,,390,390,39004,39004,False,True,,EXPLAINED,UNCHANGED,
waterbodies,nhd-120655106,nhd-120655106,120655106,120655106,,,390,390,39001,39001,False,True,,EXPLAINED,UNCHANGED,
waterbodies,nhd-120655107,nhd-120655107,120655107,120655107,,,390,390,39001,39001,False,True,,EXPLAINED,UNCHANGED,
waterbodies,nhd-120655108,nhd-120655108,120655108,120655108,,,390,390,39001,39001,False,True,,EXPLAINED,UNCHANGED,
waterbodies,nhd-120655109,nhd-120655109,120655109,120655109,,,390,390,39001,39001,False,True,,EXPLAINED,UNCHANGED,
waterbodies,nhd-120655110,nhd-120655110,120655110,120655110,,,390,390,39004,39004,False,True,,EXPLAINED,UNCHANGED,
waterbodies,nhd-120655112,nhd-120655112,120655112,120655112,,,390,390,39001,39001,False,True,,EXPLAINED,UNCHANGED,
waterbodies,nhd-120655113,nhd-120655113,120655113,120655113,,,390,390,39001,39001,False,True,,EXPLAINED,UNCHANGED,
waterbodies,nhd-120655114,nhd-120655114,120655114,120655114,,,390,390,39001,39001,False,True,,EXPLAINED,UNCHANGED,
waterbodies,nhd-120655115,nhd-120655115,120655115,120655115,,,390,390,39001,39001,False,True,,EXPLAINED,UNCHANGED,
waterbodies,nhd-120655116,nhd-120655116,120655116,120655116,,,390,390,39001,39001,False,True,,EXPLAINED,UNCHANGED,
waterbodies,nhd-120655117,nhd-120655117,120655117,120655117,,,390,390,39001,39001,False,True,,EXPLAINED,UNCHANGED,
waterbodies,nhd-120655120,nhd-120655120,120655120,120655120,,,390,390,39004,39004,False,True,,EXPLAINED,UNCHANGED,
waterbodies,nhd-120655122,nhd-120655122,120655122,120655122,,,390,390,39004,39004,False,True,,EXPLAINED,UNCHANGED,
waterbodies,nhd-120655123,nhd-120655123,120655123,120655123,,,390,390,39001,39001,False,True,,EXPLAINED,UNCHANGED,
waterbodies,nhd-120655124,nhd-120655124,120655124,120655124,,,390,390,39004,39004,False,True,,EXPLAINED,UNCHANGED,
waterbodies,nhd-120655125,nhd-120655125,120655125,120655125,,,390,390,39001,39001,False,True,,EXPLAINED,UNCHANGED,
waterbodies,nhd-120655126,nhd-120655126,120655126,120655126,Franktown Parker FPS-1 Reservoir,Franktown Parker FPS-1 Reservoir,390,390,39004,39004,False,True,,EXPLAINED,UNCHANGED,
waterbodies,,nhd-120655127,,120655127,,,,390,,39001,False,False,,EXPLAINED,ADDED_IN_STRIP,
waterbodies,nhd-120655128,nhd-120655128,120655128,120655128,,,390,390,39004,39004,False,True,,EXPLAINED,UNCHANGED,
waterbodies,nhd-120655129,nhd-120655129,120655129,120655129,,,390,390,39004,39004,False,True,,EXPLAINED,UNCHANGED,
waterbodies,nhd-120655130,nhd-120655130,120655130,120655130,,,390,390,39004,39004,False,True,,EXPLAINED,UNCHANGED,
waterbodies,nhd-120655131,nhd-120655131,120655131,120655131,,,390,390,39001,39001,False,True,,EXPLAINED,UNCHANGED,
waterbodies,nhd-120655132,nhd-120655132,120655132,120655132,,,390,390,39001,39001,False,True,,EXPLAINED,UNCHANGED,
waterbodies,nhd-120655133,nhd-120655133,120655133,120655133,,,390,390,39001,39001,False,True,,EXPLAINED,UNCHANGED,
waterbodies,nhd-120655135,nhd-120655135,120655135,120655135,,,390,390,39004,39004,False,True,,EXPLAINED,UNCHANGED,
waterbodies,nhd-120655136,nhd-120655136,120655136,120655136,,,390,390,39004,39004,False,True,,EXPLAINED,UNCHANGED,
waterbodies,nhd-120655138,nhd-120655138,120655138,120655138,,,390,390,39001,39001,False,True,,EXPLAINED,UNCHANGED,
waterbodies,nhd-120655139,nhd-120655139,120655139,120655139,,,390,390,39004,39004,False,True,,EXPLAINED,UNCHANGED,
waterbodies,nhd-120655140,nhd-120655140,120655140,120655140,,,390,390,39001,39001,False,True,,EXPLAINED,UNCHANGED,
waterbodies,nhd-120655141,nhd-120655141,120655141,120655141,,,390,390,39001,39001,False,True,,EXPLAINED,UNCHANGED,
waterbodies,nhd-120655142,nhd-120655142,120655142,120655142,,,390,390,39001,39001,False,True,,EXPLAINED,UNCHANGED,
waterbodies,nhd-120655143,nhd-120655143,120655143,120655143,,,390,390,39004,39004,False,True,,EXPLAINED,UNCHANGED,
waterbodies,nhd-120655144,nhd-120655144,120655144,120655144,,,390,390,39004,39004,False,True,,EXPLAINED,UNCHANGED,
waterbodies,nhd-120655146,nhd-120655146,120655146,120655146,,,390,390,39001,39001,False,True,,EXPLAINED,UNCHANGED,
waterbodies,nhd-120655147,nhd-120655147,120655147,120655147,,,390,390,39001,39001,False,True,,EXPLAINED,UNCHANGED,
waterbodies,nhd-120655149,nhd-120655149,120655149,120655149,,,390,390,39001,39001,False,True,,EXPLAINED,UNCHANGED,
waterbodies,nhd-120655150,nhd-120655150,120655150,120655150,,,390,390,39004,39004,False,True,,EXPLAINED,UNCHANGED,
waterbodies,nhd-120655151,nhd-120655151,120655151,120655151,,,390,390,39001,39001,False,True,,EXPLAINED,UNCHANGED,
waterbodies,nhd-120655152,nhd-120655152,120655152,120655152,,,390,390,39004,39004,False,True,,EXPLAINED,UNCHANGED,
waterbodies,nhd-120655153,nhd-120655153,120655153,120655153,,,390,390,39001,39001,False,True,,EXPLAINED,UNCHANGED,
waterbodies,nhd-120655155,nhd-120655155,120655155,120655155,,,390,390,39001,39001,False,True,,EXPLAINED,UNCHANGED,
waterbodies,nhd-120655157,nhd-120655157,120655157,120655157,,,390,390,39001,39001,False,True,,EXPLAINED,UNCHANGED,
waterbodies,nhd-120655160,nhd-120655160,120655160,120655160,,,390,390,39001,39001,False,True,,EXPLAINED,UNCHANGED,
waterbodies,nhd-120655161,nhd-120655161,120655161,120655161,,,390,390,39001,39001,False,True,,EXPLAINED,UNCHANGED,
waterbodies,nhd-120655164,nhd-120655164,120655164,120655164,,,390,390,39001,39001,False,True,,EXPLAINED,UNCHANGED,
waterbodies,nhd-120655166,nhd-120655166,120655166,120655166,,,390,390,39001,39001,False,True,,EXPLAINED,UNCHANGED,
waterbodies,nhd-120655167,nhd-120655167,120655167,120655167,,,390,390,39001,39001,False,True,,EXPLAINED,UNCHANGED,
waterbodies,nhd-120655168,nhd-120655168,120655168,120655168,,,390,390,39001,39001,False,True,,EXPLAINED,UNCHANGED,
waterbodies,nhd-120655169,nhd-120655169,120655169,120655169,,,390,390,39001,39001,False,True,,EXPLAINED,UNCHANGED,
waterbodies,nhd-120655171,nhd-120655171,120655171,120655171,,,390,390,39001,39001,False,True,,EXPLAINED,UNCHANGED,
waterbodies,nhd-120655172,nhd-120655172,120655172,120655172,,,390,390,39001,39001,False,True,,EXPLAINED,UNCHANGED,
waterbodies,nhd-120655173,nhd-120655173,120655173,120655173,,,390,390,39004,39004,False,True,,EXPLAINED,UNCHANGED,
waterbodies,nhd-120655174,nhd-120655174,120655174,120655174,,,390,390,39004,39004,False,True,,EXPLAINED,UNCHANGED,
waterbodies,nhd-120655175,nhd-120655175,120655175,120655175,,,390,390,39004,39004,False,True,,EXPLAINED,UNCHANGED,
waterbodies,nhd-120655176,nhd-120655176,120655176,120655176,,,390,390,39004,39004,False,True,,EXPLAINED,UNCHANGED,
waterbodies,nhd-120655177,nhd-120655177,120655177,120655177,,,390,390,39001,39001,False,True,,EXPLAINED,UNCHANGED,
waterbodies,nhd-120655178,nhd-120655178,120655178,120655178,,,390,390,39001,39001,False,True,,EXPLAINED,UNCHANGED,
waterbodies,nhd-120655180,nhd-120655180,120655180,120655180,,,390,390,39004,39004,False,True,,EXPLAINED,UNCHANGED,
waterbodies,,nhd-120655181,,120655181,,,,390,,39001,False,False,,EXPLAINED,ADDED_IN_STRIP,
waterbodies,nhd-120655183,nhd-120655183,120655183,120655183,,,390,390,39004,39004,False,True,,EXPLAINED,UNCHANGED,
waterbodies,nhd-120655184,nhd-120655184,120655184,120655184,,,390,390,39001,39001,False,True,,EXPLAINED,UNCHANGED,
waterbodies,nhd-120655185,nhd-120655185,120655185,120655185,,,390,390,39001,39001,False,True,,EXPLAINED,UNCHANGED,
waterbodies,nhd-120655188,nhd-120655188,120655188,120655188,,,390,390,39004,39004,False,True,,EXPLAINED,UNCHANGED,
waterbodies,nhd-120655189,nhd-120655189,120655189,120655189,,,390,390,39004,39004,False,True,,EXPLAINED,UNCHANGED,
waterbodies,nhd-120655191,nhd-120655191,120655191,120655191,,,390,390,39001,39001,False,True,,EXPLAINED,UNCHANGED,
waterbodies,nhd-120655192,nhd-120655192,120655192,120655192,,,390,390,39001,39001,False,True,,EXPLAINED,UNCHANGED,
waterbodies,nhd-120655195,nhd-120655195,120655195,120655195,,,390,390,39001,39001,False,True,,EXPLAINED,UNCHANGED,
waterbodies,nhd-120655196,nhd-120655196,120655196,120655196,,,390,390,39001,39001,False,True,,EXPLAINED,UNCHANGED,
waterbodies,nhd-120655197,nhd-120655197,120655197,120655197,,,390,390,39004,39004,False,True,,EXPLAINED,UNCHANGED,
waterbodies,nhd-120655198,nhd-120655198,120655198,120655198,,,390,390,39004,39004,False,True,,EXPLAINED,UNCHANGED,
waterbodies,nhd-120655200,nhd-120655200,120655200,120655200,,,390,390,39001,39001,False,True,,EXPLAINED,UNCHANGED,
waterbodies,nhd-120655202,nhd-120655202,120655202,120655202,,,390,390,39001,39001,False,True,,EXPLAINED,UNCHANGED,
waterbodies,nhd-120655205,nhd-120655205,120655205,120655205,,,390,390,39004,39004,False,True,,EXPLAINED,UNCHANGED,
waterbodies,nhd-120655206,nhd-120655206,120655206,120655206,,,390,390,39004,39004,False,True,,EXPLAINED,UNCHANGED,
waterbodies,nhd-120655207,nhd-120655207,120655207,120655207,,,390,390,39004,39004,False,True,,EXPLAINED,UNCHANGED,
waterbodies,nhd-120655212,nhd-120655212,120655212,120655212,,,390,390,39001,39001,False,True,,EXPLAINED,UNCHANGED,
waterbodies,nhd-120655213,nhd-120655213,120655213,120655213,,,390,390,39001,39001,False,True,,EXPLAINED,UNCHANGED,
waterbodies,nhd-120655214,nhd-120655214,120655214,120655214,,,390,390,39004,39004,False,True,,EXPLAINED,UNCHANGED,
waterbodies,nhd-120655215,nhd-120655215,120655215,120655215,,,390,390,39004,39004,False,True,,EXPLAINED,UNCHANGED,
waterbodies,nhd-120655216,nhd-120655216,120655216,120655216,,,390,390,39004,39004,False,True,,EXPLAINED,UNCHANGED,
waterbodies,nhd-120655217,nhd-120655217,120655217,120655217,,,390,390,39004,39004,False,True,,EXPLAINED,UNCHANGED,
waterbodies,nhd-120655218,nhd-120655218,120655218,120655218,,,390,390,39001,39001,False,True,,EXPLAINED,UNCHANGED,
waterbodies,nhd-120655219,nhd-120655219,120655219,120655219,Circle 2 Ranch Reservoir Number 1,Circle 2 Ranch Reservoir Number 1,390,390,39009,39009,False,True,,EXPLAINED,UNCHANGED,
waterbodies,nhd-120655220,nhd-120655220,120655220,120655220,,,390,390,39004,39004,False,True,,EXPLAINED,UNCHANGED,
waterbodies,nhd-120655221,nhd-120655221,120655221,120655221,,,390,390,39004,39004,False,True,,EXPLAINED,UNCHANGED,
waterbodies,nhd-120655226,nhd-120655226,120655226,120655226,,,390,390,39004,39004,False,True,,EXPLAINED,UNCHANGED,
waterbodies,nhd-120655227,nhd-120655227,120655227,120655227,,,390,390,39004,39004,False,True,,EXPLAINED,UNCHANGED,
waterbodies,nhd-120655228,nhd-120655228,120655228,120655228,,,390,390,39001,39001,False,True,,EXPLAINED,UNCHANGED,
waterbodies,nhd-120655229,nhd-120655229,120655229,120655229,,,390,390,39001,39001,False,True,,EXPLAINED,UNCHANGED,
waterbodies,nhd-120655230,nhd-120655230,120655230,120655230,,,390,390,39004,39004,False,True,,EXPLAINED,UNCHANGED,
waterbodies,nhd-120655231,nhd-120655231,120655231,120655231,,,390,390,39001,39001,False,True,,EXPLAINED,UNCHANGED,
waterbodies,nhd-120655232,nhd-120655232,120655232,120655232,,,390,390,39001,39001,False,True,,EXPLAINED,UNCHANGED,
waterbodies,nhd-120655233,nhd-120655233,120655233,120655233,,,390,390,39004,39004,False,True,,EXPLAINED,UNCHANGED,
waterbodies,nhd-120655234,nhd-120655234,120655234,120655234,,,390,390,39004,39004,False,True,,EXPLAINED,UNCHANGED,
waterbodies,nhd-120655235,nhd-120655235,120655235,120655235,,,390,390,39001,39001,False,True,,EXPLAINED,UNCHANGED,
waterbodies,nhd-120655236,nhd-120655236,120655236,120655236,,,390,390,39001,39001,False,True,,EXPLAINED,UNCHANGED,
waterbodies,nhd-120655238,nhd-120655238,120655238,120655238,,,390,390,39001,39001,False,True,,EXPLAINED,UNCHANGED,
waterbodies,nhd-120655240,nhd-120655240,120655240,120655240,,,390,390,39001,39001,False,True,,EXPLAINED,UNCHANGED,
waterbodies,nhd-120655241,nhd-120655241,120655241,120655241,,,390,390,39001,39001,False,True,,EXPLAINED,UNCHANGED,
waterbodies,nhd-120655243,nhd-120655243,120655243,120655243,,,390,390,39001,39001,False,True,,EXPLAINED,UNCHANGED,
waterbodies,nhd-120655244,nhd-120655244,120655244,120655244,,,390,390,39001,39001,False,True,,EXPLAINED,UNCHANGED,
waterbodies,nhd-120655245,nhd-120655245,120655245,120655245,,,390,390,39001,39001,False,True,,EXPLAINED,UNCHANGED,
waterbodies,nhd-120655246,nhd-120655246,120655246,120655246,,,390,390,39004,39004,False,True,,EXPLAINED,UNCHANGED,
waterbodies,nhd-120655248,nhd-120655248,120655248,120655248,,,390,390,39001,39001,False,True,,EXPLAINED,UNCHANGED,
waterbodies,nhd-120655249,nhd-120655249,120655249,120655249,,,390,390,39004,39004,False,True,,EXPLAINED,UNCHANGED,
waterbodies,nhd-120655250,nhd-120655250,120655250,120655250,,,390,390,39004,39004,False,True,,EXPLAINED,UNCHANGED,
waterbodies,,nhd-120655251,,120655251,,,,390,,39001,False,False,,EXPLAINED,ADDED_IN_STRIP,
waterbodies,nhd-120655252,nhd-120655252,120655252,120655252,,,390,390,39004,39004,False,True,,EXPLAINED,UNCHANGED,
waterbodies,nhd-120655254,nhd-120655254,120655254,120655254,,,390,390,39004,39004,False,True,,EXPLAINED,UNCHANGED,
waterbodies,nhd-120655256,nhd-120655256,120655256,120655256,,,390,390,39001,39001,False,True,,EXPLAINED,UNCHANGED,
waterbodies,nhd-120655257,nhd-120655257,120655257,120655257,,,390,390,39001,39001,False,True,,EXPLAINED,UNCHANGED,
waterbodies,nhd-120655258,nhd-120655258,120655258,120655258,,,390,390,39004,39004,False,True,,EXPLAINED,UNCHANGED,
waterbodies,nhd-120655259,nhd-120655259,120655259,120655259,,,390,390,39001,39001,False,True,,EXPLAINED,UNCHANGED,
waterbodies,nhd-120655260,nhd-120655260,120655260,120655260,,,390,390,39004,39004,False,True,,EXPLAINED,UNCHANGED,
waterbodies,nhd-120655261,nhd-120655261,120655261,120655261,,,390,390,39001,39001,False,True,,EXPLAINED,UNCHANGED,
waterbodies,nhd-120655262,nhd-120655262,120655262,120655262,,,390,390,39001,39001,False,True,,EXPLAINED,UNCHANGED,
waterbodies,nhd-120655263,nhd-120655263,120655263,120655263,,,390,390,39001,39001,False,True,,EXPLAINED,UNCHANGED,
waterbodies,nhd-120655267,nhd-120655267,120655267,120655267,,,390,390,39001,39001,False,True,,EXPLAINED,UNCHANGED,
waterbodies,nhd-120655268,nhd-120655268,120655268,120655268,,,390,390,39004,39004,False,True,,EXPLAINED,UNCHANGED,
waterbodies,nhd-120655269,nhd-120655269,120655269,120655269,,,390,390,39001,39001,False,True,,EXPLAINED,UNCHANGED,
waterbodies,nhd-120655270,nhd-120655270,120655270,120655270,,,390,390,39004,39004,False,True,,EXPLAINED,UNCHANGED,
waterbodies,nhd-120655271,nhd-120655271,120655271,120655271,,,390,390,39001,39001,False,True,,EXPLAINED,UNCHANGED,
waterbodies,nhd-120655272,nhd-120655272,120655272,120655272,,,390,390,39001,39001,False,True,,EXPLAINED,UNCHANGED,
waterbodies,nhd-120655274,nhd-120655274,120655274,120655274,,,390,390,39004,39004,False,True,,EXPLAINED,UNCHANGED,
waterbodies,nhd-120655276,nhd-120655276,120655276,120655276,,,390,390,39001,39001,False,True,,EXPLAINED,UNCHANGED,
waterbodies,nhd-120655279,nhd-120655279,120655279,120655279,,,390,390,39001,39001,False,True,,EXPLAINED,UNCHANGED,
waterbodies,nhd-120655281,nhd-120655281,120655281,120655281,,,390,390,39001,39001,False,True,,EXPLAINED,UNCHANGED,
waterbodies,nhd-120655283,nhd-120655283,120655283,120655283,,,390,390,39004,39004,False,True,,EXPLAINED,UNCHANGED,
waterbodies,nhd-120655285,nhd-120655285,120655285,120655285,,,390,390,39001,39001,False,True,,EXPLAINED,UNCHANGED,
waterbodies,nhd-120655286,nhd-120655286,120655286,120655286,Pinery Reservoir,Pinery Reservoir,390,390,39009,39009,False,True,,EXPLAINED,UNCHANGED,
waterbodies,nhd-120655287,nhd-120655287,120655287,120655287,,,390,390,39001,39001,False,True,,EXPLAINED,UNCHANGED,
waterbodies,nhd-120655289,nhd-120655289,120655289,120655289,,,390,390,39004,39004,False,True,,EXPLAINED,UNCHANGED,
waterbodies,nhd-120655290,nhd-120655290,120655290,120655290,,,390,390,39004,39004,False,True,,EXPLAINED,UNCHANGED,
waterbodies,nhd-120655293,nhd-120655293,120655293,120655293,,,390,390,39001,39001,False,True,,EXPLAINED,UNCHANGED,
waterbodies,nhd-120655294,nhd-120655294,120655294,120655294,,,390,390,39001,39001,False,True,,EXPLAINED,UNCHANGED,
waterbodies,nhd-120655296,nhd-120655296,120655296,120655296,,,390,390,39001,39001,False,True,,EXPLAINED,UNCHANGED,
waterbodies,nhd-120655297,nhd-120655297,120655297,120655297,,,390,390,39001,39001,False,True,,EXPLAINED,UNCHANGED,
waterbodies,nhd-120655298,nhd-120655298,120655298,120655298,,,390,390,39004,39004,False,True,,EXPLAINED,UNCHANGED,
waterbodies,nhd-120655300,nhd-120655300,120655300,120655300,,,390,390,39004,39004,False,True,,EXPLAINED,UNCHANGED,
waterbodies,nhd-120655302,nhd-120655302,120655302,120655302,,,390,390,39001,39001,False,True,,EXPLAINED,UNCHANGED,
waterbodies,nhd-120655304,nhd-120655304,120655304,120655304,,,390,390,39001,39001,False,True,,EXPLAINED,UNCHANGED,
waterbodies,nhd-120655305,nhd-120655305,120655305,120655305,,,390,390,39001,39001,False,True,,EXPLAINED,UNCHANGED,
waterbodies,nhd-120655306,nhd-120655306,120655306,120655306,,,390,390,39004,39004,False,True,,EXPLAINED,UNCHANGED,
waterbodies,nhd-120655307,nhd-120655307,120655307,120655307,,,390,390,39001,39001,False,True,,EXPLAINED,UNCHANGED,
waterbodies,nhd-120655308,nhd-120655308,120655308,120655308,,,390,390,39001,39001,False,True,,EXPLAINED,UNCHANGED,
waterbodies,nhd-120655311,nhd-120655311,120655311,120655311,,,390,390,39001,39001,False,True,,EXPLAINED,UNCHANGED,
waterbodies,nhd-120655313,nhd-120655313,120655313,120655313,,,390,390,39001,39001,False,True,,EXPLAINED,UNCHANGED,
waterbodies,nhd-120655315,nhd-120655315,120655315,120655315,,,390,390,39001,39001,False,True,,EXPLAINED,UNCHANGED,
waterbodies,nhd-120655318,nhd-120655318,120655318,120655318,,,390,390,39001,39001,False,True,,EXPLAINED,UNCHANGED,
waterbodies,nhd-120655319,nhd-120655319,120655319,120655319,,,390,390,39004,39004,False,True,,EXPLAINED,UNCHANGED,
waterbodies,nhd-120655320,nhd-120655320,120655320,120655320,,,390,390,39001,39001,False,True,,EXPLAINED,UNCHANGED,
waterbodies,nhd-120655321,nhd-120655321,120655321,120655321,,,390,390,39001,39001,False,True,,EXPLAINED,UNCHANGED,
waterbodies,nhd-120655322,nhd-120655322,120655322,120655322,,,390,390,39001,39001,False,True,,EXPLAINED,UNCHANGED,
waterbodies,nhd-120655323,nhd-120655323,120655323,120655323,,,390,390,39004,39004,False,True,,EXPLAINED,UNCHANGED,
waterbodies,nhd-120655325,nhd-120655325,120655325,120655325,,,390,390,39001,39001,False,True,,EXPLAINED,UNCHANGED,
waterbodies,nhd-120655327,nhd-120655327,120655327,120655327,,,390,390,39001,39001,False,True,,EXPLAINED,UNCHANGED,
waterbodies,nhd-120655328,nhd-120655328,120655328,120655328,,,390,390,39004,39004,False,True,,EXPLAINED,UNCHANGED,
waterbodies,nhd-120655329,nhd-120655329,120655329,120655329,,,390,390,39004,39004,False,True,,EXPLAINED,UNCHANGED,
waterbodies,nhd-120655330,nhd-120655330,120655330,120655330,,,390,390,39001,39001,False,True,,EXPLAINED,UNCHANGED,
waterbodies,nhd-120655331,nhd-120655331,120655331,120655331,,,390,390,39001,39001,False,True,,EXPLAINED,UNCHANGED,
waterbodies,nhd-120655332,nhd-120655332,120655332,120655332,,,390,390,39001,39001,False,True,,EXPLAINED,UNCHANGED,
waterbodies,nhd-120655334,nhd-120655334,120655334,120655334,,,390,390,39004,39004,False,True,,EXPLAINED,UNCHANGED,
waterbodies,nhd-120655335,nhd-120655335,120655335,120655335,,,390,390,39001,39001,False,True,,EXPLAINED,UNCHANGED,
waterbodies,nhd-120655336,nhd-120655336,120655336,120655336,,,390,390,39004,39004,False,True,,EXPLAINED,UNCHANGED,
waterbodies,nhd-120655337,nhd-120655337,120655337,120655337,,,390,390,39004,39004,False,True,,EXPLAINED,UNCHANGED,
waterbodies,nhd-120655338,nhd-120655338,120655338,120655338,,,390,390,39001,39001,False,True,,EXPLAINED,UNCHANGED,
waterbodies,nhd-120655339,nhd-120655339,120655339,120655339,,,390,390,39001,39001,False,True,,EXPLAINED,UNCHANGED,
waterbodies,nhd-120655340,nhd-120655340,120655340,120655340,,,390,390,39004,39004,False,True,,EXPLAINED,UNCHANGED,
waterbodies,nhd-120655341,nhd-120655341,120655341,120655341,,,390,390,39001,39001,False,True,,EXPLAINED,UNCHANGED,
waterbodies,nhd-120655342,nhd-120655342,120655342,120655342,,,390,390,39001,39001,False,True,,EXPLAINED,UNCHANGED,
waterbodies,nhd-120655343,nhd-120655343,120655343,120655343,,,390,390,39001,39001,False,True,,EXPLAINED,UNCHANGED,
waterbodies,nhd-120655344,nhd-120655344,120655344,120655344,,,390,390,39001,39001,False,True,,EXPLAINED,UNCHANGED,
waterbodies,nhd-120655345,nhd-120655345,120655345,120655345,,,390,390,39001,39001,False,True,,EXPLAINED,UNCHANGED,
waterbodies,nhd-120655347,nhd-120655347,120655347,120655347,,,390,390,39004,39004,False,True,,EXPLAINED,UNCHANGED,
waterbodies,nhd-120655348,nhd-120655348,120655348,120655348,,,390,390,39004,39004,False,True,,EXPLAINED,UNCHANGED,
waterbodies,nhd-120655349,nhd-120655349,120655349,120655349,,,390,390,39001,39001,False,True,,EXPLAINED,UNCHANGED,
waterbodies,nhd-120655350,nhd-120655350,120655350,120655350,,,390,390,39001,39001,False,True,,EXPLAINED,UNCHANGED,
waterbodies,nhd-120655351,nhd-120655351,120655351,120655351,,,390,390,39001,39001,False,True,,EXPLAINED,UNCHANGED,
waterbodies,nhd-120655352,nhd-120655352,120655352,120655352,,,390,390,39001,39001,False,True,,EXPLAINED,UNCHANGED,
waterbodies,nhd-120655353,nhd-120655353,120655353,120655353,,,390,390,39001,39001,False,True,,EXPLAINED,UNCHANGED,
waterbodies,nhd-120655354,nhd-120655354,120655354,120655354,,,390,390,39004,39004,False,True,,EXPLAINED,UNCHANGED,
waterbodies,nhd-120655355,nhd-120655355,120655355,120655355,,,390,390,39001,39001,False,True,,EXPLAINED,UNCHANGED,
waterbodies,nhd-120655358,nhd-120655358,120655358,120655358,,,390,390,39004,39004,False,True,,EXPLAINED,UNCHANGED,
waterbodies,nhd-120655360,nhd-120655360,120655360,120655360,,,390,390,39001,39001,False,True,,EXPLAINED,UNCHANGED,
waterbodies,nhd-120655361,nhd-120655361,120655361,120655361,,,390,390,39004,39004,False,True,,EXPLAINED,UNCHANGED,
waterbodies,nhd-120655362,nhd-120655362,120655362,120655362,,,390,390,39001,39001,False,True,,EXPLAINED,UNCHANGED,
waterbodies,nhd-120655364,nhd-120655364,120655364,120655364,,,390,390,39001,39001,False,True,,EXPLAINED,UNCHANGED,
waterbodies,nhd-120655365,nhd-120655365,120655365,120655365,,,390,390,39004,39004,False,True,,EXPLAINED,UNCHANGED,
waterbodies,nhd-120655366,nhd-120655366,120655366,120655366,,,390,390,39001,39001,False,True,,EXPLAINED,UNCHANGED,
waterbodies,nhd-120655367,nhd-120655367,120655367,120655367,,,390,390,39001,39001,False,True,,EXPLAINED,UNCHANGED,
waterbodies,nhd-120655369,nhd-120655369,120655369,120655369,,,390,390,39001,39001,False,True,,EXPLAINED,UNCHANGED,
waterbodies,nhd-120655371,nhd-120655371,120655371,120655371,,,390,390,39004,39004,False,True,,EXPLAINED,UNCHANGED,
waterbodies,nhd-120655372,nhd-120655372,120655372,120655372,,,390,390,39001,39001,False,True,,EXPLAINED,UNCHANGED,
waterbodies,nhd-120655373,nhd-120655373,120655373,120655373,,,390,390,39001,39001,False,True,,EXPLAINED,UNCHANGED,
waterbodies,nhd-120655374,nhd-120655374,120655374,120655374,,,390,390,39004,39004,False,True,,EXPLAINED,UNCHANGED,
waterbodies,nhd-120655375,nhd-120655375,120655375,120655375,,,390,390,39001,39001,False,True,,EXPLAINED,UNCHANGED,
waterbodies,nhd-120655376,nhd-120655376,120655376,120655376,,,390,390,39004,39004,False,True,,EXPLAINED,UNCHANGED,
waterbodies,nhd-120655377,nhd-120655377,120655377,120655377,,,390,390,39004,39004,False,True,,EXPLAINED,UNCHANGED,
waterbodies,nhd-120655378,nhd-120655378,120655378,120655378,,,390,390,39001,39001,False,True,,EXPLAINED,UNCHANGED,
waterbodies,nhd-120655379,nhd-120655379,120655379,120655379,,,390,390,39001,39001,False,True,,EXPLAINED,UNCHANGED,
waterbodies,nhd-120655380,nhd-120655380,120655380,120655380,,,390,390,39001,39001,False,True,,EXPLAINED,UNCHANGED,
waterbodies,nhd-120655381,nhd-120655381,120655381,120655381,,,390,390,39004,39004,False,True,,EXPLAINED,UNCHANGED,
waterbodies,nhd-120655382,nhd-120655382,120655382,120655382,,,390,390,39001,39001,False,True,,EXPLAINED,UNCHANGED,
waterbodies,nhd-120655383,nhd-120655383,120655383,120655383,,,390,390,39001,39001,False,True,,EXPLAINED,UNCHANGED,
waterbodies,nhd-120655384,nhd-120655384,120655384,120655384,,,390,390,39004,39004,False,True,,EXPLAINED,UNCHANGED,
waterbodies,nhd-120655385,nhd-120655385,120655385,120655385,,,390,390,39001,39001,False,True,,EXPLAINED,UNCHANGED,
waterbodies,nhd-120655388,nhd-120655388,120655388,120655388,,,390,390,39001,39001,False,True,,EXPLAINED,UNCHANGED,
waterbodies,nhd-120655389,nhd-120655389,120655389,120655389,,,390,390,39001,39001,False,True,,EXPLAINED,UNCHANGED,
waterbodies,nhd-120655391,nhd-120655391,120655391,120655391,,,390,390,39001,39001,False,True,,EXPLAINED,UNCHANGED,
waterbodies,nhd-120655392,nhd-120655392,120655392,120655392,,,390,390,39001,39001,False,True,,EXPLAINED,UNCHANGED,
waterbodies,nhd-120655393,nhd-120655393,120655393,120655393,,,390,390,39001,39001,False,True,,EXPLAINED,UNCHANGED,
waterbodies,nhd-120655394,nhd-120655394,120655394,120655394,,,390,390,39001,39001,False,True,,EXPLAINED,UNCHANGED,
waterbodies,nhd-120655396,nhd-120655396,120655396,120655396,,,390,390,39001,39001,False,True,,EXPLAINED,UNCHANGED,
waterbodies,nhd-120655398,nhd-120655398,120655398,120655398,,,390,390,39004,39004,False,True,,EXPLAINED,UNCHANGED,
waterbodies,nhd-120655399,nhd-120655399,120655399,120655399,,,390,390,39001,39001,False,True,,EXPLAINED,UNCHANGED,
waterbodies,nhd-120655400,nhd-120655400,120655400,120655400,,,390,390,39001,39001,False,True,,EXPLAINED,UNCHANGED,
waterbodies,nhd-120655401,nhd-120655401,120655401,120655401,,,390,390,39001,39001,False,True,,EXPLAINED,UNCHANGED,
waterbodies,nhd-120655402,nhd-120655402,120655402,120655402,,,390,390,39001,39001,False,True,,EXPLAINED,UNCHANGED,
waterbodies,nhd-120655403,nhd-120655403,120655403,120655403,,,390,390,39001,39001,False,True,,EXPLAINED,UNCHANGED,
waterbodies,nhd-120655404,nhd-120655404,120655404,120655404,,,390,390,39001,39001,False,True,,EXPLAINED,UNCHANGED,
waterbodies,nhd-120655408,nhd-120655408,120655408,120655408,,,390,390,39004,39004,False,True,,EXPLAINED,UNCHANGED,
waterbodies,nhd-120655409,nhd-120655409,120655409,120655409,,,390,390,39001,39001,False,True,,EXPLAINED,UNCHANGED,
waterbodies,nhd-120655410,nhd-120655410,120655410,120655410,,,390,390,39001,39001,False,True,,EXPLAINED,UNCHANGED,
waterbodies,nhd-120655411,nhd-120655411,120655411,120655411,,,390,390,39001,39001,False,True,,EXPLAINED,UNCHANGED,
waterbodies,nhd-120655412,nhd-120655412,120655412,120655412,,,390,390,39001,39001,False,True,,EXPLAINED,UNCHANGED,
waterbodies,,nhd-120655413,,120655413,,,,390,,39001,False,False,,EXPLAINED,ADDED_IN_STRIP,
waterbodies,nhd-120655415,nhd-120655415,120655415,120655415,,,390,390,39001,39001,False,True,,EXPLAINED,UNCHANGED,
waterbodies,nhd-120655416,nhd-120655416,120655416,120655416,,,390,390,39004,39004,False,True,,EXPLAINED,UNCHANGED,
waterbodies,nhd-120655417,nhd-120655417,120655417,120655417,,,390,390,39001,39001,False,True,,EXPLAINED,UNCHANGED,
waterbodies,nhd-120655418,nhd-120655418,120655418,120655418,,,390,390,39004,39004,False,True,,EXPLAINED,UNCHANGED,
waterbodies,nhd-120655419,nhd-120655419,120655419,120655419,,,390,390,39001,39001,False,True,,EXPLAINED,UNCHANGED,
waterbodies,nhd-120655420,nhd-120655420,120655420,120655420,,,390,390,39004,39004,False,True,,EXPLAINED,UNCHANGED,
waterbodies,nhd-120655421,nhd-120655421,120655421,120655421,,,390,390,39004,39004,False,True,,EXPLAINED,UNCHANGED,
waterbodies,nhd-120655422,nhd-120655422,120655422,120655422,,,390,390,39001,39001,False,True,,EXPLAINED,UNCHANGED,
waterbodies,nhd-120655425,nhd-120655425,120655425,120655425,,,390,390,39001,39001,False,True,,EXPLAINED,UNCHANGED,
waterbodies,nhd-120655426,nhd-120655426,120655426,120655426,,,390,390,39001,39001,False,True,,EXPLAINED,UNCHANGED,
waterbodies,nhd-120655427,nhd-120655427,120655427,120655427,,,390,390,39001,39001,False,True,,EXPLAINED,UNCHANGED,
waterbodies,nhd-120655428,nhd-120655428,120655428,120655428,,,390,390,39001,39001,False,True,,EXPLAINED,UNCHANGED,
waterbodies,nhd-120655430,nhd-120655430,120655430,120655430,,,390,390,39001,39001,False,True,,EXPLAINED,UNCHANGED,
waterbodies,nhd-120655431,nhd-120655431,120655431,120655431,,,390,390,39001,39001,False,True,,EXPLAINED,UNCHANGED,
waterbodies,nhd-120655432,nhd-120655432,120655432,120655432,,,390,390,39001,39001,False,True,,EXPLAINED,UNCHANGED,
waterbodies,nhd-120655433,nhd-120655433,120655433,120655433,,,390,390,39001,39001,False,True,,EXPLAINED,UNCHANGED,
waterbodies,nhd-120655436,nhd-120655436,120655436,120655436,,,390,390,39001,39001,False,True,,EXPLAINED,UNCHANGED,
waterbodies,nhd-120655438,nhd-120655438,120655438,120655438,,,390,390,39001,39001,False,True,,EXPLAINED,UNCHANGED,
waterbodies,nhd-120655441,nhd-120655441,120655441,120655441,,,390,390,39004,39004,False,True,,EXPLAINED,UNCHANGED,
waterbodies,nhd-120655443,nhd-120655443,120655443,120655443,,,390,390,39004,39004,False,True,,EXPLAINED,UNCHANGED,
waterbodies,nhd-120655444,nhd-120655444,120655444,120655444,,,390,390,39001,39001,False,True,,EXPLAINED,UNCHANGED,
waterbodies,nhd-120655445,nhd-120655445,120655445,120655445,,,390,390,39004,39004,False,True,,EXPLAINED,UNCHANGED,
waterbodies,nhd-120655446,nhd-120655446,120655446,120655446,,,390,390,39001,39001,False,True,,EXPLAINED,UNCHANGED,
waterbodies,nhd-120655447,nhd-120655447,120655447,120655447,,,390,390,39001,39001,False,True,,EXPLAINED,UNCHANGED,
waterbodies,nhd-120655448,nhd-120655448,120655448,120655448,,,390,390,39004,39004,False,True,,EXPLAINED,UNCHANGED,
waterbodies,,nhd-120655449,,120655449,,,,390,,39001,False,False,,EXPLAINED,ADDED_IN_STRIP,
waterbodies,nhd-120655450,nhd-120655450,120655450,120655450,,,390,390,39001,39001,False,True,,EXPLAINED,UNCHANGED,
waterbodies,nhd-120655452,nhd-120655452,120655452,120655452,,,390,390,39001,39001,False,True,,EXPLAINED,UNCHANGED,
waterbodies,nhd-120655453,nhd-120655453,120655453,120655453,,,390,390,39001,39001,False,True,,EXPLAINED,UNCHANGED,
waterbodies,nhd-120655458,nhd-120655458,120655458,120655458,,,390,390,39001,39001,False,True,,EXPLAINED,UNCHANGED,
waterbodies,nhd-120655459,nhd-120655459,120655459,120655459,,,390,390,39001,39001,False,True,,EXPLAINED,UNCHANGED,
waterbodies,nhd-120655460,nhd-120655460,120655460,120655460,,,390,390,39001,39001,False,True,,EXPLAINED,UNCHANGED,
waterbodies,nhd-120655461,nhd-120655461,120655461,120655461,,,390,390,39001,39001,False,True,,EXPLAINED,UNCHANGED,
waterbodies,nhd-120655462,nhd-120655462,120655462,120655462,,,390,390,39001,39001,False,True,,EXPLAINED,UNCHANGED,
waterbodies,nhd-120655463,nhd-120655463,120655463,120655463,,,390,390,39004,39004,False,True,,EXPLAINED,UNCHANGED,
waterbodies,nhd-120655464,nhd-120655464,120655464,120655464,,,390,390,39001,39001,False,True,,EXPLAINED,UNCHANGED,
waterbodies,nhd-120655465,nhd-120655465,120655465,120655465,,,390,390,39004,39004,False,True,,EXPLAINED,UNCHANGED,
waterbodies,nhd-120655466,nhd-120655466,120655466,120655466,,,390,390,39004,39004,False,True,,EXPLAINED,UNCHANGED,
waterbodies,nhd-120655467,nhd-120655467,120655467,120655467,,,390,390,39004,39004,False,True,,EXPLAINED,UNCHANGED,
waterbodies,nhd-120655468,nhd-120655468,120655468,120655468,Franktown Parker FPM-1 Reservoir,Franktown Parker FPM-1 Reservoir,390,390,39001,39001,False,True,,EXPLAINED,UNCHANGED,
waterbodies,nhd-120655469,nhd-120655469,120655469,120655469,,,390,390,39001,39001,False,True,,EXPLAINED,UNCHANGED,
waterbodies,,nhd-120655470,,120655470,,,,390,,39001,False,False,,EXPLAINED,ADDED_IN_STRIP,
waterbodies,nhd-120655471,nhd-120655471,120655471,120655471,,,390,390,39001,39001,False,True,,EXPLAINED,UNCHANGED,
waterbodies,nhd-120655472,nhd-120655472,120655472,120655472,,,390,390,39001,39001,False,True,,EXPLAINED,UNCHANGED,
waterbodies,nhd-120655473,nhd-120655473,120655473,120655473,,,390,390,39001,39001,False,True,,EXPLAINED,UNCHANGED,
waterbodies,nhd-120655474,nhd-120655474,120655474,120655474,,,390,390,39001,39001,False,True,,EXPLAINED,UNCHANGED,
waterbodies,nhd-120655475,nhd-120655475,120655475,120655475,,,390,390,39001,39001,False,True,,EXPLAINED,UNCHANGED,
waterbodies,nhd-120655476,nhd-120655476,120655476,120655476,,,390,390,39001,39001,False,True,,EXPLAINED,UNCHANGED,
waterbodies,nhd-120655478,nhd-120655478,120655478,120655478,,,390,390,39001,39001,False,True,,EXPLAINED,UNCHANGED,
waterbodies,nhd-120655479,nhd-120655479,120655479,120655479,,,390,390,39001,39001,False,True,,EXPLAINED,UNCHANGED,
waterbodies,nhd-120655480,nhd-120655480,120655480,120655480,,,390,390,39001,39001,False,True,,EXPLAINED,UNCHANGED,
waterbodies,nhd-120655481,nhd-120655481,120655481,120655481,,,390,390,39001,39001,False,True,,EXPLAINED,UNCHANGED,
waterbodies,nhd-120655482,nhd-120655482,120655482,120655482,,,390,390,39001,39001,False,True,,EXPLAINED,UNCHANGED,
waterbodies,nhd-120655483,nhd-120655483,120655483,120655483,,,390,390,39001,39001,False,True,,EXPLAINED,UNCHANGED,
waterbodies,nhd-120655484,nhd-120655484,120655484,120655484,,,390,390,39001,39001,False,True,,EXPLAINED,UNCHANGED,
waterbodies,nhd-120655485,nhd-120655485,120655485,120655485,,,390,390,39001,39001,False,True,,EXPLAINED,UNCHANGED,
waterbodies,nhd-120655488,nhd-120655488,120655488,120655488,,,390,390,39001,39001,False,True,,EXPLAINED,UNCHANGED,
waterbodies,nhd-120655490,nhd-120655490,120655490,120655490,,,390,390,39001,39001,False,True,,EXPLAINED,UNCHANGED,
waterbodies,nhd-120655491,nhd-120655491,120655491,120655491,,,390,390,39001,39001,False,True,,EXPLAINED,UNCHANGED,
waterbodies,nhd-120655492,nhd-120655492,120655492,120655492,,,390,390,39001,39001,False,True,,EXPLAINED,UNCHANGED,
waterbodies,nhd-120655493,nhd-120655493,120655493,120655493,,,390,390,39001,39001,False,True,,EXPLAINED,UNCHANGED,
waterbodies,nhd-120655494,nhd-120655494,120655494,120655494,,,390,390,39004,39004,False,True,,EXPLAINED,UNCHANGED,
waterbodies,nhd-120655495,nhd-120655495,120655495,120655495,,,390,390,39004,39004,False,True,,EXPLAINED,UNCHANGED,
waterbodies,nhd-120655496,nhd-120655496,120655496,120655496,,,390,390,39001,39001,False,True,,EXPLAINED,UNCHANGED,
waterbodies,nhd-120655497,nhd-120655497,120655497,120655497,,,390,390,39001,39001,False,True,,EXPLAINED,UNCHANGED,
waterbodies,nhd-120655498,nhd-120655498,120655498,120655498,,,390,390,39001,39001,False,True,,EXPLAINED,UNCHANGED,
waterbodies,,nhd-120655499,,120655499,,,,390,,39001,False,False,,EXPLAINED,ADDED_IN_STRIP,
waterbodies,nhd-120655500,nhd-120655500,120655500,120655500,,,390,390,39001,39001,False,True,,EXPLAINED,UNCHANGED,
waterbodies,nhd-120655501,nhd-120655501,120655501,120655501,,,390,390,39004,39004,False,True,,EXPLAINED,UNCHANGED,
waterbodies,nhd-120655502,nhd-120655502,120655502,120655502,,,390,390,39004,39004,False,True,,EXPLAINED,UNCHANGED,
waterbodies,nhd-120655505,nhd-120655505,120655505,120655505,,,390,390,39004,39004,False,True,,EXPLAINED,UNCHANGED,
waterbodies,nhd-120655507,nhd-120655507,120655507,120655507,,,390,390,39001,39001,False,True,,EXPLAINED,UNCHANGED,
waterbodies,nhd-120655509,nhd-120655509,120655509,120655509,,,390,390,39001,39001,False,True,,EXPLAINED,UNCHANGED,
waterbodies,nhd-120655510,nhd-120655510,120655510,120655510,,,390,390,39001,39001,False,True,,EXPLAINED,UNCHANGED,
waterbodies,nhd-120655511,nhd-120655511,120655511,120655511,,,390,390,39001,39001,False,True,,EXPLAINED,UNCHANGED,
waterbodies,nhd-120655512,nhd-120655512,120655512,120655512,,,390,390,39001,39001,False,True,,EXPLAINED,UNCHANGED,
waterbodies,nhd-120655514,nhd-120655514,120655514,120655514,,,390,390,39004,39004,False,True,,EXPLAINED,UNCHANGED,
waterbodies,nhd-120655517,nhd-120655517,120655517,120655517,,,390,390,39001,39001,False,True,,EXPLAINED,UNCHANGED,
waterbodies,nhd-120655521,nhd-120655521,120655521,120655521,,,390,390,39001,39001,False,True,,EXPLAINED,UNCHANGED,
waterbodies,nhd-120655522,nhd-120655522,120655522,120655522,,,390,390,39001,39001,False,True,,EXPLAINED,UNCHANGED,
waterbodies,nhd-120655524,nhd-120655524,120655524,120655524,,,390,390,39004,39004,False,True,,EXPLAINED,UNCHANGED,
waterbodies,nhd-120655525,nhd-120655525,120655525,120655525,,,390,390,39004,39004,False,True,,EXPLAINED,UNCHANGED,
waterbodies,nhd-120655526,nhd-120655526,120655526,120655526,,,390,390,39004,39004,False,True,,EXPLAINED,UNCHANGED,
waterbodies,nhd-120655527,nhd-120655527,120655527,120655527,,,390,390,39001,39001,False,True,,EXPLAINED,UNCHANGED,
waterbodies,nhd-120655531,nhd-120655531,120655531,120655531,,,390,390,39001,39001,False,True,,EXPLAINED,UNCHANGED,
waterbodies,nhd-120655532,nhd-120655532,120655532,120655532,,,390,390,39009,39009,False,True,,EXPLAINED,UNCHANGED,
waterbodies,nhd-120655534,nhd-120655534,120655534,120655534,,,390,390,39001,39001,False,True,,EXPLAINED,UNCHANGED,
waterbodies,nhd-120655535,nhd-120655535,120655535,120655535,,,390,390,39001,39001,False,True,,EXPLAINED,UNCHANGED,
waterbodies,nhd-120655537,nhd-120655537,120655537,120655537,,,390,390,39001,39001,False,True,,EXPLAINED,UNCHANGED,
waterbodies,nhd-120655539,nhd-120655539,120655539,120655539,,,390,390,39001,39001,False,True,,EXPLAINED,UNCHANGED,
waterbodies,nhd-120655540,nhd-120655540,120655540,120655540,,,390,390,39001,39001,False,True,,EXPLAINED,UNCHANGED,
waterbodies,nhd-120655541,nhd-120655541,120655541,120655541,,,390,390,39001,39001,False,True,,EXPLAINED,UNCHANGED,
waterbodies,nhd-120655543,nhd-120655543,120655543,120655543,,,390,390,39001,39001,False,True,,EXPLAINED,UNCHANGED,
waterbodies,nhd-120655544,nhd-120655544,120655544,120655544,,,390,390,39001,39001,False,True,,EXPLAINED,UNCHANGED,
waterbodies,nhd-120655546,nhd-120655546,120655546,120655546,,,390,390,39001,39001,False,True,,EXPLAINED,UNCHANGED,
waterbodies,nhd-120655549,nhd-120655549,120655549,120655549,,,390,390,39001,39001,False,True,,EXPLAINED,UNCHANGED,
waterbodies,nhd-120655550,nhd-120655550,120655550,120655550,,,390,390,39001,39001,False,True,,EXPLAINED,UNCHANGED,
waterbodies,nhd-120655552,nhd-120655552,120655552,120655552,,,390,390,39001,39001,False,True,,EXPLAINED,UNCHANGED,
waterbodies,nhd-120655554,nhd-120655554,120655554,120655554,,,390,390,39001,39001,False,True,,EXPLAINED,UNCHANGED,
waterbodies,nhd-120655556,nhd-120655556,120655556,120655556,,,390,390,39001,39001,False,True,,EXPLAINED,UNCHANGED,
waterbodies,nhd-120655558,nhd-120655558,120655558,120655558,,,390,390,39001,39001,False,True,,EXPLAINED,UNCHANGED,
waterbodies,nhd-120655559,nhd-120655559,120655559,120655559,,,390,390,39001,39001,False,True,,EXPLAINED,UNCHANGED,
waterbodies,nhd-120655560,nhd-120655560,120655560,120655560,,,390,390,39004,39004,False,True,,EXPLAINED,UNCHANGED,
waterbodies,nhd-120655561,nhd-120655561,120655561,120655561,,,390,390,39001,39001,False,True,,EXPLAINED,UNCHANGED,
waterbodies,nhd-120655562,nhd-120655562,120655562,120655562,,,390,390,39001,39001,False,True,,EXPLAINED,UNCHANGED,
waterbodies,nhd-120655563,nhd-120655563,120655563,120655563,,,390,390,39001,39001,False,True,,EXPLAINED,UNCHANGED,
waterbodies,nhd-120655564,nhd-120655564,120655564,120655564,,,390,390,39004,39004,False,True,,EXPLAINED,UNCHANGED,
waterbodies,nhd-120655565,nhd-120655565,120655565,120655565,,,390,390,39001,39001,False,True,,EXPLAINED,UNCHANGED,
waterbodies,nhd-120655566,nhd-120655566,120655566,120655566,,,390,390,39001,39001,False,True,,EXPLAINED,UNCHANGED,
waterbodies,nhd-120655567,nhd-120655567,120655567,120655567,,,390,390,39001,39001,False,True,,EXPLAINED,UNCHANGED,
waterbodies,nhd-120655568,nhd-120655568,120655568,120655568,,,390,390,39001,39001,False,True,,EXPLAINED,UNCHANGED,
waterbodies,nhd-120655569,nhd-120655569,120655569,120655569,,,390,390,39001,39001,False,True,,EXPLAINED,UNCHANGED,
waterbodies,nhd-120655572,nhd-120655572,120655572,120655572,,,390,390,39001,39001,False,True,,EXPLAINED,UNCHANGED,
waterbodies,nhd-120655574,nhd-120655574,120655574,120655574,,,390,390,39001,39001,False,True,,EXPLAINED,UNCHANGED,
waterbodies,nhd-120655575,nhd-120655575,120655575,120655575,,,390,390,39004,39004,False,True,,EXPLAINED,UNCHANGED,
waterbodies,nhd-120655576,nhd-120655576,120655576,120655576,,,390,390,39001,39001,False,True,,EXPLAINED,UNCHANGED,
waterbodies,nhd-120655577,nhd-120655577,120655577,120655577,,,390,390,39001,39001,False,True,,EXPLAINED,UNCHANGED,
waterbodies,nhd-120655580,nhd-120655580,120655580,120655580,,,390,390,39004,39004,False,True,,EXPLAINED,UNCHANGED,
waterbodies,nhd-120655582,nhd-120655582,120655582,120655582,,,390,390,39001,39001,False,True,,EXPLAINED,UNCHANGED,
waterbodies,nhd-120655583,nhd-120655583,120655583,120655583,,,390,390,39001,39001,False,True,,EXPLAINED,UNCHANGED,
waterbodies,nhd-120655584,nhd-120655584,120655584,120655584,,,390,390,39001,39001,False,True,,EXPLAINED,UNCHANGED,
waterbodies,nhd-120655586,nhd-120655586,120655586,120655586,,,390,390,39001,39001,False,True,,EXPLAINED,UNCHANGED,
waterbodies,nhd-120655587,nhd-120655587,120655587,120655587,,,390,390,39001,39001,False,True,,EXPLAINED,UNCHANGED,
waterbodies,nhd-120655588,nhd-120655588,120655588,120655588,,,390,390,39001,39001,False,True,,EXPLAINED,UNCHANGED,
waterbodies,nhd-120655589,nhd-120655589,120655589,120655589,,,390,390,39001,39001,False,True,,EXPLAINED,UNCHANGED,
waterbodies,nhd-120655590,nhd-120655590,120655590,120655590,,,390,390,39001,39001,False,True,,EXPLAINED,UNCHANGED,
waterbodies,nhd-120655592,nhd-120655592,120655592,120655592,,,390,390,39001,39001,False,True,,EXPLAINED,UNCHANGED,
waterbodies,nhd-120655593,nhd-120655593,120655593,120655593,,,390,390,39001,39001,False,True,,EXPLAINED,UNCHANGED,
waterbodies,nhd-120655595,nhd-120655595,120655595,120655595,,,390,390,39001,39001,False,True,,EXPLAINED,UNCHANGED,
waterbodies,nhd-120655596,nhd-120655596,120655596,120655596,,,390,390,39001,39001,False,True,,EXPLAINED,UNCHANGED,
waterbodies,nhd-120655598,nhd-120655598,120655598,120655598,,,390,390,39001,39001,False,True,,EXPLAINED,UNCHANGED,
waterbodies,nhd-120655599,nhd-120655599,120655599,120655599,,,390,390,39001,39001,False,True,,EXPLAINED,UNCHANGED,
waterbodies,nhd-120655600,nhd-120655600,120655600,120655600,,,390,390,39001,39001,False,True,,EXPLAINED,UNCHANGED,
waterbodies,nhd-120655601,nhd-120655601,120655601,120655601,,,390,390,39001,39001,False,True,,EXPLAINED,UNCHANGED,
waterbodies,nhd-120655602,nhd-120655602,120655602,120655602,,,390,390,39001,39001,False,True,,EXPLAINED,UNCHANGED,
waterbodies,nhd-120655603,nhd-120655603,120655603,120655603,,,390,390,39001,39001,False,True,,EXPLAINED,UNCHANGED,
waterbodies,nhd-120655605,nhd-120655605,120655605,120655605,,,390,390,39001,39001,False,True,,EXPLAINED,UNCHANGED,
waterbodies,nhd-120655606,nhd-120655606,120655606,120655606,,,390,390,39001,39001,False,True,,EXPLAINED,UNCHANGED,
waterbodies,nhd-120655608,nhd-120655608,120655608,120655608,,,390,390,39001,39001,False,True,,EXPLAINED,UNCHANGED,
waterbodies,nhd-120655609,nhd-120655609,120655609,120655609,,,390,390,39001,39001,False,True,,EXPLAINED,UNCHANGED,
waterbodies,nhd-120655616,nhd-120655616,120655616,120655616,,,390,390,39001,39001,False,True,,EXPLAINED,UNCHANGED,
waterbodies,nhd-120655618,nhd-120655618,120655618,120655618,,,390,390,39001,39001,False,True,,EXPLAINED,UNCHANGED,
waterbodies,nhd-120655619,nhd-120655619,120655619,120655619,,,390,390,39004,39004,False,True,,EXPLAINED,UNCHANGED,
waterbodies,nhd-120655620,nhd-120655620,120655620,120655620,,,390,390,39001,39001,False,True,,EXPLAINED,UNCHANGED,
waterbodies,nhd-120655622,nhd-120655622,120655622,120655622,,,390,390,39001,39001,False,True,,EXPLAINED,UNCHANGED,
waterbodies,nhd-120655623,nhd-120655623,120655623,120655623,,,390,390,39001,39001,False,True,,EXPLAINED,UNCHANGED,
waterbodies,nhd-120655624,nhd-120655624,120655624,120655624,,,390,390,39004,39004,False,True,,EXPLAINED,UNCHANGED,
waterbodies,nhd-120655625,nhd-120655625,120655625,120655625,,,390,390,39004,39004,False,True,,EXPLAINED,UNCHANGED,
waterbodies,nhd-120655626,nhd-120655626,120655626,120655626,,,390,390,39001,39001,False,True,,EXPLAINED,UNCHANGED,
waterbodies,nhd-120655627,nhd-120655627,120655627,120655627,,,390,390,39001,39001,True,False,,EXPLAINED,EXTENDED_IN_STRIP,
waterbodies,nhd-120655628,nhd-120655628,120655628,120655628,,,390,390,39001,39001,False,True,,EXPLAINED,UNCHANGED,
waterbodies,nhd-120655629,nhd-120655629,120655629,120655629,,,390,390,39001,39001,False,True,,EXPLAINED,UNCHANGED,
waterbodies,nhd-120655630,nhd-120655630,120655630,120655630,,,390,390,39004,39004,False,True,,EXPLAINED,UNCHANGED,
waterbodies,nhd-120655631,nhd-120655631,120655631,120655631,,,390,390,39001,39001,False,True,,EXPLAINED,UNCHANGED,
waterbodies,nhd-120655633,nhd-120655633,120655633,120655633,,,390,390,39001,39001,False,True,,EXPLAINED,UNCHANGED,
waterbodies,nhd-120655634,nhd-120655634,120655634,120655634,,,390,390,39001,39001,False,True,,EXPLAINED,UNCHANGED,
waterbodies,nhd-120655635,nhd-120655635,120655635,120655635,,,390,390,39001,39001,False,True,,EXPLAINED,UNCHANGED,
waterbodies,nhd-120655636,nhd-120655636,120655636,120655636,,,390,390,39001,39001,False,True,,EXPLAINED,UNCHANGED,
waterbodies,nhd-120655637,nhd-120655637,120655637,120655637,,,390,390,39001,39001,False,True,,EXPLAINED,UNCHANGED,
waterbodies,nhd-120655638,nhd-120655638,120655638,120655638,Barney Bird Reservoir Number One,Barney Bird Reservoir Number One,390,390,39004,39004,False,True,,EXPLAINED,UNCHANGED,
waterbodies,nhd-120655639,nhd-120655639,120655639,120655639,,,390,390,39001,39001,False,True,,EXPLAINED,UNCHANGED,
waterbodies,nhd-120655643,nhd-120655643,120655643,120655643,,,390,390,39001,39001,False,True,,EXPLAINED,UNCHANGED,
waterbodies,nhd-120655644,nhd-120655644,120655644,120655644,,,390,390,39001,39001,False,True,,EXPLAINED,UNCHANGED,
waterbodies,nhd-120655645,nhd-120655645,120655645,120655645,,,390,390,39001,39001,False,True,,EXPLAINED,UNCHANGED,
waterbodies,nhd-120655646,nhd-120655646,120655646,120655646,,,390,390,39001,39001,False,True,,EXPLAINED,UNCHANGED,
waterbodies,nhd-120655647,nhd-120655647,120655647,120655647,,,390,390,39001,39001,False,True,,EXPLAINED,UNCHANGED,
waterbodies,nhd-120655648,nhd-120655648,120655648,120655648,,,390,390,39001,39001,False,True,,EXPLAINED,UNCHANGED,
waterbodies,nhd-120655652,nhd-120655652,120655652,120655652,,,390,390,39004,39004,False,True,,EXPLAINED,UNCHANGED,
waterbodies,nhd-120655654,nhd-120655654,120655654,120655654,,,390,390,39004,39004,False,True,,EXPLAINED,UNCHANGED,
waterbodies,nhd-120655655,nhd-120655655,120655655,120655655,,,390,390,39001,39001,False,True,,EXPLAINED,UNCHANGED,
waterbodies,nhd-120655658,nhd-120655658,120655658,120655658,,,390,390,39001,39001,False,True,,EXPLAINED,UNCHANGED,
waterbodies,nhd-120655662,nhd-120655662,120655662,120655662,,,390,390,39001,39001,False,True,,EXPLAINED,UNCHANGED,
waterbodies,nhd-120655663,nhd-120655663,120655663,120655663,,,390,390,39001,39001,False,True,,EXPLAINED,UNCHANGED,
waterbodies,nhd-120655664,nhd-120655664,120655664,120655664,,,390,390,39004,39004,False,True,,EXPLAINED,UNCHANGED,
waterbodies,nhd-120655665,nhd-120655665,120655665,120655665,,,390,390,39001,39001,False,True,,EXPLAINED,UNCHANGED,
waterbodies,nhd-120655667,nhd-120655667,120655667,120655667,,,390,390,39001,39001,False,True,,EXPLAINED,UNCHANGED,
waterbodies,nhd-120655668,nhd-120655668,120655668,120655668,,,390,390,39001,39001,False,True,,EXPLAINED,UNCHANGED,
waterbodies,nhd-120655669,nhd-120655669,120655669,120655669,,,390,390,39001,39001,False,True,,EXPLAINED,UNCHANGED,
waterbodies,nhd-120655671,nhd-120655671,120655671,120655671,,,390,390,39001,39001,False,True,,EXPLAINED,UNCHANGED,
waterbodies,nhd-120655672,nhd-120655672,120655672,120655672,,,390,390,39001,39001,False,True,,EXPLAINED,UNCHANGED,
waterbodies,nhd-120655677,nhd-120655677,120655677,120655677,,,390,390,39001,39001,False,True,,EXPLAINED,UNCHANGED,
waterbodies,nhd-120655678,nhd-120655678,120655678,120655678,,,390,390,39001,39001,False,True,,EXPLAINED,UNCHANGED,
waterbodies,nhd-120655679,nhd-120655679,120655679,120655679,,,390,390,39001,39001,False,True,,EXPLAINED,UNCHANGED,
waterbodies,nhd-120655680,nhd-120655680,120655680,120655680,,,390,390,39004,39004,False,True,,EXPLAINED,UNCHANGED,
waterbodies,nhd-120655681,nhd-120655681,120655681,120655681,,,390,390,39001,39001,False,True,,EXPLAINED,UNCHANGED,
waterbodies,nhd-120655683,nhd-120655683,120655683,120655683,,,390,390,39001,39001,False,True,,EXPLAINED,UNCHANGED,
waterbodies,nhd-120655684,nhd-120655684,120655684,120655684,,,390,390,39004,39004,False,True,,EXPLAINED,UNCHANGED,
waterbodies,nhd-120655685,nhd-120655685,120655685,120655685,,,390,390,39001,39001,False,True,,EXPLAINED,UNCHANGED,
waterbodies,nhd-120655686,nhd-120655686,120655686,120655686,,,390,390,39001,39001,False,True,,EXPLAINED,UNCHANGED,
waterbodies,nhd-120655687,nhd-120655687,120655687,120655687,,,390,390,39001,39001,False,True,,EXPLAINED,UNCHANGED,
waterbodies,nhd-120655688,nhd-120655688,120655688,120655688,,,390,390,39001,39001,False,True,,EXPLAINED,UNCHANGED,
waterbodies,nhd-120655689,nhd-120655689,120655689,120655689,,,390,390,39001,39001,False,True,,EXPLAINED,UNCHANGED,
waterbodies,nhd-120655690,nhd-120655690,120655690,120655690,,,390,390,39001,39001,False,True,,EXPLAINED,UNCHANGED,
waterbodies,nhd-120655692,nhd-120655692,120655692,120655692,,,390,390,39001,39001,False,True,,EXPLAINED,UNCHANGED,
waterbodies,nhd-120655693,nhd-120655693,120655693,120655693,,,390,390,39001,39001,False,True,,EXPLAINED,UNCHANGED,
waterbodies,nhd-120655694,nhd-120655694,120655694,120655694,,,390,390,39001,39001,False,True,,EXPLAINED,UNCHANGED,
waterbodies,nhd-120655695,nhd-120655695,120655695,120655695,,,390,390,39001,39001,False,True,,EXPLAINED,UNCHANGED,
waterbodies,nhd-120655696,nhd-120655696,120655696,120655696,,,390,390,39001,39001,False,True,,EXPLAINED,UNCHANGED,
waterbodies,nhd-120655697,nhd-120655697,120655697,120655697,,,390,390,39001,39001,False,True,,EXPLAINED,UNCHANGED,
waterbodies,nhd-120655698,nhd-120655698,120655698,120655698,,,390,390,39001,39001,False,True,,EXPLAINED,UNCHANGED,
waterbodies,nhd-120655700,nhd-120655700,120655700,120655700,,,390,390,39001,39001,True,False,,NOT EXPLAINED,UNEXPLAINED_GEOMETRY_CHANGE,changed_source_fields_or_geometry
waterbodies,nhd-120655701,nhd-120655701,120655701,120655701,,,390,390,39001,39001,False,True,,EXPLAINED,UNCHANGED,
waterbodies,nhd-120655703,nhd-120655703,120655703,120655703,,,390,390,39001,39001,False,True,,EXPLAINED,UNCHANGED,
waterbodies,nhd-120655704,nhd-120655704,120655704,120655704,Franktown Parker FPW-1 Reservoir,Franktown Parker FPW-1 Reservoir,390,390,39001,39001,False,True,,EXPLAINED,UNCHANGED,
waterbodies,nhd-120655705,nhd-120655705,120655705,120655705,,,390,390,39001,39001,False,True,,EXPLAINED,UNCHANGED,
waterbodies,nhd-120655710,nhd-120655710,120655710,120655710,,,390,390,39001,39001,False,True,,EXPLAINED,UNCHANGED,
waterbodies,nhd-120655711,nhd-120655711,120655711,120655711,,,390,390,39004,39004,False,True,,EXPLAINED,UNCHANGED,
waterbodies,nhd-120655712,nhd-120655712,120655712,120655712,,,390,390,39001,39001,False,True,,EXPLAINED,UNCHANGED,
waterbodies,,nhd-120655713,,120655713,,,,390,,39001,False,False,,EXPLAINED,ADDED_IN_STRIP,
waterbodies,nhd-120655714,nhd-120655714,120655714,120655714,,,390,390,39004,39004,False,True,,EXPLAINED,UNCHANGED,
waterbodies,nhd-120655715,nhd-120655715,120655715,120655715,,,390,390,39001,39001,False,True,,EXPLAINED,UNCHANGED,
waterbodies,nhd-120655719,nhd-120655719,120655719,120655719,,,390,390,39001,39001,False,True,,EXPLAINED,UNCHANGED,
waterbodies,nhd-120655721,nhd-120655721,120655721,120655721,,,390,390,39001,39001,False,True,,EXPLAINED,UNCHANGED,
waterbodies,nhd-120655722,nhd-120655722,120655722,120655722,,,390,390,39004,39004,False,True,,EXPLAINED,UNCHANGED,
waterbodies,nhd-120655723,nhd-120655723,120655723,120655723,,,390,390,39001,39001,False,True,,EXPLAINED,UNCHANGED,
waterbodies,nhd-120655724,nhd-120655724,120655724,120655724,,,390,390,39001,39001,False,True,,EXPLAINED,UNCHANGED,
waterbodies,nhd-120655725,nhd-120655725,120655725,120655725,,,390,390,39001,39001,False,True,,EXPLAINED,UNCHANGED,
waterbodies,nhd-120655726,nhd-120655726,120655726,120655726,,,390,390,39001,39001,False,True,,EXPLAINED,UNCHANGED,
waterbodies,nhd-120655727,nhd-120655727,120655727,120655727,,,390,390,39004,39004,False,True,,EXPLAINED,UNCHANGED,
waterbodies,nhd-120655728,nhd-120655728,120655728,120655728,,,390,390,39001,39001,False,True,,EXPLAINED,UNCHANGED,
waterbodies,nhd-120655729,nhd-120655729,120655729,120655729,,,390,390,39001,39001,False,True,,EXPLAINED,UNCHANGED,
waterbodies,nhd-120655732,nhd-120655732,120655732,120655732,,,390,390,39001,39001,False,True,,EXPLAINED,UNCHANGED,
waterbodies,nhd-120655735,nhd-120655735,120655735,120655735,,,390,390,39004,39004,False,True,,EXPLAINED,UNCHANGED,
waterbodies,nhd-120655737,nhd-120655737,120655737,120655737,,,390,390,39001,39001,False,True,,EXPLAINED,UNCHANGED,
waterbodies,nhd-120655738,nhd-120655738,120655738,120655738,,,390,390,39001,39001,False,True,,EXPLAINED,UNCHANGED,
waterbodies,nhd-120655739,nhd-120655739,120655739,120655739,,,390,390,39001,39001,False,True,,EXPLAINED,UNCHANGED,
waterbodies,nhd-120655741,nhd-120655741,120655741,120655741,,,390,390,39001,39001,False,True,,EXPLAINED,UNCHANGED,
waterbodies,nhd-120655745,nhd-120655745,120655745,120655745,,,390,390,39001,39001,False,True,,EXPLAINED,UNCHANGED,
waterbodies,nhd-120655746,nhd-120655746,120655746,120655746,,,390,390,39001,39001,False,True,,EXPLAINED,UNCHANGED,
waterbodies,nhd-120655751,nhd-120655751,120655751,120655751,,,390,390,39004,39004,False,True,,EXPLAINED,UNCHANGED,
waterbodies,nhd-120655754,nhd-120655754,120655754,120655754,,,390,390,39001,39001,False,True,,EXPLAINED,UNCHANGED,
waterbodies,nhd-120655755,nhd-120655755,120655755,120655755,,,390,390,39001,39001,False,True,,EXPLAINED,UNCHANGED,
waterbodies,nhd-120655756,nhd-120655756,120655756,120655756,Franktown Parker FPR-1 Reservoir,Franktown Parker FPR-1 Reservoir,390,390,39005,39005,False,True,,EXPLAINED,UNCHANGED,
waterbodies,nhd-120655757,nhd-120655757,120655757,120655757,,,390,390,39001,39001,False,True,,EXPLAINED,UNCHANGED,
waterbodies,nhd-120655758,nhd-120655758,120655758,120655758,,,390,390,39004,39004,False,True,,EXPLAINED,UNCHANGED,
waterbodies,nhd-120655759,nhd-120655759,120655759,120655759,,,390,390,39001,39001,False,True,,EXPLAINED,UNCHANGED,
waterbodies,nhd-120655760,nhd-120655760,120655760,120655760,,,390,390,39004,39004,False,True,,EXPLAINED,UNCHANGED,
waterbodies,nhd-120655762,nhd-120655762,120655762,120655762,,,390,390,39004,39004,False,True,,EXPLAINED,UNCHANGED,
waterbodies,nhd-120655763,nhd-120655763,120655763,120655763,,,390,390,39001,39001,False,True,,EXPLAINED,UNCHANGED,
waterbodies,nhd-120655766,nhd-120655766,120655766,120655766,,,390,390,39001,39001,False,True,,EXPLAINED,UNCHANGED,
waterbodies,nhd-120655767,nhd-120655767,120655767,120655767,,,390,390,39001,39001,False,True,,EXPLAINED,UNCHANGED,
waterbodies,nhd-120655768,nhd-120655768,120655768,120655768,,,390,390,39001,39001,False,True,,EXPLAINED,UNCHANGED,
waterbodies,,nhd-120655770,,120655770,,,,390,,39001,False,False,,EXPLAINED,ADDED_IN_STRIP,
waterbodies,nhd-120655772,nhd-120655772,120655772,120655772,,,390,390,39004,39004,False,True,,EXPLAINED,UNCHANGED,
waterbodies,nhd-120655773,nhd-120655773,120655773,120655773,,,390,390,39001,39001,False,True,,EXPLAINED,UNCHANGED,
waterbodies,nhd-120655774,nhd-120655774,120655774,120655774,,,390,390,39001,39001,False,True,,EXPLAINED,UNCHANGED,
waterbodies,nhd-120655775,nhd-120655775,120655775,120655775,,,390,390,39001,39001,False,True,,EXPLAINED,UNCHANGED,
waterbodies,nhd-120655776,nhd-120655776,120655776,120655776,,,390,390,39004,39004,False,True,,EXPLAINED,UNCHANGED,
waterbodies,nhd-120655777,nhd-120655777,120655777,120655777,,,390,390,39001,39001,False,True,,EXPLAINED,UNCHANGED,
waterbodies,nhd-120655778,nhd-120655778,120655778,120655778,,,390,390,39001,39001,False,True,,EXPLAINED,UNCHANGED,
waterbodies,nhd-120655780,nhd-120655780,120655780,120655780,,,390,390,39004,39004,False,True,,EXPLAINED,UNCHANGED,
waterbodies,nhd-120655781,nhd-120655781,120655781,120655781,,,390,390,39001,39001,False,True,,EXPLAINED,UNCHANGED,
waterbodies,nhd-120655782,nhd-120655782,120655782,120655782,,,390,390,39001,39001,False,True,,EXPLAINED,UNCHANGED,
waterbodies,nhd-120655784,nhd-120655784,120655784,120655784,,,390,390,39001,39001,False,True,,EXPLAINED,UNCHANGED,
waterbodies,nhd-120655785,nhd-120655785,120655785,120655785,,,390,390,39001,39001,False,True,,EXPLAINED,UNCHANGED,
waterbodies,nhd-120655787,nhd-120655787,120655787,120655787,,,390,390,39001,39001,False,True,,EXPLAINED,UNCHANGED,
waterbodies,,nhd-120655789,,120655789,,,,390,,39001,False,False,,EXPLAINED,ADDED_IN_STRIP,
waterbodies,nhd-120655790,nhd-120655790,120655790,120655790,,,390,390,39004,39004,False,True,,EXPLAINED,UNCHANGED,
waterbodies,nhd-120655791,nhd-120655791,120655791,120655791,,,390,390,39001,39001,False,True,,EXPLAINED,UNCHANGED,
waterbodies,nhd-120655794,nhd-120655794,120655794,120655794,,,390,390,39001,39001,False,True,,EXPLAINED,UNCHANGED,
waterbodies,nhd-120655795,nhd-120655795,120655795,120655795,,,390,390,39001,39001,False,True,,EXPLAINED,UNCHANGED,
waterbodies,nhd-120655796,nhd-120655796,120655796,120655796,,,390,390,39004,39004,False,True,,EXPLAINED,UNCHANGED,
waterbodies,nhd-120655797,nhd-120655797,120655797,120655797,,,390,390,39001,39001,False,True,,EXPLAINED,UNCHANGED,
waterbodies,nhd-120655799,nhd-120655799,120655799,120655799,,,390,390,39001,39001,False,True,,EXPLAINED,UNCHANGED,
waterbodies,nhd-120655801,nhd-120655801,120655801,120655801,,,390,390,39001,39001,False,True,,EXPLAINED,UNCHANGED,
waterbodies,nhd-120655802,nhd-120655802,120655802,120655802,,,390,390,39001,39001,False,True,,EXPLAINED,UNCHANGED,
waterbodies,nhd-120655805,nhd-120655805,120655805,120655805,,,390,390,39001,39001,False,True,,EXPLAINED,UNCHANGED,
waterbodies,nhd-120655807,nhd-120655807,120655807,120655807,,,390,390,39001,39001,False,True,,EXPLAINED,UNCHANGED,
waterbodies,nhd-120655808,nhd-120655808,120655808,120655808,,,390,390,39001,39001,False,True,,EXPLAINED,UNCHANGED,
waterbodies,nhd-120655809,nhd-120655809,120655809,120655809,,,390,390,39004,39004,False,True,,EXPLAINED,UNCHANGED,
waterbodies,nhd-120655811,nhd-120655811,120655811,120655811,,,390,390,39004,39004,False,True,,EXPLAINED,UNCHANGED,
waterbodies,nhd-120655812,nhd-120655812,120655812,120655812,,,390,390,39004,39004,False,True,,EXPLAINED,UNCHANGED,
waterbodies,nhd-120655813,nhd-120655813,120655813,120655813,,,390,390,39004,39004,False,True,,EXPLAINED,UNCHANGED,
waterbodies,nhd-120655816,nhd-120655816,120655816,120655816,,,390,390,39004,39004,False,True,,EXPLAINED,UNCHANGED,
waterbodies,nhd-120655817,nhd-120655817,120655817,120655817,,,390,390,39001,39001,False,True,,EXPLAINED,UNCHANGED,
waterbodies,nhd-120655820,nhd-120655820,120655820,120655820,,,390,390,39001,39001,False,True,,EXPLAINED,UNCHANGED,
waterbodies,nhd-120655822,nhd-120655822,120655822,120655822,,,390,390,39001,39001,False,True,,EXPLAINED,UNCHANGED,
waterbodies,nhd-120655825,nhd-120655825,120655825,120655825,,,390,390,39001,39001,False,True,,EXPLAINED,UNCHANGED,
waterbodies,nhd-120655827,nhd-120655827,120655827,120655827,,,390,390,39001,39001,False,True,,EXPLAINED,UNCHANGED,
waterbodies,nhd-120655828,nhd-120655828,120655828,120655828,,,390,390,39001,39001,False,True,,EXPLAINED,UNCHANGED,
waterbodies,nhd-120655831,nhd-120655831,120655831,120655831,,,390,390,39001,39001,False,True,,EXPLAINED,UNCHANGED,
waterbodies,nhd-120655832,nhd-120655832,120655832,120655832,,,390,390,39004,39004,False,True,,EXPLAINED,UNCHANGED,
waterbodies,nhd-120655833,nhd-120655833,120655833,120655833,,,390,390,39001,39001,False,True,,EXPLAINED,UNCHANGED,
waterbodies,nhd-120655838,nhd-120655838,120655838,120655838,,,390,390,39004,39004,False,True,,EXPLAINED,UNCHANGED,
waterbodies,nhd-120655839,nhd-120655839,120655839,120655839,,,390,390,39001,39001,False,True,,EXPLAINED,UNCHANGED,
waterbodies,nhd-120655842,nhd-120655842,120655842,120655842,,,390,390,39004,39004,False,True,,EXPLAINED,UNCHANGED,
waterbodies,nhd-120655843,nhd-120655843,120655843,120655843,,,390,390,39004,39004,False,True,,EXPLAINED,UNCHANGED,
waterbodies,nhd-120655845,nhd-120655845,120655845,120655845,,,390,390,39001,39001,False,True,,EXPLAINED,UNCHANGED,
waterbodies,nhd-120655846,nhd-120655846,120655846,120655846,,,390,390,39001,39001,False,True,,EXPLAINED,UNCHANGED,
waterbodies,nhd-120655847,nhd-120655847,120655847,120655847,,,390,390,39001,39001,False,True,,EXPLAINED,UNCHANGED,
waterbodies,nhd-120655849,nhd-120655849,120655849,120655849,,,390,390,39004,39004,False,True,,EXPLAINED,UNCHANGED,
waterbodies,nhd-120655850,nhd-120655850,120655850,120655850,,,390,390,39001,39001,False,True,,EXPLAINED,UNCHANGED,
waterbodies,nhd-120655851,nhd-120655851,120655851,120655851,,,390,390,39004,39004,False,True,,EXPLAINED,UNCHANGED,
waterbodies,nhd-120655852,nhd-120655852,120655852,120655852,,,390,390,39001,39001,False,True,,EXPLAINED,UNCHANGED,
waterbodies,nhd-120655854,nhd-120655854,120655854,120655854,,,390,390,39001,39001,False,True,,EXPLAINED,UNCHANGED,
waterbodies,nhd-120655855,nhd-120655855,120655855,120655855,,,390,390,39001,39001,False,True,,EXPLAINED,UNCHANGED,
waterbodies,nhd-120655856,nhd-120655856,120655856,120655856,,,390,390,39004,39004,False,True,,EXPLAINED,UNCHANGED,
waterbodies,nhd-120655858,nhd-120655858,120655858,120655858,,,390,390,39001,39001,False,True,,EXPLAINED,UNCHANGED,
waterbodies,nhd-120655859,nhd-120655859,120655859,120655859,,,390,390,39004,39004,False,True,,EXPLAINED,UNCHANGED,
waterbodies,nhd-120655860,nhd-120655860,120655860,120655860,,,390,390,39004,39004,False,True,,EXPLAINED,UNCHANGED,
waterbodies,nhd-120655861,nhd-120655861,120655861,120655861,,,390,390,39001,39001,False,True,,EXPLAINED,UNCHANGED,
waterbodies,nhd-120655862,nhd-120655862,120655862,120655862,,,390,390,39004,39004,False,True,,EXPLAINED,UNCHANGED,
waterbodies,nhd-120655863,nhd-120655863,120655863,120655863,,,390,390,39004,39004,False,True,,EXPLAINED,UNCHANGED,
waterbodies,nhd-120655864,nhd-120655864,120655864,120655864,,,390,390,39004,39004,False,True,,EXPLAINED,UNCHANGED,
waterbodies,nhd-120655865,nhd-120655865,120655865,120655865,,,390,390,39001,39001,False,True,,EXPLAINED,UNCHANGED,
waterbodies,nhd-120655867,nhd-120655867,120655867,120655867,,,390,390,39004,39004,False,True,,EXPLAINED,UNCHANGED,
waterbodies,,nhd-120655868,,120655868,,,,390,,39001,False,False,,EXPLAINED,ADDED_IN_STRIP,
waterbodies,nhd-120655869,nhd-120655869,120655869,120655869,,,390,390,39001,39001,False,True,,EXPLAINED,UNCHANGED,
waterbodies,nhd-120655870,nhd-120655870,120655870,120655870,,,390,390,39001,39001,False,True,,EXPLAINED,UNCHANGED,
waterbodies,nhd-120655871,nhd-120655871,120655871,120655871,,,390,390,39001,39001,False,True,,EXPLAINED,UNCHANGED,
waterbodies,nhd-120655872,nhd-120655872,120655872,120655872,,,390,390,39001,39001,False,True,,EXPLAINED,UNCHANGED,
waterbodies,nhd-120655875,nhd-120655875,120655875,120655875,,,390,390,39004,39004,False,True,,EXPLAINED,UNCHANGED,
waterbodies,nhd-120655876,nhd-120655876,120655876,120655876,,,390,390,39001,39001,False,True,,EXPLAINED,UNCHANGED,
waterbodies,nhd-120655877,nhd-120655877,120655877,120655877,,,390,390,39001,39001,False,True,,EXPLAINED,UNCHANGED,
waterbodies,nhd-120655878,nhd-120655878,120655878,120655878,,,390,390,39004,39004,False,True,,EXPLAINED,UNCHANGED,
waterbodies,nhd-120655879,nhd-120655879,120655879,120655879,,,390,390,39001,39001,False,True,,EXPLAINED,UNCHANGED,
waterbodies,,nhd-120655880,,120655880,,,,390,,39001,False,False,,EXPLAINED,ADDED_IN_STRIP,
waterbodies,nhd-120655881,nhd-120655881,120655881,120655881,,,390,390,39001,39001,False,True,,EXPLAINED,UNCHANGED,
waterbodies,nhd-120655882,nhd-120655882,120655882,120655882,,,390,390,39004,39004,False,True,,EXPLAINED,UNCHANGED,
waterbodies,nhd-120655883,nhd-120655883,120655883,120655883,,,390,390,39001,39001,False,True,,EXPLAINED,UNCHANGED,
waterbodies,nhd-120655884,nhd-120655884,120655884,120655884,,,390,390,39004,39004,False,True,,EXPLAINED,UNCHANGED,
waterbodies,nhd-120655885,nhd-120655885,120655885,120655885,,,390,390,39001,39001,False,True,,EXPLAINED,UNCHANGED,
waterbodies,nhd-120655886,nhd-120655886,120655886,120655886,,,390,390,39001,39001,False,True,,EXPLAINED,UNCHANGED,
waterbodies,nhd-120655887,nhd-120655887,120655887,120655887,,,390,390,39001,39001,False,True,,EXPLAINED,UNCHANGED,
waterbodies,nhd-120655889,nhd-120655889,120655889,120655889,,,390,390,39004,39004,False,True,,EXPLAINED,UNCHANGED,
waterbodies,nhd-120655891,nhd-120655891,120655891,120655891,,,390,390,39004,39004,False,True,,EXPLAINED,UNCHANGED,
waterbodies,nhd-120655895,nhd-120655895,120655895,120655895,,,390,390,39001,39001,False,True,,EXPLAINED,UNCHANGED,
waterbodies,nhd-120655896,nhd-120655896,120655896,120655896,,,390,390,39004,39004,False,True,,EXPLAINED,UNCHANGED,
waterbodies,nhd-120655898,nhd-120655898,120655898,120655898,,,390,390,39004,39004,False,True,,EXPLAINED,UNCHANGED,
waterbodies,nhd-120655901,nhd-120655901,120655901,120655901,,,390,390,39001,39001,False,True,,EXPLAINED,UNCHANGED,
waterbodies,nhd-120655902,nhd-120655902,120655902,120655902,,,390,390,39004,39004,False,True,,EXPLAINED,UNCHANGED,
waterbodies,nhd-120655903,nhd-120655903,120655903,120655903,,,390,390,39001,39001,False,True,,EXPLAINED,UNCHANGED,
waterbodies,nhd-120655904,nhd-120655904,120655904,120655904,,,390,390,39004,39004,False,True,,EXPLAINED,UNCHANGED,
waterbodies,nhd-120655908,nhd-120655908,120655908,120655908,,,390,390,39004,39004,False,True,,EXPLAINED,UNCHANGED,
waterbodies,nhd-120655909,nhd-120655909,120655909,120655909,,,390,390,39001,39001,False,True,,EXPLAINED,UNCHANGED,
waterbodies,nhd-120655910,nhd-120655910,120655910,120655910,,,390,390,39001,39001,False,True,,EXPLAINED,UNCHANGED,
waterbodies,nhd-120655912,nhd-120655912,120655912,120655912,,,390,390,39004,39004,False,True,,EXPLAINED,UNCHANGED,
waterbodies,nhd-120655913,nhd-120655913,120655913,120655913,,,390,390,39001,39001,False,True,,EXPLAINED,UNCHANGED,
waterbodies,nhd-120655914,nhd-120655914,120655914,120655914,,,390,390,39004,39004,False,True,,EXPLAINED,UNCHANGED,
waterbodies,nhd-120655915,nhd-120655915,120655915,120655915,,,390,390,39001,39001,False,True,,EXPLAINED,UNCHANGED,
waterbodies,nhd-120655916,nhd-120655916,120655916,120655916,,,390,390,39004,39004,False,True,,EXPLAINED,UNCHANGED,
waterbodies,nhd-120655917,nhd-120655917,120655917,120655917,,,390,390,39001,39001,False,True,,EXPLAINED,UNCHANGED,
waterbodies,nhd-120655922,nhd-120655922,120655922,120655922,,,390,390,39004,39004,False,True,,EXPLAINED,UNCHANGED,
waterbodies,nhd-120655923,nhd-120655923,120655923,120655923,,,390,390,39004,39004,False,True,,EXPLAINED,UNCHANGED,
waterbodies,nhd-120655924,nhd-120655924,120655924,120655924,,,390,390,39001,39001,False,True,,EXPLAINED,UNCHANGED,
waterbodies,nhd-120655925,nhd-120655925,120655925,120655925,,,390,390,39001,39001,False,True,,EXPLAINED,UNCHANGED,
waterbodies,nhd-120655926,nhd-120655926,120655926,120655926,,,390,390,39004,39004,False,True,,EXPLAINED,UNCHANGED,
waterbodies,nhd-120655928,nhd-120655928,120655928,120655928,,,390,390,39001,39001,False,True,,EXPLAINED,UNCHANGED,
waterbodies,nhd-120655929,nhd-120655929,120655929,120655929,,,390,390,39001,39001,False,True,,EXPLAINED,UNCHANGED,
waterbodies,nhd-120655930,nhd-120655930,120655930,120655930,,,390,390,39001,39001,False,True,,EXPLAINED,UNCHANGED,
waterbodies,nhd-120655931,nhd-120655931,120655931,120655931,,,390,390,39004,39004,False,True,,EXPLAINED,UNCHANGED,
waterbodies,nhd-120655932,nhd-120655932,120655932,120655932,,,390,390,39004,39004,False,True,,EXPLAINED,UNCHANGED,
waterbodies,nhd-120655933,nhd-120655933,120655933,120655933,,,390,390,39001,39001,False,True,,EXPLAINED,UNCHANGED,
waterbodies,nhd-120655934,nhd-120655934,120655934,120655934,,,390,390,39004,39004,False,True,,EXPLAINED,UNCHANGED,
waterbodies,nhd-120655938,nhd-120655938,120655938,120655938,,,390,390,39004,39004,False,True,,EXPLAINED,UNCHANGED,
waterbodies,nhd-120655939,nhd-120655939,120655939,120655939,,,390,390,39001,39001,False,True,,EXPLAINED,UNCHANGED,
waterbodies,nhd-120655941,nhd-120655941,120655941,120655941,,,390,390,39001,39001,False,True,,EXPLAINED,UNCHANGED,
waterbodies,nhd-120655942,nhd-120655942,120655942,120655942,,,390,390,39001,39001,False,True,,EXPLAINED,UNCHANGED,
waterbodies,nhd-120655943,nhd-120655943,120655943,120655943,,,390,390,39001,39001,False,True,,EXPLAINED,UNCHANGED,
waterbodies,nhd-120655944,nhd-120655944,120655944,120655944,,,390,390,39001,39001,False,True,,EXPLAINED,UNCHANGED,
waterbodies,nhd-120655945,nhd-120655945,120655945,120655945,,,390,390,39001,39001,False,True,,EXPLAINED,UNCHANGED,
waterbodies,nhd-120655946,nhd-120655946,120655946,120655946,,,390,390,39001,39001,False,True,,EXPLAINED,UNCHANGED,
waterbodies,nhd-120655947,nhd-120655947,120655947,120655947,,,390,390,39001,39001,False,True,,EXPLAINED,UNCHANGED,
waterbodies,nhd-120655948,nhd-120655948,120655948,120655948,,,390,390,39001,39001,False,True,,EXPLAINED,UNCHANGED,
waterbodies,nhd-120655949,nhd-120655949,120655949,120655949,,,390,390,39001,39001,False,True,,EXPLAINED,UNCHANGED,
waterbodies,nhd-120655950,nhd-120655950,120655950,120655950,,,390,390,39001,39001,False,True,,EXPLAINED,UNCHANGED,
waterbodies,nhd-120655952,nhd-120655952,120655952,120655952,,,390,390,39001,39001,False,True,,EXPLAINED,UNCHANGED,
waterbodies,nhd-120655953,nhd-120655953,120655953,120655953,,,390,390,39001,39001,False,True,,EXPLAINED,UNCHANGED,
waterbodies,nhd-120655954,nhd-120655954,120655954,120655954,,,390,390,39001,39001,False,True,,EXPLAINED,UNCHANGED,
waterbodies,nhd-120655960,nhd-120655960,120655960,120655960,,,390,390,39004,39004,False,True,,EXPLAINED,UNCHANGED,
waterbodies,nhd-120655963,nhd-120655963,120655963,120655963,,,390,390,39001,39001,False,True,,EXPLAINED,UNCHANGED,
waterbodies,nhd-120655966,nhd-120655966,120655966,120655966,,,390,390,39001,39001,False,True,,EXPLAINED,UNCHANGED,
waterbodies,nhd-120655967,nhd-120655967,120655967,120655967,,,390,390,39001,39001,False,True,,EXPLAINED,UNCHANGED,
waterbodies,nhd-120655969,nhd-120655969,120655969,120655969,,,390,390,39001,39001,False,True,,EXPLAINED,UNCHANGED,
waterbodies,nhd-120655971,nhd-120655971,120655971,120655971,,,390,390,39001,39001,False,True,,EXPLAINED,UNCHANGED,
waterbodies,nhd-120655972,nhd-120655972,120655972,120655972,,,390,390,39001,39001,False,True,,EXPLAINED,UNCHANGED,
waterbodies,nhd-120655973,nhd-120655973,120655973,120655973,,,390,390,39001,39001,False,True,,EXPLAINED,UNCHANGED,
waterbodies,nhd-120655976,nhd-120655976,120655976,120655976,,,390,390,39001,39001,False,True,,EXPLAINED,UNCHANGED,
waterbodies,nhd-120655978,nhd-120655978,120655978,120655978,,,390,390,39001,39001,False,True,,EXPLAINED,UNCHANGED,
waterbodies,nhd-120655982,nhd-120655982,120655982,120655982,,,390,390,39001,39001,False,True,,EXPLAINED,UNCHANGED,
waterbodies,nhd-120655987,nhd-120655987,120655987,120655987,,,390,390,39001,39001,False,True,,EXPLAINED,UNCHANGED,
waterbodies,nhd-120655989,nhd-120655989,120655989,120655989,,,390,390,39001,39001,False,True,,EXPLAINED,UNCHANGED,
waterbodies,nhd-120655996,nhd-120655996,120655996,120655996,,,390,390,39004,39004,False,True,,EXPLAINED,UNCHANGED,
waterbodies,nhd-120656001,nhd-120656001,120656001,120656001,,,390,390,39001,39001,False,True,,EXPLAINED,UNCHANGED,
waterbodies,nhd-120656004,nhd-120656004,120656004,120656004,,,390,390,39001,39001,False,True,,EXPLAINED,UNCHANGED,
waterbodies,nhd-120656006,nhd-120656006,120656006,120656006,,,390,390,39001,39001,False,True,,EXPLAINED,UNCHANGED,
waterbodies,nhd-120656007,nhd-120656007,120656007,120656007,,,390,390,39001,39001,False,True,,EXPLAINED,UNCHANGED,
waterbodies,nhd-120656009,nhd-120656009,120656009,120656009,,,390,390,39001,39001,False,True,,EXPLAINED,UNCHANGED,
waterbodies,nhd-120656010,nhd-120656010,120656010,120656010,,,390,390,39004,39004,False,True,,EXPLAINED,UNCHANGED,
waterbodies,nhd-120656012,nhd-120656012,120656012,120656012,,,390,390,39001,39001,False,True,,EXPLAINED,UNCHANGED,
waterbodies,nhd-120656013,nhd-120656013,120656013,120656013,,,390,390,39001,39001,False,True,,EXPLAINED,UNCHANGED,
waterbodies,nhd-120656014,nhd-120656014,120656014,120656014,,,390,390,39004,39004,False,True,,EXPLAINED,UNCHANGED,
waterbodies,nhd-120656015,nhd-120656015,120656015,120656015,,,390,390,39001,39001,False,True,,EXPLAINED,UNCHANGED,
waterbodies,nhd-120656016,nhd-120656016,120656016,120656016,,,390,390,39001,39001,False,True,,EXPLAINED,UNCHANGED,
waterbodies,nhd-120656017,nhd-120656017,120656017,120656017,,,390,390,39004,39004,False,True,,EXPLAINED,UNCHANGED,
waterbodies,nhd-120656018,nhd-120656018,120656018,120656018,,,390,390,39001,39001,False,True,,EXPLAINED,UNCHANGED,
waterbodies,nhd-120656019,nhd-120656019,120656019,120656019,,,390,390,39001,39001,False,True,,EXPLAINED,UNCHANGED,
waterbodies,nhd-120656020,nhd-120656020,120656020,120656020,,,390,390,39001,39001,False,True,,EXPLAINED,UNCHANGED,
waterbodies,nhd-120656021,nhd-120656021,120656021,120656021,,,390,390,39001,39001,False,True,,EXPLAINED,UNCHANGED,
waterbodies,nhd-120656022,nhd-120656022,120656022,120656022,,,390,390,39001,39001,False,True,,EXPLAINED,UNCHANGED,
waterbodies,nhd-120656023,nhd-120656023,120656023,120656023,,,390,390,39001,39001,False,True,,EXPLAINED,UNCHANGED,
waterbodies,nhd-120656024,nhd-120656024,120656024,120656024,,,390,390,39001,39001,False,True,,EXPLAINED,UNCHANGED,
waterbodies,nhd-120656025,nhd-120656025,120656025,120656025,,,390,390,39001,39001,False,True,,EXPLAINED,UNCHANGED,
waterbodies,nhd-120656026,nhd-120656026,120656026,120656026,,,390,390,39001,39001,False,True,,EXPLAINED,UNCHANGED,
waterbodies,nhd-120656027,nhd-120656027,120656027,120656027,,,390,390,39001,39001,False,True,,EXPLAINED,UNCHANGED,
waterbodies,nhd-120656028,nhd-120656028,120656028,120656028,,,390,390,39004,39004,False,True,,EXPLAINED,UNCHANGED,
waterbodies,nhd-120656029,nhd-120656029,120656029,120656029,,,390,390,39001,39001,False,True,,EXPLAINED,UNCHANGED,
waterbodies,nhd-120656030,nhd-120656030,120656030,120656030,,,390,390,39001,39001,False,True,,EXPLAINED,UNCHANGED,
waterbodies,nhd-120656031,nhd-120656031,120656031,120656031,,,390,390,39001,39001,False,True,,EXPLAINED,UNCHANGED,
waterbodies,nhd-120656033,nhd-120656033,120656033,120656033,,,390,390,39001,39001,False,True,,EXPLAINED,UNCHANGED,
waterbodies,nhd-120656035,nhd-120656035,120656035,120656035,,,390,390,39001,39001,False,True,,EXPLAINED,UNCHANGED,
waterbodies,nhd-120656036,nhd-120656036,120656036,120656036,,,390,390,39001,39001,False,True,,EXPLAINED,UNCHANGED,
waterbodies,nhd-120656037,nhd-120656037,120656037,120656037,,,390,390,39001,39001,False,True,,EXPLAINED,UNCHANGED,
waterbodies,nhd-120656038,nhd-120656038,120656038,120656038,,,390,390,39001,39001,False,True,,EXPLAINED,UNCHANGED,
waterbodies,nhd-120656039,nhd-120656039,120656039,120656039,,,390,390,39001,39001,False,True,,EXPLAINED,UNCHANGED,
waterbodies,nhd-120656040,nhd-120656040,120656040,120656040,,,390,390,39001,39001,False,True,,EXPLAINED,UNCHANGED,
waterbodies,nhd-120656041,nhd-120656041,120656041,120656041,,,390,390,39001,39001,False,True,,EXPLAINED,UNCHANGED,
waterbodies,nhd-120656042,nhd-120656042,120656042,120656042,,,390,390,39001,39001,False,True,,EXPLAINED,UNCHANGED,
waterbodies,nhd-120656043,nhd-120656043,120656043,120656043,,,390,390,39001,39001,False,True,,EXPLAINED,UNCHANGED,
waterbodies,nhd-120656044,nhd-120656044,120656044,120656044,,,390,390,39001,39001,False,True,,EXPLAINED,UNCHANGED,
waterbodies,nhd-120656045,nhd-120656045,120656045,120656045,,,390,390,39001,39001,False,True,,EXPLAINED,UNCHANGED,
waterbodies,nhd-120656046,nhd-120656046,120656046,120656046,,,390,390,39001,39001,False,True,,EXPLAINED,UNCHANGED,
waterbodies,nhd-120656047,nhd-120656047,120656047,120656047,,,390,390,39001,39001,False,True,,EXPLAINED,UNCHANGED,
waterbodies,,nhd-120656049,,120656049,,,,390,,39004,False,False,,EXPLAINED,ADDED_IN_STRIP,
waterbodies,nhd-120656050,nhd-120656050,120656050,120656050,,,390,390,39001,39001,False,True,,EXPLAINED,UNCHANGED,
waterbodies,nhd-120656054,nhd-120656054,120656054,120656054,,,390,390,39001,39001,False,True,,EXPLAINED,UNCHANGED,
waterbodies,nhd-120656055,nhd-120656055,120656055,120656055,,,390,390,39001,39001,False,True,,EXPLAINED,UNCHANGED,
waterbodies,nhd-120656056,nhd-120656056,120656056,120656056,,,390,390,39004,39004,False,True,,EXPLAINED,UNCHANGED,
waterbodies,nhd-120656058,nhd-120656058,120656058,120656058,,,390,390,39001,39001,False,True,,EXPLAINED,UNCHANGED,
waterbodies,nhd-120656060,nhd-120656060,120656060,120656060,,,390,390,39001,39001,False,True,,EXPLAINED,UNCHANGED,
waterbodies,nhd-120656061,nhd-120656061,120656061,120656061,,,390,390,39004,39004,False,True,,EXPLAINED,UNCHANGED,
waterbodies,nhd-120656062,nhd-120656062,120656062,120656062,,,390,390,39001,39001,False,True,,EXPLAINED,UNCHANGED,
waterbodies,nhd-120656064,nhd-120656064,120656064,120656064,,,390,390,39001,39001,False,True,,EXPLAINED,UNCHANGED,
waterbodies,nhd-120656065,nhd-120656065,120656065,120656065,,,390,390,39001,39001,False,True,,EXPLAINED,UNCHANGED,
waterbodies,nhd-120656067,nhd-120656067,120656067,120656067,,,390,390,39001,39001,False,True,,EXPLAINED,UNCHANGED,
waterbodies,nhd-120656069,nhd-120656069,120656069,120656069,,,390,390,39001,39001,False,True,,EXPLAINED,UNCHANGED,
waterbodies,nhd-120656070,nhd-120656070,120656070,120656070,,,390,390,39001,39001,False,True,,EXPLAINED,UNCHANGED,
waterbodies,nhd-120656073,nhd-120656073,120656073,120656073,,,390,390,39001,39001,False,True,,EXPLAINED,UNCHANGED,
waterbodies,nhd-120656074,nhd-120656074,120656074,120656074,,,390,390,39001,39001,False,True,,EXPLAINED,UNCHANGED,
waterbodies,nhd-120656076,nhd-120656076,120656076,120656076,,,390,390,39001,39001,False,True,,EXPLAINED,UNCHANGED,
waterbodies,nhd-120656080,nhd-120656080,120656080,120656080,,,390,390,39004,39004,False,True,,EXPLAINED,UNCHANGED,
waterbodies,nhd-120656082,nhd-120656082,120656082,120656082,,,390,390,39001,39001,False,True,,EXPLAINED,UNCHANGED,
waterbodies,nhd-120656083,nhd-120656083,120656083,120656083,,,390,390,39004,39004,False,True,,EXPLAINED,UNCHANGED,
waterbodies,nhd-120656084,nhd-120656084,120656084,120656084,,,390,390,39001,39001,False,True,,EXPLAINED,UNCHANGED,
waterbodies,nhd-120656085,nhd-120656085,120656085,120656085,,,390,390,39001,39001,False,True,,EXPLAINED,UNCHANGED,
waterbodies,nhd-120656086,nhd-120656086,120656086,120656086,,,390,390,39001,39001,False,True,,EXPLAINED,UNCHANGED,
waterbodies,nhd-120656087,nhd-120656087,120656087,120656087,,,390,390,39001,39001,False,True,,EXPLAINED,UNCHANGED,
waterbodies,nhd-120656088,nhd-120656088,120656088,120656088,,,390,390,39001,39001,False,True,,EXPLAINED,UNCHANGED,
waterbodies,nhd-120656090,nhd-120656090,120656090,120656090,,,390,390,39004,39004,False,True,,EXPLAINED,UNCHANGED,
waterbodies,nhd-120656092,nhd-120656092,120656092,120656092,,,390,390,39001,39001,False,True,,EXPLAINED,UNCHANGED,
waterbodies,nhd-120656093,nhd-120656093,120656093,120656093,,,390,390,39001,39001,False,True,,EXPLAINED,UNCHANGED,
waterbodies,nhd-120656094,nhd-120656094,120656094,120656094,,,390,390,39001,39001,False,True,,EXPLAINED,UNCHANGED,
waterbodies,nhd-120656095,nhd-120656095,120656095,120656095,,,390,390,39001,39001,False,True,,EXPLAINED,UNCHANGED,
waterbodies,nhd-120656096,nhd-120656096,120656096,120656096,,,390,390,39004,39004,False,True,,EXPLAINED,UNCHANGED,
waterbodies,nhd-120656098,nhd-120656098,120656098,120656098,,,390,390,39001,39001,False,True,,EXPLAINED,UNCHANGED,
waterbodies,nhd-120656100,nhd-120656100,120656100,120656100,,,390,390,39001,39001,False,True,,EXPLAINED,UNCHANGED,
waterbodies,,nhd-120656101,,120656101,,,,390,,39001,False,False,,EXPLAINED,ADDED_IN_STRIP,
waterbodies,nhd-120656102,nhd-120656102,120656102,120656102,,,390,390,39001,39001,False,True,,EXPLAINED,UNCHANGED,
waterbodies,nhd-120656103,nhd-120656103,120656103,120656103,,,390,390,39001,39001,False,True,,EXPLAINED,UNCHANGED,
waterbodies,nhd-120656104,nhd-120656104,120656104,120656104,,,390,390,39001,39001,False,True,,EXPLAINED,UNCHANGED,
waterbodies,nhd-120656107,nhd-120656107,120656107,120656107,,,390,390,39001,39001,False,True,,EXPLAINED,UNCHANGED,
waterbodies,nhd-120656108,nhd-120656108,120656108,120656108,,,390,390,39001,39001,False,True,,EXPLAINED,UNCHANGED,
waterbodies,nhd-120656110,nhd-120656110,120656110,120656110,,,390,390,39001,39001,False,True,,EXPLAINED,UNCHANGED,
waterbodies,nhd-120656111,nhd-120656111,120656111,120656111,,,390,390,39001,39001,False,True,,EXPLAINED,UNCHANGED,
waterbodies,nhd-120656112,nhd-120656112,120656112,120656112,,,390,390,39004,39004,False,True,,EXPLAINED,UNCHANGED,
waterbodies,nhd-120656113,nhd-120656113,120656113,120656113,,,390,390,39004,39004,False,True,,EXPLAINED,UNCHANGED,
waterbodies,nhd-120656114,nhd-120656114,120656114,120656114,,,390,390,39004,39004,False,True,,EXPLAINED,UNCHANGED,
waterbodies,nhd-120656116,nhd-120656116,120656116,120656116,,,390,390,39004,39004,False,True,,EXPLAINED,UNCHANGED,
waterbodies,nhd-120656118,nhd-120656118,120656118,120656118,,,390,390,39004,39004,False,True,,EXPLAINED,UNCHANGED,
waterbodies,nhd-120656119,nhd-120656119,120656119,120656119,,,390,390,39001,39001,False,True,,EXPLAINED,UNCHANGED,
waterbodies,nhd-120656120,nhd-120656120,120656120,120656120,,,390,390,39001,39001,False,True,,EXPLAINED,UNCHANGED,
waterbodies,nhd-120656124,nhd-120656124,120656124,120656124,,,390,390,39001,39001,False,True,,EXPLAINED,UNCHANGED,
waterbodies,nhd-120656127,nhd-120656127,120656127,120656127,,,390,390,39001,39001,False,True,,EXPLAINED,UNCHANGED,
waterbodies,nhd-120656130,nhd-120656130,120656130,120656130,,,390,390,39001,39001,False,True,,EXPLAINED,UNCHANGED,
waterbodies,nhd-120656132,nhd-120656132,120656132,120656132,,,390,390,39001,39001,False,True,,EXPLAINED,UNCHANGED,
waterbodies,nhd-120656133,nhd-120656133,120656133,120656133,,,390,390,39001,39001,False,True,,EXPLAINED,UNCHANGED,
waterbodies,nhd-120656134,nhd-120656134,120656134,120656134,,,390,390,39004,39004,False,True,,EXPLAINED,UNCHANGED,
waterbodies,nhd-120656136,nhd-120656136,120656136,120656136,,,390,390,39001,39001,False,True,,EXPLAINED,UNCHANGED,
waterbodies,nhd-120656138,nhd-120656138,120656138,120656138,,,390,390,39001,39001,False,True,,EXPLAINED,UNCHANGED,
waterbodies,nhd-120656139,nhd-120656139,120656139,120656139,,,390,390,39004,39004,False,True,,EXPLAINED,UNCHANGED,
waterbodies,nhd-120656141,nhd-120656141,120656141,120656141,,,390,390,39001,39001,False,True,,EXPLAINED,UNCHANGED,
waterbodies,nhd-120656145,nhd-120656145,120656145,120656145,,,390,390,39001,39001,False,True,,EXPLAINED,UNCHANGED,
waterbodies,nhd-120656146,nhd-120656146,120656146,120656146,,,390,390,39001,39001,False,True,,EXPLAINED,UNCHANGED,
waterbodies,,nhd-120656147,,120656147,,,,390,,39001,False,False,,EXPLAINED,ADDED_IN_STRIP,
waterbodies,nhd-120656149,nhd-120656149,120656149,120656149,,,390,390,39001,39001,False,True,,EXPLAINED,UNCHANGED,
waterbodies,nhd-120656150,nhd-120656150,120656150,120656150,,,390,390,39004,39004,False,True,,EXPLAINED,UNCHANGED,
waterbodies,nhd-120656152,nhd-120656152,120656152,120656152,,,390,390,39001,39001,False,True,,EXPLAINED,UNCHANGED,
waterbodies,nhd-120656153,nhd-120656153,120656153,120656153,,,390,390,39001,39001,False,True,,EXPLAINED,UNCHANGED,
waterbodies,nhd-120656154,nhd-120656154,120656154,120656154,,,390,390,39001,39001,False,True,,EXPLAINED,UNCHANGED,
waterbodies,nhd-120656155,nhd-120656155,120656155,120656155,,,390,390,39001,39001,False,True,,EXPLAINED,UNCHANGED,
waterbodies,nhd-120656156,nhd-120656156,120656156,120656156,,,390,390,39001,39001,False,True,,EXPLAINED,UNCHANGED,
waterbodies,nhd-120656157,nhd-120656157,120656157,120656157,,,390,390,39001,39001,False,True,,EXPLAINED,UNCHANGED,
waterbodies,nhd-120656159,nhd-120656159,120656159,120656159,,,390,390,39001,39001,False,True,,EXPLAINED,UNCHANGED,
waterbodies,nhd-120656160,nhd-120656160,120656160,120656160,,,390,390,39004,39004,False,True,,EXPLAINED,UNCHANGED,
waterbodies,nhd-120656161,nhd-120656161,120656161,120656161,,,390,390,39004,39004,False,True,,EXPLAINED,UNCHANGED,
waterbodies,nhd-120656162,nhd-120656162,120656162,120656162,,,390,390,39001,39001,False,True,,EXPLAINED,UNCHANGED,
waterbodies,nhd-120656163,nhd-120656163,120656163,120656163,,,390,390,39001,39001,False,True,,EXPLAINED,UNCHANGED,
waterbodies,nhd-120656164,nhd-120656164,120656164,120656164,,,390,390,39004,39004,False,True,,EXPLAINED,UNCHANGED,
waterbodies,nhd-120656165,nhd-120656165,120656165,120656165,,,390,390,39001,39001,False,True,,EXPLAINED,UNCHANGED,
waterbodies,nhd-120656166,nhd-120656166,120656166,120656166,,,390,390,39001,39001,False,True,,EXPLAINED,UNCHANGED,
waterbodies,nhd-120656167,nhd-120656167,120656167,120656167,,,390,390,39001,39001,False,True,,EXPLAINED,UNCHANGED,
waterbodies,nhd-120656169,nhd-120656169,120656169,120656169,,,390,390,39001,39001,False,True,,EXPLAINED,UNCHANGED,
waterbodies,nhd-120656170,nhd-120656170,120656170,120656170,,,390,390,39001,39001,False,True,,EXPLAINED,UNCHANGED,
waterbodies,nhd-120656173,nhd-120656173,120656173,120656173,,,390,390,39001,39001,False,True,,EXPLAINED,UNCHANGED,
waterbodies,nhd-120656174,nhd-120656174,120656174,120656174,,,390,390,39001,39001,False,True,,EXPLAINED,UNCHANGED,
waterbodies,nhd-120656175,nhd-120656175,120656175,120656175,,,390,390,39001,39001,False,True,,EXPLAINED,UNCHANGED,
waterbodies,nhd-120656177,nhd-120656177,120656177,120656177,,,390,390,39001,39001,False,True,,EXPLAINED,UNCHANGED,
waterbodies,nhd-120656181,nhd-120656181,120656181,120656181,,,390,390,39001,39001,False,True,,EXPLAINED,UNCHANGED,
waterbodies,nhd-120656182,nhd-120656182,120656182,120656182,,,390,390,39001,39001,False,True,,EXPLAINED,UNCHANGED,
waterbodies,nhd-120656184,nhd-120656184,120656184,120656184,,,390,390,39001,39001,False,True,,EXPLAINED,UNCHANGED,
waterbodies,nhd-120656185,nhd-120656185,120656185,120656185,,,390,390,39004,39004,False,True,,EXPLAINED,UNCHANGED,
waterbodies,nhd-120656186,nhd-120656186,120656186,120656186,,,390,390,39001,39001,False,True,,EXPLAINED,UNCHANGED,
waterbodies,nhd-120656187,nhd-120656187,120656187,120656187,,,390,390,39001,39001,False,True,,EXPLAINED,UNCHANGED,
waterbodies,nhd-120656189,nhd-120656189,120656189,120656189,,,390,390,39001,39001,False,True,,EXPLAINED,UNCHANGED,
waterbodies,nhd-120656190,nhd-120656190,120656190,120656190,,,390,390,39001,39001,False,True,,EXPLAINED,UNCHANGED,
waterbodies,nhd-120656191,nhd-120656191,120656191,120656191,,,390,390,39001,39001,False,True,,EXPLAINED,UNCHANGED,
waterbodies,nhd-120656194,nhd-120656194,120656194,120656194,,,390,390,39001,39001,False,True,,EXPLAINED,UNCHANGED,
waterbodies,nhd-120656197,nhd-120656197,120656197,120656197,,,390,390,39001,39001,False,True,,EXPLAINED,UNCHANGED,
waterbodies,nhd-120656198,nhd-120656198,120656198,120656198,,,390,390,39001,39001,False,True,,EXPLAINED,UNCHANGED,
waterbodies,nhd-120656200,nhd-120656200,120656200,120656200,,,390,390,39004,39004,False,True,,EXPLAINED,UNCHANGED,
waterbodies,nhd-120656201,nhd-120656201,120656201,120656201,,,390,390,39001,39001,False,True,,EXPLAINED,UNCHANGED,
waterbodies,nhd-120656202,nhd-120656202,120656202,120656202,,,390,390,39001,39001,False,True,,EXPLAINED,UNCHANGED,
waterbodies,nhd-120656203,nhd-120656203,120656203,120656203,,,390,390,39001,39001,False,True,,EXPLAINED,UNCHANGED,
waterbodies,nhd-120656206,nhd-120656206,120656206,120656206,,,390,390,39001,39001,False,True,,EXPLAINED,UNCHANGED,
waterbodies,nhd-120656207,nhd-120656207,120656207,120656207,,,390,390,39004,39004,False,True,,EXPLAINED,UNCHANGED,
waterbodies,nhd-120656208,nhd-120656208,120656208,120656208,,,390,390,39004,39004,False,True,,EXPLAINED,UNCHANGED,
waterbodies,nhd-120656210,nhd-120656210,120656210,120656210,,,390,390,39001,39001,False,True,,EXPLAINED,UNCHANGED,
waterbodies,nhd-120656211,nhd-120656211,120656211,120656211,,,390,390,39001,39001,False,True,,EXPLAINED,UNCHANGED,
waterbodies,nhd-120656212,nhd-120656212,120656212,120656212,,,390,390,39001,39001,False,True,,EXPLAINED,UNCHANGED,
waterbodies,nhd-120656213,nhd-120656213,120656213,120656213,,,390,390,39001,39001,False,True,,EXPLAINED,UNCHANGED,
waterbodies,nhd-120656215,nhd-120656215,120656215,120656215,,,390,390,39001,39001,False,True,,EXPLAINED,UNCHANGED,
waterbodies,nhd-120656216,nhd-120656216,120656216,120656216,,,390,390,39001,39001,False,True,,EXPLAINED,UNCHANGED,
waterbodies,nhd-120656217,nhd-120656217,120656217,120656217,,,390,390,39001,39001,False,True,,EXPLAINED,UNCHANGED,
waterbodies,nhd-120656218,nhd-120656218,120656218,120656218,,,390,390,39004,39004,False,True,,EXPLAINED,UNCHANGED,
waterbodies,,nhd-120656219,,120656219,,,,390,,39004,False,False,,EXPLAINED,ADDED_IN_STRIP,
waterbodies,nhd-120656220,nhd-120656220,120656220,120656220,,,390,390,39004,39004,False,True,,EXPLAINED,UNCHANGED,
waterbodies,nhd-120656221,nhd-120656221,120656221,120656221,,,390,390,39001,39001,False,True,,EXPLAINED,UNCHANGED,
waterbodies,nhd-120656222,nhd-120656222,120656222,120656222,,,390,390,39004,39004,False,True,,EXPLAINED,UNCHANGED,
waterbodies,nhd-120656223,nhd-120656223,120656223,120656223,,,390,390,39001,39001,False,True,,EXPLAINED,UNCHANGED,
waterbodies,nhd-120656224,nhd-120656224,120656224,120656224,,,390,390,39001,39001,False,True,,EXPLAINED,UNCHANGED,
waterbodies,nhd-120656227,nhd-120656227,120656227,120656227,,,390,390,39001,39001,False,True,,EXPLAINED,UNCHANGED,
waterbodies,,nhd-120656230,,120656230,,,,390,,39001,False,False,,EXPLAINED,ADDED_IN_STRIP,
waterbodies,nhd-120656231,nhd-120656231,120656231,120656231,,,390,390,39001,39001,False,True,,EXPLAINED,UNCHANGED,
waterbodies,nhd-120656235,nhd-120656235,120656235,120656235,,,390,390,39001,39001,False,True,,EXPLAINED,UNCHANGED,
waterbodies,nhd-120656236,nhd-120656236,120656236,120656236,,,390,390,39004,39004,False,True,,EXPLAINED,UNCHANGED,
waterbodies,nhd-120656237,nhd-120656237,120656237,120656237,,,390,390,39001,39001,False,True,,EXPLAINED,UNCHANGED,
waterbodies,nhd-120656238,nhd-120656238,120656238,120656238,,,390,390,39001,39001,False,True,,EXPLAINED,UNCHANGED,
waterbodies,nhd-120656239,nhd-120656239,120656239,120656239,,,390,390,39001,39001,False,True,,EXPLAINED,UNCHANGED,
waterbodies,nhd-120656240,nhd-120656240,120656240,120656240,,,390,390,39001,39001,False,True,,EXPLAINED,UNCHANGED,
waterbodies,nhd-120656241,nhd-120656241,120656241,120656241,,,390,390,39001,39001,False,True,,EXPLAINED,UNCHANGED,
waterbodies,nhd-120656242,nhd-120656242,120656242,120656242,,,390,390,39001,39001,False,True,,EXPLAINED,UNCHANGED,
waterbodies,nhd-120656243,nhd-120656243,120656243,120656243,,,390,390,39001,39001,False,True,,EXPLAINED,UNCHANGED,
waterbodies,nhd-120656246,nhd-120656246,120656246,120656246,,,390,390,39001,39001,False,True,,EXPLAINED,UNCHANGED,
waterbodies,nhd-120656248,nhd-120656248,120656248,120656248,,,390,390,39001,39001,False,True,,EXPLAINED,UNCHANGED,
waterbodies,nhd-120656249,nhd-120656249,120656249,120656249,,,390,390,39004,39004,False,True,,EXPLAINED,UNCHANGED,
waterbodies,nhd-120656250,nhd-120656250,120656250,120656250,,,390,390,39001,39001,False,True,,EXPLAINED,UNCHANGED,
waterbodies,nhd-120656252,nhd-120656252,120656252,120656252,,,390,390,39001,39001,False,True,,EXPLAINED,UNCHANGED,
waterbodies,nhd-120656253,nhd-120656253,120656253,120656253,,,390,390,39001,39001,False,True,,EXPLAINED,UNCHANGED,
waterbodies,nhd-120656255,nhd-120656255,120656255,120656255,,,390,390,39001,39001,False,True,,EXPLAINED,UNCHANGED,
waterbodies,nhd-120656257,nhd-120656257,120656257,120656257,,,390,390,39001,39001,False,True,,EXPLAINED,UNCHANGED,
waterbodies,nhd-120656258,nhd-120656258,120656258,120656258,,,390,390,39001,39001,False,True,,EXPLAINED,UNCHANGED,
waterbodies,nhd-120656259,nhd-120656259,120656259,120656259,,,390,390,39001,39001,False,True,,EXPLAINED,UNCHANGED,
waterbodies,nhd-120656260,nhd-120656260,120656260,120656260,,,390,390,39001,39001,False,True,,EXPLAINED,UNCHANGED,
waterbodies,nhd-120656261,nhd-120656261,120656261,120656261,,,390,390,39001,39001,False,True,,EXPLAINED,UNCHANGED,
waterbodies,nhd-120656262,nhd-120656262,120656262,120656262,,,390,390,39001,39001,False,True,,EXPLAINED,UNCHANGED,
waterbodies,nhd-120656264,nhd-120656264,120656264,120656264,Franktown Parker FPA-2 Reservoir,Franktown Parker FPA-2 Reservoir,390,390,39001,39001,False,True,,EXPLAINED,UNCHANGED,
waterbodies,nhd-120656266,nhd-120656266,120656266,120656266,,,390,390,39001,39001,False,True,,EXPLAINED,UNCHANGED,
waterbodies,nhd-120656267,nhd-120656267,120656267,120656267,,,390,390,39001,39001,False,True,,EXPLAINED,UNCHANGED,
waterbodies,nhd-120656268,nhd-120656268,120656268,120656268,,,390,390,39001,39001,False,True,,EXPLAINED,UNCHANGED,
waterbodies,nhd-120656270,nhd-120656270,120656270,120656270,,,390,390,39001,39001,False,True,,EXPLAINED,UNCHANGED,
waterbodies,nhd-120656271,nhd-120656271,120656271,120656271,,,390,390,39001,39001,False,True,,EXPLAINED,UNCHANGED,
waterbodies,nhd-120656272,nhd-120656272,120656272,120656272,,,390,390,39001,39001,False,True,,EXPLAINED,UNCHANGED,
waterbodies,nhd-120656273,nhd-120656273,120656273,120656273,,,390,390,39001,39001,False,True,,EXPLAINED,UNCHANGED,
waterbodies,nhd-120656274,nhd-120656274,120656274,120656274,,,390,390,39001,39001,False,True,,EXPLAINED,UNCHANGED,
waterbodies,nhd-120656275,nhd-120656275,120656275,120656275,,,390,390,39001,39001,False,True,,EXPLAINED,UNCHANGED,
waterbodies,nhd-120656276,nhd-120656276,120656276,120656276,,,390,390,39001,39001,False,True,,EXPLAINED,UNCHANGED,
waterbodies,nhd-120656277,nhd-120656277,120656277,120656277,,,390,390,39001,39001,False,True,,EXPLAINED,UNCHANGED,
waterbodies,nhd-120656279,nhd-120656279,120656279,120656279,,,390,390,39001,39001,False,True,,EXPLAINED,UNCHANGED,
waterbodies,nhd-120656281,nhd-120656281,120656281,120656281,,,390,390,39001,39001,False,True,,EXPLAINED,UNCHANGED,
waterbodies,,nhd-120656282,,120656282,,,,390,,39001,False,False,,EXPLAINED,ADDED_IN_STRIP,
waterbodies,nhd-120656283,nhd-120656283,120656283,120656283,,,390,390,39004,39004,False,True,,EXPLAINED,UNCHANGED,
waterbodies,nhd-120656284,nhd-120656284,120656284,120656284,,,390,390,39001,39001,False,True,,EXPLAINED,UNCHANGED,
waterbodies,,nhd-120656285,,120656285,,,,390,,39001,False,False,,EXPLAINED,ADDED_IN_STRIP,
waterbodies,nhd-120656286,nhd-120656286,120656286,120656286,,,390,390,39001,39001,False,True,,EXPLAINED,UNCHANGED,
waterbodies,nhd-120656287,nhd-120656287,120656287,120656287,Franktown Parker FPA-5 Reservoir,Franktown Parker FPA-5 Reservoir,390,390,39004,39004,False,True,,EXPLAINED,UNCHANGED,
waterbodies,,nhd-120656289,,120656289,,,,390,,39001,False,False,,EXPLAINED,ADDED_IN_STRIP,
waterbodies,nhd-120656290,nhd-120656290,120656290,120656290,,,390,390,39001,39001,False,True,,EXPLAINED,UNCHANGED,
waterbodies,nhd-120656291,nhd-120656291,120656291,120656291,,,390,390,39001,39001,False,True,,EXPLAINED,UNCHANGED,
waterbodies,nhd-120656292,nhd-120656292,120656292,120656292,,,390,390,39001,39001,False,True,,EXPLAINED,UNCHANGED,
waterbodies,nhd-120656293,nhd-120656293,120656293,120656293,,,390,390,39001,39001,False,True,,EXPLAINED,UNCHANGED,
waterbodies,nhd-120656295,nhd-120656295,120656295,120656295,,,390,390,39001,39001,False,True,,EXPLAINED,UNCHANGED,
waterbodies,nhd-120656296,nhd-120656296,120656296,120656296,,,390,390,39001,39001,False,True,,EXPLAINED,UNCHANGED,
waterbodies,nhd-120656297,nhd-120656297,120656297,120656297,,,390,390,39001,39001,False,True,,EXPLAINED,UNCHANGED,
waterbodies,nhd-120656298,nhd-120656298,120656298,120656298,,,390,390,39001,39001,False,True,,EXPLAINED,UNCHANGED,
waterbodies,nhd-120656300,nhd-120656300,120656300,120656300,,,390,390,39001,39001,False,True,,EXPLAINED,UNCHANGED,
waterbodies,nhd-120656301,nhd-120656301,120656301,120656301,,,390,390,39001,39001,False,True,,EXPLAINED,UNCHANGED,
waterbodies,nhd-120656302,nhd-120656302,120656302,120656302,,,390,390,39001,39001,False,True,,EXPLAINED,UNCHANGED,
waterbodies,nhd-120656303,nhd-120656303,120656303,120656303,,,390,390,39001,39001,False,True,,EXPLAINED,UNCHANGED,
waterbodies,nhd-120656304,nhd-120656304,120656304,120656304,,,390,390,39004,39004,False,True,,EXPLAINED,UNCHANGED,
waterbodies,nhd-120656305,nhd-120656305,120656305,120656305,,,390,390,39001,39001,False,True,,EXPLAINED,UNCHANGED,
waterbodies,nhd-120656306,nhd-120656306,120656306,120656306,,,390,390,39001,39001,False,True,,EXPLAINED,UNCHANGED,
waterbodies,nhd-120656307,nhd-120656307,120656307,120656307,,,390,390,39001,39001,False,True,,EXPLAINED,UNCHANGED,
waterbodies,nhd-120656308,nhd-120656308,120656308,120656308,,,390,390,39001,39001,False,True,,EXPLAINED,UNCHANGED,
waterbodies,nhd-120656309,nhd-120656309,120656309,120656309,,,390,390,39001,39001,False,True,,EXPLAINED,UNCHANGED,
waterbodies,nhd-120656310,nhd-120656310,120656310,120656310,,,390,390,39001,39001,False,True,,EXPLAINED,UNCHANGED,
waterbodies,nhd-120656311,nhd-120656311,120656311,120656311,,,390,390,39001,39001,False,True,,EXPLAINED,UNCHANGED,
waterbodies,nhd-120656312,nhd-120656312,120656312,120656312,,,390,390,39001,39001,False,True,,EXPLAINED,UNCHANGED,
waterbodies,nhd-120656313,nhd-120656313,120656313,120656313,,,390,390,39001,39001,False,True,,EXPLAINED,UNCHANGED,
waterbodies,nhd-120656314,nhd-120656314,120656314,120656314,West Cherry Creek Detention Number 11 Reservoir,West Cherry Creek Detention Number 11 Reservoir,390,390,39001,39001,False,True,,EXPLAINED,UNCHANGED,
waterbodies,nhd-120656317,nhd-120656317,120656317,120656317,,,390,390,39001,39001,False,True,,EXPLAINED,UNCHANGED,
waterbodies,nhd-120656320,nhd-120656320,120656320,120656320,,,390,390,39001,39001,False,True,,EXPLAINED,UNCHANGED,
waterbodies,nhd-120656322,nhd-120656322,120656322,120656322,,,390,390,39001,39001,False,True,,EXPLAINED,UNCHANGED,
waterbodies,nhd-120656324,nhd-120656324,120656324,120656324,,,390,390,39001,39001,False,True,,EXPLAINED,UNCHANGED,
waterbodies,nhd-120656325,nhd-120656325,120656325,120656325,,,390,390,39001,39001,False,True,,EXPLAINED,UNCHANGED,
waterbodies,nhd-120656326,nhd-120656326,120656326,120656326,,,390,390,39001,39001,False,True,,EXPLAINED,UNCHANGED,
waterbodies,nhd-120656332,nhd-120656332,120656332,120656332,,,390,390,39001,39001,False,True,,EXPLAINED,UNCHANGED,
waterbodies,nhd-120656333,nhd-120656333,120656333,120656333,,,390,390,39001,39001,False,True,,EXPLAINED,UNCHANGED,
waterbodies,nhd-120656334,nhd-120656334,120656334,120656334,,,390,390,39001,39001,False,True,,EXPLAINED,UNCHANGED,
waterbodies,nhd-120656335,nhd-120656335,120656335,120656335,,,390,390,39004,39004,False,True,,EXPLAINED,UNCHANGED,
waterbodies,nhd-120656337,nhd-120656337,120656337,120656337,,,390,390,39001,39001,False,True,,EXPLAINED,UNCHANGED,
waterbodies,nhd-120656339,nhd-120656339,120656339,120656339,,,390,390,39001,39001,False,True,,EXPLAINED,UNCHANGED,
waterbodies,nhd-120656340,nhd-120656340,120656340,120656340,,,390,390,39001,39001,False,True,,EXPLAINED,UNCHANGED,
waterbodies,nhd-120656341,nhd-120656341,120656341,120656341,,,390,390,39001,39001,False,True,,EXPLAINED,UNCHANGED,
waterbodies,nhd-120656344,nhd-120656344,120656344,120656344,,,390,390,39001,39001,False,True,,EXPLAINED,UNCHANGED,
waterbodies,nhd-120656345,nhd-120656345,120656345,120656345,,,390,390,39001,39001,False,True,,EXPLAINED,UNCHANGED,
waterbodies,nhd-120656346,nhd-120656346,120656346,120656346,,,390,390,39001,39001,False,True,,EXPLAINED,UNCHANGED,
waterbodies,nhd-120656347,nhd-120656347,120656347,120656347,,,390,390,39001,39001,False,True,,EXPLAINED,UNCHANGED,
waterbodies,nhd-120656348,nhd-120656348,120656348,120656348,,,390,390,39001,39001,False,True,,EXPLAINED,UNCHANGED,
waterbodies,nhd-120656349,nhd-120656349,120656349,120656349,,,390,390,39001,39001,False,True,,EXPLAINED,UNCHANGED,
waterbodies,nhd-120656350,nhd-120656350,120656350,120656350,,,390,390,39001,39001,False,True,,EXPLAINED,UNCHANGED,
waterbodies,nhd-120656351,nhd-120656351,120656351,120656351,,,390,390,39001,39001,False,True,,EXPLAINED,UNCHANGED,
waterbodies,nhd-120656352,nhd-120656352,120656352,120656352,,,390,390,39001,39001,False,True,,EXPLAINED,UNCHANGED,
waterbodies,nhd-120656353,nhd-120656353,120656353,120656353,,,390,390,39001,39001,False,True,,EXPLAINED,UNCHANGED,
waterbodies,nhd-120656354,nhd-120656354,120656354,120656354,,,390,390,39001,39001,False,True,,EXPLAINED,UNCHANGED,
waterbodies,nhd-120656356,nhd-120656356,120656356,120656356,,,390,390,39004,39004,False,True,,EXPLAINED,UNCHANGED,
waterbodies,nhd-120656357,nhd-120656357,120656357,120656357,,,390,390,39004,39004,False,True,,EXPLAINED,UNCHANGED,
waterbodies,nhd-120656358,nhd-120656358,120656358,120656358,,,390,390,39001,39001,False,True,,EXPLAINED,UNCHANGED,
waterbodies,nhd-120656359,nhd-120656359,120656359,120656359,,,390,390,39004,39004,False,True,,EXPLAINED,UNCHANGED,
waterbodies,nhd-120656360,nhd-120656360,120656360,120656360,,,390,390,39001,39001,False,True,,EXPLAINED,UNCHANGED,
waterbodies,nhd-120656361,nhd-120656361,120656361,120656361,,,390,390,39001,39001,False,True,,EXPLAINED,UNCHANGED,
waterbodies,nhd-120656362,nhd-120656362,120656362,120656362,,,390,390,39001,39001,False,True,,EXPLAINED,UNCHANGED,
waterbodies,nhd-120656369,nhd-120656369,120656369,120656369,Franktown Parker FPE-8 Reservoir,Franktown Parker FPE-8 Reservoir,390,390,39001,39001,False,True,,EXPLAINED,UNCHANGED,
waterbodies,nhd-120656370,nhd-120656370,120656370,120656370,,,390,390,39001,39001,False,True,,EXPLAINED,UNCHANGED,
waterbodies,nhd-120656372,nhd-120656372,120656372,120656372,,,390,390,39004,39004,False,True,,EXPLAINED,UNCHANGED,
waterbodies,nhd-120656375,nhd-120656375,120656375,120656375,,,390,390,39001,39001,False,True,,EXPLAINED,UNCHANGED,
waterbodies,nhd-120656376,nhd-120656376,120656376,120656376,,,390,390,39001,39001,False,True,,EXPLAINED,UNCHANGED,
waterbodies,nhd-120656378,nhd-120656378,120656378,120656378,,,390,390,39001,39001,False,True,,EXPLAINED,UNCHANGED,
waterbodies,nhd-120656379,nhd-120656379,120656379,120656379,,,390,390,39001,39001,False,True,,EXPLAINED,UNCHANGED,
waterbodies,nhd-120656380,nhd-120656380,120656380,120656380,,,390,390,39001,39001,False,True,,EXPLAINED,UNCHANGED,
waterbodies,nhd-120656383,nhd-120656383,120656383,120656383,,,390,390,39001,39001,False,True,,EXPLAINED,UNCHANGED,
waterbodies,nhd-120656384,nhd-120656384,120656384,120656384,,,390,390,39004,39004,False,True,,EXPLAINED,UNCHANGED,
waterbodies,nhd-120656385,nhd-120656385,120656385,120656385,,,390,390,39001,39001,False,True,,EXPLAINED,UNCHANGED,
waterbodies,nhd-120656387,nhd-120656387,120656387,120656387,,,390,390,39004,39004,False,True,,EXPLAINED,UNCHANGED,
waterbodies,nhd-120656391,nhd-120656391,120656391,120656391,,,390,390,39001,39001,False,True,,EXPLAINED,UNCHANGED,
waterbodies,nhd-120656392,nhd-120656392,120656392,120656392,,,390,390,39004,39004,False,True,,EXPLAINED,UNCHANGED,
waterbodies,nhd-120656393,nhd-120656393,120656393,120656393,,,390,390,39001,39001,False,True,,EXPLAINED,UNCHANGED,
waterbodies,nhd-120656394,nhd-120656394,120656394,120656394,,,390,390,39001,39001,False,True,,EXPLAINED,UNCHANGED,
waterbodies,nhd-120656396,nhd-120656396,120656396,120656396,,,390,390,39001,39001,False,True,,EXPLAINED,UNCHANGED,
waterbodies,nhd-120656398,nhd-120656398,120656398,120656398,,,390,390,39001,39001,False,True,,EXPLAINED,UNCHANGED,
waterbodies,nhd-120656399,nhd-120656399,120656399,120656399,,,390,390,39001,39001,False,True,,EXPLAINED,UNCHANGED,
waterbodies,nhd-120656402,nhd-120656402,120656402,120656402,,,390,390,39001,39001,False,True,,EXPLAINED,UNCHANGED,
waterbodies,nhd-120656403,nhd-120656403,120656403,120656403,,,390,390,39001,39001,False,True,,EXPLAINED,UNCHANGED,
waterbodies,nhd-120656404,nhd-120656404,120656404,120656404,,,390,390,39001,39001,False,True,,EXPLAINED,UNCHANGED,
waterbodies,nhd-120656405,nhd-120656405,120656405,120656405,Franktown Parker FPA-4 Reservoir,Franktown Parker FPA-4 Reservoir,390,390,39001,39001,False,True,,EXPLAINED,UNCHANGED,
waterbodies,nhd-120656407,nhd-120656407,120656407,120656407,,,390,390,39001,39001,False,True,,EXPLAINED,UNCHANGED,
waterbodies,nhd-120656410,nhd-120656410,120656410,120656410,,,390,390,39001,39001,False,True,,EXPLAINED,UNCHANGED,
waterbodies,nhd-120656411,nhd-120656411,120656411,120656411,,,390,390,39001,39001,False,True,,EXPLAINED,UNCHANGED,
waterbodies,nhd-120656412,nhd-120656412,120656412,120656412,,,390,390,39001,39001,False,True,,EXPLAINED,UNCHANGED,
waterbodies,nhd-120656413,nhd-120656413,120656413,120656413,,,390,390,39001,39001,False,True,,EXPLAINED,UNCHANGED,
waterbodies,nhd-120656414,nhd-120656414,120656414,120656414,,,390,390,39001,39001,False,True,,EXPLAINED,UNCHANGED,
waterbodies,nhd-120656415,nhd-120656415,120656415,120656415,,,390,390,39001,39001,False,True,,EXPLAINED,UNCHANGED,
waterbodies,nhd-120656416,nhd-120656416,120656416,120656416,,,390,390,39001,39001,False,True,,EXPLAINED,UNCHANGED,
waterbodies,nhd-120656417,nhd-120656417,120656417,120656417,,,390,390,39001,39001,False,True,,EXPLAINED,UNCHANGED,
waterbodies,nhd-120656418,nhd-120656418,120656418,120656418,,,390,390,39001,39001,False,True,,EXPLAINED,UNCHANGED,
waterbodies,nhd-120656420,nhd-120656420,120656420,120656420,,,390,390,39001,39001,False,True,,EXPLAINED,UNCHANGED,
waterbodies,nhd-120656421,nhd-120656421,120656421,120656421,,,390,390,39001,39001,False,True,,EXPLAINED,UNCHANGED,
waterbodies,nhd-120656422,nhd-120656422,120656422,120656422,,,390,390,39001,39001,False,True,,EXPLAINED,UNCHANGED,
waterbodies,nhd-120656423,nhd-120656423,120656423,120656423,,,390,390,39001,39001,False,True,,EXPLAINED,UNCHANGED,
waterbodies,nhd-120656424,nhd-120656424,120656424,120656424,,,390,390,39004,39004,False,True,,EXPLAINED,UNCHANGED,
waterbodies,nhd-120656425,nhd-120656425,120656425,120656425,,,390,390,39001,39001,False,True,,EXPLAINED,UNCHANGED,
waterbodies,nhd-120656426,nhd-120656426,120656426,120656426,,,390,390,39001,39001,False,True,,EXPLAINED,UNCHANGED,
waterbodies,nhd-120656427,nhd-120656427,120656427,120656427,,,390,390,39001,39001,False,True,,EXPLAINED,UNCHANGED,
waterbodies,nhd-120656428,nhd-120656428,120656428,120656428,,,390,390,39001,39001,False,True,,EXPLAINED,UNCHANGED,
waterbodies,nhd-120656430,nhd-120656430,120656430,120656430,,,390,390,39001,39001,False,True,,EXPLAINED,UNCHANGED,
waterbodies,nhd-120656431,nhd-120656431,120656431,120656431,,,390,390,39001,39001,False,True,,EXPLAINED,UNCHANGED,
waterbodies,nhd-120656432,nhd-120656432,120656432,120656432,,,390,390,39001,39001,False,True,,EXPLAINED,UNCHANGED,
waterbodies,nhd-120656433,nhd-120656433,120656433,120656433,,,390,390,39001,39001,False,True,,EXPLAINED,UNCHANGED,
waterbodies,nhd-120656435,nhd-120656435,120656435,120656435,,,390,390,39001,39001,False,True,,EXPLAINED,UNCHANGED,
waterbodies,nhd-120656436,nhd-120656436,120656436,120656436,,,390,390,39001,39001,False,True,,EXPLAINED,UNCHANGED,
waterbodies,nhd-120656437,nhd-120656437,120656437,120656437,,,390,390,39001,39001,False,True,,EXPLAINED,UNCHANGED,
waterbodies,nhd-120656438,nhd-120656438,120656438,120656438,,,390,390,39001,39001,False,True,,EXPLAINED,UNCHANGED,
waterbodies,nhd-120656439,nhd-120656439,120656439,120656439,,,390,390,39004,39004,False,True,,EXPLAINED,UNCHANGED,
waterbodies,nhd-120656440,nhd-120656440,120656440,120656440,,,390,390,39001,39001,False,True,,EXPLAINED,UNCHANGED,
waterbodies,nhd-120656441,nhd-120656441,120656441,120656441,,,390,390,39004,39004,False,True,,EXPLAINED,UNCHANGED,
waterbodies,nhd-120656442,nhd-120656442,120656442,120656442,,,390,390,39001,39001,False,True,,EXPLAINED,UNCHANGED,
waterbodies,nhd-120656443,nhd-120656443,120656443,120656443,,,390,390,39001,39001,False,True,,EXPLAINED,UNCHANGED,
waterbodies,nhd-120656444,nhd-120656444,120656444,120656444,,,390,390,39004,39004,False,True,,EXPLAINED,UNCHANGED,
waterbodies,nhd-120656445,nhd-120656445,120656445,120656445,,,390,390,39001,39001,False,True,,EXPLAINED,UNCHANGED,
waterbodies,nhd-120656446,nhd-120656446,120656446,120656446,,,390,390,39001,39001,False,True,,EXPLAINED,UNCHANGED,
waterbodies,nhd-120656447,nhd-120656447,120656447,120656447,,,390,390,39001,39001,False,True,,EXPLAINED,UNCHANGED,
waterbodies,nhd-120656448,nhd-120656448,120656448,120656448,,,390,390,39001,39001,False,True,,EXPLAINED,UNCHANGED,
waterbodies,nhd-120656449,nhd-120656449,120656449,120656449,,,390,390,39001,39001,False,True,,EXPLAINED,UNCHANGED,
waterbodies,nhd-120656450,nhd-120656450,120656450,120656450,,,390,390,39001,39001,False,True,,EXPLAINED,UNCHANGED,
waterbodies,nhd-120656451,nhd-120656451,120656451,120656451,,,390,390,39001,39001,False,True,,EXPLAINED,UNCHANGED,
waterbodies,nhd-120656452,nhd-120656452,120656452,120656452,,,390,390,39001,39001,False,True,,EXPLAINED,UNCHANGED,
waterbodies,nhd-120656453,nhd-120656453,120656453,120656453,,,390,390,39001,39001,False,True,,EXPLAINED,UNCHANGED,
waterbodies,nhd-120656454,nhd-120656454,120656454,120656454,,,390,390,39001,39001,False,True,,EXPLAINED,UNCHANGED,
waterbodies,nhd-120656455,nhd-120656455,120656455,120656455,,,390,390,39001,39001,False,True,,EXPLAINED,UNCHANGED,
waterbodies,nhd-120656456,nhd-120656456,120656456,120656456,,,390,390,39001,39001,False,True,,EXPLAINED,UNCHANGED,
waterbodies,nhd-120656457,nhd-120656457,120656457,120656457,,,390,390,39001,39001,False,True,,EXPLAINED,UNCHANGED,
waterbodies,nhd-120656459,nhd-120656459,120656459,120656459,,,390,390,39001,39001,False,True,,EXPLAINED,UNCHANGED,
waterbodies,nhd-120656460,nhd-120656460,120656460,120656460,,,390,390,39001,39001,False,True,,EXPLAINED,UNCHANGED,
waterbodies,nhd-120656461,nhd-120656461,120656461,120656461,,,390,390,39001,39001,False,True,,EXPLAINED,UNCHANGED,
waterbodies,nhd-120656462,nhd-120656462,120656462,120656462,,,390,390,39001,39001,False,True,,EXPLAINED,UNCHANGED,
waterbodies,nhd-120656463,nhd-120656463,120656463,120656463,,,390,390,39001,39001,False,True,,EXPLAINED,UNCHANGED,
waterbodies,nhd-120656465,nhd-120656465,120656465,120656465,,,390,390,39001,39001,False,True,,EXPLAINED,UNCHANGED,
waterbodies,nhd-120656466,nhd-120656466,120656466,120656466,,,390,390,39001,39001,False,True,,EXPLAINED,UNCHANGED,
waterbodies,nhd-120656467,nhd-120656467,120656467,120656467,,,390,390,39001,39001,False,True,,EXPLAINED,UNCHANGED,
waterbodies,nhd-120656469,nhd-120656469,120656469,120656469,,,390,390,39001,39001,False,True,,EXPLAINED,UNCHANGED,
waterbodies,nhd-120656470,nhd-120656470,120656470,120656470,,,390,390,39001,39001,False,True,,EXPLAINED,UNCHANGED,
waterbodies,nhd-120656472,nhd-120656472,120656472,120656472,,,390,390,39001,39001,False,True,,EXPLAINED,UNCHANGED,
waterbodies,nhd-120656473,nhd-120656473,120656473,120656473,,,390,390,39001,39001,False,True,,EXPLAINED,UNCHANGED,
waterbodies,nhd-120656474,nhd-120656474,120656474,120656474,West Cherry Creek Detention Number 9 Reservoir,West Cherry Creek Detention Number 9 Reservoir,390,390,39001,39001,False,True,,EXPLAINED,UNCHANGED,
waterbodies,nhd-120656475,nhd-120656475,120656475,120656475,,,390,390,39001,39001,False,True,,EXPLAINED,UNCHANGED,
waterbodies,nhd-120656476,nhd-120656476,120656476,120656476,,,390,390,39001,39001,False,True,,EXPLAINED,UNCHANGED,
waterbodies,nhd-120656477,nhd-120656477,120656477,120656477,,,390,390,39001,39001,False,True,,EXPLAINED,UNCHANGED,
waterbodies,nhd-120656478,nhd-120656478,120656478,120656478,,,390,390,39001,39001,False,True,,EXPLAINED,UNCHANGED,
waterbodies,nhd-120656479,nhd-120656479,120656479,120656479,,,390,390,39001,39001,False,True,,EXPLAINED,UNCHANGED,
waterbodies,nhd-120656480,nhd-120656480,120656480,120656480,,,390,390,39001,39001,False,True,,EXPLAINED,UNCHANGED,
waterbodies,nhd-120656481,nhd-120656481,120656481,120656481,,,390,390,39001,39001,False,True,,EXPLAINED,UNCHANGED,
waterbodies,nhd-120656482,nhd-120656482,120656482,120656482,,,390,390,39001,39001,False,True,,EXPLAINED,UNCHANGED,
waterbodies,nhd-120656484,nhd-120656484,120656484,120656484,,,390,390,39001,39001,False,True,,EXPLAINED,UNCHANGED,
waterbodies,nhd-120656485,nhd-120656485,120656485,120656485,,,390,390,39001,39001,False,True,,EXPLAINED,UNCHANGED,
waterbodies,nhd-120656486,nhd-120656486,120656486,120656486,,,390,390,39001,39001,False,True,,EXPLAINED,UNCHANGED,
waterbodies,nhd-120656487,nhd-120656487,120656487,120656487,,,390,390,39001,39001,False,True,,EXPLAINED,UNCHANGED,
waterbodies,nhd-120656488,nhd-120656488,120656488,120656488,West Cherry Creek Detention Number 8 Reservoir,West Cherry Creek Detention Number 8 Reservoir,390,390,39001,39001,False,True,,EXPLAINED,UNCHANGED,
waterbodies,nhd-120656489,nhd-120656489,120656489,120656489,West Cherry Creek Detention Number 7 Reservoir,West Cherry Creek Detention Number 7 Reservoir,390,390,39004,39004,False,True,,EXPLAINED,UNCHANGED,
waterbodies,nhd-120656490,nhd-120656490,120656490,120656490,,,390,390,39001,39001,False,True,,EXPLAINED,UNCHANGED,
waterbodies,nhd-120656491,nhd-120656491,120656491,120656491,,,390,390,39001,39001,False,True,,EXPLAINED,UNCHANGED,
waterbodies,nhd-120656492,nhd-120656492,120656492,120656492,,,390,390,39001,39001,False,True,,EXPLAINED,UNCHANGED,
waterbodies,nhd-120656493,nhd-120656493,120656493,120656493,,,390,390,39001,39001,False,True,,EXPLAINED,UNCHANGED,
waterbodies,nhd-120656494,nhd-120656494,120656494,120656494,,,390,390,39001,39001,False,True,,EXPLAINED,UNCHANGED,
waterbodies,nhd-120656495,nhd-120656495,120656495,120656495,,,390,390,39001,39001,False,True,,EXPLAINED,UNCHANGED,
waterbodies,nhd-120656496,nhd-120656496,120656496,120656496,,,390,390,39001,39001,False,True,,EXPLAINED,UNCHANGED,
waterbodies,nhd-120656497,nhd-120656497,120656497,120656497,,,390,390,39001,39001,False,True,,EXPLAINED,UNCHANGED,
waterbodies,nhd-120656498,nhd-120656498,120656498,120656498,,,390,390,39001,39001,False,True,,EXPLAINED,UNCHANGED,
waterbodies,nhd-120656499,nhd-120656499,120656499,120656499,,,390,390,39001,39001,False,True,,EXPLAINED,UNCHANGED,
waterbodies,nhd-120656500,nhd-120656500,120656500,120656500,,,390,390,39001,39001,False,True,,EXPLAINED,UNCHANGED,
waterbodies,nhd-120656501,nhd-120656501,120656501,120656501,,,390,390,39001,39001,False,True,,EXPLAINED,UNCHANGED,
waterbodies,nhd-120656502,nhd-120656502,120656502,120656502,Franktown Parker FPE-7 Reservoir,Franktown Parker FPE-7 Reservoir,390,390,39001,39001,False,True,,EXPLAINED,UNCHANGED,
waterbodies,nhd-120656503,nhd-120656503,120656503,120656503,,,390,390,39001,39001,False,True,,EXPLAINED,UNCHANGED,
waterbodies,nhd-120656504,nhd-120656504,120656504,120656504,,,390,390,39001,39001,False,True,,EXPLAINED,UNCHANGED,
waterbodies,nhd-120656505,nhd-120656505,120656505,120656505,,,390,390,39001,39001,False,True,,EXPLAINED,UNCHANGED,
waterbodies,nhd-120656506,nhd-120656506,120656506,120656506,,,390,390,39001,39001,False,True,,EXPLAINED,UNCHANGED,
waterbodies,nhd-120656508,nhd-120656508,120656508,120656508,,,390,390,39001,39001,False,True,,EXPLAINED,UNCHANGED,
waterbodies,nhd-120656509,nhd-120656509,120656509,120656509,,,390,390,39001,39001,False,True,,EXPLAINED,UNCHANGED,
waterbodies,nhd-120656510,nhd-120656510,120656510,120656510,,,390,390,39001,39001,False,True,,EXPLAINED,UNCHANGED,
waterbodies,nhd-120656512,nhd-120656512,120656512,120656512,,,390,390,39001,39001,False,True,,EXPLAINED,UNCHANGED,
waterbodies,,nhd-120656513,,120656513,,,,390,,39001,False,False,,EXPLAINED,ADDED_IN_STRIP,
waterbodies,nhd-120656514,nhd-120656514,120656514,120656514,,,390,390,39001,39001,False,True,,EXPLAINED,UNCHANGED,
waterbodies,nhd-120656515,nhd-120656515,120656515,120656515,,,390,390,39001,39001,False,True,,EXPLAINED,UNCHANGED,
waterbodies,nhd-120656516,nhd-120656516,120656516,120656516,,,390,390,39001,39001,False,True,,EXPLAINED,UNCHANGED,
waterbodies,nhd-120656517,nhd-120656517,120656517,120656517,,,390,390,39001,39001,False,True,,EXPLAINED,UNCHANGED,
waterbodies,,nhd-120656518,,120656518,,,,390,,39001,False,False,,EXPLAINED,ADDED_IN_STRIP,
waterbodies,nhd-120656519,nhd-120656519,120656519,120656519,,,390,390,39001,39001,False,True,,EXPLAINED,UNCHANGED,
waterbodies,nhd-120656520,nhd-120656520,120656520,120656520,,,390,390,39001,39001,False,True,,EXPLAINED,UNCHANGED,
waterbodies,,nhd-120656521,,120656521,,,,390,,39001,False,False,,EXPLAINED,ADDED_IN_STRIP,
waterbodies,,nhd-120656524,,120656524,,,,390,,39001,False,False,,EXPLAINED,ADDED_IN_STRIP,
waterbodies,,nhd-120656525,,120656525,,,,390,,39001,False,False,,EXPLAINED,ADDED_IN_STRIP,
waterbodies,,nhd-120656526,,120656526,,,,390,,39001,False,False,,EXPLAINED,ADDED_IN_STRIP,
waterbodies,,nhd-120656527,,120656527,,,,390,,39001,False,False,,EXPLAINED,ADDED_IN_STRIP,
waterbodies,,nhd-120656529,,120656529,,,,390,,39001,False,False,,EXPLAINED,ADDED_IN_STRIP,
waterbodies,,nhd-120656530,,120656530,,,,390,,39001,False,False,,EXPLAINED,ADDED_IN_STRIP,
waterbodies,,nhd-120656532,,120656532,,,,390,,39001,False,False,,EXPLAINED,ADDED_IN_STRIP,
waterbodies,,nhd-120656534,,120656534,,,,390,,39001,False,False,,EXPLAINED,ADDED_IN_STRIP,
waterbodies,,nhd-120656536,,120656536,,,,390,,39001,False,False,,EXPLAINED,ADDED_IN_STRIP,
waterbodies,,nhd-120656539,,120656539,,,,390,,39001,False,False,,EXPLAINED,ADDED_IN_STRIP,
waterbodies,,nhd-120656545,,120656545,,,,390,,39001,False,False,,EXPLAINED,ADDED_IN_STRIP,
waterbodies,nhd-13e573b1-c56c-49c5-9298-be551598d368,nhd-13e573b1-c56c-49c5-9298-be551598d368,13e573b1-c56c-49c5-9298-be551598d368,13e573b1-c56c-49c5-9298-be551598d368,,,390,390,39011,39011,False,True,,EXPLAINED,UNCHANGED,
waterbodies,,nhd-1711BC21-D607-41CD-B841-7D0E7C4A4F5A,,{1711BC21-D607-41CD-B841-7D0E7C4A4F5A},,South Platte Reservoir,,436,,43618,False,False,,EXPLAINED,ADDED_IN_STRIP,
waterbodies,nhd-34ab3d08-b638-4011-9e3d-167cd78fd4b5,nhd-34ab3d08-b638-4011-9e3d-167cd78fd4b5,34ab3d08-b638-4011-9e3d-167cd78fd4b5,34ab3d08-b638-4011-9e3d-167cd78fd4b5,,,390,390,39011,39011,False,True,,EXPLAINED,UNCHANGED,
waterbodies,nhd-3af3a63e-8a13-480a-8693-2e5569fee39e,nhd-3af3a63e-8a13-480a-8693-2e5569fee39e,3af3a63e-8a13-480a-8693-2e5569fee39e,3af3a63e-8a13-480a-8693-2e5569fee39e,,,390,390,39011,39011,False,True,,EXPLAINED,UNCHANGED,
waterbodies,nhd-439ec639-8e6c-4445-a73d-812ba7c361cc,nhd-439ec639-8e6c-4445-a73d-812ba7c361cc,439ec639-8e6c-4445-a73d-812ba7c361cc,439ec639-8e6c-4445-a73d-812ba7c361cc,,,390,390,39011,39011,False,True,,EXPLAINED,UNCHANGED,
waterbodies,nhd-4909c8b7-e666-46d9-88b6-96452ca60629,nhd-4909c8b7-e666-46d9-88b6-96452ca60629,4909c8b7-e666-46d9-88b6-96452ca60629,4909c8b7-e666-46d9-88b6-96452ca60629,,,436,436,43612,43612,False,True,,EXPLAINED,UNCHANGED,
waterbodies,nhd-4e006afe-0379-49a3-af60-51dd47b27687,nhd-4e006afe-0379-49a3-af60-51dd47b27687,4e006afe-0379-49a3-af60-51dd47b27687,4e006afe-0379-49a3-af60-51dd47b27687,,,436,436,43612,43612,False,True,,EXPLAINED,UNCHANGED,
waterbodies,nhd-54f44599-b41b-477b-b111-d028ad2bddf8,nhd-54f44599-b41b-477b-b111-d028ad2bddf8,54f44599-b41b-477b-b111-d028ad2bddf8,54f44599-b41b-477b-b111-d028ad2bddf8,,,390,390,39011,39011,False,True,,EXPLAINED,UNCHANGED,
waterbodies,nhd-5dfac348-a96e-4d37-83a3-8fd61c01f3db,nhd-5dfac348-a96e-4d37-83a3-8fd61c01f3db,5dfac348-a96e-4d37-83a3-8fd61c01f3db,5dfac348-a96e-4d37-83a3-8fd61c01f3db,,,436,436,43612,43612,False,True,,EXPLAINED,UNCHANGED,
waterbodies,nhd-6179a46e-d5c5-49b4-a234-4cb1bdddea37,nhd-6179a46e-d5c5-49b4-a234-4cb1bdddea37,6179a46e-d5c5-49b4-a234-4cb1bdddea37,6179a46e-d5c5-49b4-a234-4cb1bdddea37,,,436,436,43612,43612,False,True,,EXPLAINED,UNCHANGED,
waterbodies,nhd-72b37623-5e83-4f66-8bc5-eec35211e2dc,nhd-72b37623-5e83-4f66-8bc5-eec35211e2dc,72b37623-5e83-4f66-8bc5-eec35211e2dc,72b37623-5e83-4f66-8bc5-eec35211e2dc,,,390,390,39011,39011,False,True,,EXPLAINED,UNCHANGED,
waterbodies,nhd-C4A03B96-2738-484A-995F-2B66C36738E0,nhd-C4A03B96-2738-484A-995F-2B66C36738E0,{C4A03B96-2738-484A-995F-2B66C36738E0},{C4A03B96-2738-484A-995F-2B66C36738E0},Rueter-Hess Reservoir,Rueter-Hess Reservoir,436,436,43619,43619,False,True,,EXPLAINED,UNCHANGED,
waterbodies,nhd-c8cb91b7-5a29-47a2-aa05-80ab0051116c,nhd-c8cb91b7-5a29-47a2-aa05-80ab0051116c,c8cb91b7-5a29-47a2-aa05-80ab0051116c,c8cb91b7-5a29-47a2-aa05-80ab0051116c,,,436,436,43612,43612,False,True,,EXPLAINED,UNCHANGED,
waterbodies,nhd-d10f59a7-05c0-47cc-ace9-2a05019d3c85,nhd-d10f59a7-05c0-47cc-ace9-2a05019d3c85,d10f59a7-05c0-47cc-ace9-2a05019d3c85,d10f59a7-05c0-47cc-ace9-2a05019d3c85,,,436,436,43612,43612,False,True,,EXPLAINED,UNCHANGED,
waterbodies,nhd-d55467f0-7114-4faf-a083-e3aff252fd30,nhd-d55467f0-7114-4faf-a083-e3aff252fd30,d55467f0-7114-4faf-a083-e3aff252fd30,d55467f0-7114-4faf-a083-e3aff252fd30,,,390,390,39011,39011,False,True,,EXPLAINED,UNCHANGED,
