region,layer,legacy_id,new_id,name
aspen,flowline,nhd-flowline-41284,nhd-72983248,
aspen,flowline,nhd-flowline-41294,nhd-72963042,
aspen,flowline,nhd-flowline-41313,nhd-165833741,Hunter Creek
aspen,flowline,nhd-flowline-41319,nhd-165816904,
aspen,flowline,nhd-flowline-41325,nhd-165834088,
aspen,flowline,nhd-flowline-41335,nhd-165819399,
aspen,flowline,nhd-flowline-41337,nhd-165830096,Lost Man Creek
aspen,flowline,nhd-flowline-41347,nhd-165834034,
aspen,flowline,nhd-flowline-41359,nhd-72983222,
aspen,flowline,nhd-flowline-41361,nhd-165831274,
aspen,flowline,nhd-flowline-41381,nhd-165828937,
aspen,flowline,nhd-flowline-41382,nhd-165818299,
aspen,flowline,nhd-flowline-41442,nhd-165836017,
aspen,flowline,nhd-flowline-41452,nhd-165829727,
aspen,flowline,nhd-flowline-41466,nhd-72965108,
aspen,flowline,nhd-flowline-41474,nhd-72972118,
aspen,flowline,nhd-flowline-41520,nhd-72963510,Roaring Fork River
aspen,flowline,nhd-flowline-42170,nhd-165821752,Woody Creek
aspen,flowline,nhd-flowline-42176,nhd-165831000,
aspen,flowline,nhd-flowline-42245,nhd-72971544,West Maroon Creek
aspen,flowline,nhd-flowline-42274,nhd-165818861,Roaring Fork River
aspen,flowline,nhd-flowline-42343,nhd-165826127,
aspen,flowline,nhd-flowline-42390,nhd-165833810,
aspen,flowline,nhd-flowline-42413,nhd-165826806,
aspen,flowline,nhd-flowline-42419,nhd-165834279,Conundrum Creek
aspen,flowline,nhd-flowline-42433,nhd-165826850,East Fork South Fork Crystal River
aspen,flowline,nhd-flowline-42437,nhd-165821742,
aspen,flowline,nhd-flowline-42466,nhd-165831008,
aspen,flowline,nhd-flowline-42472,nhd-72962974,
aspen,flowline,nhd-flowline-42473,nhd-165833543,
aspen,flowline,nhd-flowline-42481,nhd-165816908,
aspen,flowline,nhd-flowline-42486,nhd-165827172,Hunter Creek
aspen,flowline,nhd-flowline-42494,nhd-165829018,
aspen,flowline,nhd-flowline-42510,nhd-165832657,
aspen,flowline,nhd-flowline-42529,nhd-165834584,
aspen,flowline,nhd-flowline-42531,nhd-165829642,
aspen,flowline,nhd-flowline-42532,nhd-165834729,East Maroon Creek
aspen,flowline,nhd-flowline-42555,nhd-165831591,
aspen,flowline,nhd-flowline-42559,nhd-165823722,
aspen,flowline,nhd-flowline-42598,nhd-165831301,Hunter Creek
aspen,flowline,nhd-flowline-42627,nhd-165833960,
aspen,flowline,nhd-flowline-107097,nhd-165835823,
aspen,flowline,nhd-flowline-107173,nhd-165835033,
aspen,flowline,nhd-flowline-108524,nhd-165830756,
aspen,flowline,nhd-flowline-108529,nhd-72972180,Sawyer Creek Conduit
aspen,flowline,nhd-flowline-113618,nhd-163086485,
aspen,flowline,nhd-flowline-142963,nhd-72962770,
aspen,flowline,nhd-flowline-142964,nhd-72968668,Castle Creek
aspen,flowline,nhd-flowline-145861,nhd-65880883,Pine Creek
aspen,flowline,nhd-flowline-145883,nhd-159067947,
aspen,flowline,nhd-flowline-145933,nhd-159072474,
aspen,flowline,nhd-flowline-213113,nhd-65878223,
aspen,flowline,nhd-flowline-213164,nhd-159069548,
aspen,flowline,nhd-flowline-213166,nhd-159067935,
aspen,flowline,nhd-flowline-263093,nhd-165818150,
aspen,flowline,nhd-flowline-263094,nhd-165833269,
aspen,flowline,nhd-flowline-263119,nhd-165821000,
aspen,flowline,nhd-flowline-263133,nhd-165826130,
aspen,flowline,nhd-flowline-263153,nhd-72981460,No Name Creek
aspen,flowline,nhd-flowline-263155,nhd-165834327,
aspen,flowline,nhd-flowline-263157,nhd-165833942,
aspen,flowline,nhd-flowline-263182,nhd-165830569,
aspen,flowline,nhd-flowline-263217,nhd-165831843,
aspen,flowline,nhd-flowline-263223,nhd-72969250,
aspen,flowline,nhd-flowline-263224,nhd-165834465,
aspen,flowline,nhd-flowline-263233,nhd-72980402,
aspen,flowline,nhd-flowline-263242,nhd-165831311,
aspen,flowline,nhd-flowline-263258,nhd-165832978,Roaring Fork River
aspen,flowline,nhd-flowline-263283,nhd-72972124,
aspen,flowline,nhd-flowline-263945,nhd-165818420,Maroon Creek
aspen,flowline,nhd-flowline-263991,nhd-165829648,
aspen,flowline,nhd-flowline-264084,nhd-165823564,
aspen,flowline,nhd-flowline-264102,nhd-165833782,
aspen,flowline,nhd-flowline-264113,nhd-165827315,
aspen,flowline,nhd-flowline-264119,nhd-165833505,
aspen,flowline,nhd-flowline-264139,nhd-165834355,
aspen,flowline,nhd-flowline-264148,nhd-165833189,
aspen,flowline,nhd-flowline-264150,nhd-165834190,Lincoln Gulch Connection Canal
aspen,flowline,nhd-flowline-264186,nhd-165834703,Willow Creek
aspen,flowline,nhd-flowline-264194,nhd-165820313,
aspen,flowline,nhd-flowline-264205,nhd-165833147,
aspen,flowline,nhd-flowline-264243,nhd-165831059,
aspen,flowline,nhd-flowline-264247,nhd-165834526,
aspen,flowline,nhd-flowline-264266,nhd-165833737,
aspen,flowline,nhd-flowline-264326,nhd-165835939,
aspen,flowline,nhd-flowline-264346,nhd-165826692,
aspen,flowline,nhd-flowline-330930,nhd-165834430,
aspen,flowline,nhd-flowline-345839,nhd-165834362,
aspen,flowline,nhd-flowline-369169,nhd-159067972,
aspen,flowline,nhd-flowline-369185,nhd-65878785,
aspen,flowline,nhd-flowline-487450,nhd-165833285,
aspen,flowline,nhd-flowline-487461,nhd-72965190,Nickelson Creek
aspen,flowline,nhd-flowline-487477,nhd-165826118,
aspen,flowline,nhd-flowline-487488,nhd-72981378,
aspen,flowline,nhd-flowline-487502,nhd-72965152,Snowmass Creek
aspen,flowline,nhd-flowline-487514,nhd-165833490,
aspen,flowline,nhd-flowline-487567,nhd-165818778,
aspen,flowline,nhd-flowline-487593,nhd-72969828,
aspen,flowline,nhd-flowline-487595,nhd-165830937,
aspen,flowline,nhd-flowline-487605,nhd-165819572,
aspen,flowline,nhd-flowline-487621,nhd-165820630,
aspen,flowline,nhd-flowline-487622,nhd-165831065,
aspen,flowline,nhd-flowline-487624,nhd-165831202,
aspen,flowline,nhd-flowline-488441,nhd-165830745,
aspen,flowline,nhd-flowline-488445,nhd-72978118,
aspen,flowline,nhd-flowline-488477,nhd-165833474,
aspen,flowline,nhd-flowline-488561,nhd-166906334,
aspen,flowline,nhd-flowline-488572,nhd-165820123,Castle Creek
aspen,flowline,nhd-flowline-488604,nhd-165823571,Express Creek
aspen,flowline,nhd-flowline-488624,nhd-165829146,Hunter Creek
aspen,flowline,nhd-flowline-488655,nhd-165831271,
aspen,flowline,nhd-flowline-488681,nhd-165834775,New York Collection Canal
aspen,flowline,nhd-flowline-488696,nhd-165818291,
aspen,flowline,nhd-flowline-488701,nhd-72969004,
aspen,flowline,nhd-flowline-488737,nhd-72964708,Capitol Creek
aspen,flowline,nhd-flowline-488748,nhd-72971346,West Maroon Creek
aspen,flowline,nhd-flowline-488754,nhd-165834949,
aspen,flowline,nhd-flowline-488769,nhd-72969178,
aspen,flowline,nhd-flowline-488807,nhd-165834774,New York Collection Canal
aspen,flowline,nhd-flowline-488810,nhd-165819678,Roaring Fork River
aspen,flowline,nhd-flowline-488816,nhd-165818423,Maroon Creek
aspen,flowline,nhd-flowline-488859,nhd-165834674,
aspen,flowline,nhd-flowline-542605,nhd-165835851,Grizzly Creek
aspen,flowline,nhd-flowline-542689,nhd-72969672,Grizzly Creek
aspen,flowline,nhd-flowline-554065,nhd-165825954,
aspen,flowline,nhd-flowline-554088,nhd-165818472,
aspen,flowline,nhd-flowline-568391,nhd-159067979,
aspen,flowline,nhd-flowline-594087,nhd-159069487,Taylor River
aspen,flowline,nhd-flowline-594112,nhd-159069477,Pine Creek
aspen,flowline,nhd-flowline-595212,nhd-72981560,
aspen,flowline,nhd-flowline-661222,nhd-65879817,
aspen,flowline,nhd-flowline-711062,nhd-72962870,
aspen,flowline,nhd-flowline-711083,nhd-165833341,
aspen,flowline,nhd-flowline-711091,nhd-165823721,
aspen,flowline,nhd-flowline-711099,nhd-165826879,
aspen,flowline,nhd-flowline-711101,nhd-165836039,
aspen,flowline,nhd-flowline-711124,nhd-165829723,
aspen,flowline,nhd-flowline-711125,nhd-165830214,Roaring Fork River
aspen,flowline,nhd-flowline-711147,nhd-72975086,
aspen,flowline,nhd-flowline-711155,nhd-165827052,
aspen,flowline,nhd-flowline-711171,nhd-165831211,Wildcat Creek
aspen,flowline,nhd-flowline-711184,nhd-165835488,
aspen,flowline,nhd-flowline-711185,nhd-165820296,
aspen,flowline,nhd-flowline-711212,nhd-165822357,
aspen,flowline,nhd-flowline-711219,nhd-165831141,
aspen,flowline,nhd-flowline-711248,nhd-165821768,
aspen,flowline,nhd-flowline-712009,nhd-72975074,
aspen,flowline,nhd-flowline-712047,nhd-72969410,Maroon Creek
aspen,flowline,nhd-flowline-712090,nhd-165834705,Pine Creek
aspen,flowline,nhd-flowline-712205,nhd-165827721,
aspen,flowline,nhd-flowline-712228,nhd-165826545,
aspen,flowline,nhd-flowline-712234,nhd-165834652,Conundrum Creek
aspen,flowline,nhd-flowline-712236,nhd-165828968,
aspen,flowline,nhd-flowline-712268,nhd-165835522,
aspen,flowline,nhd-flowline-712269,nhd-165821516,Bear Creek
aspen,flowline,nhd-flowline-712281,nhd-165833732,Lime Creek
aspen,flowline,nhd-flowline-712287,nhd-72975052,
aspen,flowline,nhd-flowline-712293,nhd-72981248,Woody Creek
aspen,flowline,nhd-flowline-712308,nhd-72965106,
aspen,flowline,nhd-flowline-712322,nhd-165834118,Johnson Creek
aspen,flowline,nhd-flowline-712329,nhd-165834723,Difficult Creek
aspen,flowline,nhd-flowline-712333,nhd-165828939,Snowmass Creek
aspen,flowline,nhd-flowline-712342,nhd-72968610,
aspen,flowline,nhd-flowline-712344,nhd-72972700,Lost Man Creek
aspen,flowline,nhd-flowline-712354,nhd-72969272,
aspen,flowline,nhd-flowline-712355,nhd-72969146,
aspen,flowline,nhd-flowline-712362,nhd-165819576,
aspen,flowline,nhd-flowline-712366,nhd-165826548,
aspen,flowline,nhd-flowline-712367,nhd-72981472,
aspen,flowline,nhd-flowline-712387,nhd-165833468,
aspen,flowline,nhd-flowline-712420,nhd-165833941,
aspen,flowline,nhd-flowline-712470,nhd-8BE8A1AE-5650-4D6A-B762-B84A5348CB47,Hunter Creek
aspen,flowline,nhd-flowline-712589,nhd-165829158,
aspen,flowline,nhd-flowline-778699,nhd-165818416,West Willow Creek
aspen,flowline,nhd-flowline-782944,nhd-159069576,Bowman Creek
aspen,flowline,nhd-flowline-816790,nhd-159067992,East River
aspen,flowline,nhd-flowline-817916,nhd-165834707,
aspen,flowline,nhd-flowline-884588,nhd-159067943,
aspen,flowline,nhd-flowline-934938,nhd-165833922,
aspen,flowline,nhd-flowline-934945,nhd-165831450,Wilbur Creek
aspen,flowline,nhd-flowline-934959,nhd-165830227,
aspen,flowline,nhd-flowline-934976,nhd-165833418,Casaday Creek
aspen,flowline,nhd-flowline-934980,nhd-165831123,
aspen,flowline,nhd-flowline-934991,nhd-165833756,
aspen,flowline,nhd-flowline-934995,nhd-165831033,
aspen,flowline,nhd-flowline-935020,nhd-165831685,South Fork Fryingpan River
aspen,flowline,nhd-flowline-935039,nhd-165828735,Lincoln Creek
aspen,flowline,nhd-flowline-935042,nhd-165831479,Roaring Fork River
aspen,flowline,nhd-flowline-935083,nhd-72969124,Brush Creek
aspen,flowline,nhd-flowline-935095,nhd-165827980,
aspen,flowline,nhd-flowline-935105,nhd-165832922,
aspen,flowline,nhd-flowline-935110,nhd-165834111,Lincoln Gulch Connection Canal
aspen,flowline,nhd-flowline-935114,nhd-165825872,Fall Creek
aspen,flowline,nhd-flowline-935119,nhd-165832351,
aspen,flowline,nhd-flowline-935198,nhd-165833405,
aspen,flowline,nhd-flowline-935872,nhd-165826131,
aspen,flowline,nhd-flowline-935891,nhd-72971224,
aspen,flowline,nhd-flowline-935897,nhd-165820784,
aspen,flowline,nhd-flowline-935918,nhd-165830942,
aspen,flowline,nhd-flowline-935922,nhd-165827492,
aspen,flowline,nhd-flowline-935962,nhd-165832942,
aspen,flowline,nhd-flowline-936055,nhd-165820316,Wilbur Creek
aspen,flowline,nhd-flowline-936077,nhd-72969382,
aspen,flowline,nhd-flowline-936090,nhd-72972112,Spruce Creek
aspen,flowline,nhd-flowline-936137,nhd-165820310,
aspen,flowline,nhd-flowline-936156,nhd-72979290,
aspen,flowline,nhd-flowline-936159,nhd-165824434,
aspen,flowline,nhd-flowline-936184,nhd-165834733,
aspen,flowline,nhd-flowline-936185,nhd-72981590,
aspen,flowline,nhd-flowline-936191,nhd-165833913,
aspen,flowline,nhd-flowline-936198,nhd-165834747,East Snowmass Creek
aspen,flowline,nhd-flowline-936205,nhd-72981558,
aspen,flowline,nhd-flowline-936213,nhd-72969728,
aspen,flowline,nhd-flowline-936233,nhd-165826588,
aspen,flowline,nhd-flowline-936242,nhd-165830668,Columbia Creek
aspen,flowline,nhd-flowline-936243,nhd-165834451,
aspen,flowline,nhd-flowline-936251,nhd-72972152,
aspen,flowline,nhd-flowline-936275,nhd-165831878,Roaring Fork River
aspen,flowline,nhd-flowline-936287,nhd-165830694,
aspen,flowline,nhd-flowline-936302,nhd-165819093,
aspen,flowline,nhd-flowline-936303,nhd-165830521,
aspen,flowline,nhd-flowline-936309,nhd-72963332,
aspen,flowline,nhd-flowline-936338,nhd-72968726,Castle Creek
aspen,flowline,nhd-flowline-936506,nhd-165831677,
aspen,flowline,nhd-flowline-936514,nhd-165833286,
aspen,flowline,nhd-flowline-1007600,nhd-133043613,
aspen,flowline,nhd-flowline-1038469,nhd-72979076,
aspen,flowline,nhd-flowline-1108399,nhd-159067990,
aspen,flowline,nhd-flowline-1108442,nhd-65879829,
aspen,flowline,nhd-flowline-1158498,nhd-165834139,
aspen,flowline,nhd-flowline-1158500,nhd-72968998,
aspen,flowline,nhd-flowline-1158535,nhd-165833339,
aspen,flowline,nhd-flowline-1158542,nhd-165833411,Brush Creek
aspen,flowline,nhd-flowline-1158543,nhd-165818206,
aspen,flowline,nhd-flowline-1158553,nhd-72969784,New York Collection Canal
aspen,flowline,nhd-flowline-1158557,nhd-165831703,
aspen,flowline,nhd-flowline-1158565,nhd-165833729,
aspen,flowline,nhd-flowline-1158597,nhd-72964986,
aspen,flowline,nhd-flowline-1158612,nhd-72981382,
aspen,flowline,nhd-flowline-1158626,nhd-165817740,
aspen,flowline,nhd-flowline-1158630,nhd-165834176,Hunter Creek
aspen,flowline,nhd-flowline-1158632,nhd-165818937,Brush Creek
aspen,flowline,nhd-flowline-1158662,nhd-165833911,
aspen,flowline,nhd-flowline-1158667,nhd-165831449,
aspen,flowline,nhd-flowline-1158678,nhd-165833133,
aspen,flowline,nhd-flowline-1158687,nhd-165835472,
aspen,flowline,nhd-flowline-1159414,nhd-165818301,
aspen,flowline,nhd-flowline-1159425,nhd-165835216,
aspen,flowline,nhd-flowline-1159542,nhd-165834468,
aspen,flowline,nhd-flowline-1159548,nhd-72969422,
aspen,flowline,nhd-flowline-1159576,nhd-72975088,
aspen,flowline,nhd-flowline-1159626,nhd-165827932,
aspen,flowline,nhd-flowline-1159635,nhd-165834282,Tabor Creek
aspen,flowline,nhd-flowline-1159637,nhd-165835089,East Fork South Fork Crystal River
aspen,flowline,nhd-flowline-1159639,nhd-72964992,
aspen,flowline,nhd-flowline-1159645,nhd-165825900,
aspen,flowline,nhd-flowline-1159657,nhd-165833303,
aspen,flowline,nhd-flowline-1159675,nhd-165831370,
aspen,flowline,nhd-flowline-1159703,nhd-72963394,Roaring Fork River
aspen,flowline,nhd-flowline-1159741,nhd-165820299,Woody Creek
aspen,flowline,nhd-flowline-1159746,nhd-72963572,
aspen,flowline,nhd-flowline-1159757,nhd-165834579,Willow Creek
aspen,flowline,nhd-flowline-1159763,nhd-72964324,
aspen,flowline,nhd-flowline-1159790,nhd-165824428,
aspen,flowline,nhd-flowline-1159862,nhd-165833215,
aspen,flowline,nhd-flowline-1159892,nhd-165827701,
aspen,flowline,nhd-flowline-1159952,nhd-165819579,
aspen,flowline,nhd-flowline-1240591,nhd-65879843,Copper Creek
aspen,flowline,nhd-flowline-1240711,nhd-165831411,
aspen,flowline,nhd-flowline-1331872,nhd-159067930,
aspen,flowline,nhd-flowline-1331913,nhd-159068463,
aspen,flowline,nhd-flowline-1331915,nhd-159067977,
aspen,flowline,nhd-flowline-1331942,nhd-65881539,Middle Brush Creek
aspen,flowline,nhd-flowline-1382077,nhd-165834956,
aspen,flowline,nhd-flowline-1382082,nhd-72963508,
aspen,flowline,nhd-flowline-1382091,nhd-165834104,Roaring Fork River
aspen,flowline,nhd-flowline-1382106,nhd-72969022,Brush Creek
aspen,flowline,nhd-flowline-1382119,nhd-165834783,
aspen,flowline,nhd-flowline-1382122,nhd-165819540,
aspen,flowline,nhd-flowline-1382130,nhd-165834959,
aspen,flowline,nhd-flowline-1382131,nhd-165818321,
aspen,flowline,nhd-flowline-1382168,nhd-165832913,
aspen,flowline,nhd-flowline-1382169,nhd-165831053,
aspen,flowline,nhd-flowline-1382176,nhd-165829653,
aspen,flowline,nhd-flowline-1382193,nhd-165819942,
aspen,flowline,nhd-flowline-1382207,nhd-165827679,
aspen,flowline,nhd-flowline-1382208,nhd-72983246,
aspen,flowline,nhd-flowline-1382209,nhd-165823025,Woody Creek
aspen,flowline,nhd-flowline-1382212,nhd-72963456,
aspen,flowline,nhd-flowline-1382214,nhd-165834609,
aspen,flowline,nhd-flowline-1382226,nhd-165834587,
aspen,flowline,nhd-flowline-1382228,nhd-165834635,
aspen,flowline,nhd-flowline-1382231,nhd-165819099,
aspen,flowline,nhd-flowline-1382271,nhd-165826705,
aspen,flowline,nhd-flowline-1383185,nhd-165834644,New York Creek
aspen,flowline,nhd-flowline-1383216,nhd-72972160,
aspen,flowline,nhd-flowline-1383218,nhd-165826018,
aspen,flowline,nhd-flowline-1383277,nhd-165831126,
aspen,flowline,nhd-flowline-1383291,nhd-72964856,
aspen,flowline,nhd-flowline-1383313,nhd-165831030,
aspen,flowline,nhd-flowline-1383320,nhd-165831629,
aspen,flowline,nhd-flowline-1383327,nhd-165829114,
aspen,flowline,nhd-flowline-1383329,nhd-165827199,
aspen,flowline,nhd-flowline-1383360,nhd-165834779,Maroon Creek
aspen,flowline,nhd-flowline-1383367,nhd-165826880,
aspen,flowline,nhd-flowline-1383381,nhd-72979018,
aspen,flowline,nhd-flowline-1383383,nhd-165827704,
aspen,flowline,nhd-flowline-1383388,nhd-72969296,Maroon Creek
aspen,flowline,nhd-flowline-1383390,nhd-72969374,
aspen,flowline,nhd-flowline-1383396,nhd-165832901,
aspen,flowline,nhd-flowline-1383405,nhd-165831747,
aspen,flowline,nhd-flowline-1383408,nhd-165834460,
aspen,flowline,nhd-flowline-1383436,nhd-72978152,
aspen,flowline,nhd-flowline-1383456,nhd-165823833,
aspen,flowline,nhd-flowline-1383461,nhd-165835484,
aspen,flowline,nhd-flowline-1383487,nhd-165822871,
aspen,flowline,nhd-flowline-1383489,nhd-72968504,Castle Creek
aspen,flowline,nhd-flowline-1383495,nhd-165821208,
aspen,flowline,nhd-flowline-1383504,nhd-72981534,
aspen,flowline,nhd-flowline-1383585,nhd-72963390,
aspen,flowline,nhd-flowline-1437095,nhd-165831258,
aspen,flowline,nhd-flowline-1454261,nhd-159069580,Bowman Creek
aspen,flowline,nhd-flowline-1555800,nhd-159067953,
aspen,flowline,nhd-flowline-1555816,nhd-159069600,
aspen,flowline,nhd-flowline-1555851,nhd-65880835,
aspen,flowline,nhd-flowline-1555928,nhd-159072463,Tellurium Creek
aspen,flowline,nhd-flowline-1555993,nhd-159069522,
aspen,flowline,nhd-flowline-1576577,nhd-159067925,
aspen,flowline,nhd-flowline-1605635,nhd-72963008,
aspen,flowline,nhd-flowline-1605642,nhd-165833512,Elk Creek Ditch Number 2
aspen,flowline,nhd-flowline-1605651,nhd-165834199,
aspen,flowline,nhd-flowline-1605652,nhd-165823539,
aspen,flowline,nhd-flowline-1605701,nhd-72969586,
aspen,flowline,nhd-flowline-1605708,nhd-165833677,Hannon Creek
aspen,flowline,nhd-flowline-1605729,nhd-165825874,Cataract Creek
aspen,flowline,nhd-flowline-1605731,nhd-165830208,
aspen,flowline,nhd-flowline-1605770,nhd-165833920,
aspen,flowline,nhd-flowline-1605782,nhd-72968580,
aspen,flowline,nhd-flowline-1605809,nhd-72972674,
aspen,flowline,nhd-flowline-1605811,nhd-165824432,
aspen,flowline,nhd-flowline-1606540,nhd-72962898,
aspen,flowline,nhd-flowline-1606589,nhd-165820614,
aspen,flowline,nhd-flowline-1606617,nhd-72969032,Brush Creek
aspen,flowline,nhd-flowline-1606688,nhd-72963068,Hunter Creek
aspen,flowline,nhd-flowline-1606708,nhd-165827170,Hunter Creek
aspen,flowline,nhd-flowline-1606714,nhd-72975164,
aspen,flowline,nhd-flowline-1606720,nhd-165832917,
aspen,flowline,nhd-flowline-1606722,nhd-165827162,
aspen,flowline,nhd-flowline-1606729,nhd-165831080,
aspen,flowline,nhd-flowline-1606741,nhd-165818404,Brush Creek
aspen,flowline,nhd-flowline-1606763,nhd-165836166,
aspen,flowline,nhd-flowline-1606775,nhd-165833835,
aspen,flowline,nhd-flowline-1606777,nhd-165833037,McFarlane Creek
aspen,flowline,nhd-flowline-1606786,nhd-165834667,Castle Creek
aspen,flowline,nhd-flowline-1606830,nhd-165833520,
aspen,flowline,nhd-flowline-1606837,nhd-72978926,Snowmass Creek
aspen,flowline,nhd-flowline-1606838,nhd-72980846,
aspen,flowline,nhd-flowline-1606841,nhd-165830534,
aspen,flowline,nhd-flowline-1606850,nhd-72963060,Hunter Creek
aspen,flowline,nhd-flowline-1606882,nhd-165833142,
aspen,flowline,nhd-flowline-1606941,nhd-165834377,
aspen,flowline,nhd-flowline-1606944,nhd-72981328,
aspen,flowline,nhd-flowline-1606946,nhd-72981432,
aspen,flowline,nhd-flowline-1606949,nhd-165818310,
aspen,flowline,nhd-flowline-1606961,nhd-165833568,
aspen,flowline,nhd-flowline-1607097,nhd-165831188,Elk Creek Ditch Number 2
aspen,flowline,nhd-flowline-1673501,nhd-72963360,
aspen,flowline,nhd-flowline-1673503,nhd-72972178,Hunter Tunnel
aspen,flowline,nhd-flowline-1708802,nhd-72962968,Red Mountain Ditch
aspen,flowline,nhd-flowline-1779521,nhd-65880823,
aspen,flowline,nhd-flowline-1829448,nhd-165829552,Spruce Creek
aspen,flowline,nhd-flowline-1829454,nhd-165835492,Wiese Upper Ditch
aspen,flowline,nhd-flowline-1829455,nhd-165832463,
aspen,flowline,nhd-flowline-1829456,nhd-165830249,Rock Creek
aspen,flowline,nhd-flowline-1829462,nhd-165830767,
aspen,flowline,nhd-flowline-1829468,nhd-72972692,Lost Man Creek
aspen,flowline,nhd-flowline-1829471,nhd-165832487,Columbia Creek
aspen,flowline,nhd-flowline-1829492,nhd-165831660,
aspen,flowline,nhd-flowline-1829493,nhd-165817968,
aspen,flowline,nhd-flowline-1829512,nhd-165830002,
aspen,flowline,nhd-flowline-1829519,nhd-72979044,
aspen,flowline,nhd-flowline-1829524,nhd-165829093,
aspen,flowline,nhd-flowline-1829529,nhd-165833296,
aspen,flowline,nhd-flowline-1829547,nhd-72963282,
aspen,flowline,nhd-flowline-1829555,nhd-165835210,
aspen,flowline,nhd-flowline-1829557,nhd-165834179,
aspen,flowline,nhd-flowline-1829567,nhd-165826693,
aspen,flowline,nhd-flowline-1829588,nhd-72963554,
aspen,flowline,nhd-flowline-1829596,nhd-72972120,
aspen,flowline,nhd-flowline-1829598,nhd-72969128,Owl Creek
aspen,flowline,nhd-flowline-1829619,nhd-165826541,
aspen,flowline,nhd-flowline-1830350,nhd-165834356,
aspen,flowline,nhd-flowline-1830361,nhd-165826587,
aspen,flowline,nhd-flowline-1830389,nhd-165833513,
aspen,flowline,nhd-flowline-1830444,nhd-165820978,
aspen,flowline,nhd-flowline-1830529,nhd-72963406,
aspen,flowline,nhd-flowline-1830578,nhd-165825523,
aspen,flowline,nhd-flowline-1830584,nhd-165828103,
aspen,flowline,nhd-flowline-1830614,nhd-165822237,
aspen,flowline,nhd-flowline-1830634,nhd-72971242,West Maroon Creek
aspen,flowline,nhd-flowline-1830642,nhd-165827737,
aspen,flowline,nhd-flowline-1830644,nhd-72969488,
aspen,flowline,nhd-flowline-1830651,nhd-165834332,
aspen,flowline,nhd-flowline-1830659,nhd-165829095,
aspen,flowline,nhd-flowline-1830663,nhd-165835764,West Snowmass Creek
aspen,flowline,nhd-flowline-1830673,nhd-165836095,
aspen,flowline,nhd-flowline-1830682,nhd-72969734,
aspen,flowline,nhd-flowline-1830686,nhd-165831133,
aspen,flowline,nhd-flowline-1830695,nhd-165829036,
aspen,flowline,nhd-flowline-1830700,nhd-165824436,
aspen,flowline,nhd-flowline-1830701,nhd-165827050,
aspen,flowline,nhd-flowline-1830708,nhd-165827615,
aspen,flowline,nhd-flowline-1830726,nhd-72972592,
aspen,flowline,nhd-flowline-1830768,nhd-165817576,
aspen,flowline,nhd-flowline-1830929,nhd-165825189,
aspen,flowline,nhd-flowline-1932153,nhd-72968588,Castle Creek
aspen,flowline,nhd-flowline-2002802,nhd-159069514,
aspen,flowline,nhd-flowline-2053186,nhd-165828462,
aspen,flowline,nhd-flowline-2053197,nhd-165833208,
aspen,flowline,nhd-flowline-2053202,nhd-72963428,
aspen,flowline,nhd-flowline-2053233,nhd-165828976,
aspen,flowline,nhd-flowline-2053241,nhd-165832971,
aspen,flowline,nhd-flowline-2053262,nhd-165832452,
aspen,flowline,nhd-flowline-2053273,nhd-165818302,
aspen,flowline,nhd-flowline-2053276,nhd-165826681,
aspen,flowline,nhd-flowline-2053277,nhd-89BF28A6-A7D0-432E-9FC6-9D167C35E5FC,Hunter Creek
aspen,flowline,nhd-flowline-2053292,nhd-72969594,
aspen,flowline,nhd-flowline-2053301,nhd-165832655,
aspen,flowline,nhd-flowline-2053330,nhd-165828457,
aspen,flowline,nhd-flowline-2053337,nhd-165820576,
aspen,flowline,nhd-flowline-2053343,nhd-165819107,
aspen,flowline,nhd-flowline-2053345,nhd-165828620,
aspen,flowline,nhd-flowline-2053353,nhd-165831825,
aspen,flowline,nhd-flowline-2053355,nhd-165831818,Willow Creek
aspen,flowline,nhd-flowline-2053376,nhd-165829212,
aspen,flowline,nhd-flowline-2053391,nhd-165826605,
aspen,flowline,nhd-flowline-2053392,nhd-165831791,Ptarmigan Creek
aspen,flowline,nhd-flowline-2053452,nhd-72964984,West Snowmass Creek
aspen,flowline,nhd-flowline-2054104,nhd-165830753,
aspen,flowline,nhd-flowline-2054112,nhd-165834531,
aspen,flowline,nhd-flowline-2054250,nhd-165833317,
aspen,flowline,nhd-flowline-2054293,nhd-72965092,
aspen,flowline,nhd-flowline-2054325,nhd-165828524,
aspen,flowline,nhd-flowline-2054343,nhd-165817703,
aspen,flowline,nhd-flowline-2054364,nhd-165831750,
aspen,flowline,nhd-flowline-2054370,nhd-72975100,Lincoln Creek
aspen,flowline,nhd-flowline-2054376,nhd-165835474,
aspen,flowline,nhd-flowline-2054378,nhd-165831679,
aspen,flowline,nhd-flowline-2054379,nhd-72981464,
aspen,flowline,nhd-flowline-2054392,nhd-165835831,
aspen,flowline,nhd-flowline-2054404,nhd-165834784,
aspen,flowline,nhd-flowline-2054415,nhd-72975292,
aspen,flowline,nhd-flowline-2054416,nhd-72978204,
aspen,flowline,nhd-flowline-2054445,nhd-165831299,
aspen,flowline,nhd-flowline-2054448,nhd-165830056,
aspen,flowline,nhd-flowline-2054449,nhd-165831597,
aspen,flowline,nhd-flowline-2054475,nhd-165835853,
aspen,flowline,nhd-flowline-2054484,nhd-165820309,Roaring Fork River
aspen,flowline,nhd-flowline-2054496,nhd-165831955,
aspen,flowline,nhd-flowline-2054500,nhd-72975090,Lincoln Creek
aspen,flowline,nhd-flowline-2054503,nhd-72971536,West Maroon Creek
aspen,flowline,nhd-flowline-2108706,nhd-165834165,
aspen,flowline,nhd-flowline-2108707,nhd-72969808,Lincoln Creek
aspen,flowline,nhd-flowline-2119782,nhd-165834297,
aspen,flowline,nhd-flowline-2156531,nhd-923C0840-3C06-45E1-9F05-6BBDD9EDBEF3,West Fork Brush Creek
aspen,flowline,nhd-flowline-2156540,nhd-72963148,
aspen,flowline,nhd-flowline-2159463,nhd-65881059,
aspen,flowline,nhd-flowline-2226375,nhd-159069529,
aspen,flowline,nhd-flowline-2276640,nhd-165833514,
aspen,flowline,nhd-flowline-2276646,nhd-72971316,
aspen,flowline,nhd-flowline-2276647,nhd-72975150,New York Creek
aspen,flowline,nhd-flowline-2276649,nhd-165833225,
aspen,flowline,nhd-flowline-2276653,nhd-165825570,
aspen,flowline,nhd-flowline-2276671,nhd-72969424,East Snowmass Creek
aspen,flowline,nhd-flowline-2276679,nhd-165831054,
aspen,flowline,nhd-flowline-2276682,nhd-165834545,
aspen,flowline,nhd-flowline-2276689,nhd-165821638,
aspen,flowline,nhd-flowline-2276692,nhd-165830670,Spring Creek
aspen,flowline,nhd-flowline-2276696,nhd-165832458,
aspen,flowline,nhd-flowline-2276709,nhd-72980308,Johnson Creek
aspen,flowline,nhd-flowline-2276721,nhd-165817962,
aspen,flowline,nhd-flowline-2276726,nhd-165819098,
aspen,flowline,nhd-flowline-2276736,nhd-165819105,
aspen,flowline,nhd-flowline-2276739,nhd-9F451DDF-47A5-42F3-A76D-1D247618A0F6,
aspen,flowline,nhd-flowline-2276752,nhd-165832269,
aspen,flowline,nhd-flowline-2276755,nhd-72963110,Hunter Creek
aspen,flowline,nhd-flowline-2276768,nhd-165834309,
aspen,flowline,nhd-flowline-2276786,nhd-165817913,Roaring Fork River
aspen,flowline,nhd-flowline-2276795,nhd-165833773,
aspen,flowline,nhd-flowline-2276799,nhd-165835718,Sawyer Creek
aspen,flowline,nhd-flowline-2277557,nhd-165831795,
aspen,flowline,nhd-flowline-2277558,nhd-72968996,Brush Creek
aspen,flowline,nhd-flowline-2277567,nhd-165830743,
aspen,flowline,nhd-flowline-2277619,nhd-165818665,
aspen,flowline,nhd-flowline-2277649,nhd-165833881,
aspen,flowline,nhd-flowline-2277750,nhd-72981336,Hunter Creek
aspen,flowline,nhd-flowline-2277770,nhd-165816898,
aspen,flowline,nhd-flowline-2277783,nhd-72975054,
aspen,flowline,nhd-flowline-2277787,nhd-165831045,
aspen,flowline,nhd-flowline-2277820,nhd-72962978,
aspen,flowline,nhd-flowline-2277837,nhd-165832110,
aspen,flowline,nhd-flowline-2277853,nhd-165834769,Cataract Creek
aspen,flowline,nhd-flowline-2277860,nhd-165829716,
aspen,flowline,nhd-flowline-2277909,nhd-165834539,
aspen,flowline,nhd-flowline-2277920,nhd-72969096,
aspen,flowline,nhd-flowline-2277936,nhd-165828996,Woody Creek
aspen,flowline,nhd-flowline-2277938,nhd-165826016,
aspen,flowline,nhd-flowline-2277952,nhd-165830536,
aspen,flowline,nhd-flowline-2277975,nhd-165831417,
aspen,flowline,nhd-flowline-2278021,nhd-165831326,
aspen,flowline,nhd-flowline-2350131,nhd-133043747,
aspen,flowline,nhd-flowline-2382688,nhd-65880931,Pine Creek
aspen,flowline,nhd-flowline-2449670,nhd-159069556,
aspen,flowline,nhd-flowline-2449672,nhd-159069461,
aspen,flowline,nhd-flowline-2449747,nhd-65878219,
aspen,flowline,nhd-flowline-2499612,nhd-165818072,
aspen,flowline,nhd-flowline-2499619,nhd-72962832,
aspen,flowline,nhd-flowline-2499633,nhd-72971372,
aspen,flowline,nhd-flowline-2499643,nhd-165820776,
aspen,flowline,nhd-flowline-2499648,nhd-165830764,
aspen,flowline,nhd-flowline-2499681,nhd-165833730,
aspen,flowline,nhd-flowline-2499699,nhd-72963598,
aspen,flowline,nhd-flowline-2499744,nhd-165831770,
aspen,flowline,nhd-flowline-2499758,nhd-72969718,Lincoln Creek
aspen,flowline,nhd-flowline-2499765,nhd-72971278,East Maroon Creek
aspen,flowline,nhd-flowline-2499766,nhd-72981516,Coleman Creek
aspen,flowline,nhd-flowline-2499771,nhd-165834687,
aspen,flowline,nhd-flowline-2500554,nhd-72962902,
aspen,flowline,nhd-flowline-2500577,nhd-72963358,
aspen,flowline,nhd-flowline-2500606,nhd-165821805,
aspen,flowline,nhd-flowline-2500619,nhd-165831136,
aspen,flowline,nhd-flowline-2500706,nhd-165832968,
aspen,flowline,nhd-flowline-2500709,nhd-165833989,North Fork Crystal River
aspen,flowline,nhd-flowline-2500721,nhd-165834842,
aspen,flowline,nhd-flowline-2500770,nhd-165831143,
aspen,flowline,nhd-flowline-2500772,nhd-165818932,Roaring Fork River
aspen,flowline,nhd-flowline-2500795,nhd-165834840,
aspen,flowline,nhd-flowline-2500800,nhd-165833266,
aspen,flowline,nhd-flowline-2500802,nhd-165831702,
aspen,flowline,nhd-flowline-2500810,nhd-165833999,East Fork South Fork Crystal River
aspen,flowline,nhd-flowline-2500813,nhd-72972644,
aspen,flowline,nhd-flowline-2500821,nhd-165834950,
aspen,flowline,nhd-flowline-2500839,nhd-165833547,
aspen,flowline,nhd-flowline-2500845,nhd-165834483,
aspen,flowline,nhd-flowline-2500846,nhd-165828090,
aspen,flowline,nhd-flowline-2500849,nhd-165826848,West Maroon Creek
aspen,flowline,nhd-flowline-2500893,nhd-165830943,
aspen,flowline,nhd-flowline-2500902,nhd-165830741,
aspen,flowline,nhd-flowline-2500905,nhd-72981484,Midway Creek
aspen,flowline,nhd-flowline-2500913,nhd-165834338,Roaring Fork River
aspen,flowline,nhd-flowline-2500927,nhd-72962960,
aspen,flowline,nhd-flowline-2500931,nhd-165817246,
aspen,flowline,nhd-flowline-2500935,nhd-165818328,
aspen,flowline,nhd-flowline-2500938,nhd-72968720,
aspen,flowline,nhd-flowline-2500958,nhd-165818330,
aspen,flowline,nhd-flowline-2500968,nhd-165828086,
aspen,flowline,nhd-flowline-2500994,nhd-165824168,
aspen,flowline,nhd-flowline-2501012,nhd-165826818,
aspen,flowline,nhd-flowline-2501013,nhd-165834133,
aspen,flowline,nhd-flowline-2565515,nhd-165826708,
aspen,flowline,nhd-flowline-2572084,nhd-133030008,
aspen,flowline,nhd-flowline-2572575,nhd-163086492,
aspen,flowline,nhd-flowline-2672633,nhd-159068331,
aspen,flowline,nhd-flowline-2672650,nhd-65880851,
aspen,flowline,nhd-flowline-2672785,nhd-65880837,
aspen,flowline,nhd-flowline-2722852,nhd-165825549,
aspen,flowline,nhd-flowline-2722873,nhd-72963018,
aspen,flowline,nhd-flowline-2722876,nhd-165826626,
aspen,flowline,nhd-flowline-2722880,nhd-165826639,
aspen,flowline,nhd-flowline-2722897,nhd-72975022,Roaring Fork River
aspen,flowline,nhd-flowline-2722907,nhd-165819534,
aspen,flowline,nhd-flowline-2722908,nhd-165826699,
aspen,flowline,nhd-flowline-2722922,nhd-165828535,
aspen,flowline,nhd-flowline-2722928,nhd-72980410,
aspen,flowline,nhd-flowline-2722932,nhd-72968510,Castle Creek
aspen,flowline,nhd-flowline-2722934,nhd-72969144,Snowmass Creek
aspen,flowline,nhd-flowline-2722948,nhd-165834205,
aspen,flowline,nhd-flowline-2722950,nhd-72981508,
aspen,flowline,nhd-flowline-2722961,nhd-165832030,
aspen,flowline,nhd-flowline-2722984,nhd-165834673,
aspen,flowline,nhd-flowline-2723019,nhd-165830240,
aspen,flowline,nhd-flowline-2723031,nhd-165831348,
aspen,flowline,nhd-flowline-2723033,nhd-165834836,
aspen,flowline,nhd-flowline-2723779,nhd-72962820,
aspen,flowline,nhd-flowline-2723837,nhd-165836163,Hunter Creek
aspen,flowline,nhd-flowline-2723863,nhd-165833915,
aspen,flowline,nhd-flowline-2723943,nhd-72962788,
aspen,flowline,nhd-flowline-2723981,nhd-165834344,
aspen,flowline,nhd-flowline-2723987,nhd-165832478,Willow Creek
aspen,flowline,nhd-flowline-2723989,nhd-165833711,
aspen,flowline,nhd-flowline-2723995,nhd-165831195,
aspen,flowline,nhd-flowline-2724012,nhd-165834446,
aspen,flowline,nhd-flowline-2724034,nhd-165836038,
aspen,flowline,nhd-flowline-2724049,nhd-165831005,
aspen,flowline,nhd-flowline-2724065,nhd-72969744,
aspen,flowline,nhd-flowline-2724074,nhd-165834311,
aspen,flowline,nhd-flowline-2724082,nhd-165833450,
aspen,flowline,nhd-flowline-2724095,nhd-165822238,
aspen,flowline,nhd-flowline-2724116,nhd-165832480,Castle Creek
aspen,flowline,nhd-flowline-2724118,nhd-165828387,
aspen,flowline,nhd-flowline-2724119,nhd-165832271,
aspen,flowline,nhd-flowline-2724123,nhd-165833431,Elk Creek Ditch
aspen,flowline,nhd-flowline-2724142,nhd-165831275,Roaring Fork River
aspen,flowline,nhd-flowline-2724150,nhd-165825871,
aspen,flowline,nhd-flowline-2724160,nhd-165834014,Difficult Creek
aspen,flowline,nhd-flowline-2724169,nhd-165833373,
aspen,flowline,nhd-flowline-2724194,nhd-165831060,
aspen,flowline,nhd-flowline-2724214,nhd-165831686,
aspen,flowline,nhd-flowline-2777571,nhd-165835834,
aspen,flowline,nhd-flowline-2790115,nhd-72969164,East Fork Brush Creek
aspen,flowline,nhd-flowline-2794496,nhd-159069587,Bowman Creek
aspen,flowline,nhd-flowline-2795143,nhd-163087586,
aspen,flowline,nhd-flowline-2804869,nhd-159067985,Copper Creek
aspen,flowline,nhd-flowline-2804904,nhd-159068348,Copper Creek
aspen,flowline,nhd-flowline-2828566,nhd-65880905,
aspen,flowline,nhd-flowline-2828605,nhd-65879441,
aspen,flowline,nhd-flowline-2895918,nhd-159069551,
aspen,flowline,nhd-flowline-2946320,nhd-165834357,
aspen,flowline,nhd-flowline-2946326,nhd-165833876,
aspen,flowline,nhd-flowline-2946332,nhd-165831128,
aspen,flowline,nhd-flowline-2946333,nhd-165834626,Willow Creek
aspen,flowline,nhd-flowline-2946339,nhd-165829669,
aspen,flowline,nhd-flowline-2946375,nhd-165835500,
aspen,flowline,nhd-flowline-2946405,nhd-165823543,
aspen,flowline,nhd-flowline-2946410,nhd-165830752,
aspen,flowline,nhd-flowline-2946412,nhd-165835487,
aspen,flowline,nhd-flowline-2946416,nhd-165831419,
aspen,flowline,nhd-flowline-2946427,nhd-165817103,
aspen,flowline,nhd-flowline-2946439,nhd-165834192,
aspen,flowline,nhd-flowline-2946449,nhd-165826701,Lost Man Creek
aspen,flowline,nhd-flowline-2946477,nhd-72964936,
aspen,flowline,nhd-flowline-2946493,nhd-165828624,
aspen,flowline,nhd-flowline-2946494,nhd-165830063,
aspen,flowline,nhd-flowline-2947266,nhd-165833019,Collins Creek
aspen,flowline,nhd-flowline-2947295,nhd-72981214,
aspen,flowline,nhd-flowline-2947308,nhd-165833118,
aspen,flowline,nhd-flowline-2947326,nhd-72965226,
aspen,flowline,nhd-flowline-2947365,nhd-165834902,
aspen,flowline,nhd-flowline-2947397,nhd-165833143,
aspen,flowline,nhd-flowline-2947452,nhd-72969608,Roaring Fork River
aspen,flowline,nhd-flowline-2947464,nhd-165831885,Roaring Fork River
aspen,flowline,nhd-flowline-2947492,nhd-165823522,
aspen,flowline,nhd-flowline-2947505,nhd-165830640,
aspen,flowline,nhd-flowline-2947507,nhd-165833138,
aspen,flowline,nhd-flowline-2947508,nhd-165829621,
aspen,flowline,nhd-flowline-2947511,nhd-165833932,
aspen,flowline,nhd-flowline-2947516,nhd-165831044,
aspen,flowline,nhd-flowline-2947521,nhd-72969366,Willow Creek
aspen,flowline,nhd-flowline-2947544,nhd-165827313,
aspen,flowline,nhd-flowline-2947549,nhd-165834040,North Fork Crystal River
aspen,flowline,nhd-flowline-2947555,nhd-72978178,Silver Creek
aspen,flowline,nhd-flowline-2947558,nhd-165833460,
aspen,flowline,nhd-flowline-2947583,nhd-72972772,
aspen,flowline,nhd-flowline-2947587,nhd-165834462,
aspen,flowline,nhd-flowline-2947590,nhd-165830133,
aspen,flowline,nhd-flowline-2947629,nhd-165834566,
aspen,flowline,nhd-flowline-2947631,nhd-165832223,
aspen,flowline,nhd-flowline-2947646,nhd-165826622,
aspen,flowline,nhd-flowline-2947650,nhd-165834649,
aspen,flowline,nhd-flowline-2947654,nhd-72971390,
aspen,flowline,nhd-flowline-2947655,nhd-165833114,
aspen,flowline,nhd-flowline-2947694,nhd-165836040,
aspen,flowline,nhd-flowline-2947704,nhd-165821875,
aspen,flowline,nhd-flowline-3001350,nhd-165835852,Grizzly Creek
aspen,flowline,nhd-flowline-3028899,nhd-165829148,
aspen,flowline,nhd-flowline-3049591,nhd-9A3ECC39-E32C-4C0A-ADC7-B5A8A667DB90,
aspen,flowline,nhd-flowline-3049697,nhd-72983274,
aspen,flowline,nhd-flowline-3119909,nhd-159068235,
aspen,flowline,nhd-flowline-3119921,nhd-159068455,
aspen,flowline,nhd-flowline-3119937,nhd-159069540,
aspen,flowline,nhd-flowline-3119997,nhd-159069517,
aspen,flowline,nhd-flowline-3120029,nhd-65880857,Tellurium Creek
aspen,flowline,nhd-flowline-3169860,nhd-72971340,
aspen,flowline,nhd-flowline-3169865,nhd-165830510,
aspen,flowline,nhd-flowline-3169876,nhd-165835833,Lincoln Creek
aspen,flowline,nhd-flowline-3169886,nhd-165820292,Woody Creek
aspen,flowline,nhd-flowline-3169902,nhd-165836033,
aspen,flowline,nhd-flowline-3169910,nhd-165833764,
aspen,flowline,nhd-flowline-3169920,nhd-72969102,Spring Creek
aspen,flowline,nhd-flowline-3169922,nhd-165834570,
aspen,flowline,nhd-flowline-3169925,nhd-165817495,
aspen,flowline,nhd-flowline-3169962,nhd-165831125,
aspen,flowline,nhd-flowline-3169979,nhd-165832523,
aspen,flowline,nhd-flowline-3170003,nhd-165831950,
aspen,flowline,nhd-flowline-3170025,nhd-165834656,Snowmass Creek
aspen,flowline,nhd-flowline-3170034,nhd-165831905,
aspen,flowline,nhd-flowline-3170035,nhd-165831676,
aspen,flowline,nhd-flowline-3170042,nhd-165830250,Rock Creek
aspen,flowline,nhd-flowline-3170777,nhd-165819670,
aspen,flowline,nhd-flowline-3170792,nhd-72969000,
aspen,flowline,nhd-flowline-3170829,nhd-165821636,
aspen,flowline,nhd-flowline-3170906,nhd-165833795,
aspen,flowline,nhd-flowline-3170978,nhd-72963236,
aspen,flowline,nhd-flowline-3170980,nhd-165816914,
aspen,flowline,nhd-flowline-3171001,nhd-72981266,Woody Creek
aspen,flowline,nhd-flowline-3171021,nhd-165818199,
aspen,flowline,nhd-flowline-3171032,nhd-165822469,
aspen,flowline,nhd-flowline-3171035,nhd-165834693,
aspen,flowline,nhd-flowline-3171050,nhd-165825859,Castle Creek
aspen,flowline,nhd-flowline-3171060,nhd-165823679,
aspen,flowline,nhd-flowline-3171064,nhd-165835820,
aspen,flowline,nhd-flowline-3171071,nhd-72968452,
aspen,flowline,nhd-flowline-3171082,nhd-165832352,
aspen,flowline,nhd-flowline-3171085,nhd-165831710,
aspen,flowline,nhd-flowline-3171089,nhd-72971396,West Maroon Creek
aspen,flowline,nhd-flowline-3171101,nhd-165833148,
aspen,flowline,nhd-flowline-3171110,nhd-165832273,
aspen,flowline,nhd-flowline-3171112,nhd-72962948,
aspen,flowline,nhd-flowline-3171120,nhd-72969068,Spring Creek
aspen,flowline,nhd-flowline-3171121,nhd-165833299,
aspen,flowline,nhd-flowline-3171128,nhd-72969082,
aspen,flowline,nhd-flowline-3171142,nhd-165833967,
aspen,flowline,nhd-flowline-3171148,nhd-165834307,
aspen,flowline,nhd-flowline-3171155,nhd-165831074,
aspen,flowline,nhd-flowline-3171158,nhd-72968776,Castle Creek
aspen,flowline,nhd-flowline-3171161,nhd-165821009,
aspen,flowline,nhd-flowline-3171178,nhd-165833812,
aspen,flowline,nhd-flowline-3171184,nhd-165834005,
aspen,flowline,nhd-flowline-3171241,nhd-165831190,Hunter Creek
aspen,flowline,nhd-flowline-3171361,nhd-165834407,
aspen,flowline,nhd-flowline-3237151,nhd-165836090,
aspen,flowline,nhd-flowline-3272677,nhd-72981276,Woody Creek
aspen,flowline,nhd-flowline-3272683,nhd-165834507,Roaring Fork River
aspen,flowline,nhd-flowline-3342830,nhd-159069508,
aspen,flowline,nhd-flowline-3392738,nhd-165829645,
aspen,flowline,nhd-flowline-3392760,nhd-165834648,
aspen,flowline,nhd-flowline-3392762,nhd-165834602,
aspen,flowline,nhd-flowline-3392790,nhd-165831819,East Snowmass Creek
aspen,flowline,nhd-flowline-3392798,nhd-72969186,East Snowmass Creek
aspen,flowline,nhd-flowline-3392833,nhd-165830641,
aspen,flowline,nhd-flowline-3392834,nhd-165830563,
aspen,flowline,nhd-flowline-3392864,nhd-165834183,
aspen,flowline,nhd-flowline-3392879,nhd-165833209,Wildcat Creek
aspen,flowline,nhd-flowline-3392885,nhd-165833822,
aspen,flowline,nhd-flowline-3392904,nhd-165832108,
aspen,flowline,nhd-flowline-3392935,nhd-165824186,Owl Creek
aspen,flowline,nhd-flowline-3392939,nhd-165833178,
aspen,flowline,nhd-flowline-3392946,nhd-72965034,
aspen,flowline,nhd-flowline-3392951,nhd-165830742,
aspen,flowline,nhd-flowline-3392961,nhd-165834690,East Snowmass Creek
aspen,flowline,nhd-flowline-3393699,nhd-165834359,
aspen,flowline,nhd-flowline-3393739,nhd-165835623,
aspen,flowline,nhd-flowline-3393743,nhd-165825855,
aspen,flowline,nhd-flowline-3393785,nhd-165833778,
aspen,flowline,nhd-flowline-3393884,nhd-165832455,
aspen,flowline,nhd-flowline-3393888,nhd-165817276,
aspen,flowline,nhd-flowline-3393889,nhd-165834777,
aspen,flowline,nhd-flowline-3393906,nhd-72981224,Woody Creek
aspen,flowline,nhd-flowline-3393926,nhd-72972392,Granite Creek
aspen,flowline,nhd-flowline-3393931,nhd-165827502,
aspen,flowline,nhd-flowline-3393960,nhd-165817788,
aspen,flowline,nhd-flowline-3393966,nhd-165819530,
aspen,flowline,nhd-flowline-3393972,nhd-165820566,
aspen,flowline,nhd-flowline-3394015,nhd-72975278,
aspen,flowline,nhd-flowline-3394030,nhd-165834713,
aspen,flowline,nhd-flowline-3394038,nhd-165817748,
aspen,flowline,nhd-flowline-3394044,nhd-165834922,
aspen,flowline,nhd-flowline-3394047,nhd-72981574,Coleman Creek
aspen,flowline,nhd-flowline-3394057,nhd-72981334,Hunter Creek
aspen,flowline,nhd-flowline-3394061,nhd-165831302,Lincoln Creek
aspen,flowline,nhd-flowline-3394062,nhd-165835471,
aspen,flowline,nhd-flowline-3394068,nhd-72981514,
aspen,flowline,nhd-flowline-3394089,nhd-165833796,
aspen,flowline,nhd-flowline-3394098,nhd-72975060,Lincoln Creek
aspen,flowline,nhd-flowline-3394120,nhd-165833927,
aspen,flowline,nhd-flowline-3459849,nhd-165833534,
aspen,flowline,nhd-flowline-3459850,nhd-72963606,
aspen,flowline,nhd-flowline-3465628,nhd-133043755,
aspen,flowline,nhd-flowline-3474791,nhd-159067984,Copper Creek
aspen,flowline,nhd-flowline-3498578,nhd-65883459,East River
aspen,flowline,nhd-flowline-3566049,nhd-159069534,
aspen,flowline,nhd-flowline-3616317,nhd-165831602,
aspen,flowline,nhd-flowline-3616328,nhd-72968940,
aspen,flowline,nhd-flowline-3616343,nhd-165834680,
aspen,flowline,nhd-flowline-3616344,nhd-165832970,
aspen,flowline,nhd-flowline-3616376,nhd-165823022,
aspen,flowline,nhd-flowline-3616382,nhd-165831410,
aspen,flowline,nhd-flowline-3616392,nhd-165833141,
aspen,flowline,nhd-flowline-3616393,nhd-165818293,
aspen,flowline,nhd-flowline-3616421,nhd-165834621,
aspen,flowline,nhd-flowline-3616423,nhd-165823428,
aspen,flowline,nhd-flowline-3616428,nhd-72969484,
aspen,flowline,nhd-flowline-3616433,nhd-165832944,
aspen,flowline,nhd-flowline-3616450,nhd-165831296,
aspen,flowline,nhd-flowline-3616451,nhd-165826575,Silver Creek
aspen,flowline,nhd-flowline-3616452,nhd-165833777,
aspen,flowline,nhd-flowline-3616456,nhd-165836036,
aspen,flowline,nhd-flowline-3616482,nhd-165836027,
aspen,flowline,nhd-flowline-3616491,nhd-165832500,
aspen,flowline,nhd-flowline-3616504,nhd-72969688,
aspen,flowline,nhd-flowline-3616510,nhd-165835193,
aspen,flowline,nhd-flowline-3616513,nhd-165833259,
aspen,flowline,nhd-flowline-3616514,nhd-165835480,
aspen,flowline,nhd-flowline-3617276,nhd-72972744,
aspen,flowline,nhd-flowline-3617308,nhd-165834611,
aspen,flowline,nhd-flowline-3617368,nhd-72968486,
aspen,flowline,nhd-flowline-3617487,nhd-165818144,
aspen,flowline,nhd-flowline-3617490,nhd-165831212,
aspen,flowline,nhd-flowline-3617522,nhd-165817660,
aspen,flowline,nhd-flowline-3617534,nhd-165834522,
aspen,flowline,nhd-flowline-3617539,nhd-165825862,Maroon Creek
aspen,flowline,nhd-flowline-3617542,nhd-165834559,
aspen,flowline,nhd-flowline-3617550,nhd-72981320,
aspen,flowline,nhd-flowline-3617558,nhd-165834524,
aspen,flowline,nhd-flowline-3617561,nhd-165827157,
aspen,flowline,nhd-flowline-3617569,nhd-72969206,
aspen,flowline,nhd-flowline-3617597,nhd-72968908,
aspen,flowline,nhd-flowline-3617598,nhd-165834423,
aspen,flowline,nhd-flowline-3617612,nhd-165817950,
aspen,flowline,nhd-flowline-3617613,nhd-165834715,
aspen,flowline,nhd-flowline-3617614,nhd-165834360,
aspen,flowline,nhd-flowline-3617643,nhd-165831067,
aspen,flowline,nhd-flowline-3617650,nhd-165835173,
aspen,flowline,nhd-flowline-3617673,nhd-165830181,
aspen,flowline,nhd-flowline-3617747,nhd-165833488,Tabor Creek
aspen,flowline,nhd-flowline-3617764,nhd-72975232,Galena Creek
aspen,flowline,nhd-flowline-3617844,nhd-165836012,
aspen,flowline,nhd-flowline-3683916,nhd-165829899,
aspen,flowline,nhd-flowline-3722157,nhd-65880871,
aspen,flowline,nhd-flowline-3789617,nhd-159069557,
aspen,flowline,nhd-flowline-3789666,nhd-159069499,
aspen,flowline,nhd-flowline-3789829,nhd-159068232,
aspen,flowline,nhd-flowline-3839895,nhd-165818471,
aspen,flowline,nhd-flowline-3839906,nhd-72963368,Castle Creek
aspen,flowline,nhd-flowline-3839917,nhd-72972750,
aspen,flowline,nhd-flowline-3839942,nhd-165834106,
aspen,flowline,nhd-flowline-3839955,nhd-165835214,
aspen,flowline,nhd-flowline-3839969,nhd-165835662,
aspen,flowline,nhd-flowline-3839981,nhd-165832261,
aspen,flowline,nhd-flowline-3840003,nhd-165834100,South Fork Fryingpan River
aspen,flowline,nhd-flowline-3840033,nhd-165833268,
aspen,flowline,nhd-flowline-3840042,nhd-165831444,Tabor Creek
aspen,flowline,nhd-flowline-3840047,nhd-72971516,
aspen,flowline,nhd-flowline-3840062,nhd-165832284,
aspen,flowline,nhd-flowline-3840307,nhd-72964678,Capitol Creek
aspen,flowline,nhd-flowline-3840814,nhd-165831455,
aspen,flowline,nhd-flowline-3840866,nhd-165828975,
aspen,flowline,nhd-flowline-3840899,nhd-165833245,
aspen,flowline,nhd-flowline-3840991,nhd-165828017,
aspen,flowline,nhd-flowline-3841020,nhd-72971298,
aspen,flowline,nhd-flowline-3841021,nhd-165830775,Bear Creek
aspen,flowline,nhd-flowline-3841024,nhd-165823945,
aspen,flowline,nhd-flowline-3841032,nhd-72975286,Truro Creek
aspen,flowline,nhd-flowline-3841033,nhd-165833757,
aspen,flowline,nhd-flowline-3841046,nhd-165820772,
aspen,flowline,nhd-flowline-3841066,nhd-165836024,
aspen,flowline,nhd-flowline-3841073,nhd-165827663,
aspen,flowline,nhd-flowline-3841105,nhd-165833166,
aspen,flowline,nhd-flowline-3841134,nhd-165831032,
aspen,flowline,nhd-flowline-3841152,nhd-165835835,
aspen,flowline,nhd-flowline-3841161,nhd-165833631,Hannon Creek
aspen,flowline,nhd-flowline-3841163,nhd-165834761,Willow Creek
aspen,flowline,nhd-flowline-3841164,nhd-72981004,
aspen,flowline,nhd-flowline-3841167,nhd-72964784,
aspen,flowline,nhd-flowline-3841238,nhd-165827864,
aspen,flowline,nhd-flowline-3898827,nhd-165835175,
aspen,flowline,nhd-flowline-3913043,nhd-133029835,
aspen,flowline,nhd-flowline-3922393,nhd-65879845,
aspen,flowline,nhd-flowline-3922592,nhd-72978238,Woody Creek
aspen,flowline,nhd-flowline-3946013,nhd-65883477,East River
aspen,flowline,nhd-flowline-4063989,nhd-165817100,
aspen,flowline,nhd-flowline-4063996,nhd-165826707,
aspen,flowline,nhd-flowline-4064007,nhd-165834599,
aspen,flowline,nhd-flowline-4064036,nhd-165834376,
aspen,flowline,nhd-flowline-4064044,nhd-72971188,
aspen,flowline,nhd-flowline-4064056,nhd-165833893,
aspen,flowline,nhd-flowline-4064061,nhd-165834115,No Name Creek
aspen,flowline,nhd-flowline-4064068,nhd-165833335,
aspen,flowline,nhd-flowline-4064070,nhd-165834824,
aspen,flowline,nhd-flowline-4064076,nhd-165832468,
aspen,flowline,nhd-flowline-4064091,nhd-72979212,
aspen,flowline,nhd-flowline-4064098,nhd-165821762,
aspen,flowline,nhd-flowline-4064122,nhd-72975282,
aspen,flowline,nhd-flowline-4064127,nhd-165833894,
aspen,flowline,nhd-flowline-4064131,nhd-72975046,
aspen,flowline,nhd-flowline-4064149,nhd-165826642,
aspen,flowline,nhd-flowline-4064152,nhd-72968388,Conundrum Creek
aspen,flowline,nhd-flowline-4064157,nhd-72964668,Capitol Creek
aspen,flowline,nhd-flowline-4064179,nhd-72965212,
aspen,flowline,nhd-flowline-4064216,nhd-165831813,Fall Creek
aspen,flowline,nhd-flowline-4064954,nhd-165825521,
aspen,flowline,nhd-flowline-4065011,nhd-72979038,North Fork Crystal River
aspen,flowline,nhd-flowline-4065134,nhd-165836006,
aspen,flowline,nhd-flowline-4065139,nhd-165833522,
aspen,flowline,nhd-flowline-4065144,nhd-165834788,
aspen,flowline,nhd-flowline-4065148,nhd-165827150,
aspen,flowline,nhd-flowline-4065164,nhd-72979228,East Fork South Fork Crystal River
aspen,flowline,nhd-flowline-4065196,nhd-165833372,
aspen,flowline,nhd-flowline-4065217,nhd-165819092,
aspen,flowline,nhd-flowline-4065231,nhd-165822056,
aspen,flowline,nhd-flowline-4065252,nhd-165835489,Owl Creek
aspen,flowline,nhd-flowline-4065253,nhd-165831959,
aspen,flowline,nhd-flowline-4065254,nhd-165830097,
aspen,flowline,nhd-flowline-4065260,nhd-165826620,
aspen,flowline,nhd-flowline-4065261,nhd-72981392,Midway Creek
aspen,flowline,nhd-flowline-4065271,nhd-165817971,
aspen,flowline,nhd-flowline-4065275,nhd-165833369,Wilbur Creek
aspen,flowline,nhd-flowline-4065283,nhd-72969012,
aspen,flowline,nhd-flowline-4065284,nhd-165833297,
aspen,flowline,nhd-flowline-4065300,nhd-165830520,
aspen,flowline,nhd-flowline-4065306,nhd-165829155,
aspen,flowline,nhd-flowline-4065315,nhd-165827559,
aspen,flowline,nhd-flowline-4065321,nhd-165827569,
aspen,flowline,nhd-flowline-4065333,nhd-165832287,
aspen,flowline,nhd-flowline-4065334,nhd-72969802,Lincoln Creek
aspen,flowline,nhd-flowline-4065351,nhd-165822024,Maroon Creek
aspen,flowline,nhd-flowline-4065468,nhd-165829162,
aspen,flowline,nhd-flowline-4065527,nhd-165834395,
aspen,flowline,nhd-flowline-4130137,nhd-165834965,
aspen,flowline,nhd-flowline-4130177,nhd-165835811,
aspen,flowline,nhd-flowline-4136548,nhd-163086498,
aspen,flowline,nhd-flowline-4146733,nhd-165835139,Woody Creek
aspen,flowline,nhd-flowline-4167411,nhd-72968428,
aspen,flowline,nhd-flowline-4237603,nhd-159067994,
aspen,flowline,nhd-flowline-4237646,nhd-159069566,
aspen,flowline,nhd-flowline-4287606,nhd-72980320,
aspen,flowline,nhd-flowline-4287616,nhd-165817125,
aspen,flowline,nhd-flowline-4287617,nhd-165827546,
aspen,flowline,nhd-flowline-4287629,nhd-72964968,
aspen,flowline,nhd-flowline-4287630,nhd-72968604,
aspen,flowline,nhd-flowline-4287637,nhd-72969708,
aspen,flowline,nhd-flowline-4287638,nhd-165833931,
aspen,flowline,nhd-flowline-4287639,nhd-165817155,
aspen,flowline,nhd-flowline-4287663,nhd-165833692,
aspen,flowline,nhd-flowline-4287679,nhd-165818466,
aspen,flowline,nhd-flowline-4287684,nhd-72963234,Roaring Fork River
aspen,flowline,nhd-flowline-4287701,nhd-72964712,Nickelson Creek
aspen,flowline,nhd-flowline-4287709,nhd-165829672,
aspen,flowline,nhd-flowline-4287722,nhd-165834749,
aspen,flowline,nhd-flowline-4287724,nhd-165834381,
aspen,flowline,nhd-flowline-4287755,nhd-165831046,
aspen,flowline,nhd-flowline-4287758,nhd-165829634,
aspen,flowline,nhd-flowline-4287762,nhd-165821741,
aspen,flowline,nhd-flowline-4287768,nhd-165826658,Lincoln Creek
aspen,flowline,nhd-flowline-4287770,nhd-165822252,
aspen,flowline,nhd-flowline-4287786,nhd-165834651,Devaney Creek
aspen,flowline,nhd-flowline-4287829,nhd-165819973,
aspen,flowline,nhd-flowline-4288546,nhd-165833307,
aspen,flowline,nhd-flowline-4288573,nhd-72975336,
aspen,flowline,nhd-flowline-4288650,nhd-165831483,Roaring Fork River
aspen,flowline,nhd-flowline-4288676,nhd-165833826,
aspen,flowline,nhd-flowline-4288681,nhd-72963330,
aspen,flowline,nhd-flowline-4288685,nhd-72975068,
aspen,flowline,nhd-flowline-4288701,nhd-165834286,Willow Creek
aspen,flowline,nhd-flowline-4288714,nhd-165835476,
aspen,flowline,nhd-flowline-4288721,nhd-72983242,
aspen,flowline,nhd-flowline-4288741,nhd-72975080,
aspen,flowline,nhd-flowline-4288758,nhd-165832823,Rock Creek
aspen,flowline,nhd-flowline-4288783,nhd-165830238,
aspen,flowline,nhd-flowline-4288800,nhd-165826817,
aspen,flowline,nhd-flowline-4288828,nhd-165835994,
aspen,flowline,nhd-flowline-4288847,nhd-165818775,
aspen,flowline,nhd-flowline-4288851,nhd-165836008,
aspen,flowline,nhd-flowline-4288896,nhd-72983258,Smith and Rex Ditch
aspen,flowline,nhd-flowline-4288909,nhd-165831072,
aspen,flowline,nhd-flowline-4288925,nhd-165817040,
aspen,flowline,nhd-flowline-4288926,nhd-165833472,
aspen,flowline,nhd-flowline-4288936,nhd-165833325,
aspen,flowline,nhd-flowline-4288943,nhd-165834456,
aspen,flowline,nhd-flowline-4288966,nhd-165833495,
aspen,flowline,nhd-flowline-4289033,nhd-165832286,
aspen,flowline,nhd-flowline-4289046,nhd-72975294,Galena Creek
aspen,flowline,nhd-flowline-4289058,nhd-165831086,
aspen,flowline,nhd-flowline-4370085,nhd-FE3667CF-C16F-473A-A2C5-1ED162EC39E9,Salvation Ditch
aspen,flowline,nhd-flowline-4390293,nhd-72963036,Red Mountain Ditch
aspen,flowline,nhd-flowline-4393422,nhd-163087361,
aspen,flowline,nhd-flowline-4460930,nhd-159067929,
aspen,flowline,nhd-flowline-4460983,nhd-65878209,
aspen,flowline,nhd-flowline-4460999,nhd-159069573,
aspen,flowline,nhd-flowline-4464112,nhd-9690A6B1-4132-4573-8579-9A69B676D1AA,
aspen,flowline,nhd-flowline-4511564,nhd-165828994,Wildcat Creek
aspen,flowline,nhd-flowline-4511566,nhd-72975208,
aspen,flowline,nhd-flowline-4511572,nhd-72975094,
aspen,flowline,nhd-flowline-4511578,nhd-72980360,
aspen,flowline,nhd-flowline-4511586,nhd-72969380,Willow Creek
aspen,flowline,nhd-flowline-4511614,nhd-72962926,
aspen,flowline,nhd-flowline-4511615,nhd-72983462,Roaring Fork River
aspen,flowline,nhd-flowline-4511635,nhd-72962846,
aspen,flowline,nhd-flowline-4511637,nhd-165832268,
aspen,flowline,nhd-flowline-4511641,nhd-165827560,
aspen,flowline,nhd-flowline-4511653,nhd-165833897,
aspen,flowline,nhd-flowline-4511661,nhd-165826675,
aspen,flowline,nhd-flowline-4511674,nhd-165827495,
aspen,flowline,nhd-flowline-4511676,nhd-165826577,
aspen,flowline,nhd-flowline-4511695,nhd-165834120,Wilbur Creek
aspen,flowline,nhd-flowline-4511699,nhd-165833136,
aspen,flowline,nhd-flowline-4511706,nhd-165829740,
aspen,flowline,nhd-flowline-4511719,nhd-165833829,
aspen,flowline,nhd-flowline-4511728,nhd-72968708,
aspen,flowline,nhd-flowline-4511731,nhd-165833539,
aspen,flowline,nhd-flowline-4511738,nhd-72969226,
aspen,flowline,nhd-flowline-4511746,nhd-72963158,
aspen,flowline,nhd-flowline-4511759,nhd-165818933,
aspen,flowline,nhd-flowline-4511769,nhd-165833836,
aspen,flowline,nhd-flowline-4512514,nhd-165831493,
aspen,flowline,nhd-flowline-4512625,nhd-72963278,
aspen,flowline,nhd-flowline-4512649,nhd-165834452,
aspen,flowline,nhd-flowline-4512669,nhd-165830212,
aspen,flowline,nhd-flowline-4512672,nhd-165829658,Castle Creek
aspen,flowline,nhd-flowline-4512674,nhd-165834218,Woody Creek
aspen,flowline,nhd-flowline-4512693,nhd-165821659,
aspen,flowline,nhd-flowline-4512695,nhd-165827605,
aspen,flowline,nhd-flowline-4512713,nhd-165824427,
aspen,flowline,nhd-flowline-4512716,nhd-165831040,
aspen,flowline,nhd-flowline-4512727,nhd-72962938,
aspen,flowline,nhd-flowline-4512740,nhd-72975176,Difficult Creek
aspen,flowline,nhd-flowline-4512762,nhd-165831664,
aspen,flowline,nhd-flowline-4512777,nhd-72969614,Roaring Fork River
aspen,flowline,nhd-flowline-4512784,nhd-72981518,Coleman Creek
aspen,flowline,nhd-flowline-4512801,nhd-165834714,
aspen,flowline,nhd-flowline-4512816,nhd-165834841,
aspen,flowline,nhd-flowline-4512820,nhd-72969214,
aspen,flowline,nhd-flowline-4512850,nhd-72968448,Conundrum Creek
aspen,flowline,nhd-flowline-4512854,nhd-165829224,
aspen,flowline,nhd-flowline-4512855,nhd-165830737,
aspen,flowline,nhd-flowline-4512963,nhd-165828453,
aspen,flowline,nhd-flowline-4513001,nhd-165831733,
aspen,flowline,nhd-flowline-4513013,nhd-72975106,Lincoln Gulch Connection Canal
aspen,flowline,nhd-flowline-4570025,nhd-165834964,
aspen,flowline,nhd-flowline-4617664,nhd-159069604,
aspen,flowline,nhd-flowline-4617665,nhd-159069594,
aspen,flowline,nhd-flowline-4684885,nhd-159068375,
aspen,flowline,nhd-flowline-4698695,nhd-159069559,
aspen,flowline,nhd-flowline-4735413,nhd-72968560,Castle Creek
aspen,flowline,nhd-flowline-4735432,nhd-165833393,Lime Creek
aspen,flowline,nhd-flowline-4735441,nhd-165818320,
aspen,flowline,nhd-flowline-4735444,nhd-165820301,
aspen,flowline,nhd-flowline-4735448,nhd-165825196,
aspen,flowline,nhd-flowline-4735459,nhd-165822256,
aspen,flowline,nhd-flowline-4735460,nhd-165834203,
aspen,flowline,nhd-flowline-4735493,nhd-165833928,
aspen,flowline,nhd-flowline-4735496,nhd-72983218,
aspen,flowline,nhd-flowline-4735498,nhd-165833156,
aspen,flowline,nhd-flowline-4735507,nhd-72971532,
aspen,flowline,nhd-flowline-4735520,nhd-72963222,
aspen,flowline,nhd-flowline-4735533,nhd-72968974,
aspen,flowline,nhd-flowline-4735537,nhd-165834072,
aspen,flowline,nhd-flowline-4735541,nhd-165833921,
aspen,flowline,nhd-flowline-4735544,nhd-165817749,
aspen,flowline,nhd-flowline-4735551,nhd-165830922,
aspen,flowline,nhd-flowline-4735552,nhd-165834480,Hunter Creek
aspen,flowline,nhd-flowline-4735554,nhd-165824327,East Snowmass Creek
aspen,flowline,nhd-flowline-4735563,nhd-72978144,
aspen,flowline,nhd-flowline-4735566,nhd-72968398,Conundrum Creek
aspen,flowline,nhd-flowline-4735567,nhd-165833923,
aspen,flowline,nhd-flowline-4735572,nhd-165831149,
aspen,flowline,nhd-flowline-4735599,nhd-165818095,
aspen,flowline,nhd-flowline-4736301,nhd-165834629,East Maroon Creek
aspen,flowline,nhd-flowline-4736364,nhd-165832459,
aspen,flowline,nhd-flowline-4736398,nhd-165826680,
aspen,flowline,nhd-flowline-4736489,nhd-165830235,
aspen,flowline,nhd-flowline-4736492,nhd-72975108,
aspen,flowline,nhd-flowline-4736498,nhd-165833378,
aspen,flowline,nhd-flowline-4736546,nhd-165826576,
aspen,flowline,nhd-flowline-4736564,nhd-165831873,
aspen,flowline,nhd-flowline-4736574,nhd-165830766,
aspen,flowline,nhd-flowline-4736578,nhd-72980368,
aspen,flowline,nhd-flowline-4736653,nhd-165821452,
aspen,flowline,nhd-flowline-4736659,nhd-165823951,Woody Creek
aspen,flowline,nhd-flowline-4736661,nhd-165827489,
aspen,flowline,nhd-flowline-4736673,nhd-72975096,Lincoln Creek
aspen,flowline,nhd-flowline-4736689,nhd-72975218,Truro Creek
aspen,flowline,nhd-flowline-4736704,nhd-72962828,Woody Creek
aspen,flowline,nhd-flowline-4736708,nhd-165833182,
aspen,flowline,nhd-flowline-4736723,nhd-165832138,
aspen,flowline,nhd-flowline-4736803,nhd-165833803,
aspen,flowline,nhd-flowline-4736811,nhd-165831132,
aspen,flowline,nhd-flowline-4736813,nhd-165832797,
aspen,flowline,nhd-flowline-4736852,nhd-72963602,
aspen,flowline,nhd-flowline-4736872,nhd-165819091,
aspen,flowline,nhd-flowline-4790095,nhd-72969790,
aspen,flowline,nhd-flowline-4837967,nhd-165823938,Red Mountain Ditch
aspen,flowline,nhd-flowline-4841105,nhd-65880903,
aspen,flowline,nhd-flowline-4841169,nhd-65879455,Pine Creek
aspen,flowline,nhd-flowline-4908352,nhd-159069532,
aspen,flowline,nhd-flowline-4908445,nhd-65880861,Tellurium Creek
aspen,flowline,nhd-flowline-4908520,nhd-159069520,
aspen,flowline,nhd-flowline-4958686,nhd-165832912,
aspen,flowline,nhd-flowline-4958738,nhd-72972684,
aspen,flowline,nhd-flowline-4958747,nhd-165818462,Owl Creek
aspen,flowline,nhd-flowline-4958748,nhd-165829724,
aspen,flowline,nhd-flowline-4958770,nhd-165830216,Lost Man Creek
aspen,flowline,nhd-flowline-4958793,nhd-165827312,
aspen,flowline,nhd-flowline-4958822,nhd-72963426,
aspen,flowline,nhd-flowline-4958826,nhd-72962904,
aspen,flowline,nhd-flowline-4958836,nhd-165820779,
aspen,flowline,nhd-flowline-4958847,nhd-165828611,
aspen,flowline,nhd-flowline-4958852,nhd-165834386,
aspen,flowline,nhd-flowline-4958853,nhd-165834442,
aspen,flowline,nhd-flowline-4958887,nhd-165833355,
aspen,flowline,nhd-flowline-4959621,nhd-165829221,
aspen,flowline,nhd-flowline-4959648,nhd-72980376,Jack Creek
aspen,flowline,nhd-flowline-4959678,nhd-165831639,
aspen,flowline,nhd-flowline-4959734,nhd-165828884,
aspen,flowline,nhd-flowline-4959781,nhd-165832800,
aspen,flowline,nhd-flowline-4959784,nhd-72979120,
aspen,flowline,nhd-flowline-4959819,nhd-72983460,Roaring Fork River
aspen,flowline,nhd-flowline-4959827,nhd-165817969,
aspen,flowline,nhd-flowline-4959831,nhd-165833540,
aspen,flowline,nhd-flowline-4959836,nhd-72969274,Maroon Creek
aspen,flowline,nhd-flowline-4959837,nhd-72969370,Willow Creek
aspen,flowline,nhd-flowline-4959846,nhd-165828984,
aspen,flowline,nhd-flowline-4959873,nhd-72968656,
aspen,flowline,nhd-flowline-4959878,nhd-165831953,
aspen,flowline,nhd-flowline-4959890,nhd-165831789,
aspen,flowline,nhd-flowline-4959894,nhd-165833763,
aspen,flowline,nhd-flowline-4959922,nhd-165834148,
aspen,flowline,nhd-flowline-4959923,nhd-165821069,
aspen,flowline,nhd-flowline-4959930,nhd-72968564,Fall Creek
aspen,flowline,nhd-flowline-4959935,nhd-165826136,
aspen,flowline,nhd-flowline-4959964,nhd-165823567,Cataract Creek
aspen,flowline,nhd-flowline-4959972,nhd-165831139,
aspen,flowline,nhd-flowline-4959974,nhd-165826255,
aspen,flowline,nhd-flowline-4959982,nhd-165831769,
aspen,flowline,nhd-flowline-4959986,nhd-165835784,
aspen,flowline,nhd-flowline-4959992,nhd-165827865,
aspen,flowline,nhd-flowline-4959998,nhd-165835521,
aspen,flowline,nhd-flowline-4960002,nhd-72963530,Roaring Fork River
aspen,flowline,nhd-flowline-4960009,nhd-165835670,Roaring Fork River
aspen,flowline,nhd-flowline-4960029,nhd-165833805,
aspen,flowline,nhd-flowline-4960031,nhd-165834453,
aspen,flowline,nhd-flowline-4960038,nhd-165827553,
aspen,flowline,nhd-flowline-4960061,nhd-165833740,Hunter Creek
aspen,flowline,nhd-flowline-4960067,nhd-165822230,
aspen,flowline,nhd-flowline-4960085,nhd-72972560,
aspen,flowline,nhd-flowline-4960179,nhd-165821915,
aspen,flowline,nhd-flowline-4960181,nhd-165833247,
aspen,flowline,nhd-flowline-5017481,nhd-165829099,
aspen,flowline,nhd-flowline-5027177,nhd-165833233,
aspen,flowline,nhd-flowline-5031601,nhd-65880829,Bowman Creek
aspen,flowline,nhd-flowline-5031960,nhd-133017832,
aspen,flowline,nhd-flowline-5032354,nhd-163088021,
aspen,flowline,nhd-flowline-5041793,nhd-65879807,
aspen,flowline,nhd-flowline-5132594,nhd-159067924,
aspen,flowline,nhd-flowline-5132638,nhd-65879815,
aspen,flowline,nhd-flowline-5182305,nhd-72969048,Wildcat Creek
aspen,flowline,nhd-flowline-5182319,nhd-165832911,
aspen,flowline,nhd-flowline-5182326,nhd-165833775,Casaday Creek
aspen,flowline,nhd-flowline-5182362,nhd-165823427,
aspen,flowline,nhd-flowline-5182378,nhd-165834464,
aspen,flowline,nhd-flowline-5182380,nhd-165833315,
aspen,flowline,nhd-flowline-5182384,nhd-165827780,
aspen,flowline,nhd-flowline-5182421,nhd-72963342,
aspen,flowline,nhd-flowline-5182429,nhd-165826256,
aspen,flowline,nhd-flowline-5182449,nhd-165832972,
aspen,flowline,nhd-flowline-5182469,nhd-165835815,
aspen,flowline,nhd-flowline-5182482,nhd-165834354,
aspen,flowline,nhd-flowline-5182500,nhd-165823420,
aspen,flowline,nhd-flowline-5183351,nhd-165833736,
aspen,flowline,nhd-flowline-5183402,nhd-ADC8BA82-9AC0-44C7-83F2-86F73B2E3221,North Fork Crystal River
aspen,flowline,nhd-flowline-5183433,nhd-72968508,
aspen,flowline,nhd-flowline-5183439,nhd-165834675,
aspen,flowline,nhd-flowline-5183443,nhd-165835845,
aspen,flowline,nhd-flowline-5183446,nhd-165825860,Castle Creek
aspen,flowline,nhd-flowline-5183462,nhd-72962956,
aspen,flowline,nhd-flowline-5183488,nhd-165819520,
aspen,flowline,nhd-flowline-5183521,nhd-165834632,East Snowmass Creek
aspen,flowline,nhd-flowline-5183540,nhd-165831586,
aspen,flowline,nhd-flowline-5183547,nhd-165834534,
aspen,flowline,nhd-flowline-5183572,nhd-165829635,
aspen,flowline,nhd-flowline-5183574,nhd-165833319,
aspen,flowline,nhd-flowline-5183590,nhd-165822106,
aspen,flowline,nhd-flowline-5183607,nhd-165826636,
aspen,flowline,nhd-flowline-5183611,nhd-165826813,
aspen,flowline,nhd-flowline-5183620,nhd-165826520,
aspen,flowline,nhd-flowline-5183621,nhd-165835057,Hunter Creek
aspen,flowline,nhd-flowline-5183633,nhd-165819828,
aspen,flowline,nhd-flowline-5183644,nhd-165820103,
aspen,flowline,nhd-flowline-5183645,nhd-165835054,
aspen,flowline,nhd-flowline-5183649,nhd-72969156,
aspen,flowline,nhd-flowline-5183655,nhd-165828465,
aspen,flowline,nhd-flowline-5183656,nhd-165817154,Capitol Creek
aspen,flowline,nhd-flowline-5183657,nhd-165833161,
aspen,flowline,nhd-flowline-5183671,nhd-165833193,
aspen,flowline,nhd-flowline-5183677,nhd-165831875,
aspen,flowline,nhd-flowline-5183760,nhd-165830243,
aspen,flowline,nhd-flowline-5237766,nhd-165826616,
aspen,flowline,nhd-flowline-5249062,nhd-165835215,
aspen,flowline,nhd-flowline-5249073,nhd-165835813,
aspen,flowline,nhd-flowline-5265133,nhd-165835144,Woody Creek
aspen,flowline,nhd-flowline-5265134,nhd-72978190,Woody Creek
aspen,flowline,nhd-flowline-5285413,nhd-165827573,Red Mountain Ditch
aspen,flowline,nhd-flowline-5288519,nhd-65880929,
aspen,flowline,nhd-flowline-5289593,nhd-165819042,
aspen,flowline,nhd-flowline-5355517,nhd-159069571,
aspen,flowline,nhd-flowline-5405443,nhd-165817421,
aspen,flowline,nhd-flowline-5405447,nhd-72981368,Midway Creek
aspen,flowline,nhd-flowline-5405457,nhd-165817099,
aspen,flowline,nhd-flowline-5405473,nhd-165834691,East Snowmass Creek
aspen,flowline,nhd-flowline-5405489,nhd-72969316,Maroon Creek
aspen,flowline,nhd-flowline-5405499,nhd-165828938,Snowmass Creek
aspen,flowline,nhd-flowline-5405501,nhd-165834484,
aspen,flowline,nhd-flowline-5405502,nhd-165834277,
aspen,flowline,nhd-flowline-5405503,nhd-165836026,
aspen,flowline,nhd-flowline-5405520,nhd-165833271,
aspen,flowline,nhd-flowline-5405531,nhd-165832109,
aspen,flowline,nhd-flowline-5405537,nhd-72980820,Roaring Fork River
aspen,flowline,nhd-flowline-5405546,nhd-165827696,Owl Creek
aspen,flowline,nhd-flowline-5405547,nhd-165831842,
aspen,flowline,nhd-flowline-5405603,nhd-165831775,
aspen,flowline,nhd-flowline-5405606,nhd-165828493,Copper Creek
aspen,flowline,nhd-flowline-5405619,nhd-165828986,
aspen,flowline,nhd-flowline-5405620,nhd-165833633,
aspen,flowline,nhd-flowline-5405628,nhd-165820573,
aspen,flowline,nhd-flowline-5405631,nhd-165834391,
aspen,flowline,nhd-flowline-5405650,nhd-165833700,
aspen,flowline,nhd-flowline-5406400,nhd-165833827,
aspen,flowline,nhd-flowline-5406454,nhd-72981402,
aspen,flowline,nhd-flowline-5406467,nhd-165827291,
aspen,flowline,nhd-flowline-5406470,nhd-165832301,
aspen,flowline,nhd-flowline-5406526,nhd-165828983,
aspen,flowline,nhd-flowline-5406550,nhd-165820133,
aspen,flowline,nhd-flowline-5406575,nhd-72965040,Snowmass Creek
aspen,flowline,nhd-flowline-5406583,nhd-165827026,
aspen,flowline,nhd-flowline-5406615,nhd-72969604,Roaring Fork River
aspen,flowline,nhd-flowline-5406623,nhd-165827918,
aspen,flowline,nhd-flowline-5406625,nhd-165827156,
aspen,flowline,nhd-flowline-5406631,nhd-165824159,
aspen,flowline,nhd-flowline-5406640,nhd-165827361,
aspen,flowline,nhd-flowline-5406652,nhd-165834596,
aspen,flowline,nhd-flowline-5406656,nhd-165835841,
aspen,flowline,nhd-flowline-5406659,nhd-165830054,
aspen,flowline,nhd-flowline-5406685,nhd-165829744,
aspen,flowline,nhd-flowline-5406703,nhd-165829815,Capitol Creek
aspen,flowline,nhd-flowline-5406717,nhd-72968526,Castle Creek
aspen,flowline,nhd-flowline-5406718,nhd-72968480,
aspen,flowline,nhd-flowline-5406720,nhd-165834457,
aspen,flowline,nhd-flowline-5406728,nhd-72971248,West Maroon Creek
aspen,flowline,nhd-flowline-5406733,nhd-165834659,
aspen,flowline,nhd-flowline-5406743,nhd-72975154,Tabor Creek
aspen,flowline,nhd-flowline-5406781,nhd-72964674,
aspen,flowline,nhd-flowline-5406782,nhd-165833172,
aspen,flowline,nhd-flowline-5406789,nhd-165832664,
aspen,flowline,nhd-flowline-5406794,nhd-165818922,Lost Man Creek
aspen,flowline,nhd-flowline-5406795,nhd-165817964,
aspen,flowline,nhd-flowline-5406797,nhd-165832931,
aspen,flowline,nhd-flowline-5406808,nhd-72963414,
aspen,flowline,nhd-flowline-5406864,nhd-165827316,
aspen,flowline,nhd-flowline-5406897,nhd-165833340,
aspen,flowline,nhd-flowline-5406903,nhd-165829721,
aspen,flowline,nhd-flowline-5406970,nhd-165826811,
aspen,flowline,nhd-flowline-5460642,nhd-165834213,Grizzly Creek
aspen,flowline,nhd-flowline-5460646,nhd-165831778,Grizzly Creek
aspen,flowline,nhd-flowline-5472000,nhd-165834351,
aspen,flowline,nhd-flowline-5473529,nhd-165834285,Willow Creek
aspen,flowline,nhd-flowline-5477798,nhd-159069568,Bowman Creek
aspen,flowline,nhd-flowline-5478278,nhd-163086511,
aspen,flowline,nhd-flowline-5478623,nhd-163087590,
aspen,flowline,nhd-flowline-5578878,nhd-159068324,
aspen,flowline,nhd-flowline-5578921,nhd-159067969,
aspen,flowline,nhd-flowline-5578923,nhd-159067946,
aspen,flowline,nhd-flowline-5628752,nhd-72965002,
aspen,flowline,nhd-flowline-5628758,nhd-165829553,Spruce Creek
aspen,flowline,nhd-flowline-5628779,nhd-165833191,
aspen,flowline,nhd-flowline-5628790,nhd-165833137,
aspen,flowline,nhd-flowline-5628794,nhd-72971392,
aspen,flowline,nhd-flowline-5628809,nhd-165834816,Snowmass Creek
aspen,flowline,nhd-flowline-5628810,nhd-165827201,
aspen,flowline,nhd-flowline-5628821,nhd-72968874,
aspen,flowline,nhd-flowline-5628834,nhd-165830251,
aspen,flowline,nhd-flowline-5628838,nhd-165832275,
aspen,flowline,nhd-flowline-5628847,nhd-72969682,
aspen,flowline,nhd-flowline-5628866,nhd-165827860,
aspen,flowline,nhd-flowline-5628869,nhd-165821216,East Snowmass Creek
aspen,flowline,nhd-flowline-5628877,nhd-72969692,Lincoln Creek
aspen,flowline,nhd-flowline-5628909,nhd-72971230,
aspen,flowline,nhd-flowline-5628930,nhd-165821917,
aspen,flowline,nhd-flowline-5628932,nhd-165829030,
aspen,flowline,nhd-flowline-5628940,nhd-165818920,
aspen,flowline,nhd-flowline-5628946,nhd-165820112,
aspen,flowline,nhd-flowline-5629592,nhd-72965030,Copper Creek
aspen,flowline,nhd-flowline-5629618,nhd-165834398,Snowmass Creek
aspen,flowline,nhd-flowline-5629711,nhd-165827869,
aspen,flowline,nhd-flowline-5629746,nhd-165832929,
aspen,flowline,nhd-flowline-5629772,nhd-165831325,
aspen,flowline,nhd-flowline-5629796,nhd-165831598,
aspen,flowline,nhd-flowline-5629805,nhd-165832816,
aspen,flowline,nhd-flowline-5629811,nhd-165834200,
aspen,flowline,nhd-flowline-5629816,nhd-165817967,
aspen,flowline,nhd-flowline-5629831,nhd-165834688,
aspen,flowline,nhd-flowline-5629834,nhd-165830528,
aspen,flowline,nhd-flowline-5629847,nhd-165824167,Elk Creek Ditch Number 2
aspen,flowline,nhd-flowline-5629874,nhd-165823029,
aspen,flowline,nhd-flowline-5629875,nhd-165828100,
aspen,flowline,nhd-flowline-5629895,nhd-165836022,
aspen,flowline,nhd-flowline-5629902,nhd-72980894,Lime Creek
aspen,flowline,nhd-flowline-5629924,nhd-165832906,
aspen,flowline,nhd-flowline-5629938,nhd-72969044,Wildcat Creek
aspen,flowline,nhd-flowline-5629942,nhd-165826129,
aspen,flowline,nhd-flowline-5629955,nhd-165819090,
aspen,flowline,nhd-flowline-5629967,nhd-165834109,Silver Creek
aspen,flowline,nhd-flowline-5629973,nhd-165818481,
aspen,flowline,nhd-flowline-5629978,nhd-165833869,
aspen,flowline,nhd-flowline-5629989,nhd-72968914,Wiese Upper Ditch
aspen,flowline,nhd-flowline-5629992,nhd-165830516,
aspen,flowline,nhd-flowline-5629993,nhd-72980904,Wildcat Creek
aspen,flowline,nhd-flowline-5630070,nhd-165834738,
aspen,flowline,nhd-flowline-5630134,nhd-165825857,
aspen,flowline,nhd-flowline-5630182,nhd-165828615,
aspen,flowline,nhd-flowline-5732086,nhd-165835493,
aspen,flowline,nhd-flowline-5735108,nhd-159069335,
aspen,flowline,nhd-flowline-5852738,nhd-72972748,
aspen,flowline,nhd-flowline-5852744,nhd-165831413,
aspen,flowline,nhd-flowline-5852753,nhd-165833228,
aspen,flowline,nhd-flowline-5852761,nhd-72964368,Lime Creek
aspen,flowline,nhd-flowline-5852763,nhd-165833159,
aspen,flowline,nhd-flowline-5852768,nhd-72981362,
aspen,flowline,nhd-flowline-5852789,nhd-165830232,
aspen,flowline,nhd-flowline-5852796,nhd-165833878,
aspen,flowline,nhd-flowline-5852817,nhd-165832818,
aspen,flowline,nhd-flowline-5852840,nhd-72981424,Midway Creek
aspen,flowline,nhd-flowline-5852844,nhd-165828534,New York Collection Canal
aspen,flowline,nhd-flowline-5852847,nhd-72972142,
aspen,flowline,nhd-flowline-5852877,nhd-165832962,
aspen,flowline,nhd-flowline-5852879,nhd-165835757,
aspen,flowline,nhd-flowline-5852880,nhd-72971522,East Maroon Creek
aspen,flowline,nhd-flowline-5852896,nhd-72965184,Nickelson Creek
aspen,flowline,nhd-flowline-5852927,nhd-72968384,
aspen,flowline,nhd-flowline-5852935,nhd-72972758,
aspen,flowline,nhd-flowline-5853770,nhd-165831186,
aspen,flowline,nhd-flowline-5853780,nhd-165831749,
aspen,flowline,nhd-flowline-5853854,nhd-165820549,Roaring Fork River
aspen,flowline,nhd-flowline-5853867,nhd-72962772,Woody Creek
aspen,flowline,nhd-flowline-5853883,nhd-72968568,Sandy Creek
aspen,flowline,nhd-flowline-5853900,nhd-165834195,
aspen,flowline,nhd-flowline-5853913,nhd-165820554,
aspen,flowline,nhd-flowline-5853918,nhd-165816920,
aspen,flowline,nhd-flowline-5853921,nhd-165832898,
aspen,flowline,nhd-flowline-5853943,nhd-165833487,Tabor Creek
aspen,flowline,nhd-flowline-5853968,nhd-165832479,Willow Creek
aspen,flowline,nhd-flowline-5853994,nhd-72963458,
aspen,flowline,nhd-flowline-5853999,nhd-165820981,
aspen,flowline,nhd-flowline-5854002,nhd-72972690,
aspen,flowline,nhd-flowline-5854008,nhd-165833493,Castle Creek
aspen,flowline,nhd-flowline-5854015,nhd-165825520,
aspen,flowline,nhd-flowline-5854016,nhd-165834999,
aspen,flowline,nhd-flowline-5854022,nhd-165833935,
aspen,flowline,nhd-flowline-5854024,nhd-72972486,
aspen,flowline,nhd-flowline-5854043,nhd-72969016,
aspen,flowline,nhd-flowline-5854044,nhd-165829649,
aspen,flowline,nhd-flowline-5854058,nhd-165834797,
aspen,flowline,nhd-flowline-5854075,nhd-72971494,Willow Creek
aspen,flowline,nhd-flowline-5854085,nhd-72969486,Wildcat Creek
aspen,flowline,nhd-flowline-5854091,nhd-165833347,
aspen,flowline,nhd-flowline-5854095,nhd-165822459,
aspen,flowline,nhd-flowline-5854101,nhd-165832280,
aspen,flowline,nhd-flowline-5854188,nhd-165824316,
aspen,flowline,nhd-flowline-5907880,nhd-72969658,
aspen,flowline,nhd-flowline-5907881,nhd-165833809,
aspen,flowline,nhd-flowline-5911757,nhd-165829219,
aspen,flowline,nhd-flowline-5919007,nhd-165833492,
aspen,flowline,nhd-flowline-5919045,nhd-165835821,
aspen,flowline,nhd-flowline-5919163,nhd-165829031,
aspen,flowline,nhd-flowline-6026268,nhd-159067999,
aspen,flowline,nhd-flowline-6026341,nhd-65880859,
aspen,flowline,nhd-flowline-6076571,nhd-72969188,
aspen,flowline,nhd-flowline-6076576,nhd-72981260,
aspen,flowline,nhd-flowline-6076578,nhd-165832256,
aspen,flowline,nhd-flowline-6076597,nhd-72968514,
aspen,flowline,nhd-flowline-6076620,nhd-165820807,
aspen,flowline,nhd-flowline-6076644,nhd-165822234,
aspen,flowline,nhd-flowline-6076645,nhd-165833656,Snowmass Creek
aspen,flowline,nhd-flowline-6076648,nhd-165822860,Snowmass Creek
aspen,flowline,nhd-flowline-6076649,nhd-72983480,
aspen,flowline,nhd-flowline-6076650,nhd-72975026,
aspen,flowline,nhd-flowline-6076653,nhd-165818303,
aspen,flowline,nhd-flowline-6076678,nhd-165822929,
aspen,flowline,nhd-flowline-6076693,nhd-165825865,Conundrum Creek
aspen,flowline,nhd-flowline-6076703,nhd-165835839,
aspen,flowline,nhd-flowline-6076704,nhd-72978924,Snowmass Creek
aspen,flowline,nhd-flowline-6076706,nhd-165833423,
aspen,flowline,nhd-flowline-6076711,nhd-72975076,
aspen,flowline,nhd-flowline-6076712,nhd-72972146,
aspen,flowline,nhd-flowline-6076721,nhd-165831945,
aspen,flowline,nhd-flowline-6076741,nhd-165833885,
aspen,flowline,nhd-flowline-6077549,nhd-165836088,
aspen,flowline,nhd-flowline-6077552,nhd-165831593,
aspen,flowline,nhd-flowline-6077576,nhd-72969426,
aspen,flowline,nhd-flowline-6077647,nhd-165829143,
aspen,flowline,nhd-flowline-6077649,nhd-165834695,Fall Creek
aspen,flowline,nhd-flowline-6077662,nhd-165830664,Fall Creek
aspen,flowline,nhd-flowline-6077664,nhd-165827575,
aspen,flowline,nhd-flowline-6077674,nhd-165826637,
aspen,flowline,nhd-flowline-6077678,nhd-165818314,
aspen,flowline,nhd-flowline-6077694,nhd-165832489,Brush Creek
aspen,flowline,nhd-flowline-6077727,nhd-165828544,
aspen,flowline,nhd-flowline-6077741,nhd-72980396,
aspen,flowline,nhd-flowline-6077744,nhd-165831671,Cliff Creek
aspen,flowline,nhd-flowline-6077764,nhd-165833544,
aspen,flowline,nhd-flowline-6077782,nhd-72971334,East Maroon Creek
aspen,flowline,nhd-flowline-6077785,nhd-165830149,
aspen,flowline,nhd-flowline-6077786,nhd-165834342,
aspen,flowline,nhd-flowline-6077811,nhd-165834365,
aspen,flowline,nhd-flowline-6077819,nhd-165830747,
aspen,flowline,nhd-flowline-6077848,nhd-165832111,
aspen,flowline,nhd-flowline-6077957,nhd-165831640,
aspen,flowline,nhd-flowline-6077975,nhd-165830740,
aspen,flowline,nhd-flowline-6078046,nhd-72968778,Cooper Creek
aspen,flowline,nhd-flowline-6144305,nhd-165817043,
aspen,flowline,nhd-flowline-6249946,nhd-159068462,
aspen,flowline,nhd-flowline-6250049,nhd-159069547,
aspen,flowline,nhd-flowline-6250066,nhd-159067968,
aspen,flowline,nhd-flowline-6250079,nhd-159069597,Tellurium Creek
aspen,flowline,nhd-flowline-6253289,nhd-165833160,
aspen,flowline,nhd-flowline-6299751,nhd-165834510,Roaring Fork River
aspen,flowline,nhd-flowline-6299774,nhd-165833164,
aspen,flowline,nhd-flowline-6299775,nhd-165835799,
aspen,flowline,nhd-flowline-6299793,nhd-165830650,
aspen,flowline,nhd-flowline-6299804,nhd-165832896,
aspen,flowline,nhd-flowline-6299808,nhd-165833632,
aspen,flowline,nhd-flowline-6299823,nhd-165828079,
aspen,flowline,nhd-flowline-6299825,nhd-165823568,
aspen,flowline,nhd-flowline-6299849,nhd-165834580,Snowmass Creek
aspen,flowline,nhd-flowline-6299858,nhd-165835816,Devaney Creek
aspen,flowline,nhd-flowline-6299872,nhd-165832279,
aspen,flowline,nhd-flowline-6299874,nhd-165821989,Roaring Fork River
aspen,flowline,nhd-flowline-6299894,nhd-165827364,
aspen,flowline,nhd-flowline-6299897,nhd-72980312,Woody Creek
aspen,flowline,nhd-flowline-6299909,nhd-165835136,
aspen,flowline,nhd-flowline-6299933,nhd-72983332,Smith and Rex Ditch
aspen,flowline,nhd-flowline-6300637,nhd-165834207,Hunter Creek
aspen,flowline,nhd-flowline-6300653,nhd-165834050,
aspen,flowline,nhd-flowline-6300766,nhd-165818478,
aspen,flowline,nhd-flowline-6300779,nhd-165817966,
aspen,flowline,nhd-flowline-6300806,nhd-165833870,
aspen,flowline,nhd-flowline-6300817,nhd-165817153,Capitol Creek
aspen,flowline,nhd-flowline-6300818,nhd-165826597,Wilbur Creek
aspen,flowline,nhd-flowline-6300852,nhd-165832582,Hunter Creek
aspen,flowline,nhd-flowline-6300862,nhd-165832347,
aspen,flowline,nhd-flowline-6300883,nhd-165834537,
aspen,flowline,nhd-flowline-6300884,nhd-165832892,
aspen,flowline,nhd-flowline-6300907,nhd-165831581,
aspen,flowline,nhd-flowline-6300909,nhd-165823699,
aspen,flowline,nhd-flowline-6300912,nhd-165827694,
aspen,flowline,nhd-flowline-6300942,nhd-165831273,
aspen,flowline,nhd-flowline-6300951,nhd-72963016,
aspen,flowline,nhd-flowline-6300969,nhd-72975160,
aspen,flowline,nhd-flowline-6300989,nhd-72968900,
aspen,flowline,nhd-flowline-6300992,nhd-165820127,
aspen,flowline,nhd-flowline-6300997,nhd-165834472,
aspen,flowline,nhd-flowline-6301022,nhd-165834801,
aspen,flowline,nhd-flowline-6301063,nhd-165833904,
aspen,flowline,nhd-flowline-6372690,nhd-133042644,
aspen,flowline,nhd-flowline-6403125,nhd-72963586,
aspen,flowline,nhd-flowline-6473519,nhd-159068311,
aspen,flowline,nhd-flowline-6473576,nhd-159069521,
aspen,flowline,nhd-flowline-6523256,nhd-72972096,Sawyer Creek
aspen,flowline,nhd-flowline-6523273,nhd-165827708,
aspen,flowline,nhd-flowline-6523297,nhd-165835032,
aspen,flowline,nhd-flowline-6523328,nhd-72968714,Express Creek
aspen,flowline,nhd-flowline-6523340,nhd-165830680,Roaring Fork River
aspen,flowline,nhd-flowline-6523343,nhd-165834751,Maroon Creek
aspen,flowline,nhd-flowline-6523365,nhd-165827482,
aspen,flowline,nhd-flowline-6523372,nhd-166906333,
aspen,flowline,nhd-flowline-6523385,nhd-72978868,Snowmass Creek
aspen,flowline,nhd-flowline-6523396,nhd-165818943,
aspen,flowline,nhd-flowline-6523416,nhd-165820769,
aspen,flowline,nhd-flowline-6523419,nhd-165832496,
aspen,flowline,nhd-flowline-6523423,nhd-165828971,
aspen,flowline,nhd-flowline-6523437,nhd-72969820,
aspen,flowline,nhd-flowline-6523440,nhd-165831665,
aspen,flowline,nhd-flowline-6523441,nhd-165832808,
aspen,flowline,nhd-flowline-6523451,nhd-72983304,Snowmass Ditch
aspen,flowline,nhd-flowline-6524235,nhd-165823542,
aspen,flowline,nhd-flowline-6524237,nhd-165835822,
aspen,flowline,nhd-flowline-6524305,nhd-165834915,
aspen,flowline,nhd-flowline-6524352,nhd-165833139,
aspen,flowline,nhd-flowline-6524363,nhd-72964322,
aspen,flowline,nhd-flowline-6524407,nhd-72971376,
aspen,flowline,nhd-flowline-6524408,nhd-72968756,
aspen,flowline,nhd-flowline-6524410,nhd-165833362,West Snowmass Creek
aspen,flowline,nhd-flowline-6524423,nhd-72979298,East Fork South Fork Crystal River
aspen,flowline,nhd-flowline-6524424,nhd-165834931,North Fork Crystal River
aspen,flowline,nhd-flowline-6524428,nhd-72963492,McFarlane Creek
aspen,flowline,nhd-flowline-6524447,nhd-72975146,
aspen,flowline,nhd-flowline-6524455,nhd-165824189,Spring Creek
aspen,flowline,nhd-flowline-6524485,nhd-165834996,
aspen,flowline,nhd-flowline-6524500,nhd-72971456,Conundrum Creek
aspen,flowline,nhd-flowline-6524506,nhd-165834402,
aspen,flowline,nhd-flowline-6524541,nhd-165835505,
aspen,flowline,nhd-flowline-6524543,nhd-165834740,
aspen,flowline,nhd-flowline-6524549,nhd-165834425,
aspen,flowline,nhd-flowline-6524554,nhd-165835733,
aspen,flowline,nhd-flowline-6524564,nhd-165823544,
aspen,flowline,nhd-flowline-6524583,nhd-72963576,
aspen,flowline,nhd-flowline-6524585,nhd-165818455,Little Elk Creek
aspen,flowline,nhd-flowline-6524588,nhd-165832509,
aspen,flowline,nhd-flowline-6524591,nhd-165834563,
aspen,flowline,nhd-flowline-6524592,nhd-165826802,
aspen,flowline,nhd-flowline-6524605,nhd-165822268,
aspen,flowline,nhd-flowline-6524618,nhd-165833467,
aspen,flowline,nhd-flowline-6524620,nhd-165827290,
aspen,flowline,nhd-flowline-6524694,nhd-72963168,
aspen,flowline,nhd-flowline-6524703,nhd-165820628,
aspen,flowline,nhd-flowline-6524765,nhd-165831119,
aspen,flowline,nhd-flowline-6578532,nhd-72969690,
aspen,flowline,nhd-flowline-6578621,nhd-165831257,
aspen,flowline,nhd-flowline-6591340,nhd-72963272,
aspen,flowline,nhd-flowline-6591342,nhd-165833250,
aspen,flowline,nhd-flowline-6591343,nhd-72969166,East Fork Brush Creek
aspen,flowline,nhd-flowline-6596980,nhd-133043703,
aspen,flowline,nhd-flowline-6606014,nhd-65879825,Copper Creek
aspen,flowline,nhd-flowline-6629440,nhd-159067948,
aspen,flowline,nhd-flowline-6629494,nhd-159069570,
aspen,flowline,nhd-flowline-6696952,nhd-159068444,
aspen,flowline,nhd-flowline-6697102,nhd-159069526,
aspen,flowline,nhd-flowline-6747092,nhd-165832661,
aspen,flowline,nhd-flowline-6747107,nhd-72963380,
aspen,flowline,nhd-flowline-6747137,nhd-165817240,
aspen,flowline,nhd-flowline-6747157,nhd-72969346,Willow Creek
aspen,flowline,nhd-flowline-6747180,nhd-72981290,
aspen,flowline,nhd-flowline-6747219,nhd-165830663,Difficult Creek
aspen,flowline,nhd-flowline-6747220,nhd-72968626,
aspen,flowline,nhd-flowline-6748041,nhd-165827325,
aspen,flowline,nhd-flowline-6748080,nhd-165820117,
aspen,flowline,nhd-flowline-6748082,nhd-165829163,
aspen,flowline,nhd-flowline-6748083,nhd-72963250,Roaring Fork River
aspen,flowline,nhd-flowline-6748108,nhd-72975224,Difficult Creek
aspen,flowline,nhd-flowline-6748237,nhd-72971216,Willow Creek
aspen,flowline,nhd-flowline-6748243,nhd-165825531,
aspen,flowline,nhd-flowline-6748245,nhd-165830630,
aspen,flowline,nhd-flowline-6748257,nhd-165828089,
aspen,flowline,nhd-flowline-6748258,nhd-72969712,Lincoln Creek
aspen,flowline,nhd-flowline-6748268,nhd-165830577,
aspen,flowline,nhd-flowline-6748275,nhd-72972132,
aspen,flowline,nhd-flowline-6748318,nhd-72981520,
aspen,flowline,nhd-flowline-6748330,nhd-165835174,
aspen,flowline,nhd-flowline-6748355,nhd-72971320,
aspen,flowline,nhd-flowline-6748370,nhd-72968652,
aspen,flowline,nhd-flowline-6748385,nhd-165834773,
aspen,flowline,nhd-flowline-6748388,nhd-72968766,
aspen,flowline,nhd-flowline-6748392,nhd-72978128,
aspen,flowline,nhd-flowline-6748399,nhd-165816907,
aspen,flowline,nhd-flowline-6748401,nhd-165819536,
aspen,flowline,nhd-flowline-6748420,nhd-165834657,
aspen,flowline,nhd-flowline-6748427,nhd-72969694,
aspen,flowline,nhd-flowline-6748446,nhd-166906335,
aspen,flowline,nhd-flowline-6748466,nhd-72968474,Castle Creek
aspen,flowline,nhd-flowline-6748535,nhd-165831570,
aspen,flowline,nhd-flowline-6814597,nhd-E4D18EC3-B7B9-4BD9-81C0-6734A1E4FC03,Willow Creek
aspen,flowline,nhd-flowline-6818120,nhd-159069590,Bowman Creek
aspen,flowline,nhd-flowline-6820080,nhd-163086496,
aspen,flowline,nhd-flowline-6829315,nhd-165835140,Woody Creek
aspen,flowline,nhd-flowline-6849625,nhd-133018838,Twin Lakes Reservoir and Canal Company Tunnel Number 1
aspen,flowline,nhd-flowline-6849663,nhd-165835494,
aspen,flowline,nhd-flowline-6920571,nhd-159069535,
aspen,flowline,nhd-flowline-6920607,nhd-159069606,
aspen,flowline,nhd-flowline-6920608,nhd-159069530,
aspen,flowline,nhd-flowline-6935222,nhd-159069533,
aspen,flowline,nhd-flowline-6970928,nhd-165831554,Little Elk Creek
aspen,flowline,nhd-flowline-6970935,nhd-165827684,
aspen,flowline,nhd-flowline-6970937,nhd-165834721,
aspen,flowline,nhd-flowline-6970940,nhd-165829736,
aspen,flowline,nhd-flowline-6970944,nhd-72971192,
aspen,flowline,nhd-flowline-6970953,nhd-165833965,
aspen,flowline,nhd-flowline-6970958,nhd-165833242,
aspen,flowline,nhd-flowline-6970990,nhd-165826516,Hunter Creek
aspen,flowline,nhd-flowline-6970998,nhd-165820290,
aspen,flowline,nhd-flowline-6971009,nhd-165826667,Hunter Creek
aspen,flowline,nhd-flowline-6971018,nhd-165834367,
aspen,flowline,nhd-flowline-6971028,nhd-165827867,
aspen,flowline,nhd-flowline-6971046,nhd-72975246,
aspen,flowline,nhd-flowline-6971081,nhd-165826804,
aspen,flowline,nhd-flowline-6971083,nhd-72964878,
aspen,flowline,nhd-flowline-6971099,nhd-165832811,
aspen,flowline,nhd-flowline-6971116,nhd-72968502,
aspen,flowline,nhd-flowline-6971130,nhd-72972556,South Fork Fryingpan River
aspen,flowline,nhd-flowline-6971135,nhd-72972714,
aspen,flowline,nhd-flowline-6971913,nhd-72968686,Express Creek
aspen,flowline,nhd-flowline-6971915,nhd-165834449,
aspen,flowline,nhd-flowline-6971918,nhd-165827049,
aspen,flowline,nhd-flowline-6971960,nhd-165833184,
aspen,flowline,nhd-flowline-6972069,nhd-72972622,
aspen,flowline,nhd-flowline-6972070,nhd-165835997,
aspen,flowline,nhd-flowline-6972080,nhd-165828098,
aspen,flowline,nhd-flowline-6972102,nhd-165831822,
aspen,flowline,nhd-flowline-6972103,nhd-165830541,
aspen,flowline,nhd-flowline-6972114,nhd-165833675,
aspen,flowline,nhd-flowline-6972124,nhd-165835178,Hunter Creek
aspen,flowline,nhd-flowline-6972127,nhd-165834658,
aspen,flowline,nhd-flowline-6972130,nhd-72963376,Roaring Fork River
aspen,flowline,nhd-flowline-6972143,nhd-165833531,
aspen,flowline,nhd-flowline-6972150,nhd-165834655,Snowmass Creek
aspen,flowline,nhd-flowline-6972156,nhd-165826674,Hunter Creek
aspen,flowline,nhd-flowline-6972194,nhd-165828981,
aspen,flowline,nhd-flowline-6972220,nhd-72964304,
aspen,flowline,nhd-flowline-6972250,nhd-165833510,
aspen,flowline,nhd-flowline-6972259,nhd-165833919,
aspen,flowline,nhd-flowline-6972267,nhd-165833249,
aspen,flowline,nhd-flowline-6972281,nhd-72971198,Maroon Creek
aspen,flowline,nhd-flowline-6972282,nhd-165834525,
aspen,flowline,nhd-flowline-6972288,nhd-165834280,Bruin Creek
aspen,flowline,nhd-flowline-6972294,nhd-72971384,West Maroon Creek
aspen,flowline,nhd-flowline-6972313,nhd-165820564,
aspen,flowline,nhd-flowline-6972320,nhd-165817741,
aspen,flowline,nhd-flowline-6972333,nhd-165822229,
aspen,flowline,nhd-flowline-6972446,nhd-165834474,
aspen,flowline,nhd-flowline-7025747,nhd-165831036,
aspen,flowline,nhd-flowline-7025840,nhd-72969656,
aspen,flowline,nhd-flowline-7028932,nhd-165829121,
aspen,flowline,nhd-flowline-7073709,nhd-165826515,Chapman Tunnel
aspen,flowline,nhd-flowline-7143976,nhd-159069546,
aspen,flowline,nhd-flowline-7144047,nhd-159068359,
aspen,flowline,nhd-flowline-7144116,nhd-159067945,
aspen,flowline,nhd-flowline-7194514,nhd-165819582,
aspen,flowline,nhd-flowline-7194517,nhd-165829167,
aspen,flowline,nhd-flowline-7194518,nhd-165823545,
aspen,flowline,nhd-flowline-7194531,nhd-165832207,
aspen,flowline,nhd-flowline-7194534,nhd-165833430,
aspen,flowline,nhd-flowline-7194553,nhd-165831771,
aspen,flowline,nhd-flowline-7194565,nhd-72969176,
aspen,flowline,nhd-flowline-7194578,nhd-165829666,
aspen,flowline,nhd-flowline-7194582,nhd-165827662,
aspen,flowline,nhd-flowline-7194624,nhd-72964700,Nickelson Creek
aspen,flowline,nhd-flowline-7194642,nhd-72963476,Castle Creek
aspen,flowline,nhd-flowline-7194643,nhd-165825875,
aspen,flowline,nhd-flowline-7194649,nhd-165829211,
aspen,flowline,nhd-flowline-7194680,nhd-165834576,
aspen,flowline,nhd-flowline-7195447,nhd-165835009,
aspen,flowline,nhd-flowline-7195565,nhd-165832510,
aspen,flowline,nhd-flowline-7195568,nhd-165836003,
aspen,flowline,nhd-flowline-7195609,nhd-72981050,Roaring Fork River
aspen,flowline,nhd-flowline-7195658,nhd-165831425,
aspen,flowline,nhd-flowline-7195661,nhd-165826866,
aspen,flowline,nhd-flowline-7195678,nhd-165831708,
aspen,flowline,nhd-flowline-7195685,nhd-165833896,
aspen,flowline,nhd-flowline-7195692,nhd-165827564,
aspen,flowline,nhd-flowline-7195702,nhd-165831489,West Maroon Creek
aspen,flowline,nhd-flowline-7195727,nhd-72981052,
aspen,flowline,nhd-flowline-7195772,nhd-165823283,
aspen,flowline,nhd-flowline-7195778,nhd-72972076,Spruce Creek
aspen,flowline,nhd-flowline-7195786,nhd-165829056,
aspen,flowline,nhd-flowline-7195796,nhd-72972430,South Fork Fryingpan River
aspen,flowline,nhd-flowline-7195802,nhd-165829665,
aspen,flowline,nhd-flowline-7195807,nhd-165822033,
aspen,flowline,nhd-flowline-7195813,nhd-72968770,Cooper Creek
aspen,flowline,nhd-flowline-7195840,nhd-165817707,
aspen,flowline,nhd-flowline-7195845,nhd-72975272,
aspen,flowline,nhd-flowline-7195853,nhd-165827945,
aspen,flowline,nhd-flowline-7195902,nhd-165831031,
aspen,flowline,nhd-flowline-7195917,nhd-165829223,
aspen,flowline,nhd-flowline-7195918,nhd-165827691,
aspen,flowline,nhd-flowline-7260651,nhd-165835479,
aspen,flowline,nhd-flowline-7300314,nhd-65880889,
aspen,flowline,nhd-flowline-7304995,nhd-267A247F-1742-427C-9E74-4295220E9CA9,
aspen,flowline,nhd-flowline-7367878,nhd-159069593,Tellurium Creek
aspen,flowline,nhd-flowline-7367879,nhd-159067919,
aspen,flowline,nhd-flowline-7367899,nhd-159068000,
aspen,flowline,nhd-flowline-7367900,nhd-159068001,
aspen,flowline,nhd-flowline-7417574,nhd-165818315,
aspen,flowline,nhd-flowline-7417577,nhd-72963162,
aspen,flowline,nhd-flowline-7417583,nhd-72983316,Wildcat Creek
aspen,flowline,nhd-flowline-7417596,nhd-165827338,
aspen,flowline,nhd-flowline-7417600,nhd-72980310,
aspen,flowline,nhd-flowline-7417611,nhd-165827297,
aspen,flowline,nhd-flowline-7417614,nhd-165817547,
aspen,flowline,nhd-flowline-7417615,nhd-165834634,
aspen,flowline,nhd-flowline-7417622,nhd-165834813,East Snowmass Creek
aspen,flowline,nhd-flowline-7417629,nhd-165830547,
aspen,flowline,nhd-flowline-7417632,nhd-165832289,
aspen,flowline,nhd-flowline-7417638,nhd-165824237,
aspen,flowline,nhd-flowline-7417655,nhd-165833755,Elk Creek Ditch Number 2
aspen,flowline,nhd-flowline-7417670,nhd-72964312,
aspen,flowline,nhd-flowline-7417676,nhd-72963548,Roaring Fork River
aspen,flowline,nhd-flowline-7417680,nhd-B8B9C474-71A6-474B-AA73-D4B39193B8FB,Cliff Creek
aspen,flowline,nhd-flowline-7417687,nhd-165834916,
aspen,flowline,nhd-flowline-7417689,nhd-165821010,
aspen,flowline,nhd-flowline-7417700,nhd-72962920,
aspen,flowline,nhd-flowline-7417714,nhd-72962842,
aspen,flowline,nhd-flowline-7417729,nhd-165834350,
aspen,flowline,nhd-flowline-7417744,nhd-165834732,
aspen,flowline,nhd-flowline-7418496,nhd-72971432,
aspen,flowline,nhd-flowline-7418511,nhd-72969088,Brush Creek
aspen,flowline,nhd-flowline-7418546,nhd-165818931,
aspen,flowline,nhd-flowline-7418562,nhd-72962996,
aspen,flowline,nhd-flowline-7418566,nhd-72968418,
aspen,flowline,nhd-flowline-7418572,nhd-165827358,
aspen,flowline,nhd-flowline-7418585,nhd-165817763,
aspen,flowline,nhd-flowline-7418720,nhd-165834734,
aspen,flowline,nhd-flowline-7418741,nhd-165833206,Snowmass Creek
aspen,flowline,nhd-flowline-7418753,nhd-165830768,
aspen,flowline,nhd-flowline-7418767,nhd-72964854,Snowmass Creek
aspen,flowline,nhd-flowline-7418784,nhd-72981504,
aspen,flowline,nhd-flowline-7418796,nhd-72975338,
aspen,flowline,nhd-flowline-7418806,nhd-165832919,
aspen,flowline,nhd-flowline-7418808,nhd-165830735,
aspen,flowline,nhd-flowline-7418833,nhd-165833223,
aspen,flowline,nhd-flowline-7418860,nhd-72963442,Roaring Fork River
aspen,flowline,nhd-flowline-7418867,nhd-165829656,
aspen,flowline,nhd-flowline-7418868,nhd-165833459,
aspen,flowline,nhd-flowline-7418880,nhd-165833257,
aspen,flowline,nhd-flowline-7418886,nhd-72972078,
aspen,flowline,nhd-flowline-7418895,nhd-165829209,
aspen,flowline,nhd-flowline-7418900,nhd-AEB39ED1-5238-489B-914C-FFF9EF37FEB2,Tabor Creek
aspen,flowline,nhd-flowline-7418916,nhd-165831575,
aspen,flowline,nhd-flowline-7418921,nhd-165831571,
aspen,flowline,nhd-flowline-7418950,nhd-165830492,
aspen,flowline,nhd-flowline-7419042,nhd-165820766,
aspen,flowline,nhd-flowline-7419087,nhd-165823425,
aspen,flowline,nhd-flowline-7472902,nhd-165834214,Grizzly Creek
aspen,flowline,nhd-flowline-7484217,nhd-165834094,
aspen,flowline,nhd-flowline-7641572,nhd-165833188,
aspen,flowline,nhd-flowline-7641582,nhd-165826484,
aspen,flowline,nhd-flowline-7641583,nhd-165831811,Spring Creek
aspen,flowline,nhd-flowline-7641586,nhd-72975038,
aspen,flowline,nhd-flowline-7641595,nhd-165832908,
aspen,flowline,nhd-flowline-7641596,nhd-165818474,
aspen,flowline,nhd-flowline-7641600,nhd-165831851,
aspen,flowline,nhd-flowline-7641606,nhd-72971514,
aspen,flowline,nhd-flowline-7641615,nhd-165832647,East Maroon Creek
aspen,flowline,nhd-flowline-7641621,nhd-165826798,Powell Mc Kenzie Ditch
aspen,flowline,nhd-flowline-7641623,nhd-165833905,
aspen,flowline,nhd-flowline-7641631,nhd-72983298,
aspen,flowline,nhd-flowline-7641652,nhd-165833345,
aspen,flowline,nhd-flowline-7641653,nhd-72963446,
aspen,flowline,nhd-flowline-7641659,nhd-72972776,
aspen,flowline,nhd-flowline-7641675,nhd-165831773,
aspen,flowline,nhd-flowline-7641701,nhd-72969636,Independence Creek
aspen,flowline,nhd-flowline-7641752,nhd-165831667,Hunter Creek
aspen,flowline,nhd-flowline-7641762,nhd-165832599,West Snowmass Creek
aspen,flowline,nhd-flowline-7641781,nhd-165830679,Roaring Fork River
aspen,flowline,nhd-flowline-7641782,nhd-165829214,
aspen,flowline,nhd-flowline-7642585,nhd-165830656,Willow Creek
aspen,flowline,nhd-flowline-7642588,nhd-165826586,
aspen,flowline,nhd-flowline-7642593,nhd-165828995,Wildcat Creek
aspen,flowline,nhd-flowline-7642666,nhd-165829159,
aspen,flowline,nhd-flowline-7642672,nhd-165834329,
aspen,flowline,nhd-flowline-7642681,nhd-165836032,Roaring Fork River
aspen,flowline,nhd-flowline-7642737,nhd-72964316,
aspen,flowline,nhd-flowline-7642738,nhd-165824180,
aspen,flowline,nhd-flowline-7642740,nhd-72981016,
aspen,flowline,nhd-flowline-7642741,nhd-165826830,
aspen,flowline,nhd-flowline-7642742,nhd-165831021,
aspen,flowline,nhd-flowline-7642747,nhd-165827923,
aspen,flowline,nhd-flowline-7642764,nhd-165834089,
aspen,flowline,nhd-flowline-7642772,nhd-165823424,
aspen,flowline,nhd-flowline-7642773,nhd-165827503,
aspen,flowline,nhd-flowline-7642779,nhd-165833523,
aspen,flowline,nhd-flowline-7642782,nhd-165823697,
aspen,flowline,nhd-flowline-7642821,nhd-165822360,Collins Creek
aspen,flowline,nhd-flowline-7642851,nhd-72972138,
aspen,flowline,nhd-flowline-7642876,nhd-165830241,
aspen,flowline,nhd-flowline-7642882,nhd-165831578,
aspen,flowline,nhd-flowline-7642889,nhd-72964308,
aspen,flowline,nhd-flowline-7642892,nhd-165818468,
aspen,flowline,nhd-flowline-7642894,nhd-72969112,
aspen,flowline,nhd-flowline-7642905,nhd-165833230,
aspen,flowline,nhd-flowline-7642910,nhd-165830221,
aspen,flowline,nhd-flowline-7642944,nhd-72971428,
aspen,flowline,nhd-flowline-7643100,nhd-72962824,
aspen,flowline,nhd-flowline-7828373,nhd-159069553,
aspen,flowline,nhd-flowline-7865111,nhd-165827210,
aspen,flowline,nhd-flowline-7865115,nhd-72972624,
aspen,flowline,nhd-flowline-7865121,nhd-72969148,
aspen,flowline,nhd-flowline-7865122,nhd-165834928,
aspen,flowline,nhd-flowline-7865125,nhd-165820646,
aspen,flowline,nhd-flowline-7865128,nhd-165827926,
aspen,flowline,nhd-flowline-7865158,nhd-72963404,Castle Creek
aspen,flowline,nhd-flowline-7865163,nhd-165820122,Castle Creek
aspen,flowline,nhd-flowline-7865191,nhd-165829037,
aspen,flowline,nhd-flowline-7865200,nhd-165833328,
aspen,flowline,nhd-flowline-7865213,nhd-165830567,
aspen,flowline,nhd-flowline-7865231,nhd-72963366,Castle Creek
aspen,flowline,nhd-flowline-7865232,nhd-72963050,
aspen,flowline,nhd-flowline-7865238,nhd-72968880,Wildcat Creek
aspen,flowline,nhd-flowline-7865239,nhd-165833279,
aspen,flowline,nhd-flowline-7865265,nhd-165829967,East Snowmass Creek
aspen,flowline,nhd-flowline-7865278,nhd-165833261,
aspen,flowline,nhd-flowline-7865285,nhd-165833933,
aspen,flowline,nhd-flowline-7865288,nhd-165830639,
aspen,flowline,nhd-flowline-7865304,nhd-165833254,
aspen,flowline,nhd-flowline-7865310,nhd-72964966,Snowmass Creek
aspen,flowline,nhd-flowline-7865322,nhd-165831658,
aspen,flowline,nhd-flowline-7866052,nhd-165833287,
aspen,flowline,nhd-flowline-7866085,nhd-165832893,
aspen,flowline,nhd-flowline-7866114,nhd-165822255,
aspen,flowline,nhd-flowline-7866138,nhd-165835177,Hunter Creek
aspen,flowline,nhd-flowline-7866150,nhd-165835721,
aspen,flowline,nhd-flowline-7866181,nhd-165828997,
aspen,flowline,nhd-flowline-7866246,nhd-165831616,Snowmass Creek
aspen,flowline,nhd-flowline-7866276,nhd-165829157,
aspen,flowline,nhd-flowline-7866295,nhd-165824175,East Maroon Creek
aspen,flowline,nhd-flowline-7866314,nhd-165832507,
aspen,flowline,nhd-flowline-7866315,nhd-165823527,
aspen,flowline,nhd-flowline-7866316,nhd-72968692,Express Creek
aspen,flowline,nhd-flowline-7866324,nhd-72969086,Brush Creek
aspen,flowline,nhd-flowline-7866331,nhd-165829654,
aspen,flowline,nhd-flowline-7866333,nhd-72969300,
aspen,flowline,nhd-flowline-7866345,nhd-72969482,Wildcat Creek
aspen,flowline,nhd-flowline-7866353,nhd-165825512,
aspen,flowline,nhd-flowline-7866354,nhd-165817656,
aspen,flowline,nhd-flowline-7866378,nhd-72978928,Snowmass Creek
aspen,flowline,nhd-flowline-7866386,nhd-72981232,Woody Creek
aspen,flowline,nhd-flowline-7866387,nhd-72972070,Spruce Creek
aspen,flowline,nhd-flowline-7866400,nhd-165829193,
aspen,flowline,nhd-flowline-7866412,nhd-165826800,
aspen,flowline,nhd-flowline-7866414,nhd-165834242,
aspen,flowline,nhd-flowline-7866417,nhd-165830138,
aspen,flowline,nhd-flowline-7866425,nhd-72979116,
aspen,flowline,nhd-flowline-7866436,nhd-165826829,
aspen,flowline,nhd-flowline-7866440,nhd-165832288,
aspen,flowline,nhd-flowline-7866454,nhd-165833925,
aspen,flowline,nhd-flowline-7866455,nhd-165829207,
aspen,flowline,nhd-flowline-7866467,nhd-165835101,South Fork Fryingpan River
aspen,flowline,nhd-flowline-7866477,nhd-72969628,
aspen,flowline,nhd-flowline-7866513,nhd-72972558,
aspen,flowline,nhd-flowline-7866518,nhd-165834605,
aspen,flowline,nhd-flowline-7866520,nhd-165830620,
aspen,flowline,nhd-flowline-7931139,nhd-165828936,
aspen,flowline,nhd-flowline-7932577,nhd-165835626,
aspen,flowline,nhd-flowline-7932580,nhd-72969356,
aspen,flowline,nhd-flowline-7937359,nhd-133046173,
aspen,flowline,nhd-flowline-7967492,nhd-64C946AA-CB6C-4FE3-BD2D-C01D2878D186,
aspen,flowline,nhd-flowline-7967617,nhd-72963074,Hunter Creek
aspen,flowline,nhd-flowline-7967639,nhd-6F301168-083C-4D38-A8B4-14254EE6ED2A,Salvation Ditch
aspen,flowline,nhd-flowline-7970704,nhd-65883467,East River
aspen,flowline,nhd-flowline-8037776,nhd-65878795,
aspen,flowline,nhd-flowline-8040903,nhd-72968886,McKenzie Wildcat Ditch
aspen,flowline,nhd-flowline-8088338,nhd-72971276,
aspen,flowline,nhd-flowline-8088344,nhd-165834231,Woody Creek
aspen,flowline,nhd-flowline-8088345,nhd-72975138,
aspen,flowline,nhd-flowline-8088348,nhd-165824158,
aspen,flowline,nhd-flowline-8088362,nhd-165818295,
aspen,flowline,nhd-flowline-8088365,nhd-165833419,Casaday Creek
aspen,flowline,nhd-flowline-8088381,nhd-72968584,
aspen,flowline,nhd-flowline-8088390,nhd-165817761,
aspen,flowline,nhd-flowline-8088395,nhd-165834230,Woody Creek
aspen,flowline,nhd-flowline-8088421,nhd-165819598,
aspen,flowline,nhd-flowline-8088440,nhd-165833163,
aspen,flowline,nhd-flowline-8088457,nhd-165833889,
aspen,flowline,nhd-flowline-8088467,nhd-165832262,
aspen,flowline,nhd-flowline-8088479,nhd-165833441,
aspen,flowline,nhd-flowline-8088497,nhd-165830502,
aspen,flowline,nhd-flowline-8088505,nhd-72963504,
aspen,flowline,nhd-flowline-8088516,nhd-72981040,
aspen,flowline,nhd-flowline-8088518,nhd-72963566,Hunter Creek
aspen,flowline,nhd-flowline-8089345,nhd-72980752,
aspen,flowline,nhd-flowline-8089436,nhd-165830107,Silver Creek
aspen,flowline,nhd-flowline-8089494,nhd-165834204,
aspen,flowline,nhd-flowline-8089509,nhd-72981256,
aspen,flowline,nhd-flowline-8089520,nhd-165834378,
aspen,flowline,nhd-flowline-8089526,nhd-72983288,Elk Creek Ditch Number 2
aspen,flowline,nhd-flowline-8089528,nhd-165830629,
aspen,flowline,nhd-flowline-8089529,nhd-165831948,
aspen,flowline,nhd-flowline-8089531,nhd-72963604,
aspen,flowline,nhd-flowline-8089539,nhd-165827360,
aspen,flowline,nhd-flowline-8089545,nhd-72969710,Lincoln Creek
aspen,flowline,nhd-flowline-8089570,nhd-72969140,
aspen,flowline,nhd-flowline-8089581,nhd-165834577,Lincoln Creek
aspen,flowline,nhd-flowline-8089583,nhd-165832276,
aspen,flowline,nhd-flowline-8089635,nhd-165831790,
aspen,flowline,nhd-flowline-8089664,nhd-165833324,
aspen,flowline,nhd-flowline-8089706,nhd-72972114,
aspen,flowline,nhd-flowline-8089731,nhd-165832920,
aspen,flowline,nhd-flowline-8143119,nhd-165833964,Grizzly Creek
aspen,flowline,nhd-flowline-8155660,nhd-165825510,West Willow Creek
aspen,flowline,nhd-flowline-8191366,nhd-72968632,
aspen,flowline,nhd-flowline-8200776,nhd-165831068,
aspen,flowline,nhd-flowline-8261425,nhd-159069536,
aspen,flowline,nhd-flowline-8311661,nhd-72972676,Lost Man Creek
aspen,flowline,nhd-flowline-8311691,nhd-165833183,
aspen,flowline,nhd-flowline-8311711,nhd-165831039,
aspen,flowline,nhd-flowline-8311719,nhd-165832117,
aspen,flowline,nhd-flowline-8311728,nhd-165833260,
aspen,flowline,nhd-flowline-8311734,nhd-165831533,
aspen,flowline,nhd-flowline-8311755,nhd-72968434,Castle Creek
aspen,flowline,nhd-flowline-8311757,nhd-165834551,
aspen,flowline,nhd-flowline-8311765,nhd-72968666,
aspen,flowline,nhd-flowline-8311770,nhd-165827294,
aspen,flowline,nhd-flowline-8311772,nhd-165829171,
aspen,flowline,nhd-flowline-8311791,nhd-165830524,
aspen,flowline,nhd-flowline-8311795,nhd-165834575,
aspen,flowline,nhd-flowline-8311831,nhd-72972746,
aspen,flowline,nhd-flowline-8311834,nhd-72969632,Independence Creek
aspen,flowline,nhd-flowline-8311838,nhd-165826542,
aspen,flowline,nhd-flowline-8311842,nhd-165834467,
aspen,flowline,nhd-flowline-8311843,nhd-72964964,
aspen,flowline,nhd-flowline-8312606,nhd-165834193,
aspen,flowline,nhd-flowline-8312639,nhd-72978140,Casaday Creek
aspen,flowline,nhd-flowline-8312680,nhd-165833465,
aspen,flowline,nhd-flowline-8312698,nhd-165835211,
aspen,flowline,nhd-flowline-8312721,nhd-165831729,Tabor Creek
aspen,flowline,nhd-flowline-8312782,nhd-72980778,
aspen,flowline,nhd-flowline-8312788,nhd-165833533,
aspen,flowline,nhd-flowline-8312797,nhd-165829720,
aspen,flowline,nhd-flowline-8312812,nhd-165829626,
aspen,flowline,nhd-flowline-8312827,nhd-165833283,
aspen,flowline,nhd-flowline-8312845,nhd-165833342,
aspen,flowline,nhd-flowline-8312870,nhd-72980382,
aspen,flowline,nhd-flowline-8312902,nhd-165823521,
aspen,flowline,nhd-flowline-8312903,nhd-165831043,
aspen,flowline,nhd-flowline-8312906,nhd-72981436,
aspen,flowline,nhd-flowline-8312907,nhd-72975222,
aspen,flowline,nhd-flowline-8312910,nhd-165826017,
aspen,flowline,nhd-flowline-8312911,nhd-165830763,
aspen,flowline,nhd-flowline-8312940,nhd-165823421,
aspen,flowline,nhd-flowline-8312946,nhd-165832460,
aspen,flowline,nhd-flowline-8312947,nhd-72969314,Willow Creek
aspen,flowline,nhd-flowline-8312954,nhd-165833526,
aspen,flowline,nhd-flowline-8312956,nhd-72972488,
aspen,flowline,nhd-flowline-8312975,nhd-165834281,Bruin Creek
aspen,flowline,nhd-flowline-8312978,nhd-165831129,
aspen,flowline,nhd-flowline-8312981,nhd-72983314,
aspen,flowline,nhd-flowline-8312999,nhd-72971364,Conundrum Creek
aspen,flowline,nhd-flowline-8313002,nhd-165833440,Powell Mc Kenzie Ditch
aspen,flowline,nhd-flowline-8313012,nhd-165826487,
aspen,flowline,nhd-flowline-8313016,nhd-72968442,Difficult Creek
aspen,flowline,nhd-flowline-8313086,nhd-165827870,
aspen,flowline,nhd-flowline-8313170,nhd-165818323,
aspen,flowline,nhd-flowline-8367079,nhd-165831196,Grizzly Creek
aspen,flowline,nhd-flowline-8384762,nhd-133040831,South Fork Lake Creek
aspen,flowline,nhd-flowline-8415329,nhd-165835506,Snowmass Creek
aspen,flowline,nhd-flowline-8415333,nhd-72975244,
aspen,flowline,nhd-flowline-8485167,nhd-159069497,
aspen,flowline,nhd-flowline-8488379,nhd-165831183,
aspen,flowline,nhd-flowline-8535034,nhd-165834536,
aspen,flowline,nhd-flowline-8535038,nhd-165831083,
aspen,flowline,nhd-flowline-8535052,nhd-165818477,
aspen,flowline,nhd-flowline-8535087,nhd-165835055,
aspen,flowline,nhd-flowline-8535089,nhd-72981046,
aspen,flowline,nhd-flowline-8535098,nhd-165831304,Silver Creek
aspen,flowline,nhd-flowline-8535105,nhd-165828082,
aspen,flowline,nhd-flowline-8535107,nhd-72971510,Willow Creek
aspen,flowline,nhd-flowline-8535109,nhd-165831451,Wilbur Creek
aspen,flowline,nhd-flowline-8535121,nhd-165824163,
aspen,flowline,nhd-flowline-8535127,nhd-165830209,
aspen,flowline,nhd-flowline-8535132,nhd-165833290,
aspen,flowline,nhd-flowline-8535134,nhd-165835184,
aspen,flowline,nhd-flowline-8535146,nhd-165834404,
aspen,flowline,nhd-flowline-8535168,nhd-165817745,
aspen,flowline,nhd-flowline-8535170,nhd-72981222,Cliff Creek
aspen,flowline,nhd-flowline-8535851,nhd-72980916,
aspen,flowline,nhd-flowline-8535928,nhd-165834168,
aspen,flowline,nhd-flowline-8536019,nhd-165827314,
aspen,flowline,nhd-flowline-8536050,nhd-165820181,Roaring Fork River
aspen,flowline,nhd-flowline-8536077,nhd-165830653,Castle Creek
aspen,flowline,nhd-flowline-8536086,nhd-165831902,
aspen,flowline,nhd-flowline-8536104,nhd-165829160,
aspen,flowline,nhd-flowline-8536114,nhd-165830638,
aspen,flowline,nhd-flowline-8536148,nhd-72969134,Snowmass Creek
aspen,flowline,nhd-flowline-8536175,nhd-165828989,Snowmass Creek
aspen,flowline,nhd-flowline-8536177,nhd-165828385,
aspen,flowline,nhd-flowline-8536191,nhd-72965038,
aspen,flowline,nhd-flowline-8536220,nhd-72978112,
aspen,flowline,nhd-flowline-8536224,nhd-72962986,
aspen,flowline,nhd-flowline-8536228,nhd-165825543,
aspen,flowline,nhd-flowline-8536233,nhd-165821883,Capitol Creek
aspen,flowline,nhd-flowline-8536246,nhd-165831142,
aspen,flowline,nhd-flowline-8536262,nhd-72963176,Hunter Creek
aspen,flowline,nhd-flowline-8536268,nhd-72971218,
aspen,flowline,nhd-flowline-8536365,nhd-165833683,Sawmill Creek
aspen,flowline,nhd-flowline-8536420,nhd-72975300,Galena Creek
aspen,flowline,nhd-flowline-8589713,nhd-72969794,Grizzly Creek
aspen,flowline,nhd-flowline-8593420,nhd-159069563,Bowman Creek
aspen,flowline,nhd-flowline-8602333,nhd-165834406,
aspen,flowline,nhd-flowline-8602334,nhd-165830053,
aspen,flowline,nhd-flowline-8607403,nhd-163086512,
aspen,flowline,nhd-flowline-8638293,nhd-165824396,
aspen,flowline,nhd-flowline-8641419,nhd-65881543,
aspen,flowline,nhd-flowline-8709069,nhd-65878839,
aspen,flowline,nhd-flowline-8709084,nhd-65883447,
aspen,flowline,nhd-flowline-8759341,nhd-165836034,
aspen,flowline,nhd-flowline-8759347,nhd-165834177,
aspen,flowline,nhd-flowline-8759356,nhd-72968898,Hunter Creek
aspen,flowline,nhd-flowline-8759375,nhd-165831519,
aspen,flowline,nhd-flowline-8759376,nhd-165832603,
aspen,flowline,nhd-flowline-8759384,nhd-165834583,
aspen,flowline,nhd-flowline-8759444,nhd-72981562,
aspen,flowline,nhd-flowline-8759457,nhd-165831135,
aspen,flowline,nhd-flowline-8759500,nhd-165823423,
aspen,flowline,nhd-flowline-8759501,nhd-165822875,
aspen,flowline,nhd-flowline-8759517,nhd-165835737,Tabor Creek
aspen,flowline,nhd-flowline-8759524,nhd-165833524,
aspen,flowline,nhd-flowline-8759527,nhd-165834934,
aspen,flowline,nhd-flowline-8760275,nhd-165833752,
aspen,flowline,nhd-flowline-8760318,nhd-165818290,
aspen,flowline,nhd-flowline-8760422,nhd-165829728,
aspen,flowline,nhd-flowline-8760452,nhd-165824157,
aspen,flowline,nhd-flowline-8760463,nhd-165828999,
aspen,flowline,nhd-flowline-8760469,nhd-72971498,West Maroon Creek
aspen,flowline,nhd-flowline-8760494,nhd-165833955,Granite Creek
aspen,flowline,nhd-flowline-8760500,nhd-165834542,
aspen,flowline,nhd-flowline-8760529,nhd-72980280,
aspen,flowline,nhd-flowline-8760550,nhd-165834422,
aspen,flowline,nhd-flowline-8760572,nhd-72972568,
aspen,flowline,nhd-flowline-8760575,nhd-165817245,
aspen,flowline,nhd-flowline-8760584,nhd-165829739,
aspen,flowline,nhd-flowline-8760588,nhd-165831496,
aspen,flowline,nhd-flowline-8760589,nhd-165827045,
aspen,flowline,nhd-flowline-8760610,nhd-72975290,
aspen,flowline,nhd-flowline-8760625,nhd-165829979,
aspen,flowline,nhd-flowline-8760630,nhd-165820563,
aspen,flowline,nhd-flowline-8760632,nhd-165831345,
aspen,flowline,nhd-flowline-8760704,nhd-165831661,
aspen,flowline,nhd-flowline-8760719,nhd-165834891,
aspen,flowline,nhd-flowline-8760757,nhd-165834435,
aspen,flowline,nhd-flowline-8760839,nhd-165833807,
aspen,flowline,nhd-flowline-8760840,nhd-165831957,
aspen,flowline,nhd-flowline-8826515,nhd-72963220,
aspen,flowline,nhd-flowline-8826518,nhd-72969084,East Fork Brush Creek
aspen,flowline,nhd-flowline-8826522,nhd-165831830,Willow Creek
aspen,flowline,nhd-flowline-8831396,nhd-163087358,
aspen,flowline,nhd-flowline-8841218,nhd-159067973,
aspen,flowline,nhd-flowline-8841246,nhd-65883461,
aspen,flowline,nhd-flowline-8841467,nhd-30388C42-A7BE-4F69-AC04-C5F08604D6BB,Salvation Ditch
aspen,flowline,nhd-flowline-8864910,nhd-159069569,
aspen,flowline,nhd-flowline-8982803,nhd-72972110,
aspen,flowline,nhd-flowline-8982809,nhd-165833619,
aspen,flowline,nhd-flowline-8982810,nhd-165820110,
aspen,flowline,nhd-flowline-8982832,nhd-165827289,
aspen,flowline,nhd-flowline-8982836,nhd-165830659,East Snowmass Creek
aspen,flowline,nhd-flowline-8982856,nhd-165819955,
aspen,flowline,nhd-flowline-8982881,nhd-165831699,
aspen,flowline,nhd-flowline-8982907,nhd-165827563,
aspen,flowline,nhd-flowline-8982919,nhd-165831085,
aspen,flowline,nhd-flowline-8982932,nhd-165828078,
aspen,flowline,nhd-flowline-8982935,nhd-165822969,
aspen,flowline,nhd-flowline-8982941,nhd-165828870,
aspen,flowline,nhd-flowline-8982950,nhd-165830551,
aspen,flowline,nhd-flowline-8982963,nhd-165821911,
aspen,flowline,nhd-flowline-8982965,nhd-165830559,
aspen,flowline,nhd-flowline-8982966,nhd-165831018,
aspen,flowline,nhd-flowline-8982976,nhd-165829743,
aspen,flowline,nhd-flowline-8983718,nhd-165834411,
aspen,flowline,nhd-flowline-8983723,nhd-165827972,
aspen,flowline,nhd-flowline-8983739,nhd-165828102,
aspen,flowline,nhd-flowline-8983750,nhd-165832812,
aspen,flowline,nhd-flowline-8983765,nhd-165834830,
aspen,flowline,nhd-flowline-8983903,nhd-165831555,Little Elk Creek
aspen,flowline,nhd-flowline-8983921,nhd-165835468,
aspen,flowline,nhd-flowline-8983932,nhd-165826517,Hunter Creek
aspen,flowline,nhd-flowline-8983961,nhd-165826697,
aspen,flowline,nhd-flowline-8983962,nhd-72965046,
aspen,flowline,nhd-flowline-8983968,nhd-165817760,Castle Creek
aspen,flowline,nhd-flowline-8983969,nhd-165831084,
aspen,flowline,nhd-flowline-8984003,nhd-165833901,
aspen,flowline,nhd-flowline-8984004,nhd-165817960,Owl Creek
aspen,flowline,nhd-flowline-8984008,nhd-72969490,Wildcat Creek
aspen,flowline,nhd-flowline-8984012,nhd-72962872,
aspen,flowline,nhd-flowline-8984018,nhd-165832484,Tabor Creek
aspen,flowline,nhd-flowline-8984029,nhd-165834180,Lincoln Gulch Connection Canal
aspen,flowline,nhd-flowline-8984034,nhd-165833583,
aspen,flowline,nhd-flowline-8984047,nhd-165835788,East Maroon Creek
aspen,flowline,nhd-flowline-8984065,nhd-72963450,
aspen,flowline,nhd-flowline-8984066,nhd-165836080,
aspen,flowline,nhd-flowline-8984080,nhd-165833295,
aspen,flowline,nhd-flowline-8984093,nhd-165832123,
aspen,flowline,nhd-flowline-8984103,nhd-72969430,
aspen,flowline,nhd-flowline-8984113,nhd-72968906,
aspen,flowline,nhd-flowline-8984114,nhd-165833151,
aspen,flowline,nhd-flowline-8984115,nhd-165834417,
aspen,flowline,nhd-flowline-8984166,nhd-165828966,
aspen,flowline,nhd-flowline-8984233,nhd-72981048,
aspen,flowline,nhd-flowline-9049600,nhd-165830143,
aspen,flowline,nhd-flowline-9049658,nhd-165817757,
aspen,flowline,nhd-flowline-9065901,nhd-65881043,
aspen,flowline,nhd-flowline-9066063,nhd-99312A9C-ED0D-49CE-BBBE-9BA9BD55FA6A,Salvation Ditch
aspen,flowline,nhd-flowline-9086423,nhd-72962894,Red Mountain Ditch
aspen,flowline,nhd-flowline-9156838,nhd-159069503,
aspen,flowline,nhd-flowline-9156921,nhd-159067961,
aspen,flowline,nhd-flowline-9206820,nhd-165831623,
aspen,flowline,nhd-flowline-9206823,nhd-165829620,
aspen,flowline,nhd-flowline-9206834,nhd-72963112,
aspen,flowline,nhd-flowline-9206839,nhd-165836016,
aspen,flowline,nhd-flowline-9206843,nhd-165833452,
aspen,flowline,nhd-flowline-9206855,nhd-165834512,Rock Creek
aspen,flowline,nhd-flowline-9206857,nhd-165823947,
aspen,flowline,nhd-flowline-9206870,nhd-72980940,Sawyer Creek
aspen,flowline,nhd-flowline-9206874,nhd-165834128,
aspen,flowline,nhd-flowline-9206891,nhd-165832937,
aspen,flowline,nhd-flowline-9206921,nhd-165830987,
aspen,flowline,nhd-flowline-9206937,nhd-165831711,
aspen,flowline,nhd-flowline-9206948,nhd-165834572,
aspen,flowline,nhd-flowline-9206949,nhd-165834897,
aspen,flowline,nhd-flowline-9206955,nhd-165833981,McFarlane Creek
aspen,flowline,nhd-flowline-9206957,nhd-165834345,
aspen,flowline,nhd-flowline-9206976,nhd-165832112,
aspen,flowline,nhd-flowline-9206977,nhd-72981492,Midway Creek
aspen,flowline,nhd-flowline-9206993,nhd-165833917,
aspen,flowline,nhd-flowline-9206995,nhd-165831958,
aspen,flowline,nhd-flowline-9207004,nhd-165831042,
aspen,flowline,nhd-flowline-9207012,nhd-165835999,
aspen,flowline,nhd-flowline-9207016,nhd-72963328,
aspen,flowline,nhd-flowline-9207805,nhd-165834251,
aspen,flowline,nhd-flowline-9207806,nhd-165826698,
aspen,flowline,nhd-flowline-9207941,nhd-72981366,
aspen,flowline,nhd-flowline-9207947,nhd-165828386,
aspen,flowline,nhd-flowline-9207966,nhd-72968458,Conundrum Creek
aspen,flowline,nhd-flowline-9207978,nhd-165831497,
aspen,flowline,nhd-flowline-9207980,nhd-165827861,
aspen,flowline,nhd-flowline-9207991,nhd-72969064,Owl Creek
aspen,flowline,nhd-flowline-9207998,nhd-165819597,
aspen,flowline,nhd-flowline-9207999,nhd-165826824,
aspen,flowline,nhd-flowline-9208030,nhd-165827875,
aspen,flowline,nhd-flowline-9208035,nhd-165834543,
aspen,flowline,nhd-flowline-9208036,nhd-165834523,
aspen,flowline,nhd-flowline-9208050,nhd-165831756,
aspen,flowline,nhd-flowline-9208062,nhd-165823949,
aspen,flowline,nhd-flowline-9208124,nhd-165831801,
aspen,flowline,nhd-flowline-9208141,nhd-165824435,
aspen,flowline,nhd-flowline-9208149,nhd-165830497,
aspen,flowline,nhd-flowline-9208155,nhd-165826867,
aspen,flowline,nhd-flowline-9208165,nhd-165832798,
aspen,flowline,nhd-flowline-9208175,nhd-165832490,Brush Creek
aspen,flowline,nhd-flowline-9208276,nhd-165826820,
aspen,flowline,nhd-flowline-9208367,nhd-165834116,No Name Creek
aspen,flowline,nhd-flowline-9265922,nhd-165830757,
aspen,flowline,nhd-flowline-9273349,nhd-165829150,
aspen,flowline,nhd-flowline-9274848,nhd-165836097,Sawyer Creek Conduit
aspen,flowline,nhd-flowline-9274874,nhd-CE1824BC-0667-4616-A994-96EA6C279794,
aspen,flowline,nhd-flowline-9289539,nhd-65879847,
aspen,flowline,nhd-flowline-9310128,nhd-72968616,Castle Creek
aspen,flowline,nhd-flowline-9313208,nhd-159068030,
aspen,flowline,nhd-flowline-9380528,nhd-159067944,
aspen,flowline,nhd-flowline-9431048,nhd-72968706,Express Creek
aspen,flowline,nhd-flowline-9431049,nhd-165825882,
aspen,flowline,nhd-flowline-9431065,nhd-72965154,
aspen,flowline,nhd-flowline-9431067,nhd-165833176,
aspen,flowline,nhd-flowline-9431068,nhd-165827169,
aspen,flowline,nhd-flowline-9431069,nhd-165834304,
aspen,flowline,nhd-flowline-9431081,nhd-72962812,Woody Creek
aspen,flowline,nhd-flowline-9431083,nhd-165818336,
aspen,flowline,nhd-flowline-9431088,nhd-165824156,
aspen,flowline,nhd-flowline-9431118,nhd-165827722,
aspen,flowline,nhd-flowline-9431119,nhd-72963364,Castle Creek
aspen,flowline,nhd-flowline-9431128,nhd-165834593,
aspen,flowline,nhd-flowline-9431133,nhd-165819043,
aspen,flowline,nhd-flowline-9431142,nhd-165834461,
aspen,flowline,nhd-flowline-9431144,nhd-165835058,
aspen,flowline,nhd-flowline-9431152,nhd-165820104,
aspen,flowline,nhd-flowline-9431159,nhd-165831117,
aspen,flowline,nhd-flowline-9431168,nhd-165835812,
aspen,flowline,nhd-flowline-9431172,nhd-72971206,Willow Creek
aspen,flowline,nhd-flowline-9431204,nhd-72972582,
aspen,flowline,nhd-flowline-9431208,nhd-72978874,
aspen,flowline,nhd-flowline-9431210,nhd-165825902,Brush Creek
aspen,flowline,nhd-flowline-9431211,nhd-165823482,
aspen,flowline,nhd-flowline-9431226,nhd-165834223,Cliff Creek
aspen,flowline,nhd-flowline-9431227,nhd-72963126,Hunter Creek
aspen,flowline,nhd-flowline-9431917,nhd-72969590,
aspen,flowline,nhd-flowline-9431922,nhd-165833306,
aspen,flowline,nhd-flowline-9432101,nhd-165835825,
aspen,flowline,nhd-flowline-9432130,nhd-72969494,
aspen,flowline,nhd-flowline-9432133,nhd-165830013,
aspen,flowline,nhd-flowline-9432134,nhd-165828492,
aspen,flowline,nhd-flowline-9432156,nhd-165817244,
aspen,flowline,nhd-flowline-9432165,nhd-165828526,
aspen,flowline,nhd-flowline-9432172,nhd-72981528,
aspen,flowline,nhd-flowline-9432181,nhd-165832274,
aspen,flowline,nhd-flowline-9432201,nhd-72963056,
aspen,flowline,nhd-flowline-9432204,nhd-72969354,Maroon Creek
aspen,flowline,nhd-flowline-9432237,nhd-165827434,
aspen,flowline,nhd-flowline-9432247,nhd-72981398,
aspen,flowline,nhd-flowline-9432253,nhd-165832451,
aspen,flowline,nhd-flowline-9432262,nhd-165823285,
aspen,flowline,nhd-flowline-9432266,nhd-165832925,
aspen,flowline,nhd-flowline-9432275,nhd-165834450,
aspen,flowline,nhd-flowline-9432285,nhd-72975186,New York Creek
aspen,flowline,nhd-flowline-9432286,nhd-72969006,
aspen,flowline,nhd-flowline-9432290,nhd-165827881,
aspen,flowline,nhd-flowline-9432307,nhd-165828883,
aspen,flowline,nhd-flowline-9432320,nhd-165831763,
aspen,flowline,nhd-flowline-9432321,nhd-72968492,Columbia Creek
aspen,flowline,nhd-flowline-9432424,nhd-165834153,
aspen,flowline,nhd-flowline-9432425,nhd-165825569,
aspen,flowline,nhd-flowline-9497223,nhd-165834517,
aspen,flowline,nhd-flowline-9498700,nhd-165830009,East Snowmass and Brush Creek Ditch
aspen,flowline,nhd-flowline-9513577,nhd-72963136,
aspen,flowline,nhd-flowline-9537231,nhd-65880881,Pine Creek
aspen,flowline,nhd-flowline-9604506,nhd-65879809,
aspen,flowline,nhd-flowline-9604636,nhd-65880855,Tellurium Creek
aspen,flowline,nhd-flowline-9604667,nhd-65878207,
aspen,flowline,nhd-flowline-9654959,nhd-165832470,
aspen,flowline,nhd-flowline-9654961,nhd-165832469,
aspen,flowline,nhd-flowline-9654981,nhd-165833484,
aspen,flowline,nhd-flowline-9654990,nhd-165830574,
aspen,flowline,nhd-flowline-9655005,nhd-72971294,East Maroon Creek
aspen,flowline,nhd-flowline-9655008,nhd-165831253,Granite Creek
aspen,flowline,nhd-flowline-9655009,nhd-165830239,
aspen,flowline,nhd-flowline-9655028,nhd-72981338,
aspen,flowline,nhd-flowline-9655053,nhd-165825528,East Maroon Creek
aspen,flowline,nhd-flowline-9655068,nhd-72963564,
aspen,flowline,nhd-flowline-9655113,nhd-165833312,
aspen,flowline,nhd-flowline-9655116,nhd-72963152,
aspen,flowline,nhd-flowline-9655887,nhd-72965148,
aspen,flowline,nhd-flowline-9655929,nhd-165833618,
aspen,flowline,nhd-flowline-9655947,nhd-165825514,
aspen,flowline,nhd-flowline-9656023,nhd-72968752,Cooper Creek
aspen,flowline,nhd-flowline-9656043,nhd-165832321,
aspen,flowline,nhd-flowline-9656066,nhd-72980406,
aspen,flowline,nhd-flowline-9656074,nhd-165817975,
aspen,flowline,nhd-flowline-9656079,nhd-165832821,
aspen,flowline,nhd-flowline-9656087,nhd-165820171,
aspen,flowline,nhd-flowline-9656106,nhd-165830215,Lost Man Creek
aspen,flowline,nhd-flowline-9656113,nhd-165829965,
aspen,flowline,nhd-flowline-9656117,nhd-165833310,
aspen,flowline,nhd-flowline-9656146,nhd-165831673,
aspen,flowline,nhd-flowline-9656162,nhd-72981548,Hunter Creek
aspen,flowline,nhd-flowline-9656182,nhd-72980340,
aspen,flowline,nhd-flowline-9656184,nhd-72983334,
aspen,flowline,nhd-flowline-9656201,nhd-165832926,
aspen,flowline,nhd-flowline-9656202,nhd-165833860,
aspen,flowline,nhd-flowline-9656212,nhd-165829963,Castle Creek
aspen,flowline,nhd-flowline-9656221,nhd-165823954,Woody Creek
aspen,flowline,nhd-flowline-9656229,nhd-165820129,
aspen,flowline,nhd-flowline-9656243,nhd-165834597,
aspen,flowline,nhd-flowline-9656247,nhd-165827334,
aspen,flowline,nhd-flowline-9656267,nhd-165822272,
aspen,flowline,nhd-flowline-9656288,nhd-72980770,Hunter Creek
aspen,flowline,nhd-flowline-9656300,nhd-165831474,Snowmass Creek
aspen,flowline,nhd-flowline-9656338,nhd-165829169,
aspen,flowline,nhd-flowline-9722785,nhd-72969258,Willow Creek
aspen,flowline,nhd-flowline-9727819,nhd-163088008,
aspen,flowline,nhd-flowline-9737722,nhd-165835141,Salvation Ditch
aspen,flowline,nhd-flowline-9761484,nhd-65880923,
aspen,flowline,nhd-flowline-9828592,nhd-159069204,
aspen,flowline,nhd-flowline-9828626,nhd-159069531,
aspen,flowline,nhd-flowline-9828722,nhd-65883439,
aspen,flowline,nhd-flowline-9828755,nhd-159069510,
aspen,flowline,nhd-flowline-9831882,nhd-77C52605-8FA9-4697-AC71-24FF68B672BB,McKenzie Wildcat Ditch
aspen,flowline,nhd-flowline-9879572,nhd-165830108,Silver Creek
aspen,flowline,nhd-flowline-9879594,nhd-72969050,Brush Creek
aspen,flowline,nhd-flowline-9879602,nhd-72971508,Willow Creek
aspen,flowline,nhd-flowline-9879611,nhd-72963032,
aspen,flowline,nhd-flowline-9879616,nhd-165821637,
aspen,flowline,nhd-flowline-9879621,nhd-165829714,
aspen,flowline,nhd-flowline-9879623,nhd-165817107,
aspen,flowline,nhd-flowline-9879624,nhd-165832499,
aspen,flowline,nhd-flowline-9879662,nhd-165819159,
aspen,flowline,nhd-flowline-9879665,nhd-165823946,
aspen,flowline,nhd-flowline-9879674,nhd-165833109,
aspen,flowline,nhd-flowline-9879675,nhd-72978174,
aspen,flowline,nhd-flowline-9879686,nhd-165835791,
aspen,flowline,nhd-flowline-9879688,nhd-165835090,North Fork Crystal River
aspen,flowline,nhd-flowline-9879694,nhd-165833412,Hannon Creek
aspen,flowline,nhd-flowline-9879736,nhd-165829168,
aspen,flowline,nhd-flowline-9879742,nhd-165819974,
aspen,flowline,nhd-flowline-9879752,nhd-165833605,
aspen,flowline,nhd-flowline-9879753,nhd-165819586,
aspen,flowline,nhd-flowline-9879755,nhd-165831663,
aspen,flowline,nhd-flowline-9880678,nhd-72980366,
aspen,flowline,nhd-flowline-9880731,nhd-72971250,East Maroon Creek
aspen,flowline,nhd-flowline-9880753,nhd-165823711,Owl Creek
aspen,flowline,nhd-flowline-9880759,nhd-165827389,
aspen,flowline,nhd-flowline-9880764,nhd-165829646,
aspen,flowline,nhd-flowline-9880766,nhd-165830931,
aspen,flowline,nhd-flowline-9880786,nhd-72963254,Castle Creek
aspen,flowline,nhd-flowline-9880795,nhd-72962834,
aspen,flowline,nhd-flowline-9880813,nhd-165831688,
aspen,flowline,nhd-flowline-9880822,nhd-165831180,
aspen,flowline,nhd-flowline-9880825,nhd-165830647,
aspen,flowline,nhd-flowline-9880837,nhd-165828091,
aspen,flowline,nhd-flowline-9880855,nhd-72971288,
aspen,flowline,nhd-flowline-9880859,nhd-72963484,
aspen,flowline,nhd-flowline-9880880,nhd-165822053,Brush Creek
aspen,flowline,nhd-flowline-9880885,nhd-165827949,
aspen,flowline,nhd-flowline-9880900,nhd-165831594,
aspen,flowline,nhd-flowline-9880903,nhd-72969024,
aspen,flowline,nhd-flowline-9880904,nhd-165834006,
aspen,flowline,nhd-flowline-9880909,nhd-165833443,Maroon Creek
aspen,flowline,nhd-flowline-9880918,nhd-165832810,
aspen,flowline,nhd-flowline-9880919,nhd-165831941,
aspen,flowline,nhd-flowline-9880928,nhd-72969420,
aspen,flowline,nhd-flowline-9880959,nhd-165834275,
aspen,flowline,nhd-flowline-9880976,nhd-165834630,
aspen,flowline,nhd-flowline-9881050,nhd-72969168,
aspen,flowline,nhd-flowline-9881064,nhd-165823561,Spring Creek
aspen,flowline,nhd-flowline-9881150,nhd-165831624,
aspen,flowline,nhd-flowline-9946758,nhd-165835819,
aspen,flowline,nhd-flowline-9963179,nhd-165835148,Woody Creek
aspen,flowline,nhd-flowline-9984179,nhd-72963004,Red Mountain Ditch
aspen,flowline,nhd-flowline-9984286,nhd-165830121,
aspen,flowline,nhd-flowline-9987388,nhd-159068027,
aspen,flowline,nhd-flowline-9988542,nhd-165819071,
aspen,flowline,nhd-flowline-10054312,nhd-159067956,
aspen,flowline,nhd-flowline-10054423,nhd-159068706,
aspen,flowline,nhd-flowline-10104595,nhd-165822278,
aspen,flowline,nhd-flowline-10104625,nhd-72962896,
aspen,flowline,nhd-flowline-10104629,nhd-165834556,
aspen,flowline,nhd-flowline-10104631,nhd-165833781,
aspen,flowline,nhd-flowline-10104634,nhd-72963144,
aspen,flowline,nhd-flowline-10104643,nhd-165833302,
aspen,flowline,nhd-flowline-10104644,nhd-165834789,
aspen,flowline,nhd-flowline-10104647,nhd-165832502,
aspen,flowline,nhd-flowline-10104667,nhd-165829627,
aspen,flowline,nhd-flowline-10104682,nhd-165834486,
aspen,flowline,nhd-flowline-10104692,nhd-165825524,
aspen,flowline,nhd-flowline-10104695,nhd-72972696,
aspen,flowline,nhd-flowline-10104710,nhd-165832796,
aspen,flowline,nhd-flowline-10104726,nhd-165829203,
aspen,flowline,nhd-flowline-10104730,nhd-72968930,
aspen,flowline,nhd-flowline-10104734,nhd-165831943,
aspen,flowline,nhd-flowline-10104747,nhd-165834414,
aspen,flowline,nhd-flowline-10104754,nhd-165831689,
aspen,flowline,nhd-flowline-10104755,nhd-165818307,
aspen,flowline,nhd-flowline-10104761,nhd-165833830,
aspen,flowline,nhd-flowline-10104764,nhd-165829035,Hunter Creek
aspen,flowline,nhd-flowline-10104767,nhd-165831447,
aspen,flowline,nhd-flowline-10104775,nhd-165831622,
aspen,flowline,nhd-flowline-10104792,nhd-165834622,
aspen,flowline,nhd-flowline-10104808,nhd-165830575,
aspen,flowline,nhd-flowline-10104840,nhd-165827058,
aspen,flowline,nhd-flowline-10104842,nhd-72971284,
aspen,flowline,nhd-flowline-10104850,nhd-165832521,
aspen,flowline,nhd-flowline-10104852,nhd-165833270,
aspen,flowline,nhd-flowline-10105576,nhd-165830185,
aspen,flowline,nhd-flowline-10105610,nhd-72968494,
aspen,flowline,nhd-flowline-10105752,nhd-165827167,
aspen,flowline,nhd-flowline-10105809,nhd-165828388,
aspen,flowline,nhd-flowline-10105838,nhd-165821761,
aspen,flowline,nhd-flowline-10105843,nhd-165825519,
aspen,flowline,nhd-flowline-10105844,nhd-72963440,Roaring Fork River
aspen,flowline,nhd-flowline-10105852,nhd-165818034,
aspen,flowline,nhd-flowline-10105877,nhd-2A4B3D8A-FE23-4DAA-827F-BAB9D16715C1,
aspen,flowline,nhd-flowline-10105881,nhd-72975310,
aspen,flowline,nhd-flowline-10105894,nhd-165835844,
aspen,flowline,nhd-flowline-10105896,nhd-165826125,
aspen,flowline,nhd-flowline-10105939,nhd-165833480,
aspen,flowline,nhd-flowline-10105942,nhd-165831706,
aspen,flowline,nhd-flowline-10105951,nhd-165833267,
aspen,flowline,nhd-flowline-10105963,nhd-72968950,
aspen,flowline,nhd-flowline-10105965,nhd-72964884,West Snowmass Creek
aspen,flowline,nhd-flowline-10105991,nhd-72969506,Spring Creek
aspen,flowline,nhd-flowline-10105994,nhd-72971354,
aspen,flowline,nhd-flowline-10106004,nhd-165833021,
aspen,flowline,nhd-flowline-10106011,nhd-165826546,
aspen,flowline,nhd-flowline-10106164,nhd-165831903,Lost Man Creek
aspen,flowline,nhd-flowline-10160331,nhd-72969782,
aspen,flowline,nhd-flowline-10173052,nhd-165830554,
aspen,flowline,nhd-flowline-10178601,nhd-163087051,
aspen,flowline,nhd-flowline-10187882,nhd-65879805,
aspen,flowline,nhd-flowline-10187892,nhd-65883463,
aspen,flowline,nhd-flowline-10279328,nhd-159069599,
aspen,flowline,nhd-flowline-10279342,nhd-159067928,
aspen,flowline,nhd-flowline-10329340,nhd-72969170,
aspen,flowline,nhd-flowline-10329349,nhd-165834952,
aspen,flowline,nhd-flowline-10329371,nhd-165831255,
aspen,flowline,nhd-flowline-10329397,nhd-165833912,
aspen,flowline,nhd-flowline-10329403,nhd-165827578,
aspen,flowline,nhd-flowline-10329411,nhd-165820298,Woody Creek
aspen,flowline,nhd-flowline-10329432,nhd-165830685,
aspen,flowline,nhd-flowline-10329435,nhd-165825442,
aspen,flowline,nhd-flowline-10329447,nhd-165823723,
aspen,flowline,nhd-flowline-10329458,nhd-165835783,
aspen,flowline,nhd-flowline-10329470,nhd-165832602,
aspen,flowline,nhd-flowline-10329471,nhd-165833134,
aspen,flowline,nhd-flowline-10329488,nhd-72963580,
aspen,flowline,nhd-flowline-10329493,nhd-165833277,
aspen,flowline,nhd-flowline-10329497,nhd-165829970,
aspen,flowline,nhd-flowline-10329508,nhd-165821503,
aspen,flowline,nhd-flowline-10329509,nhd-165819588,
aspen,flowline,nhd-flowline-10329511,nhd-165832033,Maroon Creek
aspen,flowline,nhd-flowline-10329517,nhd-165834778,
aspen,flowline,nhd-flowline-10329524,nhd-165822242,
aspen,flowline,nhd-flowline-10329525,nhd-165835805,
aspen,flowline,nhd-flowline-10329543,nhd-165817955,Hannon Creek
aspen,flowline,nhd-flowline-10329548,nhd-165832935,
aspen,flowline,nhd-flowline-10330258,nhd-165825513,
aspen,flowline,nhd-flowline-10330262,nhd-165834369,
aspen,flowline,nhd-flowline-10330297,nhd-165831208,
aspen,flowline,nhd-flowline-10330304,nhd-165826598,Wilbur Creek
aspen,flowline,nhd-flowline-10330312,nhd-165833950,
aspen,flowline,nhd-flowline-10330327,nhd-165832493,Conundrum Creek
aspen,flowline,nhd-flowline-10330407,nhd-165829186,
aspen,flowline,nhd-flowline-10330421,nhd-72963142,
aspen,flowline,nhd-flowline-10330436,nhd-165831603,
aspen,flowline,nhd-flowline-10330440,nhd-165835829,
aspen,flowline,nhd-flowline-10330466,nhd-165834660,
aspen,flowline,nhd-flowline-10330478,nhd-72963578,
aspen,flowline,nhd-flowline-10330491,nhd-165817162,
aspen,flowline,nhd-flowline-10330492,nhd-165826849,West Maroon Creek
aspen,flowline,nhd-flowline-10330493,nhd-165833545,
aspen,flowline,nhd-flowline-10330498,nhd-165826209,
aspen,flowline,nhd-flowline-10330516,nhd-72979236,
aspen,flowline,nhd-flowline-10330520,nhd-165833171,
aspen,flowline,nhd-flowline-10330521,nhd-72968992,
aspen,flowline,nhd-flowline-10330569,nhd-165831426,
aspen,flowline,nhd-flowline-10330577,nhd-165832936,
aspen,flowline,nhd-flowline-10330589,nhd-165830233,Sawyer Creek
aspen,flowline,nhd-flowline-10330592,nhd-72979266,
aspen,flowline,nhd-flowline-10330606,nhd-72975104,
aspen,flowline,nhd-flowline-10330624,nhd-72978158,
aspen,flowline,nhd-flowline-10330630,nhd-165833888,
aspen,flowline,nhd-flowline-10330631,nhd-165833122,Woody Creek
aspen,flowline,nhd-flowline-10330658,nhd-165833565,
aspen,flowline,nhd-flowline-10330692,nhd-165824612,
aspen,flowline,nhd-flowline-10330811,nhd-72975276,New York Creek
aspen,flowline,nhd-flowline-10387543,nhd-165829098,
aspen,flowline,nhd-flowline-10395622,nhd-165833438,
aspen,flowline,nhd-flowline-10396967,nhd-165823563,West Willow Creek
aspen,flowline,nhd-flowline-10411894,nhd-72978248,Salvation Ditch
aspen,flowline,nhd-flowline-10432604,nhd-72969180,West Fork Brush Creek
aspen,flowline,nhd-flowline-10553667,nhd-165834641,
aspen,flowline,nhd-flowline-10553688,nhd-165830765,
aspen,flowline,nhd-flowline-10553692,nhd-72981456,
aspen,flowline,nhd-flowline-10553696,nhd-165833186,
aspen,flowline,nhd-flowline-10553699,nhd-165833519,
aspen,flowline,nhd-flowline-10553708,nhd-165834765,Columbia Creek
aspen,flowline,nhd-flowline-10553716,nhd-72963134,Hunter Creek
aspen,flowline,nhd-flowline-10553729,nhd-165833417,
aspen,flowline,nhd-flowline-10553743,nhd-72963276,Roaring Fork River
aspen,flowline,nhd-flowline-10553754,nhd-165831901,
aspen,flowline,nhd-flowline-10553764,nhd-165833300,
aspen,flowline,nhd-flowline-10553792,nhd-165831839,
aspen,flowline,nhd-flowline-10553799,nhd-165823707,
aspen,flowline,nhd-flowline-10553816,nhd-72963398,Roaring Fork River
aspen,flowline,nhd-flowline-10553817,nhd-165835041,
aspen,flowline,nhd-flowline-10553832,nhd-165833174,
aspen,flowline,nhd-flowline-10554582,nhd-165834134,
aspen,flowline,nhd-flowline-10554603,nhd-72969446,Maroon Creek
aspen,flowline,nhd-flowline-10554607,nhd-165827556,
aspen,flowline,nhd-flowline-10554613,nhd-165819158,
aspen,flowline,nhd-flowline-10554648,nhd-165832445,Wilbur Creek
aspen,flowline,nhd-flowline-10554717,nhd-165827437,
aspen,flowline,nhd-flowline-10554718,nhd-165833224,
aspen,flowline,nhd-flowline-10554778,nhd-165830667,Columbia Creek
aspen,flowline,nhd-flowline-10554787,nhd-165818288,
aspen,flowline,nhd-flowline-10554802,nhd-165823343,
aspen,flowline,nhd-flowline-10554808,nhd-165825863,Maroon Creek
aspen,flowline,nhd-flowline-10554814,nhd-165828958,
aspen,flowline,nhd-flowline-10554866,nhd-165820105,
aspen,flowline,nhd-flowline-10554867,nhd-72962800,Woody Creek
aspen,flowline,nhd-flowline-10554872,nhd-165834917,
aspen,flowline,nhd-flowline-10554879,nhd-165835469,
aspen,flowline,nhd-flowline-10554885,nhd-72971326,
aspen,flowline,nhd-flowline-10554906,nhd-165834121,
aspen,flowline,nhd-flowline-10554925,nhd-72981340,
aspen,flowline,nhd-flowline-10554926,nhd-165820774,
aspen,flowline,nhd-flowline-10554927,nhd-72969116,
aspen,flowline,nhd-flowline-10554934,nhd-165817121,
aspen,flowline,nhd-flowline-10554943,nhd-165818313,
aspen,flowline,nhd-flowline-10554950,nhd-72981036,Roaring Fork River
aspen,flowline,nhd-flowline-10554956,nhd-165833192,
aspen,flowline,nhd-flowline-10554959,nhd-72964932,
aspen,flowline,nhd-flowline-10554964,nhd-165828734,Lincoln Creek
aspen,flowline,nhd-flowline-10554983,nhd-72968942,
aspen,flowline,nhd-flowline-10554990,nhd-165827439,
aspen,flowline,nhd-flowline-10608701,nhd-72981544,Woody Creek
aspen,flowline,nhd-flowline-10626912,nhd-163087583,
aspen,flowline,nhd-flowline-10657357,nhd-72962814,
aspen,flowline,nhd-flowline-10657365,nhd-165827884,
aspen,flowline,nhd-flowline-10657371,nhd-165832201,
aspen,flowline,nhd-flowline-10660379,nhd-65883451,East River
aspen,flowline,nhd-flowline-10660390,nhd-65878781,
aspen,flowline,nhd-flowline-10777610,nhd-165833344,
aspen,flowline,nhd-flowline-10777629,nhd-165831064,
aspen,flowline,nhd-flowline-10777653,nhd-165833903,
aspen,flowline,nhd-flowline-10777676,nhd-165827301,
aspen,flowline,nhd-flowline-10777699,nhd-72963196,Roaring Fork River
aspen,flowline,nhd-flowline-10777704,nhd-72965112,Bear Creek
aspen,flowline,nhd-flowline-10777710,nhd-72963534,Roaring Fork River
aspen,flowline,nhd-flowline-10777728,nhd-165835007,
aspen,flowline,nhd-flowline-10777736,nhd-165835094,
aspen,flowline,nhd-flowline-10777750,nhd-165834132,
aspen,flowline,nhd-flowline-10777758,nhd-165829718,
aspen,flowline,nhd-flowline-10777773,nhd-165832126,
aspen,flowline,nhd-flowline-10777775,nhd-165826489,
aspen,flowline,nhd-flowline-10777777,nhd-165831844,
aspen,flowline,nhd-flowline-10777786,nhd-165831051,
aspen,flowline,nhd-flowline-10777787,nhd-165830545,
aspen,flowline,nhd-flowline-10777798,nhd-165833842,East Snowmass Creek
aspen,flowline,nhd-flowline-10777812,nhd-165823681,
aspen,flowline,nhd-flowline-10777813,nhd-165827036,
aspen,flowline,nhd-flowline-10778488,nhd-165822093,
aspen,flowline,nhd-flowline-10778515,nhd-165829663,
aspen,flowline,nhd-flowline-10778623,nhd-165827685,
aspen,flowline,nhd-flowline-10778655,nhd-165834561,
aspen,flowline,nhd-flowline-10778657,nhd-165820997,
aspen,flowline,nhd-flowline-10778673,nhd-165823701,
aspen,flowline,nhd-flowline-10778706,nhd-165833969,Ptarmigan Creek
aspen,flowline,nhd-flowline-10778760,nhd-165832974,
aspen,flowline,nhd-flowline-10778766,nhd-165819038,Snowmass Creek
aspen,flowline,nhd-flowline-10778782,nhd-165826814,
aspen,flowline,nhd-flowline-10778829,nhd-72972550,
aspen,flowline,nhd-flowline-10778831,nhd-165821771,
aspen,flowline,nhd-flowline-10778840,nhd-72975036,
aspen,flowline,nhd-flowline-10778845,nhd-165829673,Maroon Creek
aspen,flowline,nhd-flowline-10778853,nhd-165831584,
aspen,flowline,nhd-flowline-10778920,nhd-165830116,Spruce Creek
aspen,flowline,nhd-flowline-10778921,nhd-165834415,
aspen,flowline,nhd-flowline-10778965,nhd-165827044,
aspen,flowline,nhd-flowline-10832421,nhd-72969806,Lincoln Creek
aspen,flowline,nhd-flowline-10843760,nhd-165835217,
aspen,flowline,nhd-flowline-10850022,nhd-163086477,
aspen,flowline,nhd-flowline-10880655,nhd-165821754,Red Mountain Ditch
aspen,flowline,nhd-flowline-10883796,nhd-159069467,Pine Creek
aspen,flowline,nhd-flowline-10883853,nhd-159067962,East River
aspen,flowline,nhd-flowline-10951234,nhd-159068372,
aspen,flowline,nhd-flowline-10951323,nhd-159069496,
aspen,flowline,nhd-flowline-11001438,nhd-165821912,
aspen,flowline,nhd-flowline-11001440,nhd-165821062,
aspen,flowline,nhd-flowline-11001450,nhd-165819106,
aspen,flowline,nhd-flowline-11001459,nhd-72969630,Independence Creek
aspen,flowline,nhd-flowline-11001477,nhd-165834919,
aspen,flowline,nhd-flowline-11001481,nhd-72969394,Maroon Creek
aspen,flowline,nhd-flowline-11001483,nhd-165835477,
aspen,flowline,nhd-flowline-11001488,nhd-165830755,
aspen,flowline,nhd-flowline-11001492,nhd-165820759,Sawmill Creek
aspen,flowline,nhd-flowline-11001497,nhd-165835475,
aspen,flowline,nhd-flowline-11001500,nhd-165831266,
aspen,flowline,nhd-flowline-11001534,nhd-165827487,
aspen,flowline,nhd-flowline-11001537,nhd-165829101,
aspen,flowline,nhd-flowline-11001547,nhd-72981438,
aspen,flowline,nhd-flowline-11001559,nhd-165831786,
aspen,flowline,nhd-flowline-11001588,nhd-165833294,
aspen,flowline,nhd-flowline-11001628,nhd-165826053,
aspen,flowline,nhd-flowline-11001634,nhd-165830522,
aspen,flowline,nhd-flowline-11001635,nhd-72972694,
aspen,flowline,nhd-flowline-11002418,nhd-165832975,
aspen,flowline,nhd-flowline-11002452,nhd-165830223,
aspen,flowline,nhd-flowline-11002638,nhd-165831062,
aspen,flowline,nhd-flowline-11002639,nhd-165827877,
aspen,flowline,nhd-flowline-11002644,nhd-165831131,
aspen,flowline,nhd-flowline-11002675,nhd-72981496,Jack Creek
aspen,flowline,nhd-flowline-11002687,nhd-165835817,Devaney Creek
aspen,flowline,nhd-flowline-11002690,nhd-72972374,
aspen,flowline,nhd-flowline-11002693,nhd-165827688,
aspen,flowline,nhd-flowline-11002694,nhd-72969768,
aspen,flowline,nhd-flowline-11002713,nhd-165832486,
aspen,flowline,nhd-flowline-11002719,nhd-165834790,
aspen,flowline,nhd-flowline-11002721,nhd-72969468,
aspen,flowline,nhd-flowline-11002728,nhd-165830581,
aspen,flowline,nhd-flowline-11002729,nhd-165834083,
aspen,flowline,nhd-flowline-11002736,nhd-165833498,Casaday Creek
aspen,flowline,nhd-flowline-11002742,nhd-165831601,
aspen,flowline,nhd-flowline-11002754,nhd-165836173,Snowmass Creek
aspen,flowline,nhd-flowline-11002780,nhd-165829166,
aspen,flowline,nhd-flowline-11002788,nhd-165836167,
aspen,flowline,nhd-flowline-11002796,nhd-165834708,
aspen,flowline,nhd-flowline-11002839,nhd-165835520,
aspen,flowline,nhd-flowline-11069465,nhd-72963528,
aspen,flowline,nhd-flowline-11108135,nhd-65880895,Pine Creek
aspen,flowline,nhd-flowline-11175654,nhd-159067918,
aspen,flowline,nhd-flowline-11175676,nhd-159069519,
aspen,flowline,nhd-flowline-11226245,nhd-165833671,Wildcat Creek
aspen,flowline,nhd-flowline-11226247,nhd-165836030,
aspen,flowline,nhd-flowline-11226258,nhd-165831746,
aspen,flowline,nhd-flowline-11226272,nhd-165818461,Owl Creek
aspen,flowline,nhd-flowline-11226277,nhd-165835847,
aspen,flowline,nhd-flowline-11226288,nhd-165817965,
aspen,flowline,nhd-flowline-11226306,nhd-165835209,Woody Creek
aspen,flowline,nhd-flowline-11226324,nhd-165820764,
aspen,flowline,nhd-flowline-11226325,nhd-165833329,
aspen,flowline,nhd-flowline-11226337,nhd-165827608,
aspen,flowline,nhd-flowline-11226349,nhd-72980344,
aspen,flowline,nhd-flowline-11226353,nhd-165827554,
aspen,flowline,nhd-flowline-11226372,nhd-165832498,
aspen,flowline,nhd-flowline-11226384,nhd-165830088,
aspen,flowline,nhd-flowline-11226389,nhd-72980892,
aspen,flowline,nhd-flowline-11226401,nhd-72981000,Castle Creek
aspen,flowline,nhd-flowline-11226411,nhd-165830565,
aspen,flowline,nhd-flowline-11226416,nhd-72969764,
aspen,flowline,nhd-flowline-11226417,nhd-72971196,
aspen,flowline,nhd-flowline-11226420,nhd-165834178,
aspen,flowline,nhd-flowline-11226440,nhd-72969830,Lincoln Creek
aspen,flowline,nhd-flowline-11226497,nhd-72972388,
aspen,flowline,nhd-flowline-11226498,nhd-165834077,
aspen,flowline,nhd-flowline-11227149,nhd-165833278,
aspen,flowline,nhd-flowline-11227150,nhd-165827879,
aspen,flowline,nhd-flowline-11227163,nhd-165826869,
aspen,flowline,nhd-flowline-11227170,nhd-72971204,Maroon Creek
aspen,flowline,nhd-flowline-11227171,nhd-72981550,Sawyer Creek
aspen,flowline,nhd-flowline-11227185,nhd-165820137,Castle Creek
aspen,flowline,nhd-flowline-11227188,nhd-165831944,
aspen,flowline,nhd-flowline-11227238,nhd-72971474,
aspen,flowline,nhd-flowline-11227314,nhd-72968432,Castle Creek
aspen,flowline,nhd-flowline-11227338,nhd-165831827,Sandy Creek
aspen,flowline,nhd-flowline-11227351,nhd-165816916,
aspen,flowline,nhd-flowline-11227388,nhd-165831949,
aspen,flowline,nhd-flowline-11227413,nhd-165830651,
aspen,flowline,nhd-flowline-11227445,nhd-165833953,
aspen,flowline,nhd-flowline-11227451,nhd-72983350,
aspen,flowline,nhd-flowline-11227464,nhd-165832508,
aspen,flowline,nhd-flowline-11227467,nhd-165834271,Woody Creek
aspen,flowline,nhd-flowline-11227470,nhd-72983226,
aspen,flowline,nhd-flowline-11227473,nhd-165834694,
aspen,flowline,nhd-flowline-11227475,nhd-72968412,Conundrum Creek
aspen,flowline,nhd-flowline-11227485,nhd-165830499,
aspen,flowline,nhd-flowline-11227498,nhd-165831876,
aspen,flowline,nhd-flowline-11227502,nhd-165826632,
aspen,flowline,nhd-flowline-11227503,nhd-165830111,Roaring Fork River
aspen,flowline,nhd-flowline-11227511,nhd-165834927,
aspen,flowline,nhd-flowline-11227515,nhd-165833762,
aspen,flowline,nhd-flowline-11227526,nhd-72968498,
aspen,flowline,nhd-flowline-11227547,nhd-165834085,Ptarmigan Creek
aspen,flowline,nhd-flowline-11227655,nhd-165831761,
aspen,flowline,nhd-flowline-11309632,nhd-72963132,
aspen,flowline,nhd-flowline-11401094,nhd-159067988,
aspen,flowline,nhd-flowline-11404130,nhd-61441C76-B85D-4A2C-AD38-97440AE288E8,McKenzie Wildcat Ditch
aspen,flowline,nhd-flowline-11451093,nhd-165834804,Wildcat Creek
aspen,flowline,nhd-flowline-11451118,nhd-165835806,Sandy Creek
aspen,flowline,nhd-flowline-11451121,nhd-165831838,
aspen,flowline,nhd-flowline-11451128,nhd-165831841,
aspen,flowline,nhd-flowline-11451136,nhd-165820275,Little Elk Creek
aspen,flowline,nhd-flowline-11451150,nhd-165832809,
aspen,flowline,nhd-flowline-11451155,nhd-165833963,Lincoln Gulch Connection Canal
aspen,flowline,nhd-flowline-11451157,nhd-165830622,Brush Creek
aspen,flowline,nhd-flowline-11451158,nhd-165823524,
aspen,flowline,nhd-flowline-11451167,nhd-165833722,
aspen,flowline,nhd-flowline-11451193,nhd-165828967,
aspen,flowline,nhd-flowline-11451204,nhd-72971476,East Maroon Creek
aspen,flowline,nhd-flowline-11451205,nhd-165834817,
aspen,flowline,nhd-flowline-11451217,nhd-165827209,
aspen,flowline,nhd-flowline-11451218,nhd-165834440,
aspen,flowline,nhd-flowline-11451227,nhd-72971256,
aspen,flowline,nhd-flowline-11451242,nhd-165831134,
aspen,flowline,nhd-flowline-11451932,nhd-165830761,
aspen,flowline,nhd-flowline-11451998,nhd-165820577,
aspen,flowline,nhd-flowline-11452005,nhd-165835037,Snowmass Creek
aspen,flowline,nhd-flowline-11452017,nhd-165833168,
aspen,flowline,nhd-flowline-11452030,nhd-165833614,Sawmill Creek
aspen,flowline,nhd-flowline-11452126,nhd-165830637,
aspen,flowline,nhd-flowline-11452127,nhd-165817039,
aspen,flowline,nhd-flowline-11452141,nhd-165830924,
aspen,flowline,nhd-flowline-11452184,nhd-72983272,
aspen,flowline,nhd-flowline-11452203,nhd-165831047,
aspen,flowline,nhd-flowline-11452212,nhd-165833185,
aspen,flowline,nhd-flowline-11452228,nhd-165833330,
aspen,flowline,nhd-flowline-11452229,nhd-72968520,Castle Creek
aspen,flowline,nhd-flowline-11452250,nhd-165834711,Columbia Creek
aspen,flowline,nhd-flowline-11452256,nhd-72968454,McFarlane Creek
aspen,flowline,nhd-flowline-11452280,nhd-165832663,
aspen,flowline,nhd-flowline-11452285,nhd-165830535,
aspen,flowline,nhd-flowline-11452292,nhd-165833386,Sawmill Creek
aspen,flowline,nhd-flowline-11452321,nhd-165831846,
aspen,flowline,nhd-flowline-11452336,nhd-165832587,Hunter Creek
aspen,flowline,nhd-flowline-11452339,nhd-165823306,
aspen,flowline,nhd-flowline-11452340,nhd-165831349,
aspen,flowline,nhd-flowline-11452420,nhd-165833387,Sawmill Creek
aspen,flowline,nhd-flowline-11452421,nhd-165829195,
aspen,flowline,nhd-flowline-11452461,nhd-165834791,
aspen,flowline,nhd-flowline-11452473,nhd-165829734,
aspen,flowline,nhd-flowline-11506296,nhd-165834141,Grizzly Creek
aspen,flowline,nhd-flowline-11517720,nhd-165831448,
aspen,flowline,nhd-flowline-11557933,nhd-159067997,
aspen,flowline,nhd-flowline-11626041,nhd-65877721,
aspen,flowline,nhd-flowline-11626043,nhd-159067926,
aspen,flowline,nhd-flowline-11675950,nhd-72981512,
aspen,flowline,nhd-flowline-11675955,nhd-165826688,
aspen,flowline,nhd-flowline-11675969,nhd-165828528,Conundrum Creek
aspen,flowline,nhd-flowline-11675976,nhd-165822933,
aspen,flowline,nhd-flowline-11675987,nhd-72968732,Express Creek
aspen,flowline,nhd-flowline-11675993,nhd-72971388,
aspen,flowline,nhd-flowline-11676001,nhd-165827368,Roaring Fork River
aspen,flowline,nhd-flowline-11676013,nhd-165819538,
aspen,flowline,nhd-flowline-11676023,nhd-72963356,Roaring Fork River
aspen,flowline,nhd-flowline-11676032,nhd-72972144,
aspen,flowline,nhd-flowline-11676033,nhd-72962822,
aspen,flowline,nhd-flowline-11676040,nhd-165833847,
aspen,flowline,nhd-flowline-11676042,nhd-165821916,
aspen,flowline,nhd-flowline-11676053,nhd-165833240,
aspen,flowline,nhd-flowline-11676061,nhd-165833353,
aspen,flowline,nhd-flowline-11676078,nhd-165836018,
aspen,flowline,nhd-flowline-11676097,nhd-72963070,Hunter Creek
aspen,flowline,nhd-flowline-11676129,nhd-165831800,
aspen,flowline,nhd-flowline-11676847,nhd-72963096,Hunter Creek
aspen,flowline,nhd-flowline-11676853,nhd-72962776,
aspen,flowline,nhd-flowline-11677042,nhd-165818335,
aspen,flowline,nhd-flowline-11677048,nhd-165830672,New York Collection Canal
aspen,flowline,nhd-flowline-11677068,nhd-165823932,
aspen,flowline,nhd-flowline-11677080,nhd-165827873,
aspen,flowline,nhd-flowline-11677087,nhd-72963172,Roaring Fork River
aspen,flowline,nhd-flowline-11677101,nhd-165831587,
aspen,flowline,nhd-flowline-11677120,nhd-165835848,
aspen,flowline,nhd-flowline-11677125,nhd-165829044,
aspen,flowline,nhd-flowline-11677130,nhd-165827319,
aspen,flowline,nhd-flowline-11677149,nhd-165824433,
aspen,flowline,nhd-flowline-11677164,nhd-165832266,
aspen,flowline,nhd-flowline-11677193,nhd-165823566,
aspen,flowline,nhd-flowline-11677196,nhd-C8C8B674-8058-43E5-BE5A-9CB61B64CC74,East Snowmass Creek
aspen,flowline,nhd-flowline-11677209,nhd-72963296,
aspen,flowline,nhd-flowline-11677218,nhd-165834097,
aspen,flowline,nhd-flowline-11677220,nhd-72968466,
aspen,flowline,nhd-flowline-11677224,nhd-72969778,Roaring Fork River
aspen,flowline,nhd-flowline-11677226,nhd-72963610,
aspen,flowline,nhd-flowline-11677227,nhd-165821773,
aspen,flowline,nhd-flowline-11677232,nhd-165831855,
aspen,flowline,nhd-flowline-11677247,nhd-165833828,
aspen,flowline,nhd-flowline-11677272,nhd-72971260,West Maroon Creek
aspen,flowline,nhd-flowline-11677321,nhd-165834221,
aspen,flowline,nhd-flowline-11677334,nhd-165834672,
aspen,flowline,nhd-flowline-11742190,nhd-165835206,
aspen,flowline,nhd-flowline-11748890,nhd-133046181,
aspen,flowline,nhd-flowline-11749315,nhd-133030199,
aspen,flowline,nhd-flowline-11899951,nhd-165830540,
aspen,flowline,nhd-flowline-11899957,nhd-72971356,West Maroon Creek
aspen,flowline,nhd-flowline-11899958,nhd-165831367,
aspen,flowline,nhd-flowline-11899981,nhd-165827047,
aspen,flowline,nhd-flowline-11899990,nhd-165833548,
aspen,flowline,nhd-flowline-11899996,nhd-165834926,
aspen,flowline,nhd-flowline-11900001,nhd-72983300,
aspen,flowline,nhd-flowline-11900007,nhd-72964758,Nickelson Creek
aspen,flowline,nhd-flowline-11900012,nhd-72965244,
aspen,flowline,nhd-flowline-11900020,nhd-165833395,
aspen,flowline,nhd-flowline-11900023,nhd-165826483,
aspen,flowline,nhd-flowline-11900045,nhd-165831574,
aspen,flowline,nhd-flowline-11900052,nhd-72969212,East Snowmass Creek
aspen,flowline,nhd-flowline-11900090,nhd-165823944,
aspen,flowline,nhd-flowline-11900106,nhd-72972670,
aspen,flowline,nhd-flowline-11900113,nhd-165830751,
aspen,flowline,nhd-flowline-11900138,nhd-165825868,
aspen,flowline,nhd-flowline-11900875,nhd-165834202,Midway Creek
aspen,flowline,nhd-flowline-11901021,nhd-165820632,
aspen,flowline,nhd-flowline-11901044,nhd-165829719,
aspen,flowline,nhd-flowline-11901058,nhd-165827159,
aspen,flowline,nhd-flowline-11901060,nhd-165833204,Snowmass Creek
aspen,flowline,nhd-flowline-11901069,nhd-72971528,
aspen,flowline,nhd-flowline-11901083,nhd-72968440,
aspen,flowline,nhd-flowline-11901091,nhd-72969472,
aspen,flowline,nhd-flowline-11901102,nhd-165833194,
aspen,flowline,nhd-flowline-11901118,nhd-165834620,
aspen,flowline,nhd-flowline-11901121,nhd-165835840,
aspen,flowline,nhd-flowline-11901131,nhd-165834772,
aspen,flowline,nhd-flowline-11901139,nhd-72968500,
aspen,flowline,nhd-flowline-11901140,nhd-165836164,Hunter Creek
aspen,flowline,nhd-flowline-11901151,nhd-165831189,Hunter Creek
aspen,flowline,nhd-flowline-11901153,nhd-165827614,
aspen,flowline,nhd-flowline-11901154,nhd-165833251,
aspen,flowline,nhd-flowline-11901155,nhd-165835849,
aspen,flowline,nhd-flowline-11901167,nhd-165836169,Snowmass Creek
aspen,flowline,nhd-flowline-11901169,nhd-165830746,
aspen,flowline,nhd-flowline-11901174,nhd-72975098,Lincoln Creek
aspen,flowline,nhd-flowline-11901187,nhd-165829717,
aspen,flowline,nhd-flowline-11901211,nhd-72962970,
aspen,flowline,nhd-flowline-11901220,nhd-72968916,
aspen,flowline,nhd-flowline-11901228,nhd-165820553,
aspen,flowline,nhd-flowline-11901233,nhd-72972474,South Fork Fryingpan River
aspen,flowline,nhd-flowline-11901246,nhd-165821632,
aspen,flowline,nhd-flowline-11901255,nhd-165826815,
aspen,flowline,nhd-flowline-11901256,nhd-72981360,
aspen,flowline,nhd-flowline-11901257,nhd-72983262,Smith and Rex Ditch
aspen,flowline,nhd-flowline-11967838,nhd-165833121,
aspen,flowline,nhd-flowline-11967839,nhd-165817952,East Fork Brush Creek
aspen,flowline,nhd-flowline-12003410,nhd-165836181,Snowmass Creek
aspen,flowline,nhd-flowline-12007591,nhd-165825903,Brush Creek
aspen,flowline,nhd-flowline-12074162,nhd-159067920,
aspen,flowline,nhd-flowline-12074229,nhd-159069462,
aspen,flowline,nhd-flowline-12074303,nhd-159067954,
aspen,flowline,nhd-flowline-12124543,nhd-165826689,
aspen,flowline,nhd-flowline-12124558,nhd-165823847,
aspen,flowline,nhd-flowline-12124563,nhd-165822262,
aspen,flowline,nhd-flowline-12124565,nhd-72965124,Snowmass Creek
aspen,flowline,nhd-flowline-12124569,nhd-72963382,
aspen,flowline,nhd-flowline-12124601,nhd-165835465,Roaring Fork River
aspen,flowline,nhd-flowline-12124603,nhd-165829187,
aspen,flowline,nhd-flowline-12124604,nhd-165830614,
aspen,flowline,nhd-flowline-12124606,nhd-165825883,
aspen,flowline,nhd-flowline-12124641,nhd-165833152,
aspen,flowline,nhd-flowline-12124648,nhd-165830184,
aspen,flowline,nhd-flowline-12124651,nhd-165835995,
aspen,flowline,nhd-flowline-12124662,nhd-165832504,Castle Creek
aspen,flowline,nhd-flowline-12124671,nhd-165826521,
aspen,flowline,nhd-flowline-12124674,nhd-72963556,Castle Creek
aspen,flowline,nhd-flowline-12124675,nhd-165823026,Woody Creek
aspen,flowline,nhd-flowline-12124681,nhd-AA2BD138-694E-41CB-B1D7-FB10904D8918,North Fork Crystal River
aspen,flowline,nhd-flowline-12124719,nhd-165827027,
aspen,flowline,nhd-flowline-12125409,nhd-72972154,
aspen,flowline,nhd-flowline-12125435,nhd-165830220,Hunter Creek
aspen,flowline,nhd-flowline-12125486,nhd-165830142,
aspen,flowline,nhd-flowline-12125498,nhd-165833365,
aspen,flowline,nhd-flowline-12125527,nhd-165817747,
aspen,flowline,nhd-flowline-12125571,nhd-72980400,
aspen,flowline,nhd-flowline-12125605,nhd-165826627,
aspen,flowline,nhd-flowline-12125617,nhd-165827161,
aspen,flowline,nhd-flowline-12125635,nhd-72981216,
aspen,flowline,nhd-flowline-12125640,nhd-165816922,
aspen,flowline,nhd-flowline-12125642,nhd-165826581,Maroon Creek
aspen,flowline,nhd-flowline-12125646,nhd-165826562,
aspen,flowline,nhd-flowline-12125647,nhd-165831759,
aspen,flowline,nhd-flowline-12125654,nhd-165834724,Difficult Creek
aspen,flowline,nhd-flowline-12125668,nhd-165832106,
aspen,flowline,nhd-flowline-12125685,nhd-72979376,North Fork Crystal River
aspen,flowline,nhd-flowline-12125701,nhd-165831124,
aspen,flowline,nhd-flowline-12125716,nhd-165826799,Powell Mc Kenzie Ditch
aspen,flowline,nhd-flowline-12125717,nhd-165827323,
aspen,flowline,nhd-flowline-12125729,nhd-165823943,
aspen,flowline,nhd-flowline-12125733,nhd-165833494,Castle Creek
aspen,flowline,nhd-flowline-12125745,nhd-165834598,
aspen,flowline,nhd-flowline-12125754,nhd-165826052,
aspen,flowline,nhd-flowline-12125761,nhd-165831122,
aspen,flowline,nhd-flowline-12125763,nhd-165835735,
aspen,flowline,nhd-flowline-12125793,nhd-165827725,
aspen,flowline,nhd-flowline-12125808,nhd-165830501,
aspen,flowline,nhd-flowline-12125809,nhd-72971314,
aspen,flowline,nhd-flowline-12125938,nhd-165829633,
aspen,flowline,nhd-flowline-12197839,nhd-163088022,
aspen,flowline,nhd-flowline-12207657,nhd-72963182,
aspen,flowline,nhd-flowline-12207681,nhd-72978236,Woody Creek
aspen,flowline,nhd-flowline-12227997,nhd-165823957,Red Mountain Ditch
aspen,flowline,nhd-flowline-12228105,nhd-165834807,
aspen,flowline,nhd-flowline-12228106,nhd-72978938,
aspen,flowline,nhd-flowline-12231183,nhd-65880893,
aspen,flowline,nhd-flowline-12298463,nhd-159069512,
aspen,flowline,nhd-flowline-12348932,nhd-165817951,
aspen,flowline,nhd-flowline-12348960,nhd-165829655,
aspen,flowline,nhd-flowline-12348984,nhd-72964732,Nickelson Creek
aspen,flowline,nhd-flowline-12348987,nhd-165831796,
aspen,flowline,nhd-flowline-12349011,nhd-72972698,
aspen,flowline,nhd-flowline-12349042,nhd-165827031,
aspen,flowline,nhd-flowline-12349054,nhd-165829661,Columbia Creek
aspen,flowline,nhd-flowline-12349132,nhd-165827919,
aspen,flowline,nhd-flowline-12349915,nhd-72979254,
aspen,flowline,nhd-flowline-12350040,nhd-165834455,
aspen,flowline,nhd-flowline-12350056,nhd-165831414,
aspen,flowline,nhd-flowline-12350057,nhd-72968762,Cooper Creek
aspen,flowline,nhd-flowline-12350090,nhd-165822874,
aspen,flowline,nhd-flowline-12350095,nhd-165820781,
aspen,flowline,nhd-flowline-12350121,nhd-165834278,Conundrum Creek
aspen,flowline,nhd-flowline-12350151,nhd-165817098,
aspen,flowline,nhd-flowline-12350153,nhd-165816909,
aspen,flowline,nhd-flowline-12350167,nhd-165821015,
aspen,flowline,nhd-flowline-12350168,nhd-165834459,
aspen,flowline,nhd-flowline-12350204,nhd-165827542,
aspen,flowline,nhd-flowline-12350206,nhd-72968728,Express Creek
aspen,flowline,nhd-flowline-12350228,nhd-72968670,
aspen,flowline,nhd-flowline-12350232,nhd-72981510,
aspen,flowline,nhd-flowline-12350237,nhd-72979234,East Fork South Fork Crystal River
aspen,flowline,nhd-flowline-12350243,nhd-72969736,Lincoln Creek
aspen,flowline,nhd-flowline-12350250,nhd-165829737,
aspen,flowline,nhd-flowline-12350257,nhd-165823953,Woody Creek
aspen,flowline,nhd-flowline-12350307,nhd-165827369,Roaring Fork River
aspen,flowline,nhd-flowline-12350356,nhd-165823720,
aspen,flowline,nhd-flowline-12404490,nhd-165830106,
aspen,flowline,nhd-flowline-12417224,nhd-165827173,
aspen,flowline,nhd-flowline-12452442,nhd-72962764,Red Mountain Ditch
aspen,flowline,nhd-flowline-12523882,nhd-159067987,
aspen,flowline,nhd-flowline-12523926,nhd-159069550,
aspen,flowline,nhd-flowline-12574308,nhd-165834346,
aspen,flowline,nhd-flowline-12574310,nhd-165827342,
aspen,flowline,nhd-flowline-12574326,nhd-165831185,
aspen,flowline,nhd-flowline-12574329,nhd-165834363,
aspen,flowline,nhd-flowline-12574346,nhd-165818205,Snowmass Creek
aspen,flowline,nhd-flowline-12574370,nhd-165834702,Willow Creek
aspen,flowline,nhd-flowline-12574372,nhd-165822872,
aspen,flowline,nhd-flowline-12574381,nhd-72983352,
aspen,flowline,nhd-flowline-12574397,nhd-165830572,
aspen,flowline,nhd-flowline-12574401,nhd-72975182,
aspen,flowline,nhd-flowline-12574428,nhd-165831020,
aspen,flowline,nhd-flowline-12574439,nhd-72983302,Smith and Rex Ditch
aspen,flowline,nhd-flowline-12574453,nhd-165818924,
aspen,flowline,nhd-flowline-12574456,nhd-165832281,
aspen,flowline,nhd-flowline-12574465,nhd-165827296,
aspen,flowline,nhd-flowline-12574466,nhd-72963546,Roaring Fork River
aspen,flowline,nhd-flowline-12574469,nhd-165834767,
aspen,flowline,nhd-flowline-12574479,nhd-165827952,
aspen,flowline,nhd-flowline-12574492,nhd-72963592,
aspen,flowline,nhd-flowline-12574494,nhd-72968538,
aspen,flowline,nhd-flowline-12574502,nhd-165821769,
aspen,flowline,nhd-flowline-12574509,nhd-72981426,
aspen,flowline,nhd-flowline-12574515,nhd-165829637,
aspen,flowline,nhd-flowline-12575277,nhd-165834796,
aspen,flowline,nhd-flowline-12575293,nhd-165829715,
aspen,flowline,nhd-flowline-12575319,nhd-165830505,
aspen,flowline,nhd-flowline-12575328,nhd-72981354,
aspen,flowline,nhd-flowline-12575344,nhd-165834578,Lincoln Creek
aspen,flowline,nhd-flowline-12575408,nhd-165831785,
aspen,flowline,nhd-flowline-12575462,nhd-165823529,
aspen,flowline,nhd-flowline-12575463,nhd-72975212,New York Creek
aspen,flowline,nhd-flowline-12575471,nhd-165834432,
aspen,flowline,nhd-flowline-12575476,nhd-165835088,East Fork South Fork Crystal River
aspen,flowline,nhd-flowline-12575489,nhd-165834613,Castle Creek
aspen,flowline,nhd-flowline-12575504,nhd-165821055,Hunter Creek
aspen,flowline,nhd-flowline-12575530,nhd-165831814,Fall Creek
aspen,flowline,nhd-flowline-12575535,nhd-72971226,
aspen,flowline,nhd-flowline-12575582,nhd-165825856,
aspen,flowline,nhd-flowline-12575588,nhd-72979118,
aspen,flowline,nhd-flowline-12575595,nhd-72969122,Spring Creek
aspen,flowline,nhd-flowline-12575601,nhd-165834786,
aspen,flowline,nhd-flowline-12575611,nhd-165835621,
aspen,flowline,nhd-flowline-12575628,nhd-165827055,
aspen,flowline,nhd-flowline-12575630,nhd-165830051,
aspen,flowline,nhd-flowline-12575635,nhd-165834717,
aspen,flowline,nhd-flowline-12575639,nhd-165828025,
aspen,flowline,nhd-flowline-12575641,nhd-165833377,
aspen,flowline,nhd-flowline-12575658,nhd-165827304,
aspen,flowline,nhd-flowline-12575661,nhd-165834222,Cliff Creek
aspen,flowline,nhd-flowline-12575665,nhd-165830705,
aspen,flowline,nhd-flowline-12575688,nhd-165818946,
aspen,flowline,nhd-flowline-12575691,nhd-165835720,
aspen,flowline,nhd-flowline-12575736,nhd-165827158,
aspen,flowline,nhd-flowline-12575878,nhd-165818467,
aspen,flowline,nhd-flowline-12629235,nhd-72969804,Lincoln Creek
aspen,flowline,nhd-flowline-12641801,nhd-165833657,
aspen,flowline,nhd-flowline-12647350,nhd-133042651,
aspen,flowline,nhd-flowline-12747897,nhd-159067941,
aspen,flowline,nhd-flowline-12747923,nhd-159067964,
aspen,flowline,nhd-flowline-12747924,nhd-159069203,
aspen,flowline,nhd-flowline-12798280,nhd-72972428,Granite Creek
aspen,flowline,nhd-flowline-12798288,nhd-165831024,
aspen,flowline,nhd-flowline-12798313,nhd-165833891,
aspen,flowline,nhd-flowline-12798340,nhd-165830213,
aspen,flowline,nhd-flowline-12798350,nhd-72968600,Castle Creek
aspen,flowline,nhd-flowline-12798360,nhd-165829182,
aspen,flowline,nhd-flowline-12798362,nhd-165831418,
aspen,flowline,nhd-flowline-12798371,nhd-72964716,
aspen,flowline,nhd-flowline-12798387,nhd-72969634,
aspen,flowline,nhd-flowline-12798412,nhd-165835985,
aspen,flowline,nhd-flowline-12798413,nhd-165834272,
aspen,flowline,nhd-flowline-12798421,nhd-165830217,Lincoln Creek
aspen,flowline,nhd-flowline-12798427,nhd-165826812,
aspen,flowline,nhd-flowline-12798428,nhd-165818929,
aspen,flowline,nhd-flowline-12798431,nhd-165833471,
aspen,flowline,nhd-flowline-12798482,nhd-72963400,Roaring Fork River
aspen,flowline,nhd-flowline-12798483,nhd-165833213,
aspen,flowline,nhd-flowline-12798691,nhd-165834210,Roaring Fork River
aspen,flowline,nhd-flowline-12799209,nhd-165834532,
aspen,flowline,nhd-flowline-12799212,nhd-72969686,
aspen,flowline,nhd-flowline-12799240,nhd-165831670,Cliff Creek
aspen,flowline,nhd-flowline-12799241,nhd-72969730,
aspen,flowline,nhd-flowline-12799242,nhd-72975136,
aspen,flowline,nhd-flowline-12799277,nhd-165826682,
aspen,flowline,nhd-flowline-12799366,nhd-165827496,
aspen,flowline,nhd-flowline-12799367,nhd-165829005,
aspen,flowline,nhd-flowline-12799420,nhd-165835732,
aspen,flowline,nhd-flowline-12799429,nhd-165826623,
aspen,flowline,nhd-flowline-12799434,nhd-165833322,
aspen,flowline,nhd-flowline-12799442,nhd-72968792,Express Creek
aspen,flowline,nhd-flowline-12799443,nhd-165831820,East Snowmass Creek
aspen,flowline,nhd-flowline-12799451,nhd-72980370,Hunter Creek
aspen,flowline,nhd-flowline-12799470,nhd-165823307,
aspen,flowline,nhd-flowline-12799472,nhd-165817963,
aspen,flowline,nhd-flowline-12799473,nhd-165826659,Roaring Fork River
aspen,flowline,nhd-flowline-12799485,nhd-72980784,
aspen,flowline,nhd-flowline-12799488,nhd-165834589,
aspen,flowline,nhd-flowline-12799499,nhd-165827929,
aspen,flowline,nhd-flowline-12799503,nhd-165833497,Casaday Creek
aspen,flowline,nhd-flowline-12799523,nhd-165831757,
aspen,flowline,nhd-flowline-12799537,nhd-165834696,East Snowmass Creek
aspen,flowline,nhd-flowline-12799564,nhd-165820107,
aspen,flowline,nhd-flowline-12799568,nhd-165826607,
aspen,flowline,nhd-flowline-12799585,nhd-165830665,Fall Creek
aspen,flowline,nhd-flowline-12799592,nhd-165833793,
aspen,flowline,nhd-flowline-12799597,nhd-72972358,South Fork Fryingpan River
aspen,flowline,nhd-flowline-12799605,nhd-165831481,Silver Creek
aspen,flowline,nhd-flowline-12799694,nhd-165834677,
aspen,flowline,nhd-flowline-12799759,nhd-165832923,
aspen,flowline,nhd-flowline-12865962,nhd-165834373,
aspen,flowline,nhd-flowline-12865968,nhd-72963306,
aspen,flowline,nhd-flowline-12871405,nhd-133029902,
aspen,flowline,nhd-flowline-12880944,nhd-165834383,
aspen,flowline,nhd-flowline-12901343,nhd-165830635,Red Mountain Ditch
aspen,flowline,nhd-flowline-12901468,nhd-72978950,
aspen,flowline,nhd-flowline-12904579,nhd-65878793,
aspen,flowline,nhd-flowline-12904586,nhd-159067996,
aspen,flowline,nhd-flowline-12972353,nhd-159068330,
aspen,flowline,nhd-flowline-12972368,nhd-65878217,
aspen,flowline,nhd-flowline-12972515,nhd-159069572,
aspen,flowline,nhd-flowline-13022609,nhd-165831057,
aspen,flowline,nhd-flowline-13022618,nhd-165834475,
aspen,flowline,nhd-flowline-13022625,nhd-72962932,
aspen,flowline,nhd-flowline-13022643,nhd-165827922,
aspen,flowline,nhd-flowline-13022644,nhd-165834955,
aspen,flowline,nhd-flowline-13022647,nhd-165826819,
aspen,flowline,nhd-flowline-13022648,nhd-72971410,West Maroon Creek
aspen,flowline,nhd-flowline-13022664,nhd-165834481,Hunter Creek
aspen,flowline,nhd-flowline-13022671,nhd-165827562,
aspen,flowline,nhd-flowline-13022672,nhd-165819941,
aspen,flowline,nhd-flowline-13022683,nhd-165818300,
aspen,flowline,nhd-flowline-13022688,nhd-165820979,
aspen,flowline,nhd-flowline-13022695,nhd-72968912,Brush Creek
aspen,flowline,nhd-flowline-13022747,nhd-165827057,
aspen,flowline,nhd-flowline-13022757,nhd-165836023,
aspen,flowline,nhd-flowline-13022758,nhd-165833227,
aspen,flowline,nhd-flowline-13022760,nhd-165835181,
aspen,flowline,nhd-flowline-13022770,nhd-165826599,
aspen,flowline,nhd-flowline-13023611,nhd-165831269,
aspen,flowline,nhd-flowline-13023696,nhd-165831826,
aspen,flowline,nhd-flowline-13023721,nhd-165829628,
aspen,flowline,nhd-flowline-13023725,nhd-165833167,
aspen,flowline,nhd-flowline-13023729,nhd-165833639,
aspen,flowline,nhd-flowline-13023733,nhd-72968740,
aspen,flowline,nhd-flowline-13023753,nhd-165824611,
aspen,flowline,nhd-flowline-13023764,nhd-72981570,
aspen,flowline,nhd-flowline-13023772,nhd-72972504,
aspen,flowline,nhd-flowline-13023783,nhd-72963584,
aspen,flowline,nhd-flowline-13023784,nhd-165831265,
aspen,flowline,nhd-flowline-13023806,nhd-165830503,
aspen,flowline,nhd-flowline-13023818,nhd-72969644,
aspen,flowline,nhd-flowline-13023832,nhd-165819960,
aspen,flowline,nhd-flowline-13023844,nhd-165834805,Wildcat Creek
aspen,flowline,nhd-flowline-13023852,nhd-165821758,
aspen,flowline,nhd-flowline-13023859,nhd-72962936,
aspen,flowline,nhd-flowline-13023877,nhd-72963028,
aspen,flowline,nhd-flowline-13023893,nhd-72979366,
aspen,flowline,nhd-flowline-13023898,nhd-72975124,
aspen,flowline,nhd-flowline-13023935,nhd-165818317,
aspen,flowline,nhd-flowline-13023986,nhd-165827677,
aspen,flowline,nhd-flowline-13091123,nhd-165818417,West Willow Creek
aspen,flowline,nhd-flowline-13096163,nhd-163087050,
aspen,flowline,nhd-flowline-13196885,nhd-65878205,
aspen,flowline,nhd-flowline-13196915,nhd-159069507,
aspen,flowline,nhd-flowline-13196985,nhd-65880939,Tellurium Creek
aspen,flowline,nhd-flowline-13247223,nhd-165834653,
aspen,flowline,nhd-flowline-13247252,nhd-165825546,
aspen,flowline,nhd-flowline-13247253,nhd-165826134,
aspen,flowline,nhd-flowline-13247288,nhd-165834530,
aspen,flowline,nhd-flowline-13247295,nhd-165830546,
aspen,flowline,nhd-flowline-13247305,nhd-165834550,
aspen,flowline,nhd-flowline-13247317,nhd-165820568,
aspen,flowline,nhd-flowline-13247323,nhd-165828530,East Snowmass Creek
aspen,flowline,nhd-flowline-13247342,nhd-165818324,
aspen,flowline,nhd-flowline-13247353,nhd-165827331,
aspen,flowline,nhd-flowline-13247355,nhd-165835179,
aspen,flowline,nhd-flowline-13247364,nhd-165816902,
aspen,flowline,nhd-flowline-13247369,nhd-72969312,
aspen,flowline,nhd-flowline-13247370,nhd-165825542,
aspen,flowline,nhd-flowline-13247394,nhd-165833542,
aspen,flowline,nhd-flowline-13247396,nhd-165833410,Brush Creek
aspen,flowline,nhd-flowline-13247405,nhd-72969342,Maroon Creek
aspen,flowline,nhd-flowline-13247416,nhd-165835794,
aspen,flowline,nhd-flowline-13247424,nhd-72980372,Hunter Creek
aspen,flowline,nhd-flowline-13248141,nhd-165832222,Hunter Creek
aspen,flowline,nhd-flowline-13248142,nhd-165818919,
aspen,flowline,nhd-flowline-13248149,nhd-165836020,
aspen,flowline,nhd-flowline-13248152,nhd-72963118,
aspen,flowline,nhd-flowline-13248169,nhd-165831334,
aspen,flowline,nhd-flowline-13248220,nhd-72965150,Snowmass Creek
aspen,flowline,nhd-flowline-13248299,nhd-72979034,North Fork Crystal River
aspen,flowline,nhd-flowline-13248321,nhd-165819094,
aspen,flowline,nhd-flowline-13248347,nhd-165833868,
aspen,flowline,nhd-flowline-13248366,nhd-72975056,
aspen,flowline,nhd-flowline-13248396,nhd-165818424,Maroon Creek
aspen,flowline,nhd-flowline-13248415,nhd-72969462,Maroon Creek
aspen,flowline,nhd-flowline-13248432,nhd-165829670,
aspen,flowline,nhd-flowline-13248436,nhd-165831678,
aspen,flowline,nhd-flowline-13248469,nhd-165834671,Willow Creek
aspen,flowline,nhd-flowline-13248473,nhd-165828978,
aspen,flowline,nhd-flowline-13248474,nhd-165830109,South Fork Fryingpan River
aspen,flowline,nhd-flowline-13248497,nhd-165823282,
aspen,flowline,nhd-flowline-13248501,nhd-165819581,
aspen,flowline,nhd-flowline-13248511,nhd-72962852,
aspen,flowline,nhd-flowline-13248515,nhd-165833820,
aspen,flowline,nhd-flowline-13248525,nhd-165824613,
aspen,flowline,nhd-flowline-13248528,nhd-165834429,
aspen,flowline,nhd-flowline-13248531,nhd-165820125,
aspen,flowline,nhd-flowline-13248576,nhd-72965136,
aspen,flowline,nhd-flowline-13248630,nhd-72975148,Tabor Creek
aspen,flowline,nhd-flowline-13302915,nhd-165823027,Grizzly Creek
aspen,flowline,nhd-flowline-13320584,nhd-163086893,
aspen,flowline,nhd-flowline-13320798,nhd-163086504,
aspen,flowline,nhd-flowline-13330493,nhd-336B73A3-2DC0-41AE-86AA-ED1D5FC23115,Herrick Ditch
aspen,flowline,nhd-flowline-13471935,nhd-165826853,North Fork Crystal River
aspen,flowline,nhd-flowline-13471942,nhd-165833466,
aspen,flowline,nhd-flowline-13471948,nhd-165818305,
aspen,flowline,nhd-flowline-13472036,nhd-165822626,Snowmass Creek
aspen,flowline,nhd-flowline-13472049,nhd-72963288,Roaring Fork River
aspen,flowline,nhd-flowline-13472062,nhd-72964702,Elk Creek Ditch
aspen,flowline,nhd-flowline-13472083,nhd-72971482,
aspen,flowline,nhd-flowline-13472086,nhd-165834470,
aspen,flowline,nhd-flowline-13472094,nhd-72962882,
aspen,flowline,nhd-flowline-13472099,nhd-72979310,
aspen,flowline,nhd-flowline-13472110,nhd-72969478,Wildcat Creek
aspen,flowline,nhd-flowline-13472321,nhd-165827347,
aspen,flowline,nhd-flowline-13472898,nhd-165830075,Capitol Creek
aspen,flowline,nhd-flowline-13472922,nhd-165831792,Ptarmigan Creek
aspen,flowline,nhd-flowline-13472943,nhd-72968430,
aspen,flowline,nhd-flowline-13473002,nhd-165833655,Snowmass Creek
aspen,flowline,nhd-flowline-13473003,nhd-72979200,
aspen,flowline,nhd-flowline-13473010,nhd-72972126,
aspen,flowline,nhd-flowline-13473013,nhd-165834075,
aspen,flowline,nhd-flowline-13473045,nhd-165831490,
aspen,flowline,nhd-flowline-13473058,nhd-165831577,
aspen,flowline,nhd-flowline-13473092,nhd-165820645,
aspen,flowline,nhd-flowline-13473128,nhd-165828733,Lincoln Creek
aspen,flowline,nhd-flowline-13473143,nhd-165832651,
aspen,flowline,nhd-flowline-13473156,nhd-165833416,
aspen,flowline,nhd-flowline-13473159,nhd-165834473,
aspen,flowline,nhd-flowline-13473176,nhd-72968952,
aspen,flowline,nhd-flowline-13473198,nhd-72975214,
aspen,flowline,nhd-flowline-13473220,nhd-165832934,
aspen,flowline,nhd-flowline-13473223,nhd-72972116,
aspen,flowline,nhd-flowline-13473231,nhd-165833354,
aspen,flowline,nhd-flowline-13473233,nhd-165823725,
aspen,flowline,nhd-flowline-13473238,nhd-72975314,
aspen,flowline,nhd-flowline-13473298,nhd-165831804,
aspen,flowline,nhd-flowline-13473415,nhd-165830092,Galena Creek
aspen,flowline,nhd-flowline-13538601,nhd-165834984,
aspen,flowline,nhd-flowline-13544381,nhd-159069591,Bowman Creek
aspen,flowline,nhd-flowline-13544951,nhd-163087968,
aspen,flowline,nhd-flowline-13575386,nhd-165833380,Red Mountain Ditch
aspen,flowline,nhd-flowline-13646019,nhd-159069506,
aspen,flowline,nhd-flowline-13646020,nhd-159069500,
aspen,flowline,nhd-flowline-13646062,nhd-159068298,
aspen,flowline,nhd-flowline-13646080,nhd-159067971,
aspen,flowline,nhd-flowline-13696442,nhd-165836025,
aspen,flowline,nhd-flowline-13696456,nhd-165834250,
aspen,flowline,nhd-flowline-13696468,nhd-165828096,
aspen,flowline,nhd-flowline-13696470,nhd-72981444,
aspen,flowline,nhd-flowline-13696475,nhd-165827490,
aspen,flowline,nhd-flowline-13696484,nhd-165833476,
aspen,flowline,nhd-flowline-13696490,nhd-72978142,Woody Creek
aspen,flowline,nhd-flowline-13696505,nhd-165831912,
aspen,flowline,nhd-flowline-13696508,nhd-165820124,
aspen,flowline,nhd-flowline-13696527,nhd-72968962,Brush Creek
aspen,flowline,nhd-flowline-13696539,nhd-165834388,
aspen,flowline,nhd-flowline-13696548,nhd-72969404,Maroon Creek
aspen,flowline,nhd-flowline-13696552,nhd-165834385,
aspen,flowline,nhd-flowline-13696579,nhd-165832924,
aspen,flowline,nhd-flowline-13696581,nhd-72979156,
aspen,flowline,nhd-flowline-13696589,nhd-72971352,
aspen,flowline,nhd-flowline-13696591,nhd-165833236,
aspen,flowline,nhd-flowline-13696605,nhd-165819934,
aspen,flowline,nhd-flowline-13696611,nhd-165828088,
aspen,flowline,nhd-flowline-13696612,nhd-165829161,
aspen,flowline,nhd-flowline-13696613,nhd-72980404,Truro Creek
aspen,flowline,nhd-flowline-13696614,nhd-165833890,
aspen,flowline,nhd-flowline-13696619,nhd-165826595,
aspen,flowline,nhd-flowline-13696624,nhd-72963264,
aspen,flowline,nhd-flowline-13696644,nhd-72979252,
aspen,flowline,nhd-flowline-13697320,nhd-165829151,
aspen,flowline,nhd-flowline-13697400,nhd-165834161,
aspen,flowline,nhd-flowline-13697455,nhd-165828973,
aspen,flowline,nhd-flowline-13697471,nhd-165833435,Conundrum Creek
aspen,flowline,nhd-flowline-13697487,nhd-72980342,
aspen,flowline,nhd-flowline-13697512,nhd-72968648,Castle Creek
aspen,flowline,nhd-flowline-13697519,nhd-165820768,
aspen,flowline,nhd-flowline-13697524,nhd-165834150,Hunter Creek
aspen,flowline,nhd-flowline-13697570,nhd-165833834,
aspen,flowline,nhd-flowline-13697590,nhd-165831743,
aspen,flowline,nhd-flowline-13697612,nhd-72978146,
aspen,flowline,nhd-flowline-13697615,nhd-165820626,
aspen,flowline,nhd-flowline-13697645,nhd-165834710,Columbia Creek
aspen,flowline,nhd-flowline-13697648,nhd-72972740,
aspen,flowline,nhd-flowline-13697666,nhd-165833175,
aspen,flowline,nhd-flowline-13697667,nhd-165828361,
aspen,flowline,nhd-flowline-13697668,nhd-165828617,
aspen,flowline,nhd-flowline-13697670,nhd-165827046,
aspen,flowline,nhd-flowline-13697678,nhd-165830494,
aspen,flowline,nhd-flowline-13697680,nhd-165819313,
aspen,flowline,nhd-flowline-13697681,nhd-165826606,
aspen,flowline,nhd-flowline-13697682,nhd-165833508,
aspen,flowline,nhd-flowline-13697685,nhd-165819519,
aspen,flowline,nhd-flowline-13697691,nhd-165829641,
aspen,flowline,nhd-flowline-13697695,nhd-165817243,
aspen,flowline,nhd-flowline-13697704,nhd-165829730,
aspen,flowline,nhd-flowline-13697705,nhd-72963350,Roaring Fork River
aspen,flowline,nhd-flowline-13697718,nhd-72969454,
aspen,flowline,nhd-flowline-13697735,nhd-165820134,
aspen,flowline,nhd-flowline-13751091,nhd-165834033,
aspen,flowline,nhd-flowline-13763779,nhd-59D5A183-D216-44FE-B47E-00E448426304,
aspen,flowline,nhd-flowline-13768691,nhd-163088050,
aspen,flowline,nhd-flowline-13769166,nhd-163086468,
aspen,flowline,nhd-flowline-13778657,nhd-72978218,Woody Creek
aspen,flowline,nhd-flowline-13799381,nhd-72968700,
aspen,flowline,nhd-flowline-13802463,nhd-65881061,East River
aspen,flowline,nhd-flowline-13870061,nhd-159067967,
aspen,flowline,nhd-flowline-13920140,nhd-165834588,
aspen,flowline,nhd-flowline-13920160,nhd-72968516,
aspen,flowline,nhd-flowline-13920164,nhd-165833986,
aspen,flowline,nhd-flowline-13920180,nhd-165836078,
aspen,flowline,nhd-flowline-13920187,nhd-165830242,
aspen,flowline,nhd-flowline-13920189,nhd-165833406,Hunter Creek
aspen,flowline,nhd-flowline-13920192,nhd-165831797,Roaring Fork River
aspen,flowline,nhd-flowline-13920198,nhd-165831461,South Fork Fryingpan River
aspen,flowline,nhd-flowline-13920206,nhd-165830666,
aspen,flowline,nhd-flowline-13920207,nhd-165817239,
aspen,flowline,nhd-flowline-13920219,nhd-165817759,
aspen,flowline,nhd-flowline-13920230,nhd-165833458,
aspen,flowline,nhd-flowline-13920236,nhd-165823429,
aspen,flowline,nhd-flowline-13920242,nhd-72971504,Willow Creek
aspen,flowline,nhd-flowline-13920257,nhd-72968676,
aspen,flowline,nhd-flowline-13920271,nhd-165835800,
aspen,flowline,nhd-flowline-13920285,nhd-165827572,
aspen,flowline,nhd-flowline-13920291,nhd-165830552,
aspen,flowline,nhd-flowline-13921120,nhd-165831698,
aspen,flowline,nhd-flowline-13921303,nhd-165834633,
aspen,flowline,nhd-flowline-13921332,nhd-72981418,
aspen,flowline,nhd-flowline-13921333,nhd-72981566,
aspen,flowline,nhd-flowline-13921334,nhd-72972400,Granite Creek
aspen,flowline,nhd-flowline-13921335,nhd-72968788,Express Creek
aspen,flowline,nhd-flowline-13921369,nhd-165829208,
aspen,flowline,nhd-flowline-13921387,nhd-165832026,
aspen,flowline,nhd-flowline-13921406,nhd-165835059,
aspen,flowline,nhd-flowline-13921415,nhd-165831614,
aspen,flowline,nhd-flowline-13921422,nhd-72972682,
aspen,flowline,nhd-flowline-13921434,nhd-165829978,
aspen,flowline,nhd-flowline-13921439,nhd-165833850,
aspen,flowline,nhd-flowline-13921447,nhd-72968436,
aspen,flowline,nhd-flowline-13921451,nhd-165833797,
aspen,flowline,nhd-flowline-13921471,nhd-165830237,
aspen,flowline,nhd-flowline-13921485,nhd-165829215,
aspen,flowline,nhd-flowline-13921486,nhd-165831620,
aspen,flowline,nhd-flowline-13921506,nhd-72963544,Roaring Fork River
aspen,flowline,nhd-flowline-13921517,nhd-165827480,
aspen,flowline,nhd-flowline-13921523,nhd-165834208,Hunter Creek
aspen,flowline,nhd-flowline-13921565,nhd-165818927,
aspen,flowline,nhd-flowline-13921618,nhd-165834821,
aspen,flowline,nhd-flowline-13921711,nhd-165829629,
aspen,flowline,nhd-flowline-13975041,nhd-165826617,
aspen,flowline,nhd-flowline-13975058,nhd-72969664,
aspen,flowline,nhd-flowline-13987930,nhd-165824184,Willow Creek
aspen,flowline,nhd-flowline-14094419,nhd-159067955,
aspen,flowline,nhd-flowline-14145128,nhd-165828970,
aspen,flowline,nhd-flowline-14145139,nhd-72962900,
aspen,flowline,nhd-flowline-14145142,nhd-165829185,
aspen,flowline,nhd-flowline-14145150,nhd-72964310,Capitol Creek
aspen,flowline,nhd-flowline-14145157,nhd-165826868,
aspen,flowline,nhd-flowline-14145158,nhd-165829145,Hunter Creek
aspen,flowline,nhd-flowline-14145160,nhd-165835483,
aspen,flowline,nhd-flowline-14145162,nhd-165835491,Wiese Upper Ditch
aspen,flowline,nhd-flowline-14145170,nhd-165821073,
aspen,flowline,nhd-flowline-14145180,nhd-165825955,Snowmass Creek
aspen,flowline,nhd-flowline-14145200,nhd-165833309,
aspen,flowline,nhd-flowline-14145202,nhd-165827196,
aspen,flowline,nhd-flowline-14145220,nhd-165826488,
aspen,flowline,nhd-flowline-14145245,nhd-72981318,Hunter Creek
aspen,flowline,nhd-flowline-14145269,nhd-165833968,Roaring Fork River
aspen,flowline,nhd-flowline-14145310,nhd-165829115,
aspen,flowline,nhd-flowline-14145312,nhd-165836028,Hunter Creek
aspen,flowline,nhd-flowline-14145327,nhd-165833611,
aspen,flowline,nhd-flowline-14145328,nhd-165831198,
aspen,flowline,nhd-flowline-14146057,nhd-165831477,Woody Creek
aspen,flowline,nhd-flowline-14146058,nhd-165833956,Granite Creek
aspen,flowline,nhd-flowline-14146202,nhd-165830224,Woody Creek
aspen,flowline,nhd-flowline-14146217,nhd-165831495,Owl Creek
aspen,flowline,nhd-flowline-14146218,nhd-72983284,
aspen,flowline,nhd-flowline-14146228,nhd-72968554,Fall Creek
aspen,flowline,nhd-flowline-14146231,nhd-165831492,
aspen,flowline,nhd-flowline-14146241,nhd-165832591,Woody Creek
aspen,flowline,nhd-flowline-14146256,nhd-165833998,East Fork South Fork Crystal River
aspen,flowline,nhd-flowline-14146271,nhd-165835789,East Maroon Creek
aspen,flowline,nhd-flowline-14146277,nhd-165834312,
aspen,flowline,nhd-flowline-14146278,nhd-72963214,Castle Creek
aspen,flowline,nhd-flowline-14146294,nhd-165819667,
aspen,flowline,nhd-flowline-14146303,nhd-165829632,
aspen,flowline,nhd-flowline-14146305,nhd-165834755,
aspen,flowline,nhd-flowline-14146308,nhd-165826672,Granite Creek
aspen,flowline,nhd-flowline-14146311,nhd-165830655,Willow Creek
aspen,flowline,nhd-flowline-14146328,nhd-165831626,
aspen,flowline,nhd-flowline-14146330,nhd-165818334,
aspen,flowline,nhd-flowline-14146333,nhd-165834947,North Fork Crystal River
aspen,flowline,nhd-flowline-14146338,nhd-165833946,
aspen,flowline,nhd-flowline-14146349,nhd-165827307,
aspen,flowline,nhd-flowline-14146357,nhd-165827880,
aspen,flowline,nhd-flowline-14146361,nhd-72968966,Brush Creek
aspen,flowline,nhd-flowline-14146369,nhd-165834187,Hunter Creek
aspen,flowline,nhd-flowline-14146372,nhd-72968462,Castle Creek
aspen,flowline,nhd-flowline-14146384,nhd-72968742,Castle Creek
aspen,flowline,nhd-flowline-14146390,nhd-72978168,
aspen,flowline,nhd-flowline-14146421,nhd-165831666,Hunter Creek
aspen,flowline,nhd-flowline-14146436,nhd-165835809,Pine Creek
aspen,flowline,nhd-flowline-14146439,nhd-72981252,Woody Creek
aspen,flowline,nhd-flowline-14146447,nhd-165826624,
aspen,flowline,nhd-flowline-14146448,nhd-72971414,
aspen,flowline,nhd-flowline-14146471,nhd-72975016,
aspen,flowline,nhd-flowline-14146504,nhd-165833704,Elk Creek Ditch Number 2
aspen,flowline,nhd-flowline-14146505,nhd-165835006,
aspen,flowline,nhd-flowline-14146523,nhd-72968410,
aspen,flowline,nhd-flowline-14146529,nhd-165833625,
aspen,flowline,nhd-flowline-14146570,nhd-165829154,
aspen,flowline,nhd-flowline-14146593,nhd-165820770,
aspen,flowline,nhd-flowline-14146608,nhd-165818463,
aspen,flowline,nhd-flowline-14213615,nhd-165818415,
aspen,flowline,nhd-flowline-14228279,nhd-165818306,
aspen,flowline,nhd-flowline-14228294,nhd-165832116,
aspen,flowline,nhd-flowline-14251875,nhd-159069609,
aspen,flowline,nhd-flowline-14318827,nhd-159068325,
aspen,flowline,nhd-flowline-14318886,nhd-159069515,
aspen,flowline,nhd-flowline-14369360,nhd-72962910,
aspen,flowline,nhd-flowline-14369361,nhd-72971534,
aspen,flowline,nhd-flowline-14369365,nhd-72975040,Roaring Fork River
aspen,flowline,nhd-flowline-14369378,nhd-72969256,
aspen,flowline,nhd-flowline-14369386,nhd-165824166,
aspen,flowline,nhd-flowline-14369420,nhd-165833288,
aspen,flowline,nhd-flowline-14369426,nhd-165832656,
aspen,flowline,nhd-flowline-14369435,nhd-72963574,
aspen,flowline,nhd-flowline-14369447,nhd-165827937,
aspen,flowline,nhd-flowline-14369450,nhd-165831121,
aspen,flowline,nhd-flowline-14369452,nhd-165832888,
aspen,flowline,nhd-flowline-14369525,nhd-165822873,
aspen,flowline,nhd-flowline-14369535,nhd-165828932,Snowmass Creek
aspen,flowline,nhd-flowline-14369537,nhd-165830225,
aspen,flowline,nhd-flowline-14369541,nhd-165834639,Conundrum Creek
aspen,flowline,nhd-flowline-14369552,nhd-165831768,
aspen,flowline,nhd-flowline-14369578,nhd-165820980,
aspen,flowline,nhd-flowline-14370277,nhd-72969714,
aspen,flowline,nhd-flowline-14370309,nhd-165827053,
aspen,flowline,nhd-flowline-14370313,nhd-165834933,
aspen,flowline,nhd-flowline-14370360,nhd-165830553,
aspen,flowline,nhd-flowline-14370361,nhd-72968404,Conundrum Creek
aspen,flowline,nhd-flowline-14370368,nhd-72969582,Roaring Fork River
aspen,flowline,nhd-flowline-14370408,nhd-165833503,
aspen,flowline,nhd-flowline-14370420,nhd-165826825,
aspen,flowline,nhd-flowline-14370456,nhd-165831604,
aspen,flowline,nhd-flowline-14370508,nhd-72983260,Brush Creek Ditch
aspen,flowline,nhd-flowline-14370517,nhd-165834315,
aspen,flowline,nhd-flowline-14370522,nhd-165831900,Granite Creek
aspen,flowline,nhd-flowline-14370536,nhd-165826258,
aspen,flowline,nhd-flowline-14370549,nhd-165833241,
aspen,flowline,nhd-flowline-14370554,nhd-165833349,
aspen,flowline,nhd-flowline-14370571,nhd-165834185,
aspen,flowline,nhd-flowline-14370578,nhd-165822876,
aspen,flowline,nhd-flowline-14370631,nhd-165828998,
aspen,flowline,nhd-flowline-14370642,nhd-72968528,
aspen,flowline,nhd-flowline-14370645,nhd-72972360,
aspen,flowline,nhd-flowline-14370650,nhd-72983250,
aspen,flowline,nhd-flowline-14370663,nhd-165833945,
aspen,flowline,nhd-flowline-14370665,nhd-165835481,
aspen,flowline,nhd-flowline-14370670,nhd-165832660,
aspen,flowline,nhd-flowline-14370671,nhd-165834219,
aspen,flowline,nhd-flowline-14370675,nhd-165817699,
aspen,flowline,nhd-flowline-14370677,nhd-165834235,
aspen,flowline,nhd-flowline-14370689,nhd-165832258,
aspen,flowline,nhd-flowline-14370692,nhd-165829711,
aspen,flowline,nhd-flowline-14370693,nhd-165831127,
aspen,flowline,nhd-flowline-14370696,nhd-165831203,
aspen,flowline,nhd-flowline-14370777,nhd-165832466,
aspen,flowline,nhd-flowline-14370794,nhd-165831798,Roaring Fork River
aspen,flowline,nhd-flowline-14370926,nhd-165817551,
aspen,flowline,nhd-flowline-14425089,nhd-72969670,
aspen,flowline,nhd-flowline-14437768,nhd-165825198,Willow Creek
aspen,flowline,nhd-flowline-14452769,nhd-72980920,Woody Creek
aspen,flowline,nhd-flowline-14452770,nhd-72963226,Marolt Diich
aspen,flowline,nhd-flowline-14473551,nhd-165836165,Hunter Creek
aspen,flowline,nhd-flowline-14473555,nhd-165828458,
aspen,flowline,nhd-flowline-14476696,nhd-159069581,
aspen,flowline,nhd-flowline-14544158,nhd-159069516,
aspen,flowline,nhd-flowline-14544176,nhd-159068374,
aspen,flowline,nhd-flowline-14544240,nhd-159069588,
aspen,flowline,nhd-flowline-14594357,nhd-165829961,
aspen,flowline,nhd-flowline-14594358,nhd-165831815,
aspen,flowline,nhd-flowline-14594371,nhd-165833400,Hannon Creek
aspen,flowline,nhd-flowline-14594380,nhd-165829016,
aspen,flowline,nhd-flowline-14594381,nhd-165831947,
aspen,flowline,nhd-flowline-14594411,nhd-165835790,
aspen,flowline,nhd-flowline-14594430,nhd-165832903,
aspen,flowline,nhd-flowline-14594432,nhd-165823535,
aspen,flowline,nhd-flowline-14594434,nhd-165834699,
aspen,flowline,nhd-flowline-14594438,nhd-72964326,
aspen,flowline,nhd-flowline-14594451,nhd-165834756,
aspen,flowline,nhd-flowline-14594459,nhd-165822869,
aspen,flowline,nhd-flowline-14594463,nhd-165817765,
aspen,flowline,nhd-flowline-14594465,nhd-165833831,
aspen,flowline,nhd-flowline-14594491,nhd-165821215,
aspen,flowline,nhd-flowline-14594509,nhd-165832285,
aspen,flowline,nhd-flowline-14594516,nhd-72980902,
aspen,flowline,nhd-flowline-14594527,nhd-72972600,South Fork Fryingpan River
aspen,flowline,nhd-flowline-14594536,nhd-72963352,Castle Creek
aspen,flowline,nhd-flowline-14594548,nhd-165823556,
aspen,flowline,nhd-flowline-14594551,nhd-165823252,
aspen,flowline,nhd-flowline-14594559,nhd-165833187,
aspen,flowline,nhd-flowline-14595294,nhd-72965012,
aspen,flowline,nhd-flowline-14595325,nhd-72975206,
aspen,flowline,nhd-flowline-14595353,nhd-165828882,
aspen,flowline,nhd-flowline-14595490,nhd-72971374,Conundrum Creek
aspen,flowline,nhd-flowline-14595506,nhd-165826797,
aspen,flowline,nhd-flowline-14595539,nhd-72978922,
aspen,flowline,nhd-flowline-14595569,nhd-165824152,
aspen,flowline,nhd-flowline-14595574,nhd-165832121,
aspen,flowline,nhd-flowline-14595590,nhd-165830652,Castle Creek
aspen,flowline,nhd-flowline-14595594,nhd-165830228,Roaring Fork River
aspen,flowline,nhd-flowline-14595615,nhd-165829004,
aspen,flowline,nhd-flowline-14595626,nhd-165834092,Lost Man Creek
aspen,flowline,nhd-flowline-14595627,nhd-72975202,Difficult Creek
aspen,flowline,nhd-flowline-14595633,nhd-165832113,
aspen,flowline,nhd-flowline-14595641,nhd-165827030,
aspen,flowline,nhd-flowline-14595645,nhd-165830236,
aspen,flowline,nhd-flowline-14595671,nhd-165827558,
aspen,flowline,nhd-flowline-14595672,nhd-165827726,
aspen,flowline,nhd-flowline-14595685,nhd-72969310,
aspen,flowline,nhd-flowline-14595691,nhd-165834899,
aspen,flowline,nhd-flowline-14595768,nhd-165823710,Owl Creek
aspen,flowline,nhd-flowline-14595802,nhd-165826803,
aspen,flowline,nhd-flowline-14662456,nhd-72969198,
aspen,flowline,nhd-flowline-14666864,nhd-159069567,Bowman Creek
aspen,flowline,nhd-flowline-14666882,nhd-159069585,Bowman Creek
aspen,flowline,nhd-flowline-14677419,nhd-72962758,Woody Creek
aspen,flowline,nhd-flowline-14697925,nhd-165833316,
aspen,flowline,nhd-flowline-14700989,nhd-65880925,
aspen,flowline,nhd-flowline-14819237,nhd-165830372,
aspen,flowline,nhd-flowline-14819240,nhd-165829738,
aspen,flowline,nhd-flowline-14819249,nhd-165831077,
aspen,flowline,nhd-flowline-14819286,nhd-165820570,
aspen,flowline,nhd-flowline-14819315,nhd-165826671,
aspen,flowline,nhd-flowline-14819327,nhd-165830100,
aspen,flowline,nhd-flowline-14819328,nhd-165830548,
aspen,flowline,nhd-flowline-14819345,nhd-165824174,East Maroon Creek
aspen,flowline,nhd-flowline-14819385,nhd-72968406,
aspen,flowline,nhd-flowline-14819387,nhd-165832927,
aspen,flowline,nhd-flowline-14819404,nhd-165824429,
aspen,flowline,nhd-flowline-14819425,nhd-165818921,Lost Man Creek
aspen,flowline,nhd-flowline-14819436,nhd-72979136,
aspen,flowline,nhd-flowline-14820236,nhd-165833679,
aspen,flowline,nhd-flowline-14820237,nhd-72979128,
aspen,flowline,nhd-flowline-14820261,nhd-165825541,
aspen,flowline,nhd-flowline-14820356,nhd-165830500,
aspen,flowline,nhd-flowline-14820394,nhd-165834515,
aspen,flowline,nhd-flowline-14820399,nhd-165834337,
aspen,flowline,nhd-flowline-14820420,nhd-165831478,Roaring Fork River
aspen,flowline,nhd-flowline-14820440,nhd-165826124,
aspen,flowline,nhd-flowline-14820446,nhd-165828980,
aspen,flowline,nhd-flowline-14820462,nhd-165823645,
aspen,flowline,nhd-flowline-14820476,nhd-165822097,
aspen,flowline,nhd-flowline-14820495,nhd-165835842,
aspen,flowline,nhd-flowline-14820524,nhd-165835998,
aspen,flowline,nhd-flowline-14820533,nhd-165818935,
aspen,flowline,nhd-flowline-14820538,nhd-165820935,
aspen,flowline,nhd-flowline-14820541,nhd-165830769,
aspen,flowline,nhd-flowline-14820545,nhd-72969298,Willow Creek
aspen,flowline,nhd-flowline-14820546,nhd-165820114,
aspen,flowline,nhd-flowline-14820556,nhd-165828494,West Snowmass Creek
aspen,flowline,nhd-flowline-14820581,nhd-165828463,
aspen,flowline,nhd-flowline-14820583,nhd-165826602,
aspen,flowline,nhd-flowline-14820586,nhd-165824181,
aspen,flowline,nhd-flowline-14820589,nhd-165817207,
aspen,flowline,nhd-flowline-14820597,nhd-165834541,
aspen,flowline,nhd-flowline-14820622,nhd-165834562,
aspen,flowline,nhd-flowline-14820638,nhd-165829731,
aspen,flowline,nhd-flowline-14820678,nhd-165822587,
aspen,flowline,nhd-flowline-14820704,nhd-165826490,
aspen,flowline,nhd-flowline-14820707,nhd-165831845,
aspen,flowline,nhd-flowline-14820793,nhd-165825517,
aspen,flowline,nhd-flowline-14820803,nhd-165827548,
aspen,flowline,nhd-flowline-14887120,nhd-165834781,Willow Creek
aspen,flowline,nhd-flowline-14892141,nhd-163086542,
aspen,flowline,nhd-flowline-14892825,nhd-163086495,
aspen,flowline,nhd-flowline-14902036,nhd-165833432,Woody Creek
aspen,flowline,nhd-flowline-14922592,nhd-165827687,
aspen,flowline,nhd-flowline-14993423,nhd-159069605,
aspen,flowline,nhd-flowline-15044219,nhd-165834410,
aspen,flowline,nhd-flowline-15044221,nhd-165821631,
aspen,flowline,nhd-flowline-15044228,nhd-72965186,Nickelson Creek
aspen,flowline,nhd-flowline-15044241,nhd-72972652,
aspen,flowline,nhd-flowline-15044248,nhd-165818465,
aspen,flowline,nhd-flowline-15044263,nhd-E90DF894-D302-4DE2-B06F-4F7EBF118867,
aspen,flowline,nhd-flowline-15044264,nhd-72963308,
aspen,flowline,nhd-flowline-15044296,nhd-165831867,
aspen,flowline,nhd-flowline-15044304,nhd-165828982,
aspen,flowline,nhd-flowline-15044330,nhd-165834748,East Snowmass Creek
aspen,flowline,nhd-flowline-15044349,nhd-72965192,Elk Creek Ditch
aspen,flowline,nhd-flowline-15044365,nhd-165833902,
aspen,flowline,nhd-flowline-15044369,nhd-165827197,
aspen,flowline,nhd-flowline-15044397,nhd-72969676,Lincoln Creek
aspen,flowline,nhd-flowline-15044409,nhd-165827206,
aspen,flowline,nhd-flowline-15044411,nhd-165831805,
aspen,flowline,nhd-flowline-15044420,nhd-72965146,
aspen,flowline,nhd-flowline-15044474,nhd-165826700,
aspen,flowline,nhd-flowline-15045173,nhd-165832259,
aspen,flowline,nhd-flowline-15045175,nhd-165829636,
aspen,flowline,nhd-flowline-15045283,nhd-165833739,
aspen,flowline,nhd-flowline-15045325,nhd-165832593,
aspen,flowline,nhd-flowline-15045333,nhd-165817698,
aspen,flowline,nhd-flowline-15045366,nhd-165827574,
aspen,flowline,nhd-flowline-15045389,nhd-165831452,
aspen,flowline,nhd-flowline-15045400,nhd-165835197,
aspen,flowline,nhd-flowline-15045407,nhd-165820293,
aspen,flowline,nhd-flowline-15045417,nhd-165835850,
aspen,flowline,nhd-flowline-15045428,nhd-165829757,Elk Creek Ditch
aspen,flowline,nhd-flowline-15045431,nhd-165833426,
aspen,flowline,nhd-flowline-15045470,nhd-165820771,
aspen,flowline,nhd-flowline-15045505,nhd-72975082,
aspen,flowline,nhd-flowline-15045516,nhd-165818325,
aspen,flowline,nhd-flowline-15045519,nhd-165826634,
aspen,flowline,nhd-flowline-15045530,nhd-72983244,
aspen,flowline,nhd-flowline-15045531,nhd-165834138,
aspen,flowline,nhd-flowline-15045553,nhd-165831210,Castle Creek
aspen,flowline,nhd-flowline-15045559,nhd-165823718,
aspen,flowline,nhd-flowline-15045620,nhd-165819589,
aspen,flowline,nhd-flowline-15045640,nhd-72971454,West Maroon Creek
aspen,flowline,nhd-flowline-15045642,nhd-72963024,
aspen,flowline,nhd-flowline-15045648,nhd-165831150,
aspen,flowline,nhd-flowline-15111121,nhd-165828527,
aspen,flowline,nhd-flowline-15111267,nhd-165820555,
aspen,flowline,nhd-flowline-15112658,nhd-165821766,
aspen,flowline,nhd-flowline-15148179,nhd-165830674,West Fork Brush Creek
aspen,flowline,nhd-flowline-15151214,nhd-159069561,Pine Creek
aspen,flowline,nhd-flowline-15218217,nhd-159068708,
aspen,flowline,nhd-flowline-15218313,nhd-159069509,
aspen,flowline,nhd-flowline-15268914,nhd-165817577,
aspen,flowline,nhd-flowline-15268915,nhd-165830980,
aspen,flowline,nhd-flowline-15268981,nhd-165835756,
aspen,flowline,nhd-flowline-15269004,nhd-165829659,Castle Creek
aspen,flowline,nhd-flowline-15269005,nhd-165821059,Wilbur Creek
aspen,flowline,nhd-flowline-15269008,nhd-165826551,
aspen,flowline,nhd-flowline-15269018,nhd-72969742,Lincoln Creek
aspen,flowline,nhd-flowline-15269031,nhd-72981292,
aspen,flowline,nhd-flowline-15269036,nhd-165834638,Conundrum Creek
aspen,flowline,nhd-flowline-15269039,nhd-165818329,
aspen,flowline,nhd-flowline-15269070,nhd-165827207,
aspen,flowline,nhd-flowline-15269088,nhd-72964892,
aspen,flowline,nhd-flowline-15269096,nhd-165831606,
aspen,flowline,nhd-flowline-15269097,nhd-72968702,
aspen,flowline,nhd-flowline-15269103,nhd-72975302,
aspen,flowline,nhd-flowline-15269169,nhd-165831784,
aspen,flowline,nhd-flowline-15269831,nhd-165827491,
aspen,flowline,nhd-flowline-15269832,nhd-165829712,
aspen,flowline,nhd-flowline-15269845,nhd-165833275,
aspen,flowline,nhd-flowline-15269846,nhd-72964764,
aspen,flowline,nhd-flowline-15269869,nhd-165835473,
aspen,flowline,nhd-flowline-15269880,nhd-165829204,
aspen,flowline,nhd-flowline-15269995,nhd-72963106,
aspen,flowline,nhd-flowline-15269998,nhd-165820631,
aspen,flowline,nhd-flowline-15270027,nhd-165823541,
aspen,flowline,nhd-flowline-15270059,nhd-165824185,Difficult Creek
aspen,flowline,nhd-flowline-15270067,nhd-165832899,
aspen,flowline,nhd-flowline-15270068,nhd-165831137,
aspen,flowline,nhd-flowline-15270069,nhd-165826121,
aspen,flowline,nhd-flowline-15270077,nhd-72963302,Maroon Creek
aspen,flowline,nhd-flowline-15270095,nhd-72968738,Express Creek
aspen,flowline,nhd-flowline-15270101,nhd-165832453,
aspen,flowline,nhd-flowline-15270115,nhd-165834798,
aspen,flowline,nhd-flowline-15270124,nhd-165827953,
aspen,flowline,nhd-flowline-15270126,nhd-72972508,
aspen,flowline,nhd-flowline-15270130,nhd-72975308,
aspen,flowline,nhd-flowline-15270131,nhd-72978222,
aspen,flowline,nhd-flowline-15270134,nhd-165833914,
aspen,flowline,nhd-flowline-15270135,nhd-165828988,Snowmass Creek
aspen,flowline,nhd-flowline-15270177,nhd-72963256,
aspen,flowline,nhd-flowline-15270180,nhd-165833936,
aspen,flowline,nhd-flowline-15270210,nhd-165834591,
aspen,flowline,nhd-flowline-15270211,nhd-165833776,Casaday Creek
aspen,flowline,nhd-flowline-15270212,nhd-165831407,
aspen,flowline,nhd-flowline-15270237,nhd-165834519,Roaring Fork River
aspen,flowline,nhd-flowline-15270242,nhd-72963362,
aspen,flowline,nhd-flowline-15270261,nhd-165819532,
aspen,flowline,nhd-flowline-15270332,nhd-72975264,
aspen,flowline,nhd-flowline-15270345,nhd-165834754,
aspen,flowline,nhd-flowline-15336871,nhd-165818418,West Willow Creek
aspen,flowline,nhd-flowline-15342256,nhd-133040830,South Fork Lake Creek
aspen,flowline,nhd-flowline-15372522,nhd-E77B2F67-4C10-4C96-AFB2-C9380891EEE6,Salvation Ditch
aspen,flowline,nhd-flowline-15375588,nhd-159069542,
aspen,flowline,nhd-flowline-15443657,nhd-159068376,
aspen,flowline,nhd-flowline-15443672,nhd-159068236,
aspen,flowline,nhd-flowline-15493996,nhd-72969492,
aspen,flowline,nhd-flowline-15493998,nhd-165833880,
aspen,flowline,nhd-flowline-15494000,nhd-165834443,
aspen,flowline,nhd-flowline-15494026,nhd-165833308,
aspen,flowline,nhd-flowline-15494043,nhd-165832964,
aspen,flowline,nhd-flowline-15494061,nhd-165833469,
aspen,flowline,nhd-flowline-15494064,nhd-165819102,
aspen,flowline,nhd-flowline-15494073,nhd-165829202,
aspen,flowline,nhd-flowline-15494079,nhd-72965122,Bear Creek
aspen,flowline,nhd-flowline-15494084,nhd-72971324,
aspen,flowline,nhd-flowline-15494109,nhd-165827195,
aspen,flowline,nhd-flowline-15494121,nhd-72969776,Roaring Fork River
aspen,flowline,nhd-flowline-15494124,nhd-165829175,
aspen,flowline,nhd-flowline-15494136,nhd-165827676,Lincoln Creek
aspen,flowline,nhd-flowline-15494142,nhd-165834528,
aspen,flowline,nhd-flowline-15494166,nhd-165830543,
aspen,flowline,nhd-flowline-15494916,nhd-165818289,
aspen,flowline,nhd-flowline-15494941,nhd-72972470,
aspen,flowline,nhd-flowline-15494971,nhd-165820548,South Fork Fryingpan River
aspen,flowline,nhd-flowline-15495012,nhd-165820297,
aspen,flowline,nhd-flowline-15495067,nhd-165831458,Woody Creek
aspen,flowline,nhd-flowline-15495084,nhd-165831272,
aspen,flowline,nhd-flowline-15495088,nhd-72980412,
aspen,flowline,nhd-flowline-15495125,nhd-165833713,
aspen,flowline,nhd-flowline-15495127,nhd-165833413,Hannon Creek
aspen,flowline,nhd-flowline-15495140,nhd-165830098,
aspen,flowline,nhd-flowline-15495149,nhd-165832293,
aspen,flowline,nhd-flowline-15495188,nhd-165836004,
aspen,flowline,nhd-flowline-15495203,nhd-165819594,
aspen,flowline,nhd-flowline-15495218,nhd-165834245,
aspen,flowline,nhd-flowline-15495228,nhd-165834143,Lincoln Gulch Connection Canal
aspen,flowline,nhd-flowline-15495229,nhd-72972396,
aspen,flowline,nhd-flowline-15495234,nhd-72972636,
aspen,flowline,nhd-flowline-15495255,nhd-165833483,East Maroon Creek
aspen,flowline,nhd-flowline-15495256,nhd-165817621,
aspen,flowline,nhd-flowline-15495278,nhd-165831268,
aspen,flowline,nhd-flowline-15495284,nhd-165831779,
aspen,flowline,nhd-flowline-15495287,nhd-72968606,Castle Creek
aspen,flowline,nhd-flowline-15495289,nhd-165834436,
aspen,flowline,nhd-flowline-15495292,nhd-165835008,
aspen,flowline,nhd-flowline-15495303,nhd-165830397,
aspen,flowline,nhd-flowline-15495309,nhd-165833311,
aspen,flowline,nhd-flowline-15495316,nhd-165835485,
aspen,flowline,nhd-flowline-15495323,nhd-72969078,
aspen,flowline,nhd-flowline-15495341,nhd-72975008,
aspen,flowline,nhd-flowline-15495350,nhd-165832028,
aspen,flowline,nhd-flowline-15495394,nhd-165833506,
aspen,flowline,nhd-flowline-15495538,nhd-165834380,
aspen,flowline,nhd-flowline-15552736,nhd-72979386,
aspen,flowline,nhd-flowline-15576626,nhd-165831428,Woody Creek
aspen,flowline,nhd-flowline-15597114,nhd-72968680,Pine Creek
aspen,flowline,nhd-flowline-15667747,nhd-65878215,
aspen,flowline,nhd-flowline-15717803,nhd-165821764,
aspen,flowline,nhd-flowline-15717806,nhd-165826662,
aspen,flowline,nhd-flowline-15717836,nhd-72975170,
aspen,flowline,nhd-flowline-15717838,nhd-165832267,
aspen,flowline,nhd-flowline-15717851,nhd-72971402,East Maroon Creek
aspen,flowline,nhd-flowline-15717852,nhd-72963080,Hunter Creek
aspen,flowline,nhd-flowline-15717887,nhd-165821224,North Fork Crystal River
aspen,flowline,nhd-flowline-15717896,nhd-72963206,
aspen,flowline,nhd-flowline-15717899,nhd-165831954,
aspen,flowline,nhd-flowline-15717900,nhd-165833298,
aspen,flowline,nhd-flowline-15717902,nhd-165817116,
aspen,flowline,nhd-flowline-15717923,nhd-165834248,
aspen,flowline,nhd-flowline-15717934,nhd-165833274,
aspen,flowline,nhd-flowline-15717935,nhd-72969210,
aspen,flowline,nhd-flowline-15717938,nhd-72978116,
aspen,flowline,nhd-flowline-15717940,nhd-72981536,
aspen,flowline,nhd-flowline-15717948,nhd-165834565,
aspen,flowline,nhd-flowline-15717999,nhd-165820550,Roaring Fork River
aspen,flowline,nhd-flowline-15718804,nhd-72963460,
aspen,flowline,nhd-flowline-15718817,nhd-165833326,
aspen,flowline,nhd-flowline-15718962,nhd-165833676,Hannon Creek
aspen,flowline,nhd-flowline-15718966,nhd-165833256,
aspen,flowline,nhd-flowline-15718970,nhd-72968460,
aspen,flowline,nhd-flowline-15718971,nhd-165832447,
aspen,flowline,nhd-flowline-15718990,nhd-165825866,Brush Creek
aspen,flowline,nhd-flowline-15718992,nhd-72979372,North Fork Crystal River
aspen,flowline,nhd-flowline-15719014,nhd-72969130,Snowmass Creek
aspen,flowline,nhd-flowline-15719049,nhd-165833237,
aspen,flowline,nhd-flowline-15719065,nhd-72972788,
aspen,flowline,nhd-flowline-15719083,nhd-165823547,
aspen,flowline,nhd-flowline-15719099,nhd-165819806,
aspen,flowline,nhd-flowline-15719114,nhd-72980906,
aspen,flowline,nhd-flowline-15719119,nhd-72969702,Lincoln Creek
aspen,flowline,nhd-flowline-15719125,nhd-165817957,
aspen,flowline,nhd-flowline-15719230,nhd-165830060,
aspen,flowline,nhd-flowline-15784570,nhd-165833948,
aspen,flowline,nhd-flowline-15784621,nhd-165829144,
aspen,flowline,nhd-flowline-15784622,nhd-72968784,
aspen,flowline,nhd-flowline-15790336,nhd-166435266,Bowman Creek
aspen,flowline,nhd-flowline-15790796,nhd-133043743,
aspen,flowline,nhd-flowline-15821413,nhd-72968574,Fall Creek
aspen,flowline,nhd-flowline-15829345,nhd-A955060B-82B2-4FEF-914F-E77BBABEF202,
aspen,flowline,nhd-flowline-15892993,nhd-159068002,
aspen,flowline,nhd-flowline-15892994,nhd-65880941,Tellurium Creek
aspen,flowline,nhd-flowline-15893022,nhd-159069598,
aspen,flowline,nhd-flowline-15893081,nhd-159067927,
aspen,flowline,nhd-flowline-15943249,nhd-165820574,
aspen,flowline,nhd-flowline-15943253,nhd-165831267,
aspen,flowline,nhd-flowline-15943264,nhd-72968536,
aspen,flowline,nhd-flowline-15943266,nhd-165835171,
aspen,flowline,nhd-flowline-15943277,nhd-72962866,
aspen,flowline,nhd-flowline-15943285,nhd-165834552,
aspen,flowline,nhd-flowline-15943289,nhd-165829009,
aspen,flowline,nhd-flowline-15943290,nhd-165818204,Snowmass Creek
aspen,flowline,nhd-flowline-15943291,nhd-165834595,
aspen,flowline,nhd-flowline-15943298,nhd-165834544,
aspen,flowline,nhd-flowline-15943300,nhd-165818413,
aspen,flowline,nhd-flowline-15943301,nhd-165822032,
aspen,flowline,nhd-flowline-15943324,nhd-165818464,
aspen,flowline,nhd-flowline-15943363,nhd-165830583,
aspen,flowline,nhd-flowline-15943371,nhd-165831824,Columbia Creek
aspen,flowline,nhd-flowline-15943384,nhd-165831264,
aspen,flowline,nhd-flowline-15943392,nhd-165834105,
aspen,flowline,nhd-flowline-15943393,nhd-165833291,
aspen,flowline,nhd-flowline-15943400,nhd-72981480,
aspen,flowline,nhd-flowline-15943403,nhd-165827705,
aspen,flowline,nhd-flowline-15943439,nhd-72980324,
aspen,flowline,nhd-flowline-15943462,nhd-165830738,
aspen,flowline,nhd-flowline-15943478,nhd-165833473,
aspen,flowline,nhd-flowline-15943484,nhd-165830564,
aspen,flowline,nhd-flowline-15943485,nhd-72963246,
aspen,flowline,nhd-flowline-15943503,nhd-72978368,Casaday Creek
aspen,flowline,nhd-flowline-15944245,nhd-72963186,Roaring Fork River
aspen,flowline,nhd-flowline-15944280,nhd-72981580,No Name Creek
aspen,flowline,nhd-flowline-15944294,nhd-165827727,
aspen,flowline,nhd-flowline-15944307,nhd-165832206,
aspen,flowline,nhd-flowline-15944322,nhd-165836007,
aspen,flowline,nhd-flowline-15944354,nhd-165836019,
aspen,flowline,nhd-flowline-15944355,nhd-165831263,
aspen,flowline,nhd-flowline-15944394,nhd-165832497,
aspen,flowline,nhd-flowline-15944415,nhd-165817892,Maroon Creek
aspen,flowline,nhd-flowline-15944423,nhd-165834136,
aspen,flowline,nhd-flowline-15944432,nhd-165821076,Capitol Creek
aspen,flowline,nhd-flowline-15944465,nhd-165834217,Woody Creek
aspen,flowline,nhd-flowline-15944557,nhd-72971502,Willow Creek
aspen,flowline,nhd-flowline-15944570,nhd-165817241,
aspen,flowline,nhd-flowline-15944575,nhd-165821759,
aspen,flowline,nhd-flowline-15944588,nhd-72963322,
aspen,flowline,nhd-flowline-15944662,nhd-72980934,
aspen,flowline,nhd-flowline-16002568,nhd-159069578,Bowman Creek
aspen,flowline,nhd-flowline-16010046,nhd-165834140,
aspen,flowline,nhd-flowline-16011552,nhd-72963216,
aspen,flowline,nhd-flowline-16016353,nhd-163087589,
aspen,flowline,nhd-flowline-16026267,nhd-65883469,
aspen,flowline,nhd-flowline-16117283,nhd-159069511,
aspen,flowline,nhd-flowline-16117408,nhd-65881441,
aspen,flowline,nhd-flowline-16167849,nhd-165820565,
aspen,flowline,nhd-flowline-16167877,nhd-72968524,Conundrum Creek
aspen,flowline,nhd-flowline-16167880,nhd-165817974,
aspen,flowline,nhd-flowline-16167888,nhd-165829191,
aspen,flowline,nhd-flowline-16167954,nhd-165835808,Pine Creek
aspen,flowline,nhd-flowline-16167972,nhd-165831023,
aspen,flowline,nhd-flowline-16167998,nhd-165830234,Sawyer Creek
aspen,flowline,nhd-flowline-16168012,nhd-165827504,
aspen,flowline,nhd-flowline-16168019,nhd-165836175,Fall Creek
aspen,flowline,nhd-flowline-16168027,nhd-72963184,
aspen,flowline,nhd-flowline-16168029,nhd-165834900,
aspen,flowline,nhd-flowline-16168045,nhd-72972164,
aspen,flowline,nhd-flowline-16168803,nhd-165831696,
aspen,flowline,nhd-flowline-16168887,nhd-165834771,
aspen,flowline,nhd-flowline-16168915,nhd-72968602,Castle Creek
aspen,flowline,nhd-flowline-16168952,nhd-72965006,
aspen,flowline,nhd-flowline-16168982,nhd-165828359,
aspen,flowline,nhd-flowline-16168987,nhd-72968482,Conundrum Creek
aspen,flowline,nhd-flowline-16168999,nhd-165834666,Castle Creek
aspen,flowline,nhd-flowline-16169010,nhd-72968672,
aspen,flowline,nhd-flowline-16169034,nhd-72971318,East Maroon Creek
aspen,flowline,nhd-flowline-16169043,nhd-165834619,East Maroon Creek
aspen,flowline,nhd-flowline-16169071,nhd-72972778,
aspen,flowline,nhd-flowline-16169077,nhd-72975254,
aspen,flowline,nhd-flowline-16169081,nhd-72969040,Owl Creek
aspen,flowline,nhd-flowline-16169098,nhd-165831517,
aspen,flowline,nhd-flowline-16169110,nhd-165831840,
aspen,flowline,nhd-flowline-16169118,nhd-165834113,
aspen,flowline,nhd-flowline-16169129,nhd-72963348,
aspen,flowline,nhd-flowline-16169131,nhd-165831802,
aspen,flowline,nhd-flowline-16169141,nhd-165834144,
aspen,flowline,nhd-flowline-16169142,nhd-165833873,
aspen,flowline,nhd-flowline-16169146,nhd-72978194,
aspen,flowline,nhd-flowline-16169149,nhd-165820113,
aspen,flowline,nhd-flowline-16169160,nhd-165823344,
aspen,flowline,nhd-flowline-16169163,nhd-165819104,
aspen,flowline,nhd-flowline-16169171,nhd-72972512,
aspen,flowline,nhd-flowline-16169176,nhd-72969378,East Snowmass Creek
aspen,flowline,nhd-flowline-16169192,nhd-165829218,
aspen,flowline,nhd-flowline-16222704,nhd-165830134,
aspen,flowline,nhd-flowline-16222781,nhd-72981300,Woody Creek
aspen,flowline,nhd-flowline-16235428,nhd-165834394,
aspen,flowline,nhd-flowline-16235429,nhd-165834374,
aspen,flowline,nhd-flowline-16235431,nhd-165830049,
aspen,flowline,nhd-flowline-16235432,nhd-165833229,
aspen,flowline,nhd-flowline-16270809,nhd-165836170,Snowmass Creek
aspen,flowline,nhd-flowline-16270817,nhd-72981462,Midway Creek
aspen,flowline,nhd-flowline-16341010,nhd-159067937,
aspen,flowline,nhd-flowline-16341072,nhd-159069543,
aspen,flowline,nhd-flowline-16341090,nhd-159067931,
aspen,flowline,nhd-flowline-16341091,nhd-159069505,
aspen,flowline,nhd-flowline-16341171,nhd-159069545,
aspen,flowline,nhd-flowline-16341203,nhd-159069498,
aspen,flowline,nhd-flowline-16344344,nhd-165823537,
aspen,flowline,nhd-flowline-16391402,nhd-165834946,Woody Creek
aspen,flowline,nhd-flowline-16391410,nhd-165831048,
aspen,flowline,nhd-flowline-16391411,nhd-165833821,
aspen,flowline,nhd-flowline-16391418,nhd-165820934,
aspen,flowline,nhd-flowline-16391426,nhd-165836011,
aspen,flowline,nhd-flowline-16391429,nhd-165830135,
aspen,flowline,nhd-flowline-16391434,nhd-165819096,
aspen,flowline,nhd-flowline-16391448,nhd-165824179,
aspen,flowline,nhd-flowline-16391450,nhd-165826633,
aspen,flowline,nhd-flowline-16391485,nhd-165834036,
aspen,flowline,nhd-flowline-16391486,nhd-165830561,
aspen,flowline,nhd-flowline-16391498,nhd-165833449,East Maroon Creek
aspen,flowline,nhd-flowline-16391507,nhd-165834469,
aspen,flowline,nhd-flowline-16391521,nhd-72963464,
aspen,flowline,nhd-flowline-16391540,nhd-165833155,
aspen,flowline,nhd-flowline-16391547,nhd-72964836,
aspen,flowline,nhd-flowline-16391560,nhd-165824150,
aspen,flowline,nhd-flowline-16391561,nhd-165827202,
aspen,flowline,nhd-flowline-16391583,nhd-165829662,
aspen,flowline,nhd-flowline-16391585,nhd-72969726,Lincoln Creek
aspen,flowline,nhd-flowline-16391591,nhd-165833363,West Snowmass Creek
aspen,flowline,nhd-flowline-16391600,nhd-72972094,
aspen,flowline,nhd-flowline-16391607,nhd-72975296,Galena Creek
aspen,flowline,nhd-flowline-16392316,nhd-165828616,
aspen,flowline,nhd-flowline-16392333,nhd-165834943,Snowmass Creek
aspen,flowline,nhd-flowline-16392341,nhd-165831585,
aspen,flowline,nhd-flowline-16392344,nhd-165833436,Conundrum Creek
aspen,flowline,nhd-flowline-16392354,nhd-165833392,
aspen,flowline,nhd-flowline-16392466,nhd-165833694,
aspen,flowline,nhd-flowline-16392509,nhd-165822099,
aspen,flowline,nhd-flowline-16392523,nhd-165835077,McFarlane Creek
aspen,flowline,nhd-flowline-16392524,nhd-165833157,
aspen,flowline,nhd-flowline-16392552,nhd-165822877,
aspen,flowline,nhd-flowline-16392554,nhd-165827154,
aspen,flowline,nhd-flowline-16392583,nhd-165822853,
aspen,flowline,nhd-flowline-16392625,nhd-72971538,West Maroon Creek
aspen,flowline,nhd-flowline-16392638,nhd-72972150,
aspen,flowline,nhd-flowline-16392641,nhd-165828872,
aspen,flowline,nhd-flowline-16392650,nhd-165833871,
aspen,flowline,nhd-flowline-16392655,nhd-165832914,
aspen,flowline,nhd-flowline-16392678,nhd-165834722,
aspen,flowline,nhd-flowline-16392683,nhd-72968394,
aspen,flowline,nhd-flowline-16392698,nhd-72971386,
aspen,flowline,nhd-flowline-16392709,nhd-165826580,Maroon Creek
aspen,flowline,nhd-flowline-16392762,nhd-165817156,
aspen,flowline,nhd-flowline-16392807,nhd-72963212,
aspen,flowline,nhd-flowline-16392884,nhd-165829217,
aspen,flowline,nhd-flowline-16459596,nhd-165825518,West Willow Creek
aspen,flowline,nhd-flowline-16464343,nhd-133042639,
aspen,flowline,nhd-flowline-16464644,nhd-163087189,
aspen,flowline,nhd-flowline-16472555,nhd-159067938,
aspen,flowline,nhd-flowline-16498270,nhd-65880863,
aspen,flowline,nhd-flowline-16565587,nhd-159069518,
aspen,flowline,nhd-flowline-16616231,nhd-165834923,
aspen,flowline,nhd-flowline-16616232,nhd-165821757,
aspen,flowline,nhd-flowline-16616240,nhd-72972460,South Fork Fryingpan River
aspen,flowline,nhd-flowline-16616247,nhd-165831783,
aspen,flowline,nhd-flowline-16616257,nhd-165827362,
aspen,flowline,nhd-flowline-16616263,nhd-165834379,
aspen,flowline,nhd-flowline-16616282,nhd-165827917,
aspen,flowline,nhd-flowline-16616304,nhd-165832472,
aspen,flowline,nhd-flowline-16616317,nhd-8633D334-876E-46B6-A245-16C2461260C1,
aspen,flowline,nhd-flowline-16616350,nhd-72963154,Hunter Creek
aspen,flowline,nhd-flowline-16616359,nhd-72963538,Roaring Fork River
aspen,flowline,nhd-flowline-16616373,nhd-165834540,
aspen,flowline,nhd-flowline-16616390,nhd-72981384,
aspen,flowline,nhd-flowline-16616410,nhd-72969598,
aspen,flowline,nhd-flowline-16617127,nhd-72979028,North Fork Crystal River
aspen,flowline,nhd-flowline-16617150,nhd-165835513,
aspen,flowline,nhd-flowline-16617224,nhd-165833211,Brush Creek
aspen,flowline,nhd-flowline-16617240,nhd-72981356,No Name Creek
aspen,flowline,nhd-flowline-16617278,nhd-72979296,
aspen,flowline,nhd-flowline-16617305,nhd-72968746,
aspen,flowline,nhd-flowline-16617327,nhd-72968638,
aspen,flowline,nhd-flowline-16617369,nhd-165829619,New York Collection Canal
aspen,flowline,nhd-flowline-16617377,nhd-165834571,
aspen,flowline,nhd-flowline-16617383,nhd-165821008,
aspen,flowline,nhd-flowline-16617392,nhd-165831672,
aspen,flowline,nhd-flowline-16617406,nhd-165834799,
aspen,flowline,nhd-flowline-16617422,nhd-165831810,Columbia Creek
aspen,flowline,nhd-flowline-16617433,nhd-72969154,Spring Creek
aspen,flowline,nhd-flowline-16617434,nhd-72983292,
aspen,flowline,nhd-flowline-16617447,nhd-72969616,
aspen,flowline,nhd-flowline-16617465,nhd-FEBE4EFC-E525-45A1-B0F9-8A22FAB256A4,
aspen,flowline,nhd-flowline-16617473,nhd-165831354,
aspen,flowline,nhd-flowline-16617480,nhd-165834170,Hunter Creek
aspen,flowline,nhd-flowline-16617483,nhd-165830634,
aspen,flowline,nhd-flowline-16617501,nhd-165833843,East Snowmass Creek
aspen,flowline,nhd-flowline-16617518,nhd-165834618,
aspen,flowline,nhd-flowline-16617528,nhd-165822091,
aspen,flowline,nhd-flowline-16617536,nhd-165831700,
aspen,flowline,nhd-flowline-16617587,nhd-165833265,
aspen,flowline,nhd-flowline-16617654,nhd-165831298,
aspen,flowline,nhd-flowline-16684374,nhd-165825511,West Willow Creek
aspen,flowline,nhd-flowline-16684381,nhd-72969224,East Fork Brush Creek
aspen,flowline,nhd-flowline-16722958,nhd-159067991,
aspen,flowline,nhd-flowline-16722967,nhd-159069202,
aspen,flowline,nhd-flowline-16790447,nhd-159068320,
aspen,flowline,nhd-flowline-16790448,nhd-159068373,
aspen,flowline,nhd-flowline-16790557,nhd-65879821,
aspen,flowline,nhd-flowline-16840597,nhd-165835671,Roaring Fork River
aspen,flowline,nhd-flowline-16840611,nhd-165817764,East Maroon Creek
aspen,flowline,nhd-flowline-16840612,nhd-72969596,Roaring Fork River
aspen,flowline,nhd-flowline-16840635,nhd-165833320,
aspen,flowline,nhd-flowline-16840640,nhd-165822859,Bear Creek
aspen,flowline,nhd-flowline-16840656,nhd-72969278,
aspen,flowline,nhd-flowline-16840675,nhd-165835826,
aspen,flowline,nhd-flowline-16840678,nhd-165834757,
aspen,flowline,nhd-flowline-16840679,nhd-72981468,No Name Creek
aspen,flowline,nhd-flowline-16840689,nhd-165832355,West Snowmass Creek
aspen,flowline,nhd-flowline-16840723,nhd-165833292,
aspen,flowline,nhd-flowline-16840729,nhd-165836002,
aspen,flowline,nhd-flowline-16840740,nhd-165826695,Roaring Fork River
aspen,flowline,nhd-flowline-16840747,nhd-165834314,
aspen,flowline,nhd-flowline-16840749,nhd-165821970,
aspen,flowline,nhd-flowline-16840758,nhd-165831823,Columbia Creek
aspen,flowline,nhd-flowline-16840799,nhd-72981498,
aspen,flowline,nhd-flowline-16841511,nhd-165821756,
aspen,flowline,nhd-flowline-16841518,nhd-165835782,
aspen,flowline,nhd-flowline-16841521,nhd-165833707,Spring Creek
aspen,flowline,nhd-flowline-16841566,nhd-165820303,
aspen,flowline,nhd-flowline-16841581,nhd-165823286,
aspen,flowline,nhd-flowline-16841686,nhd-165834557,
aspen,flowline,nhd-flowline-16841687,nhd-165831347,
aspen,flowline,nhd-flowline-16841693,nhd-165836029,
aspen,flowline,nhd-flowline-16841702,nhd-72968506,
aspen,flowline,nhd-flowline-16841713,nhd-165831942,
aspen,flowline,nhd-flowline-16841731,nhd-72975142,
aspen,flowline,nhd-flowline-16841734,nhd-165817954,Hannon Creek
aspen,flowline,nhd-flowline-16841741,nhd-165826691,
aspen,flowline,nhd-flowline-16841770,nhd-165832527,
aspen,flowline,nhd-flowline-16841772,nhd-165832319,
aspen,flowline,nhd-flowline-16841845,nhd-165831690,Lost Man Creek
aspen,flowline,nhd-flowline-16841857,nhd-165826690,
aspen,flowline,nhd-flowline-16841879,nhd-165826578,
aspen,flowline,nhd-flowline-16841883,nhd-165827497,
aspen,flowline,nhd-flowline-16841884,nhd-165831063,
aspen,flowline,nhd-flowline-16841885,nhd-165834082,
aspen,flowline,nhd-flowline-16841948,nhd-165832932,
aspen,flowline,nhd-flowline-16841998,nhd-165829537,
aspen,flowline,nhd-flowline-16842013,nhd-165821223,North Fork Crystal River
aspen,flowline,nhd-flowline-16842020,nhd-165823419,
aspen,flowline,nhd-flowline-16842109,nhd-165831070,
aspen,flowline,nhd-flowline-16908404,nhd-165833791,
aspen,flowline,nhd-flowline-16913441,nhd-133042645,
aspen,flowline,nhd-flowline-16923253,nhd-165833433,Woody Creek
aspen,flowline,nhd-flowline-16923254,nhd-72962884,Salvation Ditch
aspen,flowline,nhd-flowline-17015320,nhd-159067923,
aspen,flowline,nhd-flowline-17065582,nhd-165830519,
aspen,flowline,nhd-flowline-17065612,nhd-165830549,
aspen,flowline,nhd-flowline-17065617,nhd-165827543,
aspen,flowline,nhd-flowline-17065621,nhd-72972100,Sawyer Creek
aspen,flowline,nhd-flowline-17065630,nhd-165822858,Bear Creek
aspen,flowline,nhd-flowline-17065639,nhd-165834535,
aspen,flowline,nhd-flowline-17065654,nhd-72975196,Tabor Creek
aspen,flowline,nhd-flowline-17065692,nhd-65AE86D3-D788-4A17-B1A6-A77EC4765732,
aspen,flowline,nhd-flowline-17065713,nhd-72963040,
aspen,flowline,nhd-flowline-17065717,nhd-165832316,
aspen,flowline,nhd-flowline-17065719,nhd-72975158,Tabor Creek
aspen,flowline,nhd-flowline-17065720,nhd-165833892,
aspen,flowline,nhd-flowline-17065724,nhd-72971202,
aspen,flowline,nhd-flowline-17065730,nhd-165829213,
aspen,flowline,nhd-flowline-17065733,nhd-165829640,
aspen,flowline,nhd-flowline-17065735,nhd-165834736,Snowmass Creek
aspen,flowline,nhd-flowline-17065737,nhd-165833304,
aspen,flowline,nhd-flowline-17065742,nhd-165827300,
aspen,flowline,nhd-flowline-17065747,nhd-165826566,
aspen,flowline,nhd-flowline-17065760,nhd-72981380,
aspen,flowline,nhd-flowline-17066487,nhd-72969822,
aspen,flowline,nhd-flowline-17066506,nhd-72962990,
aspen,flowline,nhd-flowline-17066518,nhd-165835787,
aspen,flowline,nhd-flowline-17066537,nhd-165829033,
aspen,flowline,nhd-flowline-17066541,nhd-72979264,East Fork South Fork Crystal River
aspen,flowline,nhd-flowline-17066577,nhd-165820128,
aspen,flowline,nhd-flowline-17066626,nhd-165826560,
aspen,flowline,nhd-flowline-17066686,nhd-165817097,
aspen,flowline,nhd-flowline-17066687,nhd-165817102,
aspen,flowline,nhd-flowline-17066711,nhd-72969474,
aspen,flowline,nhd-flowline-17066714,nhd-165823934,
aspen,flowline,nhd-flowline-17066715,nhd-165833456,
aspen,flowline,nhd-flowline-17066731,nhd-72962792,Woody Creek
aspen,flowline,nhd-flowline-17066740,nhd-165834419,
aspen,flowline,nhd-flowline-17066762,nhd-165817108,
aspen,flowline,nhd-flowline-17066766,nhd-165818207,
aspen,flowline,nhd-flowline-17066773,nhd-72972638,
aspen,flowline,nhd-flowline-17066775,nhd-165830544,
aspen,flowline,nhd-flowline-17066792,nhd-165824176,
aspen,flowline,nhd-flowline-17066793,nhd-165833799,
aspen,flowline,nhd-flowline-17066833,nhd-165833144,
aspen,flowline,nhd-flowline-17066835,nhd-72969216,
aspen,flowline,nhd-flowline-17066846,nhd-165828081,
aspen,flowline,nhd-flowline-17066847,nhd-165834454,
aspen,flowline,nhd-flowline-17066867,nhd-165829001,
aspen,flowline,nhd-flowline-17066883,nhd-72981476,
aspen,flowline,nhd-flowline-17066890,nhd-165834712,
aspen,flowline,nhd-flowline-17066902,nhd-165834650,Devaney Creek
aspen,flowline,nhd-flowline-17066906,nhd-165826570,
aspen,flowline,nhd-flowline-17066913,nhd-72971530,West Maroon Creek
aspen,flowline,nhd-flowline-17066927,nhd-165827702,
aspen,flowline,nhd-flowline-17132350,nhd-165827951,
aspen,flowline,nhd-flowline-17138535,nhd-163087360,
aspen,flowline,nhd-flowline-17169002,nhd-72969160,West Fork Brush Creek
aspen,flowline,nhd-flowline-17169003,nhd-72981208,Sawyer Creek
aspen,flowline,nhd-flowline-17172020,nhd-159069334,
aspen,flowline,nhd-flowline-17173085,nhd-165831351,
aspen,flowline,nhd-flowline-17239403,nhd-159069541,
aspen,flowline,nhd-flowline-17239501,nhd-159069554,
aspen,flowline,nhd-flowline-17242471,nhd-165831092,East Snowmass and Brush Creek Ditch
aspen,flowline,nhd-flowline-17253436,nhd-65878225,
aspen,flowline,nhd-flowline-17289698,nhd-165831781,
aspen,flowline,nhd-flowline-17289712,nhd-165833252,
aspen,flowline,nhd-flowline-17289723,nhd-165832282,
aspen,flowline,nhd-flowline-17289737,nhd-165831078,
aspen,flowline,nhd-flowline-17289740,nhd-165832122,
aspen,flowline,nhd-flowline-17289754,nhd-72972446,
aspen,flowline,nhd-flowline-17289766,nhd-165827367,
aspen,flowline,nhd-flowline-17289810,nhd-72981592,
aspen,flowline,nhd-flowline-17289821,nhd-165829194,
aspen,flowline,nhd-flowline-17289826,nhd-165829664,
aspen,flowline,nhd-flowline-17289829,nhd-72981294,
aspen,flowline,nhd-flowline-17289844,nhd-165826543,
aspen,flowline,nhd-flowline-17290624,nhd-165830754,
aspen,flowline,nhd-flowline-17290628,nhd-165833802,
aspen,flowline,nhd-flowline-17290785,nhd-165826643,
aspen,flowline,nhd-flowline-17290795,nhd-165830744,
aspen,flowline,nhd-flowline-17290799,nhd-165825188,
aspen,flowline,nhd-flowline-17290804,nhd-72963012,
aspen,flowline,nhd-flowline-17290805,nhd-165829172,
aspen,flowline,nhd-flowline-17290827,nhd-72963582,
aspen,flowline,nhd-flowline-17290828,nhd-72968936,
aspen,flowline,nhd-flowline-17290841,nhd-165835793,
aspen,flowline,nhd-flowline-17290866,nhd-165832894,
aspen,flowline,nhd-flowline-17290886,nhd-165820808,
aspen,flowline,nhd-flowline-17290887,nhd-165834604,
aspen,flowline,nhd-flowline-17290908,nhd-165826704,
aspen,flowline,nhd-flowline-17290913,nhd-165825953,
aspen,flowline,nhd-flowline-17290926,nhd-165833394,
aspen,flowline,nhd-flowline-17290933,nhd-165821060,Wilbur Creek
aspen,flowline,nhd-flowline-17290938,nhd-72969386,East Snowmass Creek
aspen,flowline,nhd-flowline-17290941,nhd-72968630,
aspen,flowline,nhd-flowline-17290972,nhd-72968748,Castle Creek
aspen,flowline,nhd-flowline-17290980,nhd-165819671,
aspen,flowline,nhd-flowline-17290986,nhd-165828719,Casaday Creek
aspen,flowline,nhd-flowline-17291043,nhd-165835208,Woody Creek
aspen,flowline,nhd-flowline-17344657,nhd-165835724,
aspen,flowline,nhd-flowline-17362421,nhd-133043704,
aspen,flowline,nhd-flowline-17362768,nhd-133040832,South Fork Lake Creek
aspen,flowline,nhd-flowline-17392944,nhd-72962954,Red Mountain Ditch
aspen,flowline,nhd-flowline-17463972,nhd-159068321,
aspen,flowline,nhd-flowline-17463990,nhd-65879803,
aspen,flowline,nhd-flowline-17467199,nhd-2DDCE361-C92D-4070-B8B4-3E19EF8FA3D4,
aspen,flowline,nhd-flowline-17482679,nhd-65880831,
aspen,flowline,nhd-flowline-17514198,nhd-72980774,
aspen,flowline,nhd-flowline-17514208,nhd-165831582,
aspen,flowline,nhd-flowline-17514215,nhd-165833273,
aspen,flowline,nhd-flowline-17514218,nhd-165818925,Lincoln Creek
aspen,flowline,nhd-flowline-17514234,nhd-165817705,
aspen,flowline,nhd-flowline-17514243,nhd-72981556,
aspen,flowline,nhd-flowline-17514260,nhd-165831459,Woody Creek
aspen,flowline,nhd-flowline-17514263,nhd-165831147,
aspen,flowline,nhd-flowline-17514264,nhd-165816915,
aspen,flowline,nhd-flowline-17514289,nhd-72963470,Castle Creek
aspen,flowline,nhd-flowline-17514323,nhd-165834727,Fall Creek
aspen,flowline,nhd-flowline-17514334,nhd-165834412,
aspen,flowline,nhd-flowline-17514344,nhd-165827371,
aspen,flowline,nhd-flowline-17514363,nhd-165834387,
aspen,flowline,nhd-flowline-17515255,nhd-165826641,
aspen,flowline,nhd-flowline-17515294,nhd-165820806,
aspen,flowline,nhd-flowline-17515314,nhd-165823447,
aspen,flowline,nhd-flowline-17515363,nhd-165831599,
aspen,flowline,nhd-flowline-17515388,nhd-165834929,
aspen,flowline,nhd-flowline-17515392,nhd-165829156,
aspen,flowline,nhd-flowline-17515403,nhd-165833281,
aspen,flowline,nhd-flowline-17515422,nhd-165831741,
aspen,flowline,nhd-flowline-17515432,nhd-165817742,
aspen,flowline,nhd-flowline-17515443,nhd-165832817,
aspen,flowline,nhd-flowline-17515453,nhd-165831041,
aspen,flowline,nhd-flowline-17515458,nhd-165834274,
aspen,flowline,nhd-flowline-17515473,nhd-72964692,Nickelson Creek
aspen,flowline,nhd-flowline-17515487,nhd-165831027,
aspen,flowline,nhd-flowline-17515500,nhd-165834896,
aspen,flowline,nhd-flowline-17515510,nhd-165830981,
aspen,flowline,nhd-flowline-17515511,nhd-165826481,
aspen,flowline,nhd-flowline-17515516,nhd-165833833,
aspen,flowline,nhd-flowline-17515531,nhd-165822055,
aspen,flowline,nhd-flowline-17515534,nhd-165831595,
aspen,flowline,nhd-flowline-17515568,nhd-165834998,
aspen,flowline,nhd-flowline-17515645,nhd-165827883,
aspen,flowline,nhd-flowline-17515704,nhd-165831140,
aspen,flowline,nhd-flowline-17515712,nhd-165833668,
aspen,flowline,nhd-flowline-17587046,nhd-159069586,Bowman Creek
aspen,flowline,nhd-flowline-17597634,nhd-159067966,
aspen,flowline,nhd-flowline-17597796,nhd-165833687,Woody Creek
aspen,flowline,nhd-flowline-17618501,nhd-165833759,Red Mountain Ditch
aspen,flowline,nhd-flowline-17621703,nhd-65880885,Pine Creek
aspen,flowline,nhd-flowline-17689341,nhd-159069528,
aspen,flowline,nhd-flowline-17739579,nhd-72969606,Roaring Fork River
aspen,flowline,nhd-flowline-17739593,nhd-165821011,Difficult Creek
aspen,flowline,nhd-flowline-17739609,nhd-72980928,
aspen,flowline,nhd-flowline-17739611,nhd-165826615,
aspen,flowline,nhd-flowline-17739613,nhd-165824151,
aspen,flowline,nhd-flowline-17739620,nhd-165834119,Wilbur Creek
aspen,flowline,nhd-flowline-17739635,nhd-165832649,
aspen,flowline,nhd-flowline-17739637,nhd-165834471,
aspen,flowline,nhd-flowline-17739645,nhd-165825876,
aspen,flowline,nhd-flowline-17739661,nhd-165827550,
aspen,flowline,nhd-flowline-17739707,nhd-72969660,New York Collection Canal
aspen,flowline,nhd-flowline-17739708,nhd-72969798,Lincoln Creek
aspen,flowline,nhd-flowline-17739727,nhd-72972130,Spruce Creek
aspen,flowline,nhd-flowline-17739733,nhd-72969414,
aspen,flowline,nhd-flowline-17739734,nhd-165830493,
aspen,flowline,nhd-flowline-17739736,nhd-165830623,Brush Creek
aspen,flowline,nhd-flowline-17739760,nhd-165825532,
aspen,flowline,nhd-flowline-17740555,nhd-165836005,
aspen,flowline,nhd-flowline-17740664,nhd-72972782,Lost Man Creek
aspen,flowline,nhd-flowline-17740709,nhd-72964940,
aspen,flowline,nhd-flowline-17740724,nhd-165833334,
aspen,flowline,nhd-flowline-17740728,nhd-72968472,
aspen,flowline,nhd-flowline-17740729,nhd-72972134,
aspen,flowline,nhd-flowline-17740777,nhd-165817104,
aspen,flowline,nhd-flowline-17740818,nhd-165833693,
aspen,flowline,nhd-flowline-17740843,nhd-165819958,
aspen,flowline,nhd-flowline-17740856,nhd-165816912,
aspen,flowline,nhd-flowline-17740866,nhd-165819403,Snowmass Creek
aspen,flowline,nhd-flowline-17740874,nhd-165817746,
aspen,flowline,nhd-flowline-17740885,nhd-72971442,East Maroon Creek
aspen,flowline,nhd-flowline-17740891,nhd-72969642,Independence Creek
aspen,flowline,nhd-flowline-17740892,nhd-165825522,
aspen,flowline,nhd-flowline-17740895,nhd-165831073,
aspen,flowline,nhd-flowline-17740903,nhd-72968688,Castle Creek
aspen,flowline,nhd-flowline-17740906,nhd-165834746,
aspen,flowline,nhd-flowline-17740914,nhd-165835814,
aspen,flowline,nhd-flowline-17740945,nhd-165833238,
aspen,flowline,nhd-flowline-17741005,nhd-165827295,
aspen,flowline,nhd-flowline-17741018,nhd-165831960,
aspen,flowline,nhd-flowline-17808094,nhd-6F2804B8-8493-4C88-B653-929299AF0737,
aspen,flowline,nhd-flowline-17823094,nhd-165833958,
aspen,flowline,nhd-flowline-17846917,nhd-159067989,
aspen,flowline,nhd-flowline-17914502,nhd-159067995,
aspen,flowline,nhd-flowline-17964363,nhd-165831764,
aspen,flowline,nhd-flowline-17964394,nhd-165819575,
aspen,flowline,nhd-flowline-17964395,nhd-165833846,
aspen,flowline,nhd-flowline-17964423,nhd-165818316,
aspen,flowline,nhd-flowline-17964424,nhd-165818470,
aspen,flowline,nhd-flowline-17964425,nhd-165831758,
aspen,flowline,nhd-flowline-17964430,nhd-165834569,
aspen,flowline,nhd-flowline-17964431,nhd-165833867,
aspen,flowline,nhd-flowline-17964432,nhd-165831335,
aspen,flowline,nhd-flowline-17964433,nhd-165832907,
aspen,flowline,nhd-flowline-17964438,nhd-72964822,
aspen,flowline,nhd-flowline-17964452,nhd-165823706,
aspen,flowline,nhd-flowline-17964487,nhd-165831751,
aspen,flowline,nhd-flowline-17964500,nhd-165834743,
aspen,flowline,nhd-flowline-17964533,nhd-165832928,
aspen,flowline,nhd-flowline-17964559,nhd-72963472,
aspen,flowline,nhd-flowline-17964571,nhd-165831482,Roaring Fork River
aspen,flowline,nhd-flowline-17964584,nhd-165833702,
aspen,flowline,nhd-flowline-17965359,nhd-72964794,
aspen,flowline,nhd-flowline-17965468,nhd-72968926,Lemond Ditch
aspen,flowline,nhd-flowline-17965499,nhd-165817706,
aspen,flowline,nhd-flowline-17965535,nhd-165833819,
aspen,flowline,nhd-flowline-17965566,nhd-165831684,South Fork Fryingpan River
aspen,flowline,nhd-flowline-17965580,nhd-165834592,
aspen,flowline,nhd-flowline-17965595,nhd-165833235,
aspen,flowline,nhd-flowline-17965598,nhd-165820300,
aspen,flowline,nhd-flowline-17965602,nhd-165825529,New York Collection Canal
aspen,flowline,nhd-flowline-17965603,nhd-165834246,
aspen,flowline,nhd-flowline-17965605,nhd-165829618,New York Collection Canal
aspen,flowline,nhd-flowline-17965611,nhd-165830573,
aspen,flowline,nhd-flowline-17965612,nhd-165833841,Galena Creek
aspen,flowline,nhd-flowline-17965620,nhd-165834800,
aspen,flowline,nhd-flowline-17965622,nhd-165833169,
aspen,flowline,nhd-flowline-17965626,nhd-165819578,
aspen,flowline,nhd-flowline-17965627,nhd-165823644,
aspen,flowline,nhd-flowline-17965635,nhd-72968694,
aspen,flowline,nhd-flowline-17965639,nhd-165827298,
aspen,flowline,nhd-flowline-17965642,nhd-165833760,Sawmill Creek
aspen,flowline,nhd-flowline-17965643,nhd-165833511,Wildcat Creek
aspen,flowline,nhd-flowline-17965648,nhd-165830115,
aspen,flowline,nhd-flowline-17965667,nhd-165835827,
aspen,flowline,nhd-flowline-17965668,nhd-72978138,Silver Creek
aspen,flowline,nhd-flowline-17965678,nhd-165817751,
aspen,flowline,nhd-flowline-17965682,nhd-72972362,South Fork Fryingpan River
aspen,flowline,nhd-flowline-17965692,nhd-165833806,
aspen,flowline,nhd-flowline-17965697,nhd-165826596,
aspen,flowline,nhd-flowline-17965698,nhd-72975062,
aspen,flowline,nhd-flowline-17965703,nhd-165818405,Brush Creek
aspen,flowline,nhd-flowline-17965715,nhd-165832260,
aspen,flowline,nhd-flowline-17965722,nhd-165833634,Brush Creek
aspen,flowline,nhd-flowline-17965723,nhd-165833504,
aspen,flowline,nhd-flowline-17965728,nhd-72968730,
aspen,flowline,nhd-flowline-17965756,nhd-165826821,
aspen,flowline,nhd-flowline-17965774,nhd-165830218,Lincoln Creek
aspen,flowline,nhd-flowline-17965775,nhd-165834039,
aspen,flowline,nhd-flowline-17965823,nhd-72969650,New York Collection Canal
aspen,flowline,nhd-flowline-17965876,nhd-165830518,
aspen,flowline,nhd-flowline-17965885,nhd-165818333,
aspen,flowline,nhd-flowline-17965941,nhd-165829043,
aspen,flowline,nhd-flowline-18032591,nhd-165831090,West Willow Creek
aspen,flowline,nhd-flowline-18032592,nhd-72963100,
aspen,flowline,nhd-flowline-18067962,nhd-165836171,Snowmass Creek
aspen,flowline,nhd-flowline-18138434,nhd-159069201,
aspen,flowline,nhd-flowline-18138531,nhd-159067951,
aspen,flowline,nhd-flowline-18138559,nhd-65879831,
aspen,flowline,nhd-flowline-18188602,nhd-165820552,Roaring Fork River
aspen,flowline,nhd-flowline-18188620,nhd-165827549,
aspen,flowline,nhd-flowline-18188665,nhd-72972756,
aspen,flowline,nhd-flowline-18188688,nhd-165820804,
aspen,flowline,nhd-flowline-18188696,nhd-165827928,
aspen,flowline,nhd-flowline-18188724,nhd-165826133,
aspen,flowline,nhd-flowline-18188741,nhd-72969028,Wildcat Creek
aspen,flowline,nhd-flowline-18188744,nhd-72968716,Pine Creek
aspen,flowline,nhd-flowline-18188766,nhd-165832795,
aspen,flowline,nhd-flowline-18188768,nhd-165834600,
aspen,flowline,nhd-flowline-18188782,nhd-72978914,Snowmass Creek
aspen,flowline,nhd-flowline-18188784,nhd-165834607,
aspen,flowline,nhd-flowline-18188786,nhd-72975012,
aspen,flowline,nhd-flowline-18188844,nhd-165834762,
aspen,flowline,nhd-flowline-18189516,nhd-72980776,Snowmass Creek
aspen,flowline,nhd-flowline-18189533,nhd-165832575,Casaday Creek
aspen,flowline,nhd-flowline-18189731,nhd-72964906,West Snowmass Creek
aspen,flowline,nhd-flowline-18189749,nhd-165834973,
aspen,flowline,nhd-flowline-18189767,nhd-165826831,
aspen,flowline,nhd-flowline-18189771,nhd-165835508,
aspen,flowline,nhd-flowline-18189796,nhd-165823952,Woody Creek
aspen,flowline,nhd-flowline-18189797,nhd-165831816,Bruin Creek
aspen,flowline,nhd-flowline-18189810,nhd-165834086,Ptarmigan Creek
aspen,flowline,nhd-flowline-18189831,nhd-72969442,
aspen,flowline,nhd-flowline-18189840,nhd-72963384,
aspen,flowline,nhd-flowline-18189845,nhd-72963290,
aspen,flowline,nhd-flowline-18189854,nhd-165834434,
aspen,flowline,nhd-flowline-18189859,nhd-72969602,
aspen,flowline,nhd-flowline-18189863,nhd-165826694,
aspen,flowline,nhd-flowline-18189888,nhd-72975216,
aspen,flowline,nhd-flowline-18189891,nhd-165831605,
aspen,flowline,nhd-flowline-18189902,nhd-72964696,Capitol Creek
aspen,flowline,nhd-flowline-18189907,nhd-165830542,
aspen,flowline,nhd-flowline-18189934,nhd-165830122,Lincoln Creek
aspen,flowline,nhd-flowline-18189937,nhd-72980898,Snowmass Creek
aspen,flowline,nhd-flowline-18189949,nhd-165829173,
aspen,flowline,nhd-flowline-18189952,nhd-72969700,
aspen,flowline,nhd-flowline-18189953,nhd-165825899,
aspen,flowline,nhd-flowline-18189961,nhd-72975070,Lincoln Creek
aspen,flowline,nhd-flowline-18190097,nhd-165833944,
aspen,flowline,nhd-flowline-18292024,nhd-165836182,Snowmass Creek
aspen,flowline,nhd-flowline-18362283,nhd-159068228,
aspen,flowline,nhd-flowline-18362329,nhd-159069513,
aspen,flowline,nhd-flowline-18365494,nhd-EFD3ADBF-4E9B-470C-95A9-ADCD596E6964,McKenzie Wildcat Ditch
aspen,flowline,nhd-flowline-18412745,nhd-165834709,
aspen,flowline,nhd-flowline-18412749,nhd-165821517,Bear Creek
aspen,flowline,nhd-flowline-18412791,nhd-165833422,
aspen,flowline,nhd-flowline-18412792,nhd-165829100,
aspen,flowline,nhd-flowline-18412821,nhd-165823551,
aspen,flowline,nhd-flowline-18412843,nhd-165833453,
aspen,flowline,nhd-flowline-18412852,nhd-165834785,
aspen,flowline,nhd-flowline-18412862,nhd-165820803,
aspen,flowline,nhd-flowline-18412867,nhd-165827343,
aspen,flowline,nhd-flowline-18412871,nhd-165834243,
aspen,flowline,nhd-flowline-18412906,nhd-72969458,
aspen,flowline,nhd-flowline-18412914,nhd-72971304,
aspen,flowline,nhd-flowline-18413686,nhd-72968768,Cooper Fork Cooper Creek
aspen,flowline,nhd-flowline-18413720,nhd-72969138,
aspen,flowline,nhd-flowline-18413807,nhd-165817700,
aspen,flowline,nhd-flowline-18413829,nhd-165827950,
aspen,flowline,nhd-flowline-18413839,nhd-72968496,Castle Creek
aspen,flowline,nhd-flowline-18413865,nhd-72968392,Castle Creek
aspen,flowline,nhd-flowline-18413879,nhd-165836042,
aspen,flowline,nhd-flowline-18413880,nhd-72975248,
aspen,flowline,nhd-flowline-18413892,nhd-165836001,
aspen,flowline,nhd-flowline-18413903,nhd-165827541,
aspen,flowline,nhd-flowline-18413935,nhd-165833874,
aspen,flowline,nhd-flowline-18413948,nhd-165818456,Little Elk Creek
aspen,flowline,nhd-flowline-18413964,nhd-72972720,
aspen,flowline,nhd-flowline-18413966,nhd-165834287,Willow Creek
aspen,flowline,nhd-flowline-18413974,nhd-165831668,Johnson Creek
aspen,flowline,nhd-flowline-18413977,nhd-165826822,
aspen,flowline,nhd-flowline-18413991,nhd-165831742,
aspen,flowline,nhd-flowline-18413997,nhd-72971338,West Maroon Creek
aspen,flowline,nhd-flowline-18414001,nhd-165833961,
aspen,flowline,nhd-flowline-18414002,nhd-165830210,
aspen,flowline,nhd-flowline-18414003,nhd-72972588,
aspen,flowline,nhd-flowline-18414018,nhd-72969058,
aspen,flowline,nhd-flowline-18414020,nhd-165834631,
aspen,flowline,nhd-flowline-18414030,nhd-165833658,
aspen,flowline,nhd-flowline-18414039,nhd-72975262,
aspen,flowline,nhd-flowline-18414063,nhd-165835725,
aspen,flowline,nhd-flowline-18414083,nhd-72972606,
aspen,flowline,nhd-flowline-18414136,nhd-165832338,
aspen,flowline,nhd-flowline-18414175,nhd-165832295,
aspen,flowline,nhd-flowline-18414235,nhd-165829097,
aspen,flowline,nhd-flowline-18468132,nhd-72969816,Grizzly Creek
aspen,flowline,nhd-flowline-18471857,nhd-159069577,Bowman Creek
aspen,flowline,nhd-flowline-18471918,nhd-165829220,
aspen,flowline,nhd-flowline-18485844,nhd-133029836,
aspen,flowline,nhd-flowline-18519161,nhd-65880911,Pine Creek
aspen,flowline,nhd-flowline-18519204,nhd-159069603,
aspen,flowline,nhd-flowline-18586978,nhd-159067958,
aspen,flowline,nhd-flowline-18602736,nhd-159067939,
aspen,flowline,nhd-flowline-18637019,nhd-165832514,
aspen,flowline,nhd-flowline-18637024,nhd-72969434,
aspen,flowline,nhd-flowline-18637071,nhd-165820291,
aspen,flowline,nhd-flowline-18637079,nhd-165827203,
aspen,flowline,nhd-flowline-18637081,nhd-165831745,
aspen,flowline,nhd-flowline-18637082,nhd-165833470,
aspen,flowline,nhd-flowline-18637115,nhd-165834823,
aspen,flowline,nhd-flowline-18637117,nhd-165819574,
aspen,flowline,nhd-flowline-18637156,nhd-72981394,
aspen,flowline,nhd-flowline-18637164,nhd-165834508,
aspen,flowline,nhd-flowline-18637165,nhd-165817105,
aspen,flowline,nhd-flowline-18637173,nhd-165826522,
aspen,flowline,nhd-flowline-18637182,nhd-165831049,
aspen,flowline,nhd-flowline-18637204,nhd-72969242,
aspen,flowline,nhd-flowline-18637950,nhd-165819528,
aspen,flowline,nhd-flowline-18637960,nhd-165833305,
aspen,flowline,nhd-flowline-18637972,nhd-165827946,
aspen,flowline,nhd-flowline-18638025,nhd-165831075,
aspen,flowline,nhd-flowline-18638096,nhd-72980890,
aspen,flowline,nhd-flowline-18638160,nhd-72979244,East Fork South Fork Crystal River
aspen,flowline,nhd-flowline-18638162,nhd-165832577,Snowmass Creek
aspen,flowline,nhd-flowline-18638167,nhd-165834739,
aspen,flowline,nhd-flowline-18638212,nhd-165825590,
aspen,flowline,nhd-flowline-18638223,nhd-165833282,
aspen,flowline,nhd-flowline-18638225,nhd-165829010,
aspen,flowline,nhd-flowline-18638227,nhd-72981220,Woody Creek
aspen,flowline,nhd-flowline-18638245,nhd-165818482,Willow Creek
aspen,flowline,nhd-flowline-18638247,nhd-165822967,
aspen,flowline,nhd-flowline-18638263,nhd-165833724,Elk Creek Ditch
aspen,flowline,nhd-flowline-18638264,nhd-165834670,Willow Creek
aspen,flowline,nhd-flowline-18638266,nhd-165833546,
aspen,flowline,nhd-flowline-18638280,nhd-165832921,
aspen,flowline,nhd-flowline-18638281,nhd-165820136,
aspen,flowline,nhd-flowline-18638299,nhd-165830693,
aspen,flowline,nhd-flowline-18638302,nhd-165827321,
aspen,flowline,nhd-flowline-18638339,nhd-165829725,
aspen,flowline,nhd-flowline-18638375,nhd-165832501,
aspen,flowline,nhd-flowline-18638388,nhd-165834146,
aspen,flowline,nhd-flowline-18638442,nhd-165834191,Tabor Creek
aspen,flowline,nhd-flowline-18638462,nhd-165833108,
aspen,flowline,nhd-flowline-18709716,nhd-163088049,
aspen,flowline,nhd-flowline-18710366,nhd-163087587,
aspen,flowline,nhd-flowline-18740315,nhd-165829205,
aspen,flowline,nhd-flowline-18862109,nhd-165833962,
aspen,flowline,nhd-flowline-18862149,nhd-165835807,Sandy Creek
aspen,flowline,nhd-flowline-18862159,nhd-165829639,
aspen,flowline,nhd-flowline-18862166,nhd-165834428,
aspen,flowline,nhd-flowline-18862172,nhd-72979280,East Fork South Fork Crystal River
aspen,flowline,nhd-flowline-18862180,nhd-165819076,
aspen,flowline,nhd-flowline-18862192,nhd-165829181,
aspen,flowline,nhd-flowline-18862209,nhd-165820782,
aspen,flowline,nhd-flowline-18862262,nhd-72964824,
aspen,flowline,nhd-flowline-18862266,nhd-72962806,Woody Creek
aspen,flowline,nhd-flowline-18862975,nhd-165831038,
aspen,flowline,nhd-flowline-18863023,nhd-165826120,
aspen,flowline,nhd-flowline-18863061,nhd-72969648,
aspen,flowline,nhd-flowline-18863164,nhd-165828546,
aspen,flowline,nhd-flowline-18863167,nhd-165834910,
aspen,flowline,nhd-flowline-18863180,nhd-165832938,
aspen,flowline,nhd-flowline-18863204,nhd-72980930,
aspen,flowline,nhd-flowline-18863252,nhd-165832203,
aspen,flowline,nhd-flowline-18863254,nhd-72969280,Maroon Creek
aspen,flowline,nhd-flowline-18863258,nhd-72981054,
aspen,flowline,nhd-flowline-18863268,nhd-72968646,
aspen,flowline,nhd-flowline-18863272,nhd-165831502,
aspen,flowline,nhd-flowline-18863322,nhd-165830984,Elk Creek Ditch
aspen,flowline,nhd-flowline-18863326,nhd-165832588,
aspen,flowline,nhd-flowline-18863355,nhd-165827579,
aspen,flowline,nhd-flowline-18863367,nhd-165819539,
aspen,flowline,nhd-flowline-18863368,nhd-165832032,Maroon Creek
aspen,flowline,nhd-flowline-18863447,nhd-165833180,
aspen,flowline,nhd-flowline-18863463,nhd-165833428,Capitol Creek
aspen,flowline,nhd-flowline-18921335,nhd-72981588,
aspen,flowline,nhd-flowline-18930180,nhd-165835126,
aspen,flowline,nhd-flowline-18930201,nhd-24724009-C8A5-436B-8764-F453B793AF85,
aspen,flowline,nhd-flowline-18934561,nhd-159069575,Bowman Creek
aspen,flowline,nhd-flowline-18944784,nhd-65883471,
aspen,flowline,nhd-flowline-18944994,nhd-165817956,Woody Creek
aspen,flowline,nhd-flowline-18965371,nhd-165833379,Red Mountain Ditch
aspen,flowline,nhd-flowline-18968470,nhd-159067993,East River
aspen,flowline,nhd-flowline-18968520,nhd-65880933,Pine Creek
aspen,flowline,nhd-flowline-19036005,nhd-159069207,
aspen,flowline,nhd-flowline-19036018,nhd-159069636,
aspen,flowline,nhd-flowline-19036082,nhd-159067986,
aspen,flowline,nhd-flowline-19086460,nhd-165834549,
aspen,flowline,nhd-flowline-19086469,nhd-165833154,
aspen,flowline,nhd-flowline-19086472,nhd-165828461,
aspen,flowline,nhd-flowline-19086476,nhd-165831940,Woody Creek
aspen,flowline,nhd-flowline-19086478,nhd-165834229,
aspen,flowline,nhd-flowline-19086506,nhd-72979384,
aspen,flowline,nhd-flowline-19086508,nhd-165831600,
aspen,flowline,nhd-flowline-19086509,nhd-165834093,
aspen,flowline,nhd-flowline-19086510,nhd-165818292,
aspen,flowline,nhd-flowline-19086517,nhd-165817622,Roaring Fork River
aspen,flowline,nhd-flowline-19086518,nhd-165824430,
aspen,flowline,nhd-flowline-19086524,nhd-72972074,
aspen,flowline,nhd-flowline-19086557,nhd-165831138,
aspen,flowline,nhd-flowline-19086558,nhd-72971258,West Maroon Creek
aspen,flowline,nhd-flowline-19086561,nhd-165833837,Conundrum Creek
aspen,flowline,nhd-flowline-19086577,nhd-72963094,
aspen,flowline,nhd-flowline-19086593,nhd-72968944,
aspen,flowline,nhd-flowline-19086595,nhd-165820572,
aspen,flowline,nhd-flowline-19086596,nhd-165829630,
aspen,flowline,nhd-flowline-19086608,nhd-165834685,Maroon Creek
aspen,flowline,nhd-flowline-19086611,nhd-165827938,
aspen,flowline,nhd-flowline-19086645,nhd-165831034,
aspen,flowline,nhd-flowline-19087381,nhd-165822243,
aspen,flowline,nhd-flowline-19087384,nhd-72962790,Woody Creek
aspen,flowline,nhd-flowline-19087482,nhd-165835111,Snowmass Creek
aspen,flowline,nhd-flowline-19087565,nhd-72971446,
aspen,flowline,nhd-flowline-19087591,nhd-165820780,
aspen,flowline,nhd-flowline-19087613,nhd-72962980,
aspen,flowline,nhd-flowline-19087615,nhd-165821057,
aspen,flowline,nhd-flowline-19087667,nhd-165833823,
aspen,flowline,nhd-flowline-19087690,nhd-165819593,
aspen,flowline,nhd-flowline-19087703,nhd-165820084,
aspen,flowline,nhd-flowline-19087704,nhd-165831961,
aspen,flowline,nhd-flowline-19087705,nhd-165834704,Pine Creek
aspen,flowline,nhd-flowline-19087726,nhd-165834678,
aspen,flowline,nhd-flowline-19087745,nhd-165834725,Spring Creek
aspen,flowline,nhd-flowline-19087751,nhd-72981042,Cooper Creek
aspen,flowline,nhd-flowline-19087757,nhd-165827337,
aspen,flowline,nhd-flowline-19087758,nhd-72971518,East Maroon Creek
aspen,flowline,nhd-flowline-19087759,nhd-72981274,
aspen,flowline,nhd-flowline-19087824,nhd-165821001,
aspen,flowline,nhd-flowline-19087856,nhd-165830504,
aspen,flowline,nhd-flowline-19154705,nhd-165834284,Willow Creek
aspen,flowline,nhd-flowline-19159412,nhd-133043736,
aspen,flowline,nhd-flowline-19159635,nhd-163086500,
aspen,flowline,nhd-flowline-19159739,nhd-133030139,
aspen,flowline,nhd-flowline-19169323,nhd-159068003,
aspen,flowline,nhd-flowline-19169500,nhd-72962766,Woody Creek
aspen,flowline,nhd-flowline-19190053,nhd-165834400,
aspen,flowline,nhd-flowline-19193075,nhd-65880873,
aspen,flowline,nhd-flowline-19193091,nhd-65880841,Pine Creek
aspen,flowline,nhd-flowline-19260291,nhd-159068231,
aspen,flowline,nhd-flowline-19310559,nhd-165827442,
aspen,flowline,nhd-flowline-19310564,nhd-165835846,
aspen,flowline,nhd-flowline-19310566,nhd-72981572,Midway Creek
aspen,flowline,nhd-flowline-19310569,nhd-72975226,
aspen,flowline,nhd-flowline-19310575,nhd-165831120,
aspen,flowline,nhd-flowline-19310588,nhd-72964998,Snowmass Creek
aspen,flowline,nhd-flowline-19310592,nhd-72972542,South Fork Fryingpan River
aspen,flowline,nhd-flowline-19310600,nhd-72971440,
aspen,flowline,nhd-flowline-19310608,nhd-165831704,
aspen,flowline,nhd-flowline-19310631,nhd-72978160,
aspen,flowline,nhd-flowline-19310646,nhd-165829200,
aspen,flowline,nhd-flowline-19310647,nhd-165830004,
aspen,flowline,nhd-flowline-19310657,nhd-72971336,
aspen,flowline,nhd-flowline-19310662,nhd-165823942,
aspen,flowline,nhd-flowline-19310695,nhd-165835467,
aspen,flowline,nhd-flowline-19310701,nhd-72972784,
aspen,flowline,nhd-flowline-19310703,nhd-165818312,
aspen,flowline,nhd-flowline-19310709,nhd-165821513,
aspen,flowline,nhd-flowline-19310715,nhd-165821058,
aspen,flowline,nhd-flowline-19310716,nhd-165832278,
aspen,flowline,nhd-flowline-19310718,nhd-72969364,
aspen,flowline,nhd-flowline-19310725,nhd-72979374,North Fork Crystal River
aspen,flowline,nhd-flowline-19310729,nhd-165833886,
aspen,flowline,nhd-flowline-19310733,nhd-165834706,
aspen,flowline,nhd-flowline-19310748,nhd-165831691,
aspen,flowline,nhd-flowline-19311478,nhd-165826126,
aspen,flowline,nhd-flowline-19311479,nhd-165834084,
aspen,flowline,nhd-flowline-19311503,nhd-165835180,
aspen,flowline,nhd-flowline-19311547,nhd-165835804,
aspen,flowline,nhd-flowline-19311655,nhd-72968534,
aspen,flowline,nhd-flowline-19311684,nhd-165832594,
aspen,flowline,nhd-flowline-19311734,nhd-165824740,Elk Creek Ditch
aspen,flowline,nhd-flowline-19311736,nhd-165833190,
aspen,flowline,nhd-flowline-19311757,nhd-165818411,
aspen,flowline,nhd-flowline-19311775,nhd-165832814,East Maroon Creek
aspen,flowline,nhd-flowline-19311788,nhd-165819591,
aspen,flowline,nhd-flowline-19311806,nhd-165833916,
aspen,flowline,nhd-flowline-19311823,nhd-165823028,
aspen,flowline,nhd-flowline-19311827,nhd-1D388AE3-3E0B-4D93-9F8C-265CCBA7DF6A,Cliff Creek
aspen,flowline,nhd-flowline-19311842,nhd-72975166,
aspen,flowline,nhd-flowline-19311851,nhd-165834117,Johnson Creek
aspen,flowline,nhd-flowline-19311868,nhd-165832813,East Maroon Creek
aspen,flowline,nhd-flowline-19534307,nhd-72972660,
aspen,flowline,nhd-flowline-19534313,nhd-165834794,Conundrum Creek
aspen,flowline,nhd-flowline-19534332,nhd-72978130,
aspen,flowline,nhd-flowline-19534341,nhd-165828979,
aspen,flowline,nhd-flowline-19534370,nhd-165834078,
aspen,flowline,nhd-flowline-19534411,nhd-165831705,
aspen,flowline,nhd-flowline-19534418,nhd-72963088,
aspen,flowline,nhd-flowline-19534421,nhd-72975306,
aspen,flowline,nhd-flowline-19534428,nhd-72969592,Roaring Fork River
aspen,flowline,nhd-flowline-19534439,nhd-165827561,
aspen,flowline,nhd-flowline-19534442,nhd-72975006,Roaring Fork River
aspen,flowline,nhd-flowline-19534463,nhd-165818326,
aspen,flowline,nhd-flowline-19534480,nhd-165833276,
aspen,flowline,nhd-flowline-19535196,nhd-165833849,
aspen,flowline,nhd-flowline-19535209,nhd-72969732,Lincoln Creek
aspen,flowline,nhd-flowline-19535344,nhd-72963388,
aspen,flowline,nhd-flowline-19535371,nhd-165830222,
aspen,flowline,nhd-flowline-19535376,nhd-72971542,
aspen,flowline,nhd-flowline-19535379,nhd-165828985,
aspen,flowline,nhd-flowline-19535389,nhd-165823534,
aspen,flowline,nhd-flowline-19535399,nhd-165831026,
aspen,flowline,nhd-flowline-19535407,nhd-165833972,Spruce Creek
aspen,flowline,nhd-flowline-19535410,nhd-165828622,
aspen,flowline,nhd-flowline-19535420,nhd-165833754,Elk Creek Ditch Number 2
aspen,flowline,nhd-flowline-19535433,nhd-165830139,
aspen,flowline,nhd-flowline-19535436,nhd-165832477,
aspen,flowline,nhd-flowline-19535454,nhd-165830496,
aspen,flowline,nhd-flowline-19535465,nhd-165821634,
aspen,flowline,nhd-flowline-19535471,nhd-72969476,
aspen,flowline,nhd-flowline-19535483,nhd-165817101,
aspen,flowline,nhd-flowline-19535498,nhd-165831029,
aspen,flowline,nhd-flowline-19535510,nhd-165831344,Roaring Fork River
aspen,flowline,nhd-flowline-19535524,nhd-165833284,
aspen,flowline,nhd-flowline-19535526,nhd-165829650,
aspen,flowline,nhd-flowline-19535539,nhd-165834835,
aspen,flowline,nhd-flowline-19535544,nhd-165834244,
aspen,flowline,nhd-flowline-19535595,nhd-165830649,
aspen,flowline,nhd-flowline-19535596,nhd-165833566,
aspen,flowline,nhd-flowline-19535599,nhd-165822240,
aspen,flowline,nhd-flowline-19637870,nhd-72972402,
aspen,flowline,nhd-flowline-19707951,nhd-159069504,
aspen,flowline,nhd-flowline-19707990,nhd-159069637,
aspen,flowline,nhd-flowline-19758404,nhd-165834663,Difficult Creek
aspen,flowline,nhd-flowline-19758414,nhd-165826135,
aspen,flowline,nhd-flowline-19758418,nhd-72975190,Bruin Creek
aspen,flowline,nhd-flowline-19758419,nhd-165834276,
aspen,flowline,nhd-flowline-19758422,nhd-165835078,McFarlane Creek
aspen,flowline,nhd-flowline-19758432,nhd-165831071,
aspen,flowline,nhd-flowline-19758461,nhd-165833988,North Fork Crystal River
aspen,flowline,nhd-flowline-19758468,nhd-165831191,
aspen,flowline,nhd-flowline-19758490,nhd-165834529,
aspen,flowline,nhd-flowline-19758494,nhd-72969092,
aspen,flowline,nhd-flowline-19758498,nhd-72968378,Conundrum Creek
aspen,flowline,nhd-flowline-19758502,nhd-72969208,
aspen,flowline,nhd-flowline-19758514,nhd-165833738,Woody Creek
aspen,flowline,nhd-flowline-19758536,nhd-165835075,East Snowmass Creek
aspen,flowline,nhd-flowline-19758547,nhd-165834827,
aspen,flowline,nhd-flowline-19759363,nhd-165827043,
aspen,flowline,nhd-flowline-19759458,nhd-165829196,
aspen,flowline,nhd-flowline-19759514,nhd-72971370,
aspen,flowline,nhd-flowline-19759554,nhd-165835795,
aspen,flowline,nhd-flowline-19759570,nhd-72971420,West Maroon Creek
aspen,flowline,nhd-flowline-19759585,nhd-165830642,
aspen,flowline,nhd-flowline-19759596,nhd-165820817,
aspen,flowline,nhd-flowline-19759602,nhd-165832114,
aspen,flowline,nhd-flowline-19759614,nhd-72965132,Snowmass Creek
aspen,flowline,nhd-flowline-19759648,nhd-165830669,Spring Creek
aspen,flowline,nhd-flowline-19759657,nhd-165824431,
aspen,flowline,nhd-flowline-19759667,nhd-165821510,
aspen,flowline,nhd-flowline-19759672,nhd-72968396,Difficult Creek
aspen,flowline,nhd-flowline-19759676,nhd-165817109,
aspen,flowline,nhd-flowline-19759682,nhd-165834573,
aspen,flowline,nhd-flowline-19759707,nhd-165819595,
aspen,flowline,nhd-flowline-19759709,nhd-165829164,
aspen,flowline,nhd-flowline-19759719,nhd-165829216,
aspen,flowline,nhd-flowline-19759723,nhd-165825571,
aspen,flowline,nhd-flowline-19759726,nhd-72981540,Coleman Creek
aspen,flowline,nhd-flowline-19759735,nhd-72980754,
aspen,flowline,nhd-flowline-19759751,nhd-72980766,
aspen,flowline,nhd-flowline-19759757,nhd-72972502,South Fork Fryingpan River
aspen,flowline,nhd-flowline-19759762,nhd-72965032,
aspen,flowline,nhd-flowline-19759766,nhd-165823437,
aspen,flowline,nhd-flowline-19759776,nhd-165834408,
aspen,flowline,nhd-flowline-19759852,nhd-165830557,
aspen,flowline,nhd-flowline-19759904,nhd-165832819,
aspen,flowline,nhd-flowline-19813212,nhd-165833808,
aspen,flowline,nhd-flowline-19817071,nhd-159069564,Bowman Creek
aspen,flowline,nhd-flowline-19840992,nhd-72963590,
aspen,flowline,nhd-flowline-19864665,nhd-65880921,
aspen,flowline,nhd-flowline-19933302,nhd-159069589,
aspen,flowline,nhd-flowline-19947411,nhd-159067978,
aspen,flowline,nhd-flowline-19983972,nhd-165834336,
aspen,flowline,nhd-flowline-19983984,nhd-72975236,Galena Creek
aspen,flowline,nhd-flowline-19983992,nhd-165830579,
aspen,flowline,nhd-flowline-19983993,nhd-165832446,
aspen,flowline,nhd-flowline-19984006,nhd-165831812,
aspen,flowline,nhd-flowline-19984032,nhd-72975252,
aspen,flowline,nhd-flowline-19984036,nhd-165820437,
aspen,flowline,nhd-flowline-19984051,nhd-165833815,
aspen,flowline,nhd-flowline-19984056,nhd-165833258,
aspen,flowline,nhd-flowline-19984065,nhd-72983340,
aspen,flowline,nhd-flowline-19984068,nhd-72983344,
aspen,flowline,nhd-flowline-19984107,nhd-165833930,
aspen,flowline,nhd-flowline-19984108,nhd-165831590,
aspen,flowline,nhd-flowline-19984114,nhd-165833630,Hannon Creek
aspen,flowline,nhd-flowline-19984126,nhd-165833856,
aspen,flowline,nhd-flowline-19984136,nhd-165821767,
aspen,flowline,nhd-flowline-19984147,nhd-165834944,Snowmass Creek
aspen,flowline,nhd-flowline-19984955,nhd-165834547,
aspen,flowline,nhd-flowline-19984972,nhd-72983238,Brush Creek Ditch
aspen,flowline,nhd-flowline-19985050,nhd-165819945,
aspen,flowline,nhd-flowline-19985108,nhd-72972546,
aspen,flowline,nhd-flowline-19985113,nhd-165821746,
aspen,flowline,nhd-flowline-19985116,nhd-165835734,
aspen,flowline,nhd-flowline-19985138,nhd-72971272,
aspen,flowline,nhd-flowline-19985139,nhd-165834130,
aspen,flowline,nhd-flowline-19985151,nhd-165828972,
aspen,flowline,nhd-flowline-19985162,nhd-165833475,
aspen,flowline,nhd-flowline-19985177,nhd-165827444,
aspen,flowline,nhd-flowline-19985183,nhd-165825525,Wildcat Creek
aspen,flowline,nhd-flowline-19985210,nhd-165834608,
aspen,flowline,nhd-flowline-19985258,nhd-72969444,
aspen,flowline,nhd-flowline-19985262,nhd-165833672,Wildcat Creek
aspen,flowline,nhd-flowline-19985264,nhd-165831807,
aspen,flowline,nhd-flowline-19985275,nhd-165835470,
aspen,flowline,nhd-flowline-19985282,nhd-165831457,
aspen,flowline,nhd-flowline-19985288,nhd-165819097,
aspen,flowline,nhd-flowline-19985289,nhd-165819573,
aspen,flowline,nhd-flowline-19985298,nhd-165817242,
aspen,flowline,nhd-flowline-19985300,nhd-72963550,Roaring Fork River
aspen,flowline,nhd-flowline-19985315,nhd-72978114,Collins Creek
aspen,flowline,nhd-flowline-19985327,nhd-165833832,Willow Creek
aspen,flowline,nhd-flowline-19985396,nhd-72964740,Nickelson Creek
aspen,flowline,nhd-flowline-19985427,nhd-165827435,
aspen,flowline,nhd-flowline-19985490,nhd-165824153,
aspen,flowline,nhd-flowline-19985501,nhd-165834533,
aspen,flowline,nhd-flowline-20050980,nhd-165834149,
aspen,flowline,nhd-flowline-20052376,nhd-165834418,
aspen,flowline,nhd-flowline-20065323,nhd-65879851,
aspen,flowline,nhd-flowline-20090775,nhd-65879451,
aspen,flowline,nhd-flowline-20158302,nhd-65878203,
aspen,flowline,nhd-flowline-20158364,nhd-159069492,
aspen,flowline,nhd-flowline-20158418,nhd-159069558,
aspen,flowline,nhd-flowline-20168669,nhd-159069437,
aspen,flowline,nhd-flowline-20209004,nhd-165834233,
aspen,flowline,nhd-flowline-20209007,nhd-165820116,
aspen,flowline,nhd-flowline-20209015,nhd-72980278,Cataract Creek
aspen,flowline,nhd-flowline-20209057,nhd-72969052,Owl Creek
aspen,flowline,nhd-flowline-20209060,nhd-165834795,Conundrum Creek
aspen,flowline,nhd-flowline-20209076,nhd-72979040,North Fork Crystal River
aspen,flowline,nhd-flowline-20209088,nhd-165824187,Owl Creek
aspen,flowline,nhd-flowline-20209090,nhd-165833670,Lemond Ditch
aspen,flowline,nhd-flowline-20209113,nhd-72968772,Cooper Fork Cooper Creek
aspen,flowline,nhd-flowline-20209118,nhd-165829034,Hunter Creek
aspen,flowline,nhd-flowline-20209159,nhd-165833177,
aspen,flowline,nhd-flowline-20209160,nhd-165833464,
aspen,flowline,nhd-flowline-20209161,nhd-165831767,
aspen,flowline,nhd-flowline-20209168,nhd-72975010,Roaring Fork River
aspen,flowline,nhd-flowline-20209196,nhd-72975184,
aspen,flowline,nhd-flowline-20209212,nhd-165826482,
aspen,flowline,nhd-flowline-20209962,nhd-165834209,Roaring Fork River
aspen,flowline,nhd-flowline-20210026,nhd-165820818,
aspen,flowline,nhd-flowline-20210067,nhd-72975174,
aspen,flowline,nhd-flowline-20210116,nhd-72969680,
aspen,flowline,nhd-flowline-20210125,nhd-165822100,
aspen,flowline,nhd-flowline-20210156,nhd-165836035,Wildcat Creek
aspen,flowline,nhd-flowline-20210158,nhd-165827557,
aspen,flowline,nhd-flowline-20210203,nhd-165831403,
aspen,flowline,nhd-flowline-20210262,nhd-165830095,Lost Man Creek
aspen,flowline,nhd-flowline-20210268,nhd-165822251,
aspen,flowline,nhd-flowline-20210284,nhd-165834538,
aspen,flowline,nhd-flowline-20210295,nhd-165817743,
aspen,flowline,nhd-flowline-20210301,nhd-165834628,
aspen,flowline,nhd-flowline-20210334,nhd-165826584,
aspen,flowline,nhd-flowline-20210347,nhd-72980398,
aspen,flowline,nhd-flowline-20210360,nhd-165828951,
aspen,flowline,nhd-flowline-20210384,nhd-165833158,
aspen,flowline,nhd-flowline-20210441,nhd-165827436,
aspen,flowline,nhd-flowline-20210478,nhd-165834606,
aspen,flowline,nhd-flowline-20291917,nhd-FE20E31E-2282-4B5B-BCF8-DCBF5BE2E217,Herrick Ditch
aspen,flowline,nhd-flowline-20312183,nhd-165823958,Red Mountain Ditch
aspen,flowline,nhd-flowline-20315324,nhd-65880891,
aspen,flowline,nhd-flowline-20382723,nhd-159072462,Tellurium Creek
aspen,flowline,nhd-flowline-20382762,nhd-159069607,
aspen,flowline,nhd-flowline-20397840,nhd-133046205,
aspen,flowline,nhd-flowline-20432760,nhd-165827866,
aspen,flowline,nhd-flowline-20432764,nhd-72980998,Conundrum Creek
aspen,flowline,nhd-flowline-20432784,nhd-72968478,Castle Creek
aspen,flowline,nhd-flowline-20432791,nhd-165834574,
aspen,flowline,nhd-flowline-20432831,nhd-165823418,
aspen,flowline,nhd-flowline-20432851,nhd-165816910,
aspen,flowline,nhd-flowline-20432900,nhd-165829179,
aspen,flowline,nhd-flowline-20432902,nhd-165834215,
aspen,flowline,nhd-flowline-20432919,nhd-165833825,Sawyer Creek
aspen,flowline,nhd-flowline-20432933,nhd-165821052,
aspen,flowline,nhd-flowline-20432934,nhd-165834654,
aspen,flowline,nhd-flowline-20433671,nhd-165826670,
aspen,flowline,nhd-flowline-20433696,nhd-165832454,
aspen,flowline,nhd-flowline-20433744,nhd-165831050,
aspen,flowline,nhd-flowline-20433773,nhd-165833348,
aspen,flowline,nhd-flowline-20433774,nhd-165827555,
aspen,flowline,nhd-flowline-20433799,nhd-72980908,
aspen,flowline,nhd-flowline-20433869,nhd-165831498,Conundrum Creek
aspen,flowline,nhd-flowline-20433873,nhd-72969294,
aspen,flowline,nhd-flowline-20433881,nhd-165830621,
aspen,flowline,nhd-flowline-20433906,nhd-165826629,
aspen,flowline,nhd-flowline-20433919,nhd-165827678,
aspen,flowline,nhd-flowline-20433922,nhd-165834087,
aspen,flowline,nhd-flowline-20433930,nhd-72962918,
aspen,flowline,nhd-flowline-20433941,nhd-165818928,
aspen,flowline,nhd-flowline-20433942,nhd-165834145,
aspen,flowline,nhd-flowline-20433946,nhd-165821056,Hunter Creek
aspen,flowline,nhd-flowline-20433947,nhd-165835836,
aspen,flowline,nhd-flowline-20433948,nhd-165833500,
aspen,flowline,nhd-flowline-20433950,nhd-165828384,
aspen,flowline,nhd-flowline-20433959,nhd-165829147,
aspen,flowline,nhd-flowline-20433960,nhd-165830945,
aspen,flowline,nhd-flowline-20433978,nhd-165829012,
aspen,flowline,nhd-flowline-20433986,nhd-165832461,
aspen,flowline,nhd-flowline-20433999,nhd-165821969,
aspen,flowline,nhd-flowline-20434003,nhd-165826703,
aspen,flowline,nhd-flowline-20434013,nhd-165834124,South Fork Fryingpan River
aspen,flowline,nhd-flowline-20434033,nhd-165833212,
aspen,flowline,nhd-flowline-20434045,nhd-72972584,
aspen,flowline,nhd-flowline-20434055,nhd-72969576,
aspen,flowline,nhd-flowline-20434070,nhd-165827324,
aspen,flowline,nhd-flowline-20434084,nhd-72972472,
aspen,flowline,nhd-flowline-20434159,nhd-72968566,Sandy Creek
aspen,flowline,nhd-flowline-20434186,nhd-165834546,
aspen,flowline,nhd-flowline-20501261,nhd-72969500,East Fork Brush Creek
aspen,flowline,nhd-flowline-20501286,nhd-F94E859A-0A19-4C4E-9762-9A38E6F5DD00,
aspen,flowline,nhd-flowline-20501298,nhd-165830491,
aspen,flowline,nhd-flowline-20516206,nhd-65879855,Copper Creek
aspen,flowline,nhd-flowline-20516377,nhd-72978226,Woody Creek
aspen,flowline,nhd-flowline-20536756,nhd-165821753,Red Mountain Ditch
aspen,flowline,nhd-flowline-20539854,nhd-65880843,
aspen,flowline,nhd-flowline-20657057,nhd-165819587,
aspen,flowline,nhd-flowline-20657069,nhd-165831799,
aspen,flowline,nhd-flowline-20657073,nhd-72975144,New York Creek
aspen,flowline,nhd-flowline-20657106,nhd-72971526,West Maroon Creek
aspen,flowline,nhd-flowline-20657109,nhd-72968530,Conundrum Creek
aspen,flowline,nhd-flowline-20657115,nhd-165833451,
aspen,flowline,nhd-flowline-20657136,nhd-165829014,
aspen,flowline,nhd-flowline-20657140,nhd-72978166,
aspen,flowline,nhd-flowline-20657168,nhd-165830178,
aspen,flowline,nhd-flowline-20657199,nhd-165833857,
aspen,flowline,nhd-flowline-20657203,nhd-165833525,
aspen,flowline,nhd-flowline-20657205,nhd-165830007,Maroon Creek
aspen,flowline,nhd-flowline-20657206,nhd-165829972,
aspen,flowline,nhd-flowline-20657215,nhd-72963438,
aspen,flowline,nhd-flowline-20657216,nhd-72969002,Brush Creek
aspen,flowline,nhd-flowline-20657217,nhd-165819103,
aspen,flowline,nhd-flowline-20657236,nhd-72981268,
aspen,flowline,nhd-flowline-20657244,nhd-165833446,
aspen,flowline,nhd-flowline-20657249,nhd-72981348,Midway Creek
aspen,flowline,nhd-flowline-20657250,nhd-165826684,
aspen,flowline,nhd-flowline-20657259,nhd-72972680,Lost Man Creek
aspen,flowline,nhd-flowline-20657994,nhd-72968628,
aspen,flowline,nhd-flowline-20658050,nhd-165827931,
aspen,flowline,nhd-flowline-20658072,nhd-165835986,
aspen,flowline,nhd-flowline-20658073,nhd-5AE90429-9FED-4109-A83B-D9DD14F52E84,East Snowmass Creek
aspen,flowline,nhd-flowline-20658116,nhd-165833790,
aspen,flowline,nhd-flowline-20658178,nhd-72980378,Lost Man Creek
aspen,flowline,nhd-flowline-20658188,nhd-165833709,
aspen,flowline,nhd-flowline-20658192,nhd-165834038,
aspen,flowline,nhd-flowline-20658210,nhd-165817958,
aspen,flowline,nhd-flowline-20658217,nhd-165828731,Lincoln Creek
aspen,flowline,nhd-flowline-20658224,nhd-165817628,
aspen,flowline,nhd-flowline-20658242,nhd-165833162,
aspen,flowline,nhd-flowline-20658256,nhd-165823831,
aspen,flowline,nhd-flowline-20658268,nhd-165828097,
aspen,flowline,nhd-flowline-20658283,nhd-72969818,
aspen,flowline,nhd-flowline-20658298,nhd-165828495,West Snowmass Creek
aspen,flowline,nhd-flowline-20658303,nhd-72972182,
aspen,flowline,nhd-flowline-20658316,nhd-72972444,
aspen,flowline,nhd-flowline-20658338,nhd-165826128,
aspen,flowline,nhd-flowline-20658339,nhd-165836000,
aspen,flowline,nhd-flowline-20658353,nhd-165834768,Cataract Creek
aspen,flowline,nhd-flowline-20658381,nhd-72968640,Express Creek
aspen,flowline,nhd-flowline-20658401,nhd-165833407,Hunter Creek
aspen,flowline,nhd-flowline-20658414,nhd-165823506,
aspen,flowline,nhd-flowline-20658446,nhd-165833535,
aspen,flowline,nhd-flowline-20658461,nhd-165819953,
aspen,flowline,nhd-flowline-20658497,nhd-165833838,
aspen,flowline,nhd-flowline-20658520,nhd-165832467,
aspen,flowline,nhd-flowline-20658549,nhd-165833940,
aspen,flowline,nhd-flowline-20725202,nhd-72969332,West Willow Creek
aspen,flowline,nhd-flowline-20729900,nhd-159069582,Bowman Creek
aspen,flowline,nhd-flowline-20831098,nhd-159069495,
aspen,flowline,nhd-flowline-20831114,nhd-65881047,
aspen,flowline,nhd-flowline-20881184,nhd-165834096,
aspen,flowline,nhd-flowline-20881185,nhd-165835801,
aspen,flowline,nhd-flowline-20881194,nhd-165819964,
aspen,flowline,nhd-flowline-20881197,nhd-72969788,
aspen,flowline,nhd-flowline-20881206,nhd-165830226,
aspen,flowline,nhd-flowline-20881209,nhd-72980944,South Fork Fryingpan River
aspen,flowline,nhd-flowline-20881222,nhd-165826572,
aspen,flowline,nhd-flowline-20881228,nhd-165829657,
aspen,flowline,nhd-flowline-20881232,nhd-165833489,
aspen,flowline,nhd-flowline-20881237,nhd-165831116,
aspen,flowline,nhd-flowline-20881272,nhd-72968934,Brush Creek
aspen,flowline,nhd-flowline-20881310,nhd-165819101,
aspen,flowline,nhd-flowline-20881325,nhd-165826630,
aspen,flowline,nhd-flowline-20881328,nhd-165826600,
aspen,flowline,nhd-flowline-20881347,nhd-165830529,
aspen,flowline,nhd-flowline-20882118,nhd-165833906,
aspen,flowline,nhd-flowline-20882121,nhd-165832257,
aspen,flowline,nhd-flowline-20882197,nhd-165827568,
aspen,flowline,nhd-flowline-20882295,nhd-165834403,
aspen,flowline,nhd-flowline-20882349,nhd-165831772,
aspen,flowline,nhd-flowline-20882356,nhd-72972706,Lost Man Creek
aspen,flowline,nhd-flowline-20882407,nhd-72963160,
aspen,flowline,nhd-flowline-20882412,nhd-72968488,
aspen,flowline,nhd-flowline-20882418,nhd-165834035,
aspen,flowline,nhd-flowline-20882443,nhd-165827479,
aspen,flowline,nhd-flowline-20882455,nhd-72975288,Truro Creek
aspen,flowline,nhd-flowline-20882462,nhd-165827967,
aspen,flowline,nhd-flowline-20882474,nhd-72997050,West Maroon Creek
aspen,flowline,nhd-flowline-20882481,nhd-165823023,
aspen,flowline,nhd-flowline-20882482,nhd-165833844,
aspen,flowline,nhd-flowline-20882553,nhd-165831148,
aspen,flowline,nhd-flowline-20882555,nhd-72969740,
aspen,flowline,nhd-flowline-20882594,nhd-72971524,East Maroon Creek
aspen,flowline,nhd-flowline-20936365,nhd-72981298,Woody Creek
aspen,flowline,nhd-flowline-20939621,nhd-72963284,
aspen,flowline,nhd-flowline-20949223,nhd-165818422,
aspen,flowline,nhd-flowline-20953875,nhd-163086897,
aspen,flowline,nhd-flowline-21055341,nhd-159067934,
aspen,flowline,nhd-flowline-21105847,nhd-72968932,Brush Creek
aspen,flowline,nhd-flowline-21105862,nhd-165819829,
aspen,flowline,nhd-flowline-21105879,nhd-165834509,Roaring Fork River
aspen,flowline,nhd-flowline-21105886,nhd-165818331,
aspen,flowline,nhd-flowline-21105894,nhd-165831576,
aspen,flowline,nhd-flowline-21105900,nhd-165832465,
aspen,flowline,nhd-flowline-21105905,nhd-165819596,
aspen,flowline,nhd-flowline-21105919,nhd-165827505,
aspen,flowline,nhd-flowline-21105934,nhd-165833207,Snowmass Creek
aspen,flowline,nhd-flowline-21105955,nhd-72965016,
aspen,flowline,nhd-flowline-21105958,nhd-165829741,
aspen,flowline,nhd-flowline-21105968,nhd-165833314,
aspen,flowline,nhd-flowline-21105970,nhd-165833243,
aspen,flowline,nhd-flowline-21105987,nhd-165832910,
aspen,flowline,nhd-flowline-21105994,nhd-165827567,
aspen,flowline,nhd-flowline-21106004,nhd-72962942,
aspen,flowline,nhd-flowline-21106045,nhd-165823565,
aspen,flowline,nhd-flowline-21106840,nhd-165832512,
aspen,flowline,nhd-flowline-21106893,nhd-165834447,
aspen,flowline,nhd-flowline-21106894,nhd-165835218,Rock Creek
aspen,flowline,nhd-flowline-21106935,nhd-72969640,
aspen,flowline,nhd-flowline-21106954,nhd-165819583,
aspen,flowline,nhd-flowline-21106961,nhd-165832658,
aspen,flowline,nhd-flowline-21106966,nhd-72975342,
aspen,flowline,nhd-flowline-21106990,nhd-165832904,
aspen,flowline,nhd-flowline-21107008,nhd-72971540,West Maroon Creek
aspen,flowline,nhd-flowline-21107041,nhd-165831694,
aspen,flowline,nhd-flowline-21107044,nhd-165822466,
aspen,flowline,nhd-flowline-21107056,nhd-165827545,
aspen,flowline,nhd-flowline-21107083,nhd-165833615,
aspen,flowline,nhd-flowline-21107088,nhd-165828974,
aspen,flowline,nhd-flowline-21107101,nhd-165833604,
aspen,flowline,nhd-flowline-21107114,nhd-72963124,
aspen,flowline,nhd-flowline-21107115,nhd-72971268,
aspen,flowline,nhd-flowline-21107127,nhd-72971240,
aspen,flowline,nhd-flowline-21107136,nhd-72979224,
aspen,flowline,nhd-flowline-21107156,nhd-165832650,
aspen,flowline,nhd-flowline-21107157,nhd-165826540,
aspen,flowline,nhd-flowline-21107177,nhd-165834581,Snowmass Creek
aspen,flowline,nhd-flowline-21188790,nhd-165831427,Woody Creek
aspen,flowline,nhd-flowline-21209576,nhd-72981490,Midway Creek
aspen,flowline,nhd-flowline-21212673,nhd-159069562,Pine Creek
aspen,flowline,nhd-flowline-21280404,nhd-159067952,
aspen,flowline,nhd-flowline-21330954,nhd-165834895,
aspen,flowline,nhd-flowline-21330956,nhd-72972522,
aspen,flowline,nhd-flowline-21330964,nhd-165833264,
aspen,flowline,nhd-flowline-21330965,nhd-165831303,Lincoln Creek
aspen,flowline,nhd-flowline-21330978,nhd-165834676,
aspen,flowline,nhd-flowline-21330979,nhd-165829170,
aspen,flowline,nhd-flowline-21330982,nhd-165826628,
aspen,flowline,nhd-flowline-21330992,nhd-165835207,
aspen,flowline,nhd-flowline-21330998,nhd-165832277,
aspen,flowline,nhd-flowline-21331018,nhd-72963462,Castle Creek
aspen,flowline,nhd-flowline-21331021,nhd-165834444,
aspen,flowline,nhd-flowline-21331031,nhd-165830018,
aspen,flowline,nhd-flowline-21331032,nhd-165831144,
aspen,flowline,nhd-flowline-21331038,nhd-165834485,
aspen,flowline,nhd-flowline-21331051,nhd-165831058,
aspen,flowline,nhd-flowline-21331059,nhd-165831480,Silver Creek
aspen,flowline,nhd-flowline-21331070,nhd-165827920,
aspen,flowline,nhd-flowline-21331087,nhd-72980910,Brush Creek
aspen,flowline,nhd-flowline-21331089,nhd-165831580,
aspen,flowline,nhd-flowline-21331123,nhd-165834389,
aspen,flowline,nhd-flowline-21331125,nhd-165832506,
aspen,flowline,nhd-flowline-21331142,nhd-72962760,
aspen,flowline,nhd-flowline-21331158,nhd-165834560,
aspen,flowline,nhd-flowline-21331163,nhd-165833780,
aspen,flowline,nhd-flowline-21331939,nhd-165833774,
aspen,flowline,nhd-flowline-21331940,nhd-165830633,
aspen,flowline,nhd-flowline-21331982,nhd-72981388,
aspen,flowline,nhd-flowline-21332019,nhd-72975024,
aspen,flowline,nhd-flowline-21332068,nhd-165819100,
aspen,flowline,nhd-flowline-21332140,nhd-165834333,
aspen,flowline,nhd-flowline-21332149,nhd-72969786,Lincoln Gulch Connection Canal
aspen,flowline,nhd-flowline-21332154,nhd-165834692,
aspen,flowline,nhd-flowline-21332174,nhd-165835507,
aspen,flowline,nhd-flowline-21332224,nhd-165820106,
aspen,flowline,nhd-flowline-21332239,nhd-165823536,
aspen,flowline,nhd-flowline-21332244,nhd-72979302,
aspen,flowline,nhd-flowline-21332253,nhd-165820314,
aspen,flowline,nhd-flowline-21332258,nhd-165831035,
aspen,flowline,nhd-flowline-21332267,nhd-165832579,Lemond Ditch
aspen,flowline,nhd-flowline-21332277,nhd-72975188,Difficult Creek
aspen,flowline,nhd-flowline-21332288,nhd-165831297,
aspen,flowline,nhd-flowline-21332292,nhd-165829013,
aspen,flowline,nhd-flowline-21332319,nhd-72972612,
aspen,flowline,nhd-flowline-21332331,nhd-165828532,Fall Creek
aspen,flowline,nhd-flowline-21332346,nhd-165827690,
aspen,flowline,nhd-flowline-21332379,nhd-72963344,
aspen,flowline,nhd-flowline-21332426,nhd-72971512,
aspen,flowline,nhd-flowline-21332434,nhd-72968780,
aspen,flowline,nhd-flowline-21332441,nhd-165828464,
aspen,flowline,nhd-flowline-21332458,nhd-165829007,Casaday Creek
aspen,flowline,nhd-flowline-21332485,nhd-72978376,
aspen,flowline,nhd-flowline-21403852,nhd-163087645,
aspen,flowline,nhd-flowline-21413967,nhd-165831412,
aspen,flowline,nhd-flowline-21413971,nhd-72963248,Salvation Ditch
aspen,flowline,nhd-flowline-21434419,nhd-165833758,Red Mountain Ditch
aspen,flowline,nhd-flowline-21504958,nhd-159068234,
aspen,flowline,nhd-flowline-21554755,nhd-72964444,
aspen,flowline,nhd-flowline-21554756,nhd-72981376,No Name Creek
aspen,flowline,nhd-flowline-21554757,nhd-165832485,Tabor Creek
aspen,flowline,nhd-flowline-21554782,nhd-165836031,
aspen,flowline,nhd-flowline-21554785,nhd-165823546,
aspen,flowline,nhd-flowline-21554788,nhd-165831499,Conundrum Creek
aspen,flowline,nhd-flowline-21554789,nhd-165831318,
aspen,flowline,nhd-flowline-21554794,nhd-72972712,
aspen,flowline,nhd-flowline-21554802,nhd-165823950,
aspen,flowline,nhd-flowline-21554811,nhd-165826679,
aspen,flowline,nhd-flowline-21554838,nhd-165833516,
aspen,flowline,nhd-flowline-21554871,nhd-165833415,Elk Creek Ditch
aspen,flowline,nhd-flowline-21554884,nhd-165823431,
aspen,flowline,nhd-flowline-21554887,nhd-165824236,
aspen,flowline,nhd-flowline-21554900,nhd-72971398,East Maroon Creek
aspen,flowline,nhd-flowline-21554906,nhd-165834728,East Maroon Creek
aspen,flowline,nhd-flowline-21554927,nhd-165828459,
aspen,flowline,nhd-flowline-21554933,nhd-72980886,Roaring Fork River
aspen,flowline,nhd-flowline-21554945,nhd-165824162,
aspen,flowline,nhd-flowline-21554947,nhd-72968456,
aspen,flowline,nhd-flowline-21554952,nhd-165834831,
aspen,flowline,nhd-flowline-21554957,nhd-165832973,
aspen,flowline,nhd-flowline-21555018,nhd-72981390,
aspen,flowline,nhd-flowline-21555182,nhd-72969752,Lincoln Creek
aspen,flowline,nhd-flowline-21555731,nhd-72969750,
aspen,flowline,nhd-flowline-21555868,nhd-165831956,
aspen,flowline,nhd-flowline-21555907,nhd-72969290,Maroon Creek
aspen,flowline,nhd-flowline-21555924,nhd-72972398,South Fork Fryingpan River
aspen,flowline,nhd-flowline-21555949,nhd-72975362,
aspen,flowline,nhd-flowline-21555989,nhd-72971328,East Maroon Creek
aspen,flowline,nhd-flowline-21555999,nhd-165820109,
aspen,flowline,nhd-flowline-21556011,nhd-72962998,
aspen,flowline,nhd-flowline-21556013,nhd-165835843,
aspen,flowline,nhd-flowline-21556058,nhd-165832462,
aspen,flowline,nhd-flowline-21556060,nhd-165825861,
aspen,flowline,nhd-flowline-21556061,nhd-165834225,Ptarmigan Creek
aspen,flowline,nhd-flowline-21556073,nhd-165834737,Snowmass Creek
aspen,flowline,nhd-flowline-21556086,nhd-165834603,
aspen,flowline,nhd-flowline-21556088,nhd-165833462,
aspen,flowline,nhd-flowline-21556108,nhd-72975238,
aspen,flowline,nhd-flowline-21556124,nhd-165818779,
aspen,flowline,nhd-flowline-21556130,nhd-165831596,
aspen,flowline,nhd-flowline-21556210,nhd-165819830,
aspen,flowline,nhd-flowline-21556247,nhd-165816917,
aspen,flowline,nhd-flowline-21556248,nhd-165818073,
aspen,flowline,nhd-flowline-21622102,nhd-165835205,
aspen,flowline,nhd-flowline-21628438,nhd-163086505,
aspen,flowline,nhd-flowline-21638574,nhd-65883441,
aspen,flowline,nhd-flowline-21659356,nhd-72978918,Snowmass Creek
aspen,flowline,nhd-flowline-21662419,nhd-65878791,Taylor River
aspen,flowline,nhd-flowline-21662444,nhd-65878201,
aspen,flowline,nhd-flowline-21729853,nhd-159067922,
aspen,flowline,nhd-flowline-21729882,nhd-159067932,
aspen,flowline,nhd-flowline-21729930,nhd-65878227,
aspen,flowline,nhd-flowline-21780065,nhd-165833529,
aspen,flowline,nhd-flowline-21780071,nhd-165826619,
aspen,flowline,nhd-flowline-21780087,nhd-165834420,
aspen,flowline,nhd-flowline-21780098,nhd-165827565,
aspen,flowline,nhd-flowline-21780102,nhd-165819160,
aspen,flowline,nhd-flowline-21780109,nhd-72975132,
aspen,flowline,nhd-flowline-21780112,nhd-165831910,
aspen,flowline,nhd-flowline-21780140,nhd-165833840,Galena Creek
aspen,flowline,nhd-flowline-21780143,nhd-165829165,
aspen,flowline,nhd-flowline-21780150,nhd-165831300,Hunter Creek
aspen,flowline,nhd-flowline-21780170,nhd-165824178,
aspen,flowline,nhd-flowline-21780210,nhd-165820311,
aspen,flowline,nhd-flowline-21780211,nhd-165830933,
aspen,flowline,nhd-flowline-21780224,nhd-72978148,
aspen,flowline,nhd-flowline-21780225,nhd-165829000,
aspen,flowline,nhd-flowline-21780234,nhd-165834614,
aspen,flowline,nhd-flowline-21780238,nhd-72963346,
aspen,flowline,nhd-flowline-21780923,nhd-165832940,
aspen,flowline,nhd-flowline-21780948,nhd-72975260,
aspen,flowline,nhd-flowline-21780964,nhd-165833620,
aspen,flowline,nhd-flowline-21781027,nhd-165816923,
aspen,flowline,nhd-flowline-21781029,nhd-165819580,
aspen,flowline,nhd-flowline-21781030,nhd-165833179,
aspen,flowline,nhd-flowline-21781130,nhd-165825197,
aspen,flowline,nhd-flowline-21781155,nhd-72971344,
aspen,flowline,nhd-flowline-21781157,nhd-72963478,
aspen,flowline,nhd-flowline-21781167,nhd-165834960,
aspen,flowline,nhd-flowline-21781185,nhd-165834445,
aspen,flowline,nhd-flowline-21781189,nhd-165829710,
aspen,flowline,nhd-flowline-21781198,nhd-165833530,
aspen,flowline,nhd-flowline-21781224,nhd-165835076,East Snowmass Creek
aspen,flowline,nhd-flowline-21781235,nhd-72964844,Snowmass Creek
aspen,flowline,nhd-flowline-21781251,nhd-72980772,
aspen,flowline,nhd-flowline-21781257,nhd-165832890,
aspen,flowline,nhd-flowline-21781262,nhd-165818196,
aspen,flowline,nhd-flowline-21781275,nhd-165826702,Lost Man Creek
aspen,flowline,nhd-flowline-21781288,nhd-165831619,
aspen,flowline,nhd-flowline-21781301,nhd-165829652,
aspen,flowline,nhd-flowline-21781302,nhd-165833800,
aspen,flowline,nhd-flowline-21781303,nhd-165834770,
aspen,flowline,nhd-flowline-21781306,nhd-165820312,
aspen,flowline,nhd-flowline-21781308,nhd-165833507,
aspen,flowline,nhd-flowline-21781320,nhd-72971228,
aspen,flowline,nhd-flowline-21781334,nhd-165834720,Castle Creek
aspen,flowline,nhd-flowline-21781354,nhd-165821502,
aspen,flowline,nhd-flowline-21781355,nhd-165833140,
aspen,flowline,nhd-flowline-21781357,nhd-72972356,South Fork Fryingpan River
aspen,flowline,nhd-flowline-21835861,nhd-165826676,
aspen,flowline,nhd-flowline-21835940,nhd-72969796,Lincoln Creek
aspen,flowline,nhd-flowline-21839750,nhd-65880877,Bowman Creek
aspen,flowline,nhd-flowline-21848899,nhd-72981554,
aspen,flowline,nhd-flowline-21863776,nhd-72978234,Woody Creek
aspen,flowline,nhd-flowline-22005329,nhd-72979288,East Fork South Fork Crystal River
aspen,flowline,nhd-flowline-22005331,nhd-165821070,
aspen,flowline,nhd-flowline-22005340,nhd-165818298,
aspen,flowline,nhd-flowline-22005346,nhd-165830059,
aspen,flowline,nhd-flowline-22005354,nhd-165825867,Brush Creek
aspen,flowline,nhd-flowline-22005371,nhd-165834742,
aspen,flowline,nhd-flowline-22005395,nhd-165829040,
aspen,flowline,nhd-flowline-22005406,nhd-165834643,New York Creek
aspen,flowline,nhd-flowline-22005421,nhd-165836176,Fall Creek
aspen,flowline,nhd-flowline-22005439,nhd-165834163,
aspen,flowline,nhd-flowline-22005455,nhd-72963570,
aspen,flowline,nhd-flowline-22005457,nhd-72964972,Snowmass Creek
aspen,flowline,nhd-flowline-22005475,nhd-72962778,
aspen,flowline,nhd-flowline-22005476,nhd-165833333,
aspen,flowline,nhd-flowline-22005487,nhd-165827551,
aspen,flowline,nhd-flowline-22005509,nhd-165830057,
aspen,flowline,nhd-flowline-22006286,nhd-165832965,
aspen,flowline,nhd-flowline-22006322,nhd-72972594,
aspen,flowline,nhd-flowline-22006421,nhd-165817756,
aspen,flowline,nhd-flowline-22006422,nhd-165832659,
aspen,flowline,nhd-flowline-22006459,nhd-165827933,
aspen,flowline,nhd-flowline-22006466,nhd-165832505,Castle Creek
aspen,flowline,nhd-flowline-22006467,nhd-165834227,
aspen,flowline,nhd-flowline-22006511,nhd-165833463,
aspen,flowline,nhd-flowline-22006512,nhd-165833710,
aspen,flowline,nhd-flowline-22006523,nhd-165829643,
aspen,flowline,nhd-flowline-22006559,nhd-72969652,
aspen,flowline,nhd-flowline-22006564,nhd-165820295,Woody Creek
aspen,flowline,nhd-flowline-22006573,nhd-72965134,
aspen,flowline,nhd-flowline-22006577,nhd-72981482,
aspen,flowline,nhd-flowline-22006578,nhd-165834843,
aspen,flowline,nhd-flowline-22006579,nhd-165835486,
aspen,flowline,nhd-flowline-22006590,nhd-165831193,
aspen,flowline,nhd-flowline-22006593,nhd-72962886,
aspen,flowline,nhd-flowline-22006605,nhd-72971400,
aspen,flowline,nhd-flowline-22006608,nhd-72962940,
aspen,flowline,nhd-flowline-22006615,nhd-72978212,
aspen,flowline,nhd-flowline-22006635,nhd-72979218,
aspen,flowline,nhd-flowline-22006637,nhd-165826544,
aspen,flowline,nhd-flowline-22006644,nhd-165829096,
aspen,flowline,nhd-flowline-22006653,nhd-165834948,North Fork Crystal River
aspen,flowline,nhd-flowline-22006664,nhd-165835993,
aspen,flowline,nhd-flowline-22073872,nhd-165819531,
aspen,flowline,nhd-flowline-22073888,nhd-F548EA5B-39DA-4137-8D00-AA392E765438,East Fork Brush Creek
aspen,flowline,nhd-flowline-22078573,nhd-159069565,Bowman Creek
aspen,flowline,nhd-flowline-22079088,nhd-163086894,
aspen,flowline,nhd-flowline-22079562,nhd-133046170,
aspen,flowline,nhd-flowline-22229536,nhd-165834616,
aspen,flowline,nhd-flowline-22229553,nhd-165819095,
aspen,flowline,nhd-flowline-22229592,nhd-72979294,South Fork Crystal River
aspen,flowline,nhd-flowline-22229593,nhd-165829113,
aspen,flowline,nhd-flowline-22229602,nhd-72963402,
aspen,flowline,nhd-flowline-22229609,nhd-165823024,Roaring Fork River
aspen,flowline,nhd-flowline-22229617,nhd-165827051,
aspen,flowline,nhd-flowline-22229621,nhd-165829210,
aspen,flowline,nhd-flowline-22229648,nhd-72975334,
aspen,flowline,nhd-flowline-22229680,nhd-165834945,Woody Creek
aspen,flowline,nhd-flowline-22229681,nhd-165831735,
aspen,flowline,nhd-flowline-22229696,nhd-165832481,East Snowmass Creek
aspen,flowline,nhd-flowline-22229714,nhd-165819943,
aspen,flowline,nhd-flowline-22229735,nhd-165832918,
aspen,flowline,nhd-flowline-22229788,nhd-165824814,Sawmill Creek
aspen,flowline,nhd-flowline-22230461,nhd-165832315,
aspen,flowline,nhd-flowline-22230624,nhd-72964820,
aspen,flowline,nhd-flowline-22230639,nhd-165832581,Lemond Ditch
aspen,flowline,nhd-flowline-22230673,nhd-72963434,
aspen,flowline,nhd-flowline-22230687,nhd-165816903,
aspen,flowline,nhd-flowline-22230688,nhd-165819535,
aspen,flowline,nhd-flowline-22230690,nhd-165829742,
aspen,flowline,nhd-flowline-22230695,nhd-165835466,
aspen,flowline,nhd-flowline-22230732,nhd-165833907,
aspen,flowline,nhd-flowline-22230739,nhd-165822359,Collins Creek
aspen,flowline,nhd-flowline-22230747,nhd-165832895,
aspen,flowline,nhd-flowline-22230755,nhd-165834114,
aspen,flowline,nhd-flowline-22230764,nhd-165831766,
aspen,flowline,nhd-flowline-22230776,nhd-165832945,
aspen,flowline,nhd-flowline-22230783,nhd-165834903,
aspen,flowline,nhd-flowline-22230787,nhd-165834253,
aspen,flowline,nhd-flowline-22230789,nhd-165828944,
aspen,flowline,nhd-flowline-22230791,nhd-165834283,Tabor Creek
aspen,flowline,nhd-flowline-22230794,nhd-72964658,
aspen,flowline,nhd-flowline-22230803,nhd-165833910,
aspen,flowline,nhd-flowline-22230856,nhd-72968624,Castle Creek
aspen,flowline,nhd-flowline-22230896,nhd-165834103,Roaring Fork River
aspen,flowline,nhd-flowline-22230910,nhd-165833866,
aspen,flowline,nhd-flowline-22230951,nhd-165834760,Willow Creek
aspen,flowline,nhd-flowline-22288703,nhd-165831055,
aspen,flowline,nhd-flowline-22296381,nhd-165833951,
aspen,flowline,nhd-flowline-22297789,nhd-165831091,West Willow Creek
aspen,flowline,nhd-flowline-22297816,nhd-130F09B3-AC0E-476B-ACBC-6891C3EE7961,Willow and Owl Ditch
aspen,flowline,nhd-flowline-22312488,nhd-65879839,Copper Creek
aspen,flowline,nhd-flowline-22333184,nhd-72968444,Conundrum Creek
aspen,flowline,nhd-flowline-22453978,nhd-72963082,Maroon Creek
aspen,flowline,nhd-flowline-22453979,nhd-165817525,
aspen,flowline,nhd-flowline-22453984,nhd-165834741,
aspen,flowline,nhd-flowline-22454002,nhd-165829174,
aspen,flowline,nhd-flowline-22454012,nhd-72963224,Castle Creek
aspen,flowline,nhd-flowline-22454015,nhd-165826257,
aspen,flowline,nhd-flowline-22454045,nhd-72975064,
aspen,flowline,nhd-flowline-22454053,nhd-165833624,
aspen,flowline,nhd-flowline-22454115,nhd-165834776,
aspen,flowline,nhd-flowline-22454136,nhd-72968920,
aspen,flowline,nhd-flowline-22454148,nhd-165836191,
aspen,flowline,nhd-flowline-22454149,nhd-165833532,
aspen,flowline,nhd-flowline-22454163,nhd-165828732,Lincoln Creek
aspen,flowline,nhd-flowline-22454167,nhd-72969754,Lincoln Creek
aspen,flowline,nhd-flowline-22454906,nhd-165818332,
aspen,flowline,nhd-flowline-22454918,nhd-165821061,
aspen,flowline,nhd-flowline-22454934,nhd-165834305,
aspen,flowline,nhd-flowline-22455112,nhd-165831908,
aspen,flowline,nhd-flowline-22455172,nhd-165834162,
aspen,flowline,nhd-flowline-22455173,nhd-165834601,
aspen,flowline,nhd-flowline-22455182,nhd-165832897,
aspen,flowline,nhd-flowline-22455185,nhd-165820115,
aspen,flowline,nhd-flowline-22455219,nhd-165831079,
aspen,flowline,nhd-flowline-22455242,nhd-165819529,
aspen,flowline,nhd-flowline-22455250,nhd-165816919,
aspen,flowline,nhd-flowline-22455251,nhd-165833244,
aspen,flowline,nhd-flowline-22455267,nhd-72968464,
aspen,flowline,nhd-flowline-22455283,nhd-165820157,
aspen,flowline,nhd-flowline-22455294,nhd-165818296,
aspen,flowline,nhd-flowline-22455315,nhd-165833248,
aspen,flowline,nhd-flowline-22455319,nhd-72971246,
aspen,flowline,nhd-flowline-22455336,nhd-72971506,
aspen,flowline,nhd-flowline-22455346,nhd-165833232,
aspen,flowline,nhd-flowline-22455348,nhd-165827208,
aspen,flowline,nhd-flowline-22455356,nhd-165821007,
aspen,flowline,nhd-flowline-22455357,nhd-165831821,
aspen,flowline,nhd-flowline-22455360,nhd-72962914,
aspen,flowline,nhd-flowline-22455414,nhd-165834951,
aspen,flowline,nhd-flowline-22455450,nhd-165834458,
aspen,flowline,nhd-flowline-22522070,nhd-165831829,Willow Creek
aspen,flowline,nhd-flowline-22527150,nhd-163087190,
aspen,flowline,nhd-flowline-22535057,nhd-159067975,
aspen,flowline,nhd-flowline-22560424,nhd-159069601,
aspen,flowline,nhd-flowline-22627500,nhd-159069731,
aspen,flowline,nhd-flowline-22627576,nhd-159068445,
aspen,flowline,nhd-flowline-22627577,nhd-159069537,
aspen,flowline,nhd-flowline-22627634,nhd-159069596,Tellurium Creek
aspen,flowline,nhd-flowline-22677354,nhd-165831808,
aspen,flowline,nhd-flowline-22677368,nhd-165833220,
aspen,flowline,nhd-flowline-22677381,nhd-165831256,
aspen,flowline,nhd-flowline-22677383,nhd-165826585,
aspen,flowline,nhd-flowline-22677390,nhd-165823700,
aspen,flowline,nhd-flowline-22677394,nhd-165834401,
aspen,flowline,nhd-flowline-22677397,nhd-165833818,
aspen,flowline,nhd-flowline-22677429,nhd-165819521,
aspen,flowline,nhd-flowline-22677436,nhd-165833926,
aspen,flowline,nhd-flowline-22677437,nhd-165819077,
aspen,flowline,nhd-flowline-22677457,nhd-165827499,
aspen,flowline,nhd-flowline-22677466,nhd-165833482,East Snowmass Creek
aspen,flowline,nhd-flowline-22677506,nhd-165832494,Conundrum Creek
aspen,flowline,nhd-flowline-22677526,nhd-165826687,
aspen,flowline,nhd-flowline-22678294,nhd-165818419,Maroon Creek
aspen,flowline,nhd-flowline-22678344,nhd-72983294,
aspen,flowline,nhd-flowline-22678397,nhd-165834358,
aspen,flowline,nhd-flowline-22678533,nhd-165826677,
aspen,flowline,nhd-flowline-22678538,nhd-72969496,Brush Creek
aspen,flowline,nhd-flowline-22678543,nhd-72963338,
aspen,flowline,nhd-flowline-22678545,nhd-72963422,Castle Creek
aspen,flowline,nhd-flowline-22678566,nhd-72971404,East Maroon Creek
aspen,flowline,nhd-flowline-22678592,nhd-72963594,
aspen,flowline,nhd-flowline-22678609,nhd-165826885,Difficult Creek
aspen,flowline,nhd-flowline-22678620,nhd-72983330,Brush Creek
aspen,flowline,nhd-flowline-22678623,nhd-72969438,
aspen,flowline,nhd-flowline-22678624,nhd-72963432,Castle Creek
aspen,flowline,nhd-flowline-22678632,nhd-165834308,
aspen,flowline,nhd-flowline-22678635,nhd-165834793,
aspen,flowline,nhd-flowline-22678640,nhd-165828736,
aspen,flowline,nhd-flowline-22678644,nhd-165832891,
aspen,flowline,nhd-flowline-22678661,nhd-165822970,
aspen,flowline,nhd-flowline-22678670,nhd-165820998,
aspen,flowline,nhd-flowline-22678676,nhd-165827493,
aspen,flowline,nhd-flowline-22678726,nhd-165833943,
aspen,flowline,nhd-flowline-22678787,nhd-72969746,
aspen,flowline,nhd-flowline-22678796,nhd-165823696,
aspen,flowline,nhd-flowline-22745747,nhd-165817953,East Fork Brush Creek
aspen,flowline,nhd-flowline-22745749,nhd-165836091,
aspen,flowline,nhd-flowline-22745751,nhd-72969172,East Fork Brush Creek
aspen,flowline,nhd-flowline-22784527,nhd-65880935,Pine Creek
aspen,flowline,nhd-flowline-22784529,nhd-159069438,
aspen,flowline,nhd-flowline-22851715,nhd-65878211,
aspen,flowline,nhd-flowline-22851878,nhd-159069494,
aspen,flowline,nhd-flowline-22854922,nhd-165821006,
aspen,flowline,nhd-flowline-22902113,nhd-72981012,
aspen,flowline,nhd-flowline-22902117,nhd-165823719,
aspen,flowline,nhd-flowline-22902122,nhd-72968744,Castle Creek
aspen,flowline,nhd-flowline-22902125,nhd-165831817,
aspen,flowline,nhd-flowline-22902137,nhd-165832905,
aspen,flowline,nhd-flowline-22902148,nhd-165834665,
aspen,flowline,nhd-flowline-22902160,nhd-165833669,Lemond Ditch
aspen,flowline,nhd-flowline-22902171,nhd-72980290,Hunter Creek
aspen,flowline,nhd-flowline-22902194,nhd-72968754,
aspen,flowline,nhd-flowline-22902249,nhd-72963294,
aspen,flowline,nhd-flowline-22902261,nhd-72981238,
aspen,flowline,nhd-flowline-22902264,nhd-165835478,
aspen,flowline,nhd-flowline-22902267,nhd-165833253,
aspen,flowline,nhd-flowline-22902273,nhd-165833145,
aspen,flowline,nhd-flowline-22902276,nhd-165832120,
aspen,flowline,nhd-flowline-22902289,nhd-165829729,
aspen,flowline,nhd-flowline-22902290,nhd-165825526,
aspen,flowline,nhd-flowline-22903040,nhd-72968522,
aspen,flowline,nhd-flowline-22903230,nhd-165832580,Lemond Ditch
aspen,flowline,nhd-flowline-22903244,nhd-165831486,Lost Man Creek
aspen,flowline,nhd-flowline-22903248,nhd-165825568,
aspen,flowline,nhd-flowline-22903282,nhd-165818322,
aspen,flowline,nhd-flowline-22903286,nhd-165834123,
aspen,flowline,nhd-flowline-22903307,nhd-165830734,
aspen,flowline,nhd-flowline-22903317,nhd-165833861,
aspen,flowline,nhd-flowline-22903330,nhd-165834888,
aspen,flowline,nhd-flowline-22903335,nhd-72969254,
aspen,flowline,nhd-flowline-22903340,nhd-72964962,West Snowmass Creek
aspen,flowline,nhd-flowline-22903341,nhd-165832665,
aspen,flowline,nhd-flowline-22903353,nhd-165832515,Tabor Creek
aspen,flowline,nhd-flowline-22903359,nhd-72963430,
aspen,flowline,nhd-flowline-22903369,nhd-165819590,
aspen,flowline,nhd-flowline-22903380,nhd-165834745,
aspen,flowline,nhd-flowline-22903385,nhd-165828868,
aspen,flowline,nhd-flowline-22903389,nhd-165829183,
aspen,flowline,nhd-flowline-22903417,nhd-165833231,
aspen,flowline,nhd-flowline-22903473,nhd-165831687,
aspen,flowline,nhd-flowline-22903503,nhd-165832119,
aspen,flowline,nhd-flowline-22960983,nhd-165834296,
aspen,flowline,nhd-flowline-22969128,nhd-165829087,
aspen,flowline,nhd-flowline-22970516,nhd-165833120,
aspen,flowline,nhd-flowline-22970519,nhd-165831491,Willow Creek
aspen,flowline,nhd-flowline-22975693,nhd-163087376,
aspen,flowline,nhd-flowline-22976668,nhd-133042646,
aspen,flowline,nhd-flowline-23077171,nhd-159068337,
aspen,flowline,nhd-flowline-23077183,nhd-159069539,
aspen,flowline,nhd-flowline-23127198,nhd-165823569,
aspen,flowline,nhd-flowline-23127220,nhd-72963490,
aspen,flowline,nhd-flowline-23127222,nhd-165827547,
aspen,flowline,nhd-flowline-23127224,nhd-165834076,
aspen,flowline,nhd-flowline-23127227,nhd-165834184,
aspen,flowline,nhd-flowline-23127262,nhd-165834108,Silver Creek
aspen,flowline,nhd-flowline-23127275,nhd-165833705,
aspen,flowline,nhd-flowline-23127284,nhd-72963292,
aspen,flowline,nhd-flowline-23127292,nhd-165834815,East Snowmass Creek
aspen,flowline,nhd-flowline-23127312,nhd-165833447,East Maroon Creek
aspen,flowline,nhd-flowline-23127326,nhd-165820111,
aspen,flowline,nhd-flowline-23127328,nhd-165832027,
aspen,flowline,nhd-flowline-23127329,nhd-165835172,
aspen,flowline,nhd-flowline-23127338,nhd-165816918,
aspen,flowline,nhd-flowline-23127345,nhd-72978916,
aspen,flowline,nhd-flowline-23127353,nhd-165823526,
aspen,flowline,nhd-flowline-23127357,nhd-72963170,
aspen,flowline,nhd-flowline-23127361,nhd-165833765,
aspen,flowline,nhd-flowline-23128116,nhd-72972586,
aspen,flowline,nhd-flowline-23128132,nhd-72975028,
aspen,flowline,nhd-flowline-23128192,nhd-72979022,North Fork Crystal River
aspen,flowline,nhd-flowline-23128316,nhd-165834273,
aspen,flowline,nhd-flowline-23128328,nhd-165831009,
aspen,flowline,nhd-flowline-23128330,nhd-165834463,
aspen,flowline,nhd-flowline-23128340,nhd-165832488,Columbia Creek
aspen,flowline,nhd-flowline-23128342,nhd-165834390,
aspen,flowline,nhd-flowline-23128343,nhd-165830770,
aspen,flowline,nhd-flowline-23128346,nhd-165831022,
aspen,flowline,nhd-flowline-23128349,nhd-165827318,
aspen,flowline,nhd-flowline-23128355,nhd-72962950,
aspen,flowline,nhd-flowline-23128371,nhd-165826686,
aspen,flowline,nhd-flowline-23128377,nhd-72968890,
aspen,flowline,nhd-flowline-23128379,nhd-165834188,Hunter Creek
aspen,flowline,nhd-flowline-23128391,nhd-165830087,
aspen,flowline,nhd-flowline-23128392,nhd-165833937,
aspen,flowline,nhd-flowline-23128405,nhd-165833321,
aspen,flowline,nhd-flowline-23128407,nhd-165834169,Wilbur Creek
aspen,flowline,nhd-flowline-23128423,nhd-72968786,Castle Creek
aspen,flowline,nhd-flowline-23128427,nhd-165834382,
aspen,flowline,nhd-flowline-23128450,nhd-165830658,East Snowmass Creek
aspen,flowline,nhd-flowline-23128453,nhd-166906332,
aspen,flowline,nhd-flowline-23128454,nhd-165835797,
aspen,flowline,nhd-flowline-23128473,nhd-165834586,
aspen,flowline,nhd-flowline-23128474,nhd-165835095,
aspen,flowline,nhd-flowline-23128490,nhd-165832115,
aspen,flowline,nhd-flowline-23128498,nhd-165834698,East Snowmass Creek
aspen,flowline,nhd-flowline-23128669,nhd-165831473,
aspen,flowline,nhd-flowline-23195071,nhd-72963268,
aspen,flowline,nhd-flowline-23195108,nhd-165834424,
aspen,flowline,nhd-flowline-23200716,nhd-163086465,
aspen,flowline,nhd-flowline-23301008,nhd-159069493,
aspen,flowline,nhd-flowline-23301091,nhd-159068360,
aspen,flowline,nhd-flowline-23318910,nhd-159067982,
aspen,flowline,nhd-flowline-23351092,nhd-72978184,
aspen,flowline,nhd-flowline-23351095,nhd-72962958,
aspen,flowline,nhd-flowline-23351096,nhd-72971466,Conundrum Creek
aspen,flowline,nhd-flowline-23351102,nhd-165831145,
aspen,flowline,nhd-flowline-23351104,nhd-165830058,
aspen,flowline,nhd-flowline-23351120,nhd-165827042,
aspen,flowline,nhd-flowline-23351123,nhd-165818308,
aspen,flowline,nhd-flowline-23351125,nhd-165828360,
aspen,flowline,nhd-flowline-23351133,nhd-165821755,
aspen,flowline,nhd-flowline-23351138,nhd-165834808,Snowmass Creek
aspen,flowline,nhd-flowline-23351149,nhd-165830016,
aspen,flowline,nhd-flowline-23351163,nhd-165830498,
aspen,flowline,nhd-flowline-23351178,nhd-165832916,
aspen,flowline,nhd-flowline-23351182,nhd-165822263,
aspen,flowline,nhd-flowline-23351183,nhd-72969152,East Snowmass Creek
aspen,flowline,nhd-flowline-23351198,nhd-72965144,
aspen,flowline,nhd-flowline-23351201,nhd-165830762,
aspen,flowline,nhd-flowline-23351228,nhd-165835719,Sawyer Creek
aspen,flowline,nhd-flowline-23351229,nhd-165834392,
aspen,flowline,nhd-flowline-23351235,nhd-165836037,
aspen,flowline,nhd-flowline-23351285,nhd-165818479,Castle Creek
aspen,flowline,nhd-flowline-23351997,nhd-165818327,
aspen,flowline,nhd-flowline-23352027,nhd-165833855,
aspen,flowline,nhd-flowline-23352075,nhd-165832511,
aspen,flowline,nhd-flowline-23352140,nhd-165826823,
aspen,flowline,nhd-flowline-23352144,nhd-165832600,West Snowmass Creek
aspen,flowline,nhd-flowline-23352151,nhd-165826685,
aspen,flowline,nhd-flowline-23352184,nhd-165834122,
aspen,flowline,nhd-flowline-23352185,nhd-72975112,Lincoln Creek
aspen,flowline,nhd-flowline-23352214,nhd-165827878,
aspen,flowline,nhd-flowline-23352231,nhd-165832930,
aspen,flowline,nhd-flowline-23352236,nhd-165830582,
aspen,flowline,nhd-flowline-23352251,nhd-72971434,East Maroon Creek
aspen,flowline,nhd-flowline-23352267,nhd-165818483,Willow Creek
aspen,flowline,nhd-flowline-23352271,nhd-165831076,
aspen,flowline,nhd-flowline-23352272,nhd-165831803,
aspen,flowline,nhd-flowline-23352285,nhd-165834679,
aspen,flowline,nhd-flowline-23352289,nhd-72969738,
aspen,flowline,nhd-flowline-23352360,nhd-165824188,Castle Creek
aspen,flowline,nhd-flowline-23352366,nhd-165827335,
aspen,flowline,nhd-flowline-23352373,nhd-165830739,
aspen,flowline,nhd-flowline-23352401,nhd-165831615,
aspen,flowline,nhd-flowline-23352418,nhd-165831806,
aspen,flowline,nhd-flowline-23352419,nhd-165834612,Castle Creek
aspen,flowline,nhd-flowline-23352421,nhd-165828087,
aspen,flowline,nhd-flowline-23352424,nhd-165829180,
aspen,flowline,nhd-flowline-23352428,nhd-165834441,
aspen,flowline,nhd-flowline-23352439,nhd-72969502,
aspen,flowline,nhd-flowline-23352472,nhd-165831762,
aspen,flowline,nhd-flowline-23352481,nhd-165836014,
aspen,flowline,nhd-flowline-23352483,nhd-165818926,
aspen,flowline,nhd-flowline-23352611,nhd-165822092,
aspen,flowline,nhd-flowline-23455093,nhd-165830673,West Fork Brush Creek
aspen,flowline,nhd-flowline-23458164,nhd-159069525,
aspen,flowline,nhd-flowline-23458173,nhd-159069468,Pine Creek
aspen,flowline,nhd-flowline-23575698,nhd-72962964,
aspen,flowline,nhd-flowline-23575711,nhd-165828083,
aspen,flowline,nhd-flowline-23575757,nhd-72971322,East Maroon Creek
aspen,flowline,nhd-flowline-23575775,nhd-165835038,Snowmass Creek
aspen,flowline,nhd-flowline-23575787,nhd-72981526,Coleman Creek
aspen,flowline,nhd-flowline-23575802,nhd-165836041,
aspen,flowline,nhd-flowline-23575817,nhd-165834689,Snowmass Creek
aspen,flowline,nhd-flowline-23575833,nhd-165830580,
aspen,flowline,nhd-flowline-23575858,nhd-165834300,Roaring Fork River
aspen,flowline,nhd-flowline-23575866,nhd-165833336,
aspen,flowline,nhd-flowline-23575869,nhd-72975168,New York Creek
aspen,flowline,nhd-flowline-23575872,nhd-165834992,
aspen,flowline,nhd-flowline-23575882,nhd-165831016,
aspen,flowline,nhd-flowline-23575892,nhd-72969358,
aspen,flowline,nhd-flowline-23575909,nhd-165832900,
aspen,flowline,nhd-flowline-23576615,nhd-72968734,
aspen,flowline,nhd-flowline-23576616,nhd-72981316,
aspen,flowline,nhd-flowline-23576623,nhd-72964318,Capitol Creek
aspen,flowline,nhd-flowline-23576652,nhd-165834316,
aspen,flowline,nhd-flowline-23576740,nhd-165830671,New York Collection Canal
aspen,flowline,nhd-flowline-23576772,nhd-72969814,Roaring Fork River
aspen,flowline,nhd-flowline-23576819,nhd-165826567,
aspen,flowline,nhd-flowline-23576822,nhd-165831460,South Fork Fryingpan River
aspen,flowline,nhd-flowline-23576829,nhd-165826683,
aspen,flowline,nhd-flowline-23576846,nhd-165822236,
aspen,flowline,nhd-flowline-23576853,nhd-165827570,
aspen,flowline,nhd-flowline-23576862,nhd-165833149,
aspen,flowline,nhd-flowline-23576863,nhd-165834366,
aspen,flowline,nhd-flowline-23576871,nhd-165834427,
aspen,flowline,nhd-flowline-23576899,nhd-165832283,
aspen,flowline,nhd-flowline-23576954,nhd-165833938,
aspen,flowline,nhd-flowline-23576964,nhd-72965188,Nickelson Creek
aspen,flowline,nhd-flowline-23576978,nhd-165826826,
aspen,flowline,nhd-flowline-23577011,nhd-165825901,
aspen,flowline,nhd-flowline-23577017,nhd-165818776,
aspen,flowline,nhd-flowline-23577020,nhd-165827317,
aspen,flowline,nhd-flowline-23577024,nhd-165820135,
aspen,flowline,nhd-flowline-23577025,nhd-165830148,
aspen,flowline,nhd-flowline-23577034,nhd-165831809,
aspen,flowline,nhd-flowline-23577046,nhd-165826809,
aspen,flowline,nhd-flowline-23577161,nhd-165833301,
aspen,flowline,nhd-flowline-23577162,nhd-165835482,
aspen,flowline,nhd-flowline-23577181,nhd-165833864,
aspen,flowline,nhd-flowline-23643542,nhd-165835135,
aspen,flowline,nhd-flowline-23682273,nhd-159069326,
aspen,flowline,nhd-flowline-23800523,nhd-72971280,West Maroon Creek
aspen,flowline,nhd-flowline-23800525,nhd-165819947,
aspen,flowline,nhd-flowline-23800530,nhd-165835796,East Maroon Creek
aspen,flowline,nhd-flowline-23800533,nhd-165833929,
aspen,flowline,nhd-flowline-23800540,nhd-165834930,North Fork Crystal River
aspen,flowline,nhd-flowline-23800572,nhd-165834232,
aspen,flowline,nhd-flowline-23800615,nhd-165818294,
aspen,flowline,nhd-flowline-23800625,nhd-72971418,
aspen,flowline,nhd-flowline-23800651,nhd-72975258,
aspen,flowline,nhd-flowline-23800652,nhd-72981228,Woody Creek
aspen,flowline,nhd-flowline-23800675,nhd-72965060,Snowmass Creek
aspen,flowline,nhd-flowline-23800687,nhd-165832476,New York Collection Canal
aspen,flowline,nhd-flowline-23800703,nhd-72997052,
aspen,flowline,nhd-flowline-23800705,nhd-165831754,
aspen,flowline,nhd-flowline-23800707,nhd-72979140,
aspen,flowline,nhd-flowline-23800715,nhd-72962922,
aspen,flowline,nhd-flowline-23800717,nhd-165821074,
aspen,flowline,nhd-flowline-23800719,nhd-72975020,Roaring Fork River
aspen,flowline,nhd-flowline-23800720,nhd-165823305,
aspen,flowline,nhd-flowline-23800724,nhd-72980322,Difficult Creek
aspen,flowline,nhd-flowline-23801521,nhd-72968426,
aspen,flowline,nhd-flowline-23801527,nhd-72972106,Spruce Creek
aspen,flowline,nhd-flowline-23801528,nhd-165826254,Nickelson Creek
aspen,flowline,nhd-flowline-23801639,nhd-165827571,
aspen,flowline,nhd-flowline-23801648,nhd-72981578,Ptarmigan Creek
aspen,flowline,nhd-flowline-23801652,nhd-165821002,
aspen,flowline,nhd-flowline-23801663,nhd-165819533,
aspen,flowline,nhd-flowline-23801664,nhd-165830015,
aspen,flowline,nhd-flowline-23801679,nhd-165834135,
aspen,flowline,nhd-flowline-23801691,nhd-165834662,Difficult Creek
aspen,flowline,nhd-flowline-23801729,nhd-72971358,Conundrum Creek
aspen,flowline,nhd-flowline-23801745,nhd-72968470,Conundrum Creek
aspen,flowline,nhd-flowline-23801766,nhd-165827927,
aspen,flowline,nhd-flowline-23801779,nhd-165824397,Hunter Creek
aspen,flowline,nhd-flowline-23801791,nhd-165823935,Snowmass Creek
aspen,flowline,nhd-flowline-23801792,nhd-165827871,
aspen,flowline,nhd-flowline-23801817,nhd-165832448,Spruce Creek
aspen,flowline,nhd-flowline-23801830,nhd-165833389,
aspen,flowline,nhd-flowline-23801832,nhd-165834511,Rock Creek
aspen,flowline,nhd-flowline-23801844,nhd-72965214,
aspen,flowline,nhd-flowline-23801845,nhd-72969722,Lincoln Creek
aspen,flowline,nhd-flowline-23801854,nhd-165832815,Maroon Creek
aspen,flowline,nhd-flowline-23801856,nhd-165829733,
aspen,flowline,nhd-flowline-23801863,nhd-165831588,
aspen,flowline,nhd-flowline-23801893,nhd-165817949,Hunter Creek
aspen,flowline,nhd-flowline-23801941,nhd-165834636,
aspen,flowline,nhd-flowline-23802003,nhd-165833153,
aspen,flowline,nhd-flowline-23867769,nhd-165831611,
aspen,flowline,nhd-flowline-23874206,nhd-159069579,Bowman Creek
aspen,flowline,nhd-flowline-23905079,nhd-72972382,
aspen,flowline,nhd-flowline-23908130,nhd-159069552,
aspen,flowline,nhd-flowline-23908191,nhd-159069501,
aspen,flowline,nhd-flowline-23908204,nhd-65881055,
aspen,flowline,nhd-flowline-23975446,nhd-159068707,
aspen,flowline,nhd-flowline-23975513,nhd-65880943,Tellurium Creek
aspen,flowline,nhd-flowline-24025609,nhd-165830180,
aspen,flowline,nhd-flowline-24025610,nhd-72963044,Maroon Creek
aspen,flowline,nhd-flowline-24025624,nhd-165831472,
aspen,flowline,nhd-flowline-24025647,nhd-165826661,
aspen,flowline,nhd-flowline-24025652,nhd-165829758,Elk Creek Ditch
aspen,flowline,nhd-flowline-24025657,nhd-165822586,
aspen,flowline,nhd-flowline-24025670,nhd-165834764,Columbia Creek
aspen,flowline,nhd-flowline-24025695,nhd-165828619,
aspen,flowline,nhd-flowline-24025705,nhd-72981302,
aspen,flowline,nhd-flowline-24025723,nhd-165822241,
aspen,flowline,nhd-flowline-24025725,nhd-165823532,
aspen,flowline,nhd-flowline-24025734,nhd-165832473,
aspen,flowline,nhd-flowline-24025747,nhd-72983308,
aspen,flowline,nhd-flowline-24025755,nhd-72978870,
aspen,flowline,nhd-flowline-24025782,nhd-165822269,
aspen,flowline,nhd-flowline-24025783,nhd-165827155,
aspen,flowline,nhd-flowline-24025790,nhd-165827700,
aspen,flowline,nhd-flowline-24025796,nhd-165819959,
aspen,flowline,nhd-flowline-24026505,nhd-165830136,
aspen,flowline,nhd-flowline-24026527,nhd-19CCC9C4-C0C4-4205-A7C9-FCB37B749381,
aspen,flowline,nhd-flowline-24026682,nhd-165834617,Devaney Creek
aspen,flowline,nhd-flowline-24026689,nhd-165833607,West Maroon Creek
aspen,flowline,nhd-flowline-24026706,nhd-165834448,
aspen,flowline,nhd-flowline-24026731,nhd-165827198,
aspen,flowline,nhd-flowline-24026735,nhd-165834328,
aspen,flowline,nhd-flowline-24026738,nhd-72968978,Brush Creek
aspen,flowline,nhd-flowline-24026752,nhd-165833318,
aspen,flowline,nhd-flowline-24026759,nhd-165833541,
aspen,flowline,nhd-flowline-24026784,nhd-165834368,
aspen,flowline,nhd-flowline-24026788,nhd-165833606,West Maroon Creek
aspen,flowline,nhd-flowline-24026793,nhd-165827459,
aspen,flowline,nhd-flowline-24026806,nhd-72972416,
aspen,flowline,nhd-flowline-24026816,nhd-165833343,
aspen,flowline,nhd-flowline-24026833,nhd-165834013,Difficult Creek
aspen,flowline,nhd-flowline-24026837,nhd-72968618,Devaney Creek
aspen,flowline,nhd-flowline-24026851,nhd-165831270,
aspen,flowline,nhd-flowline-24026873,nhd-165823724,
aspen,flowline,nhd-flowline-24026877,nhd-165831346,
aspen,flowline,nhd-flowline-24026878,nhd-165826185,
aspen,flowline,nhd-flowline-24026970,nhd-72963482,Castle Creek
aspen,flowline,nhd-flowline-24026979,nhd-165820575,
aspen,flowline,nhd-flowline-24108417,nhd-159067965,
aspen,flowline,nhd-flowline-24129274,nhd-72965094,
aspen,flowline,nhd-flowline-24129279,nhd-165829644,
aspen,flowline,nhd-flowline-24200651,nhd-159069555,
aspen,flowline,nhd-flowline-24200662,nhd-65879823,
aspen,flowline,nhd-flowline-24200693,nhd-159069523,
aspen,flowline,nhd-flowline-24251041,nhd-165834763,
aspen,flowline,nhd-flowline-24251047,nhd-72981582,
aspen,flowline,nhd-flowline-24251050,nhd-165827205,
aspen,flowline,nhd-flowline-24251059,nhd-165817762,Castle Creek
aspen,flowline,nhd-flowline-24251064,nhd-165831209,
aspen,flowline,nhd-flowline-24251071,nhd-72969584,
aspen,flowline,nhd-flowline-24251123,nhd-72963518,
aspen,flowline,nhd-flowline-24251134,nhd-72975200,
aspen,flowline,nhd-flowline-24251141,nhd-165825567,
aspen,flowline,nhd-flowline-24251170,nhd-165832107,
aspen,flowline,nhd-flowline-24251187,nhd-72962844,
aspen,flowline,nhd-flowline-24251196,nhd-72975072,
aspen,flowline,nhd-flowline-24251201,nhd-165833985,
aspen,flowline,nhd-flowline-24251224,nhd-165829722,
aspen,flowline,nhd-flowline-24251998,nhd-165834664,
aspen,flowline,nhd-flowline-24252053,nhd-165827872,
aspen,flowline,nhd-flowline-24252071,nhd-165834759,
aspen,flowline,nhd-flowline-24252078,nhd-165835763,West Snowmass Creek
aspen,flowline,nhd-flowline-24252164,nhd-165829647,
aspen,flowline,nhd-flowline-24252214,nhd-165828531,East Snowmass Creek
aspen,flowline,nhd-flowline-24252228,nhd-72981488,
aspen,flowline,nhd-flowline-24252235,nhd-165829038,
aspen,flowline,nhd-flowline-24252248,nhd-165834157,South Fork Fryingpan River
aspen,flowline,nhd-flowline-24252252,nhd-165834514,
aspen,flowline,nhd-flowline-24252281,nhd-165833119,
aspen,flowline,nhd-flowline-24252288,nhd-165827566,
aspen,flowline,nhd-flowline-24252289,nhd-165834081,
aspen,flowline,nhd-flowline-24252310,nhd-165833499,
aspen,flowline,nhd-flowline-24252322,nhd-72963286,
aspen,flowline,nhd-flowline-24252330,nhd-165834306,
aspen,flowline,nhd-flowline-24252333,nhd-165821212,North Fork Crystal River
aspen,flowline,nhd-flowline-24252339,nhd-72968928,Brush Creek
aspen,flowline,nhd-flowline-24252340,nhd-165824183,
aspen,flowline,nhd-flowline-24252354,nhd-165831015,
aspen,flowline,nhd-flowline-24252367,nhd-72975156,
aspen,flowline,nhd-flowline-24252370,nhd-165818936,
aspen,flowline,nhd-flowline-24252381,nhd-165826805,
aspen,flowline,nhd-flowline-24252407,nhd-72968888,
aspen,flowline,nhd-flowline-24252533,nhd-72981584,No Name Creek
aspen,flowline,nhd-flowline-24252574,nhd-72975120,Tabor Creek
aspen,flowline,nhd-flowline-24306279,nhd-165831028,
aspen,flowline,nhd-flowline-24310045,nhd-165835780,
aspen,flowline,nhd-flowline-24317424,nhd-165827947,
aspen,flowline,nhd-flowline-24331896,nhd-159067959,
aspen,flowline,nhd-flowline-24354331,nhd-72962934,Red Mountain Ditch
aspen,flowline,nhd-flowline-24425009,nhd-65881053,
aspen,flowline,nhd-flowline-24425011,nhd-159067940,
aspen,flowline,nhd-flowline-24475272,nhd-165820802,
aspen,flowline,nhd-flowline-24475306,nhd-165820315,Wilbur Creek
aspen,flowline,nhd-flowline-24475308,nhd-165829631,
aspen,flowline,nhd-flowline-24475312,nhd-72975204,
aspen,flowline,nhd-flowline-24475325,nhd-72975018,
aspen,flowline,nhd-flowline-24475348,nhd-165826640,
aspen,flowline,nhd-flowline-24475351,nhd-165836015,
aspen,flowline,nhd-flowline-24475369,nhd-165818311,
aspen,flowline,nhd-flowline-24475383,nhd-165819537,
aspen,flowline,nhd-flowline-24475395,nhd-165826485,
aspen,flowline,nhd-flowline-24475401,nhd-165826801,
aspen,flowline,nhd-flowline-24475414,nhd-165829732,
aspen,flowline,nhd-flowline-24475416,nhd-165820285,
aspen,flowline,nhd-flowline-24475417,nhd-72969706,Lincoln Creek
aspen,flowline,nhd-flowline-24475430,nhd-165825884,
aspen,flowline,nhd-flowline-24475440,nhd-165825190,
aspen,flowline,nhd-flowline-24476221,nhd-165827968,
aspen,flowline,nhd-flowline-24476341,nhd-165830229,Roaring Fork River
aspen,flowline,nhd-flowline-24476353,nhd-72964848,
aspen,flowline,nhd-flowline-24476354,nhd-72969192,East Snowmass Creek
aspen,flowline,nhd-flowline-24476384,nhd-165835758,
aspen,flowline,nhd-flowline-24476396,nhd-165834206,
aspen,flowline,nhd-flowline-24476526,nhd-72963038,
aspen,flowline,nhd-flowline-24476544,nhd-165834822,
aspen,flowline,nhd-flowline-24476559,nhd-165830568,
aspen,flowline,nhd-flowline-24476569,nhd-165824238,
aspen,flowline,nhd-flowline-24476620,nhd-165835496,Castle Creek
aspen,flowline,nhd-flowline-24476633,nhd-165823523,
aspen,flowline,nhd-flowline-24476660,nhd-165832902,
aspen,flowline,nhd-flowline-24533966,nhd-72963258,
aspen,flowline,nhd-flowline-24547986,nhd-159069560,Bowman Creek
aspen,flowline,nhd-flowline-24558566,nhd-72963218,Marolt Diich
aspen,flowline,nhd-flowline-24582282,nhd-159069602,
aspen,flowline,nhd-flowline-24583424,nhd-165833478,Conundrum Creek
aspen,flowline,nhd-flowline-24653428,nhd-7E1AE173-6C6E-43C5-BF77-C36EAFFDA718,
aspen,flowline,nhd-flowline-24700667,nhd-165821633,
aspen,flowline,nhd-flowline-24700674,nhd-165834623,
aspen,flowline,nhd-flowline-24700675,nhd-165825515,
aspen,flowline,nhd-flowline-24700679,nhd-72962952,
aspen,flowline,nhd-flowline-24700692,nhd-165835102,South Fork Fryingpan River
aspen,flowline,nhd-flowline-24700695,nhd-165825956,
aspen,flowline,nhd-flowline-24700703,nhd-165834637,Conundrum Creek
aspen,flowline,nhd-flowline-24700716,nhd-165833425,
aspen,flowline,nhd-flowline-24700717,nhd-72979066,
aspen,flowline,nhd-flowline-24700734,nhd-165829149,
aspen,flowline,nhd-flowline-24700766,nhd-165823253,
aspen,flowline,nhd-flowline-24700772,nhd-165827483,
aspen,flowline,nhd-flowline-24700791,nhd-165831025,
aspen,flowline,nhd-flowline-24700792,nhd-72971300,
aspen,flowline,nhd-flowline-24700797,nhd-165826132,
aspen,flowline,nhd-flowline-24700814,nhd-165834426,
aspen,flowline,nhd-flowline-24700816,nhd-165824155,
aspen,flowline,nhd-flowline-24700827,nhd-72963232,
aspen,flowline,nhd-flowline-24700830,nhd-165832034,
aspen,flowline,nhd-flowline-24701108,nhd-165826706,
aspen,flowline,nhd-flowline-24701712,nhd-165827494,
aspen,flowline,nhd-flowline-24701820,nhd-72969826,Lincoln Creek
aspen,flowline,nhd-flowline-24701868,nhd-165830474,
aspen,flowline,nhd-flowline-24701880,nhd-165816921,
aspen,flowline,nhd-flowline-24701903,nhd-165834431,
aspen,flowline,nhd-flowline-24701904,nhd-165834640,
aspen,flowline,nhd-flowline-24701924,nhd-165834154,
aspen,flowline,nhd-flowline-24701927,nhd-165833272,
aspen,flowline,nhd-flowline-24701935,nhd-72965070,Snowmass Creek
aspen,flowline,nhd-flowline-24701941,nhd-165829222,
aspen,flowline,nhd-flowline-24701947,nhd-165834567,
aspen,flowline,nhd-flowline-24701960,nhd-72969610,Roaring Fork River
aspen,flowline,nhd-flowline-24701980,nhd-72969362,
aspen,flowline,nhd-flowline-24702030,nhd-165834744,
aspen,flowline,nhd-flowline-24702034,nhd-165833338,
aspen,flowline,nhd-flowline-24702048,nhd-165826601,
aspen,flowline,nhd-flowline-24756039,nhd-165831200,
aspen,flowline,nhd-flowline-24768687,nhd-165831246,Willow Creek
aspen,flowline,nhd-flowline-24768688,nhd-165827306,
aspen,flowline,nhd-flowline-24768690,nhd-165829901,
aspen,flowline,nhd-flowline-24783666,nhd-165835147,Woody Creek
aspen,flowline,nhd-flowline-24875358,nhd-65880845,
aspen,flowline,nhd-flowline-24875453,nhd-65880833,
aspen,flowline,nhd-flowline-24925937,nhd-165834125,South Fork Fryingpan River
aspen,flowline,nhd-flowline-24925943,nhd-165834892,
aspen,flowline,nhd-flowline-24925962,nhd-72964882,Snowmass Creek
aspen,flowline,nhd-flowline-24925973,nhd-165827695,Casaday Creek
aspen,flowline,nhd-flowline-24925974,nhd-72971212,Maroon Creek
aspen,flowline,nhd-flowline-24925993,nhd-72968976,Snowmass Creek
aspen,flowline,nhd-flowline-24925994,nhd-165834766,
aspen,flowline,nhd-flowline-24926007,nhd-165835785,
aspen,flowline,nhd-flowline-24926013,nhd-165823426,
aspen,flowline,nhd-flowline-24926014,nhd-72969014,Wildcat Creek
aspen,flowline,nhd-flowline-24926020,nhd-72962976,
aspen,flowline,nhd-flowline-24926023,nhd-72963326,
aspen,flowline,nhd-flowline-24926024,nhd-165819108,Castle Creek
aspen,flowline,nhd-flowline-24926037,nhd-165822028,
aspen,flowline,nhd-flowline-24926040,nhd-165827160,
aspen,flowline,nhd-flowline-24926056,nhd-72975198,
aspen,flowline,nhd-flowline-24926104,nhd-165836010,
aspen,flowline,nhd-flowline-24926107,nhd-165833327,
aspen,flowline,nhd-flowline-24926121,nhd-165829735,
aspen,flowline,nhd-flowline-24926136,nhd-165832029,
aspen,flowline,nhd-flowline-24926137,nhd-165832967,
aspen,flowline,nhd-flowline-24926140,nhd-165830750,
aspen,flowline,nhd-flowline-24926396,nhd-165827174,
aspen,flowline,nhd-flowline-24926903,nhd-165834037,
aspen,flowline,nhd-flowline-24926955,nhd-165830114,
aspen,flowline,nhd-flowline-24926994,nhd-165827481,
aspen,flowline,nhd-flowline-24927084,nhd-165829142,
aspen,flowline,nhd-flowline-24927106,nhd-165831744,
aspen,flowline,nhd-flowline-24927110,nhd-72981552,
aspen,flowline,nhd-flowline-24927120,nhd-165835503,
aspen,flowline,nhd-flowline-24927157,nhd-165818475,
aspen,flowline,nhd-flowline-24927164,nhd-165824154,
aspen,flowline,nhd-flowline-24927188,nhd-72981410,
aspen,flowline,nhd-flowline-24927202,nhd-72979312,Rock Creek
aspen,flowline,nhd-flowline-24927209,nhd-165829188,
aspen,flowline,nhd-flowline-24927223,nhd-165830648,
aspen,flowline,nhd-flowline-24927235,nhd-165817750,
aspen,flowline,nhd-flowline-24927239,nhd-165833966,
aspen,flowline,nhd-flowline-24927258,nhd-165834201,Midway Creek
aspen,flowline,nhd-flowline-24927263,nhd-165832482,Columbia Creek
aspen,flowline,nhd-flowline-24927270,nhd-165817238,
aspen,flowline,nhd-flowline-24927271,nhd-165832939,
aspen,flowline,nhd-flowline-24927294,nhd-165819584,
aspen,flowline,nhd-flowline-24927307,nhd-165834627,
aspen,flowline,nhd-flowline-24927329,nhd-72969756,Lincoln Creek
aspen,flowline,nhd-flowline-24927348,nhd-165822054,
aspen,flowline,nhd-flowline-24927407,nhd-72980386,Lincoln Creek
aspen,flowline,nhd-flowline-24927429,nhd-165827035,
aspen,flowline,nhd-flowline-24927437,nhd-165826549,
aspen,flowline,nhd-flowline-24927511,nhd-165831312,
aspen,flowline,nhd-flowline-24984841,nhd-165819949,
aspen,flowline,nhd-flowline-24985369,nhd-165817119,
aspen,flowline,nhd-flowline-24994272,nhd-165829002,
aspen,flowline,nhd-flowline-25009139,nhd-72963600,Salvation Ditch
aspen,flowline,nhd-flowline-25100062,nhd-159067981,
aspen,flowline,nhd-flowline-25100143,nhd-159067942,
aspen,flowline,nhd-flowline-25103341,nhd-499ECD17-992F-41EB-A268-8B72CE10BF1C,McKenzie Wildcat Ditch
aspen,flowline,nhd-flowline-25150178,nhd-165828109,
aspen,flowline,nhd-flowline-25150196,nhd-165821747,
aspen,flowline,nhd-flowline-25150205,nhd-165830749,
aspen,flowline,nhd-flowline-25150220,nhd-72979114,North Fork Crystal River
aspen,flowline,nhd-flowline-25150226,nhd-165828867,
aspen,flowline,nhd-flowline-25150234,nhd-165833135,
aspen,flowline,nhd-flowline-25150240,nhd-165836009,
aspen,flowline,nhd-flowline-25150263,nhd-165822865,
aspen,flowline,nhd-flowline-25150280,nhd-165827438,
aspen,flowline,nhd-flowline-25150284,nhd-DD7BE82E-5604-45E6-B0FD-495447E7C412,
aspen,flowline,nhd-flowline-25150286,nhd-72971208,Willow Creek
aspen,flowline,nhd-flowline-25150297,nhd-165827359,
aspen,flowline,nhd-flowline-25150322,nhd-165834234,
aspen,flowline,nhd-flowline-25150355,nhd-165826550,
aspen,flowline,nhd-flowline-25150366,nhd-165831776,
aspen,flowline,nhd-flowline-25150368,nhd-72968662,Express Creek
aspen,flowline,nhd-flowline-25151097,nhd-72963532,Roaring Fork River
aspen,flowline,nhd-flowline-25151132,nhd-165829623,
aspen,flowline,nhd-flowline-25151180,nhd-165829206,
aspen,flowline,nhd-flowline-25151267,nhd-165826561,
aspen,flowline,nhd-flowline-25151274,nhd-72963520,McFarlane Creek
aspen,flowline,nhd-flowline-25151289,nhd-165829015,
aspen,flowline,nhd-flowline-25151297,nhd-165817248,
aspen,flowline,nhd-flowline-25151311,nhd-72981024,
aspen,flowline,nhd-flowline-25151324,nhd-165833346,
aspen,flowline,nhd-flowline-25151355,nhd-165818412,
aspen,flowline,nhd-flowline-25151370,nhd-72969812,Roaring Fork River
aspen,flowline,nhd-flowline-25151382,nhd-165833744,
aspen,flowline,nhd-flowline-25151409,nhd-165834129,Roaring Fork River
aspen,flowline,nhd-flowline-25151410,nhd-165821077,Little Elk Creek
aspen,flowline,nhd-flowline-25151417,nhd-72981586,No Name Creek
aspen,flowline,nhd-flowline-25151426,nhd-165833761,Sawmill Creek
aspen,flowline,nhd-flowline-25151434,nhd-165834196,
aspen,flowline,nhd-flowline-25151445,nhd-165831454,
aspen,flowline,nhd-flowline-25151456,nhd-165833706,
aspen,flowline,nhd-flowline-25151471,nhd-165818469,
aspen,flowline,nhd-flowline-25151490,nhd-165831350,
aspen,flowline,nhd-flowline-25151535,nhd-165828612,
aspen,flowline,nhd-flowline-25151557,nhd-165830662,Difficult Creek
aspen,flowline,nhd-flowline-25151669,nhd-72963448,Castle Creek
aspen,flowline,nhd-flowline-25218740,nhd-165827461,
aspen,flowline,nhd-flowline-25218743,nhd-72968968,
aspen,flowline,nhd-flowline-25218778,nhd-165831245,Willow Creek
aspen,flowline,nhd-flowline-25218779,nhd-72969248,Willow Creek
aspen,flowline,nhd-flowline-25233514,nhd-165833957,
aspen,flowline,nhd-flowline-25254156,nhd-72969578,Twin Lakes Reservoir Tunnel Number 2
aspen,flowline,nhd-flowline-25257295,nhd-65881045,
aspen,flowline,nhd-flowline-25257331,nhd-65881057,East River
aspen,flowline,nhd-flowline-25324668,nhd-159067998,
aspen,flowline,nhd-flowline-25327860,nhd-41579F26-E25E-41B6-BC1F-5ABE19013C3A,McKenzie Wildcat Ditch
aspen,flowline,nhd-flowline-25374899,nhd-165823530,
aspen,flowline,nhd-flowline-25374903,nhd-165826635,
aspen,flowline,nhd-flowline-25374912,nhd-165834558,
aspen,flowline,nhd-flowline-25374919,nhd-165821919,
aspen,flowline,nhd-flowline-25374921,nhd-72963466,
aspen,flowline,nhd-flowline-25374922,nhd-165829184,
aspen,flowline,nhd-flowline-25374936,nhd-165820551,Roaring Fork River
aspen,flowline,nhd-flowline-25374940,nhd-72968660,
aspen,flowline,nhd-flowline-25374941,nhd-165834782,
aspen,flowline,nhd-flowline-25374943,nhd-165835786,
aspen,flowline,nhd-flowline-25374951,nhd-165833804,
aspen,flowline,nhd-flowline-25374957,nhd-165829651,
aspen,flowline,nhd-flowline-25374989,nhd-165823717,
aspen,flowline,nhd-flowline-25374994,nhd-165821740,
aspen,flowline,nhd-flowline-25375004,nhd-165825530,
aspen,flowline,nhd-flowline-25375028,nhd-72981326,Hunter Creek
aspen,flowline,nhd-flowline-25375040,nhd-165830570,
aspen,flowline,nhd-flowline-25375051,nhd-165835830,
aspen,flowline,nhd-flowline-25375087,nhd-165834147,
aspen,flowline,nhd-flowline-25375105,nhd-165831192,
aspen,flowline,nhd-flowline-25375864,nhd-165833429,
aspen,flowline,nhd-flowline-25375895,nhd-72969684,Lincoln Creek
aspen,flowline,nhd-flowline-25375936,nhd-165834661,Willow Creek
aspen,flowline,nhd-flowline-25376067,nhd-165829976,
aspen,flowline,nhd-flowline-25376074,nhd-72963454,McFarlane Creek
aspen,flowline,nhd-flowline-25376091,nhd-165834819,
aspen,flowline,nhd-flowline-25376117,nhd-72975256,
aspen,flowline,nhd-flowline-25376175,nhd-72963092,Hunter Creek
aspen,flowline,nhd-flowline-25376199,nhd-72968476,
aspen,flowline,nhd-flowline-25376200,nhd-165821635,
aspen,flowline,nhd-flowline-25376204,nhd-165832799,
aspen,flowline,nhd-flowline-25376224,nhd-165833170,
aspen,flowline,nhd-flowline-25376252,nhd-165829198,
aspen,flowline,nhd-flowline-25376267,nhd-72983286,
aspen,flowline,nhd-flowline-25376349,nhd-72965080,Snowmass Creek
aspen,flowline,nhd-flowline-25376350,nhd-165834438,
aspen,flowline,nhd-flowline-25376391,nhd-165831877,Roaring Fork River
aspen,flowline,nhd-flowline-25434322,nhd-72981524,
aspen,flowline,nhd-flowline-25443167,nhd-165830050,
aspen,flowline,nhd-flowline-25443169,nhd-165829713,
aspen,flowline,nhd-flowline-25478476,nhd-C4ADC1FD-5FA4-4EBD-8DE1-597B897DD5CD,West Fork Brush Creek
aspen,flowline,nhd-flowline-25481573,nhd-159069595,
aspen,flowline,nhd-flowline-25549906,nhd-159067933,
aspen,flowline,nhd-flowline-25599847,nhd-72969480,Wildcat Creek
aspen,flowline,nhd-flowline-25599856,nhd-165826553,
aspen,flowline,nhd-flowline-25599860,nhd-72969588,Roaring Fork River
aspen,flowline,nhd-flowline-25599872,nhd-165834186,
aspen,flowline,nhd-flowline-25599884,nhd-165818319,
aspen,flowline,nhd-flowline-25599887,nhd-165833723,
aspen,flowline,nhd-flowline-25599888,nhd-165834684,
aspen,flowline,nhd-flowline-25599892,nhd-165832648,
aspen,flowline,nhd-flowline-25599905,nhd-72969076,Snowmass Creek
aspen,flowline,nhd-flowline-25599917,nhd-165820777,
aspen,flowline,nhd-flowline-25599929,nhd-165820860,
aspen,flowline,nhd-flowline-25599944,nhd-72981344,Midway Creek
aspen,flowline,nhd-flowline-25599946,nhd-165820180,
aspen,flowline,nhd-flowline-25599962,nhd-165832977,
aspen,flowline,nhd-flowline-25599974,nhd-165834466,
aspen,flowline,nhd-flowline-25599987,nhd-165816911,
aspen,flowline,nhd-flowline-25599994,nhd-165835818,
aspen,flowline,nhd-flowline-25600005,nhd-72971308,
aspen,flowline,nhd-flowline-25600794,nhd-72978932,Snowmass Creek
aspen,flowline,nhd-flowline-25600969,nhd-72983328,
aspen,flowline,nhd-flowline-25600986,nhd-165833731,Lime Creek
aspen,flowline,nhd-flowline-25600989,nhd-72969716,Lincoln Creek
aspen,flowline,nhd-flowline-25600991,nhd-165833313,
aspen,flowline,nhd-flowline-25600995,nhd-165833370,Wilbur Creek
aspen,flowline,nhd-flowline-25601003,nhd-165822027,
aspen,flowline,nhd-flowline-25601024,nhd-165819944,
aspen,flowline,nhd-flowline-25601033,nhd-72978230,
aspen,flowline,nhd-flowline-25601054,nhd-72963486,McFarlane Creek
aspen,flowline,nhd-flowline-25601059,nhd-165833444,Maroon Creek
aspen,flowline,nhd-flowline-25601072,nhd-165832130,
aspen,flowline,nhd-flowline-25601079,nhd-72972640,
aspen,flowline,nhd-flowline-25601090,nhd-165820118,
aspen,flowline,nhd-flowline-25601091,nhd-165833517,
aspen,flowline,nhd-flowline-25601098,nhd-165833779,
aspen,flowline,nhd-flowline-25601103,nhd-165821913,
aspen,flowline,nhd-flowline-25601111,nhd-165821743,
aspen,flowline,nhd-flowline-25601122,nhd-72972450,
aspen,flowline,nhd-flowline-25601139,nhd-165826881,
aspen,flowline,nhd-flowline-25601145,nhd-165826137,
aspen,flowline,nhd-flowline-25601180,nhd-165827320,
aspen,flowline,nhd-flowline-25601185,nhd-165835855,
aspen,flowline,nhd-flowline-25601191,nhd-72969204,East Snowmass Creek
aspen,flowline,nhd-flowline-25601196,nhd-72965250,Snowmass Creek
aspen,flowline,nhd-flowline-25601197,nhd-165825858,
aspen,flowline,nhd-flowline-25601212,nhd-72963410,
aspen,flowline,nhd-flowline-25601214,nhd-165820763,
aspen,flowline,nhd-flowline-25601285,nhd-165817970,
aspen,flowline,nhd-flowline-25601302,nhd-165833859,
aspen,flowline,nhd-flowline-25601311,nhd-165817249,
aspen,flowline,nhd-flowline-25668226,nhd-165836093,
aspen,flowline,nhd-flowline-25668267,nhd-165816913,
aspen,flowline,nhd-flowline-25673856,nhd-163087919,
aspen,flowline,nhd-flowline-25683140,nhd-65879801,
aspen,flowline,nhd-flowline-25774064,nhd-65878221,
aspen,flowline,nhd-flowline-25824330,nhd-165834252,Cataract Creek
aspen,flowline,nhd-flowline-25824331,nhd-72969158,Owl Creek
aspen,flowline,nhd-flowline-25824334,nhd-72981576,
aspen,flowline,nhd-flowline-25824345,nhd-72975280,
aspen,flowline,nhd-flowline-25824361,nhd-165818071,
aspen,flowline,nhd-flowline-25824376,nhd-72972704,Roaring Fork River
aspen,flowline,nhd-flowline-25824377,nhd-165818309,
aspen,flowline,nhd-flowline-25824380,nhd-165820172,
aspen,flowline,nhd-flowline-25824399,nhd-165834610,
aspen,flowline,nhd-flowline-25824425,nhd-72964694,
aspen,flowline,nhd-flowline-25824438,nhd-165834553,
aspen,flowline,nhd-flowline-25824463,nhd-72981372,Midway Creek
aspen,flowline,nhd-flowline-25824481,nhd-165834716,
aspen,flowline,nhd-flowline-25824493,nhd-72975346,
aspen,flowline,nhd-flowline-25824508,nhd-72975058,
aspen,flowline,nhd-flowline-25824509,nhd-72968722,
aspen,flowline,nhd-flowline-25824518,nhd-165818923,
aspen,flowline,nhd-flowline-25824521,nhd-165827054,
aspen,flowline,nhd-flowline-25824542,nhd-72962878,
aspen,flowline,nhd-flowline-25824742,nhd-165828881,
aspen,flowline,nhd-flowline-25825322,nhd-165821090,
aspen,flowline,nhd-flowline-25825349,nhd-165828614,
aspen,flowline,nhd-flowline-25825386,nhd-72969042,
aspen,flowline,nhd-flowline-25825439,nhd-72969126,
aspen,flowline,nhd-flowline-25825455,nhd-165834585,
aspen,flowline,nhd-flowline-25825458,nhd-165828085,
aspen,flowline,nhd-flowline-25825502,nhd-165833361,
aspen,flowline,nhd-flowline-25825546,nhd-72980786,Snowmass Creek
aspen,flowline,nhd-flowline-25825563,nhd-72963098,Hunter Creek
aspen,flowline,nhd-flowline-25825568,nhd-72980334,
aspen,flowline,nhd-flowline-25825576,nhd-72969774,
aspen,flowline,nhd-flowline-25825579,nhd-165831504,Collins Creek
aspen,flowline,nhd-flowline-25825588,nhd-165827604,
aspen,flowline,nhd-flowline-25825605,nhd-165817701,
aspen,flowline,nhd-flowline-25825611,nhd-72969098,Brush Creek
aspen,flowline,nhd-flowline-25825622,nhd-165829199,
aspen,flowline,nhd-flowline-25825633,nhd-165818862,
aspen,flowline,nhd-flowline-25825635,nhd-72969662,
aspen,flowline,nhd-flowline-25825636,nhd-165826186,
aspen,flowline,nhd-flowline-25825667,nhd-165821760,
aspen,flowline,nhd-flowline-25825673,nhd-165831701,
aspen,flowline,nhd-flowline-25825676,nhd-72981530,
aspen,flowline,nhd-flowline-25825763,nhd-72981500,
aspen,flowline,nhd-flowline-25825776,nhd-165830052,Difficult Creek
aspen,flowline,nhd-flowline-25892405,nhd-165835133,
aspen,flowline,nhd-flowline-25892407,nhd-165822355,
aspen,flowline,nhd-flowline-25907003,nhd-6F352AF8-CD40-439E-986F-B440D98CDA7A,Marolt Diich
aspen,flowline,nhd-flowline-25930468,nhd-65883475,East River
aspen,flowline,nhd-flowline-25930532,nhd-65880937,Pine Creek
aspen,flowline,nhd-flowline-25998784,nhd-159067983,
aspen,flowline,nhd-flowline-26048983,nhd-165833491,
aspen,flowline,nhd-flowline-26048994,nhd-165836013,
aspen,flowline,nhd-flowline-26049007,nhd-165827204,
aspen,flowline,nhd-flowline-26049017,nhd-72968712,Castle Creek
aspen,flowline,nhd-flowline-26049048,nhd-165822936,
aspen,flowline,nhd-flowline-26049052,nhd-165826486,
aspen,flowline,nhd-flowline-26049082,nhd-165835984,
aspen,flowline,nhd-flowline-26049115,nhd-165832662,
aspen,flowline,nhd-flowline-26049116,nhd-72963202,
aspen,flowline,nhd-flowline-26049117,nhd-165821145,
aspen,flowline,nhd-flowline-26049141,nhd-165834405,
aspen,flowline,nhd-flowline-26049144,nhd-165823422,
aspen,flowline,nhd-flowline-26049148,nhd-72968872,
aspen,flowline,nhd-flowline-26049150,nhd-72972590,
aspen,flowline,nhd-flowline-26049151,nhd-165821228,Collins Creek
aspen,flowline,nhd-flowline-26049156,nhd-72971302,
aspen,flowline,nhd-flowline-26049908,nhd-165833753,
aspen,flowline,nhd-flowline-26049950,nhd-72964850,
aspen,flowline,nhd-flowline-26049970,nhd-165827292,
aspen,flowline,nhd-flowline-26050052,nhd-165833659,Snowmass Creek
aspen,flowline,nhd-flowline-26050067,nhd-72980994,
aspen,flowline,nhd-flowline-26050078,nhd-165826123,
aspen,flowline,nhd-flowline-26050091,nhd-72972136,
aspen,flowline,nhd-flowline-26050092,nhd-165827293,
aspen,flowline,nhd-flowline-26050093,nhd-165820102,
aspen,flowline,nhd-flowline-26050122,nhd-165830532,
aspen,flowline,nhd-flowline-26050125,nhd-165821063,
aspen,flowline,nhd-flowline-26050126,nhd-72969464,
aspen,flowline,nhd-flowline-26050131,nhd-165831657,
aspen,flowline,nhd-flowline-26050133,nhd-165818476,
aspen,flowline,nhd-flowline-26050153,nhd-165828454,
aspen,flowline,nhd-flowline-26050164,nhd-165830527,
aspen,flowline,nhd-flowline-26050167,nhd-72969008,
aspen,flowline,nhd-flowline-26050168,nhd-72971348,
aspen,flowline,nhd-flowline-26050174,nhd-165833374,
aspen,flowline,nhd-flowline-26050182,nhd-165833887,
aspen,flowline,nhd-flowline-26050192,nhd-72965042,
aspen,flowline,nhd-flowline-26050199,nhd-165832471,Roaring Fork River
aspen,flowline,nhd-flowline-26050211,nhd-165834313,
aspen,flowline,nhd-flowline-26050212,nhd-72981254,Woody Creek
aspen,flowline,nhd-flowline-26050219,nhd-72981430,Midway Creek
aspen,flowline,nhd-flowline-26050233,nhd-165823936,Snowmass Creek
aspen,flowline,nhd-flowline-26050243,nhd-72975152,
aspen,flowline,nhd-flowline-26050256,nhd-165833801,
aspen,flowline,nhd-flowline-26050263,nhd-72969400,
aspen,flowline,nhd-flowline-26050264,nhd-72964914,
aspen,flowline,nhd-flowline-26050276,nhd-165831579,
aspen,flowline,nhd-flowline-26050287,nhd-165834681,
aspen,flowline,nhd-flowline-26050382,nhd-165819577,
aspen,flowline,nhd-flowline-26050406,nhd-165826827,
aspen,flowline,nhd-flowline-26273122,nhd-165833701,
aspen,flowline,nhd-flowline-26273128,nhd-165826559,
aspen,flowline,nhd-flowline-26273129,nhd-165831828,Sandy Creek
aspen,flowline,nhd-flowline-26273132,nhd-165834045,Copper Creek
aspen,flowline,nhd-flowline-26273133,nhd-165833537,
aspen,flowline,nhd-flowline-26273135,nhd-72963020,
aspen,flowline,nhd-flowline-26273156,nhd-165820643,
aspen,flowline,nhd-flowline-26273157,nhd-72981342,
aspen,flowline,nhd-flowline-26273167,nhd-72980852,
aspen,flowline,nhd-flowline-26273176,nhd-165821078,Little Elk Creek
aspen,flowline,nhd-flowline-26273185,nhd-165830055,
aspen,flowline,nhd-flowline-26273189,nhd-165826808,
aspen,flowline,nhd-flowline-26273192,nhd-165827356,
aspen,flowline,nhd-flowline-26273196,nhd-165832263,
aspen,flowline,nhd-flowline-26273198,nhd-165820562,
aspen,flowline,nhd-flowline-26273208,nhd-165818930,
aspen,flowline,nhd-flowline-26273249,nhd-165833875,
aspen,flowline,nhd-flowline-26273250,nhd-72965036,Snowmass Creek
aspen,flowline,nhd-flowline-26273263,nhd-165833293,
aspen,flowline,nhd-flowline-26273264,nhd-165834594,
aspen,flowline,nhd-flowline-26273275,nhd-165818473,
aspen,flowline,nhd-flowline-26273318,nhd-72968594,
aspen,flowline,nhd-flowline-26273319,nhd-165829726,
aspen,flowline,nhd-flowline-26274181,nhd-72969306,
aspen,flowline,nhd-flowline-26274218,nhd-165826625,
aspen,flowline,nhd-flowline-26274228,nhd-72963370,
aspen,flowline,nhd-flowline-26274253,nhd-165829192,
aspen,flowline,nhd-flowline-26274293,nhd-72968400,Castle Creek
aspen,flowline,nhd-flowline-26274329,nhd-72979210,
aspen,flowline,nhd-flowline-26274348,nhd-165827370,
aspen,flowline,nhd-flowline-26274373,nhd-165831130,
aspen,flowline,nhd-flowline-26274375,nhd-165834399,
aspen,flowline,nhd-flowline-26274396,nhd-165826638,
aspen,flowline,nhd-flowline-26274407,nhd-165834364,
aspen,flowline,nhd-flowline-26274416,nhd-165834044,Copper Creek
aspen,flowline,nhd-flowline-26274417,nhd-165833239,
aspen,flowline,nhd-flowline-26274420,nhd-165827441,
aspen,flowline,nhd-flowline-26274424,nhd-165821225,
aspen,flowline,nhd-flowline-26274431,nhd-165829197,
aspen,flowline,nhd-flowline-26274432,nhd-165826807,
aspen,flowline,nhd-flowline-26274438,nhd-165831774,
aspen,flowline,nhd-flowline-26274545,nhd-165834548,
aspen,flowline,nhd-flowline-26274559,nhd-165827689,
aspen,flowline,nhd-flowline-26274562,nhd-165834582,
aspen,flowline,nhd-flowline-26274577,nhd-165824307,
aspen,flowline,nhd-flowline-26274649,nhd-165829094,
aspen,flowline,nhd-flowline-26345488,nhd-159069584,Bowman Creek
aspen,flowline,nhd-flowline-26356615,nhd-72962768,Woody Creek
aspen,flowline,nhd-flowline-26356670,nhd-72963596,
aspen,flowline,nhd-flowline-26381428,nhd-165828715,
aspen,flowline,nhd-flowline-26448224,nhd-159068709,
aspen,flowline,nhd-flowline-26448280,nhd-159068229,
aspen,flowline,nhd-flowline-26451514,nhd-0E4F745C-5553-4A7D-A8C7-061DED781A69,East Snowmass and Brush Creek Ditch
aspen,flowline,nhd-flowline-26499322,nhd-165831610,
aspen,flowline,nhd-flowline-26499323,nhd-165832202,
aspen,flowline,nhd-flowline-26499417,nhd-165826119,
aspen,flowline,nhd-flowline-26499427,nhd-72962988,
aspen,flowline,nhd-flowline-26499428,nhd-165830525,
aspen,flowline,nhd-flowline-26499445,nhd-165822239,
aspen,flowline,nhd-flowline-26499447,nhd-165832313,
aspen,flowline,nhd-flowline-26499451,nhd-165827552,
aspen,flowline,nhd-flowline-26499469,nhd-72979026,
aspen,flowline,nhd-flowline-26499488,nhd-72969470,
aspen,flowline,nhd-flowline-26499489,nhd-165827868,
aspen,flowline,nhd-flowline-26499517,nhd-165833226,
aspen,flowline,nhd-flowline-26499532,nhd-165826832,
aspen,flowline,nhd-flowline-26499535,nhd-72981250,Woody Creek
aspen,flowline,nhd-flowline-26500267,nhd-72975118,Lincoln Gulch Connection Canal
aspen,flowline,nhd-flowline-26500300,nhd-72972618,
aspen,flowline,nhd-flowline-26500334,nhd-72968552,
aspen,flowline,nhd-flowline-26500338,nhd-165833150,
aspen,flowline,nhd-flowline-26500347,nhd-165831728,
aspen,flowline,nhd-flowline-26500348,nhd-165818480,
aspen,flowline,nhd-flowline-26500365,nhd-165828104,
aspen,flowline,nhd-flowline-26500399,nhd-72969748,
aspen,flowline,nhd-flowline-26500400,nhd-165830219,Hunter Creek
aspen,flowline,nhd-flowline-26500427,nhd-165827299,
aspen,flowline,nhd-flowline-26500445,nhd-165831659,
aspen,flowline,nhd-flowline-26500501,nhd-165832576,
aspen,flowline,nhd-flowline-26500544,nhd-165831780,
aspen,flowline,nhd-flowline-26500545,nhd-165831247,Conundrum Creek
aspen,flowline,nhd-flowline-26500556,nhd-165833025,Woody Creek
aspen,flowline,nhd-flowline-26500573,nhd-165833708,Spring Creek
aspen,flowline,nhd-flowline-26500593,nhd-165819948,
aspen,flowline,nhd-flowline-26500596,nhd-72964730,Nickelson Creek
aspen,flowline,nhd-flowline-26500615,nhd-165834080,
aspen,flowline,nhd-flowline-26500624,nhd-165820294,
aspen,flowline,nhd-flowline-26500625,nhd-165833538,
aspen,flowline,nhd-flowline-26500640,nhd-165833173,
aspen,flowline,nhd-flowline-26500652,nhd-165830150,
aspen,flowline,nhd-flowline-26500653,nhd-165819592,
aspen,flowline,nhd-flowline-26500671,nhd-165821770,
aspen,flowline,nhd-flowline-26565878,nhd-159067963,
aspen,flowline,nhd-flowline-26572030,nhd-163088007,
aspen,flowline,nhd-flowline-26605744,nhd-65879453,Pine Creek
aspen,flowline,nhd-flowline-26673897,nhd-159067957,
aspen,flowline,nhd-flowline-26673970,nhd-65880827,
aspen,flowline,nhd-flowline-26673995,nhd-159069592,Tellurium Creek
aspen,flowline,nhd-flowline-26724532,nhd-165833645,Sawmill Creek
aspen,flowline,nhd-flowline-26724538,nhd-165833527,
aspen,flowline,nhd-flowline-26724574,nhd-165824177,
aspen,flowline,nhd-flowline-26724575,nhd-72964858,Snowmass Creek
aspen,flowline,nhd-flowline-26724576,nhd-165833289,
aspen,flowline,nhd-flowline-26724579,nhd-165833323,
aspen,flowline,nhd-flowline-26724589,nhd-165833366,
aspen,flowline,nhd-flowline-26724593,nhd-165834247,
aspen,flowline,nhd-flowline-26724610,nhd-165831309,
aspen,flowline,nhd-flowline-26724612,nhd-165830204,
aspen,flowline,nhd-flowline-26724615,nhd-72963048,
aspen,flowline,nhd-flowline-26724616,nhd-72971520,
aspen,flowline,nhd-flowline-26724620,nhd-165830495,
aspen,flowline,nhd-flowline-26724622,nhd-72963072,Hunter Creek
aspen,flowline,nhd-flowline-26724623,nhd-165826828,
aspen,flowline,nhd-flowline-26724628,nhd-165826678,
aspen,flowline,nhd-flowline-26724666,nhd-165827882,
aspen,flowline,nhd-flowline-26724678,nhd-165833205,Snowmass Creek
aspen,flowline,nhd-flowline-26724686,nhd-165833824,Sawyer Creek
aspen,flowline,nhd-flowline-26724690,nhd-165833041,
aspen,flowline,nhd-flowline-26724699,nhd-165831453,
aspen,flowline,nhd-flowline-26724717,nhd-165817024,
aspen,flowline,nhd-flowline-26724718,nhd-165831869,
aspen,flowline,nhd-flowline-26725531,nhd-165830895,
aspen,flowline,nhd-flowline-26725680,nhd-72968518,Sandy Creek
aspen,flowline,nhd-flowline-26725716,nhd-165833111,
aspen,flowline,nhd-flowline-26725726,nhd-165831081,
aspen,flowline,nhd-flowline-26725747,nhd-165827372,
aspen,flowline,nhd-flowline-26725766,nhd-165835854,
aspen,flowline,nhd-flowline-26725785,nhd-165833924,
aspen,flowline,nhd-flowline-26725798,nhd-165835810,
aspen,flowline,nhd-flowline-26725841,nhd-165827973,
aspen,flowline,nhd-flowline-26725855,nhd-165824160,
aspen,flowline,nhd-flowline-26725857,nhd-165831662,
aspen,flowline,nhd-flowline-26725892,nhd-72964922,
aspen,flowline,nhd-flowline-26725899,nhd-165828529,Conundrum Creek
aspen,flowline,nhd-flowline-26725903,nhd-72971426,
aspen,flowline,nhd-flowline-26725914,nhd-72968664,
aspen,flowline,nhd-flowline-26725915,nhd-165831494,Owl Creek
aspen,flowline,nhd-flowline-26725930,nhd-165829671,
aspen,flowline,nhd-flowline-26725936,nhd-72969646,Lincoln Creek
aspen,flowline,nhd-flowline-26725952,nhd-165833461,
aspen,flowline,nhd-flowline-26725995,nhd-165832031,
aspen,flowline,nhd-flowline-26725996,nhd-72981446,No Name Creek
aspen,flowline,nhd-flowline-26726063,nhd-165835464,Lost Man Creek
aspen,flowline,nhd-flowline-26726124,nhd-165834683,
aspen,flowline,nhd-flowline-26780041,nhd-72969792,Twin Lakes Reservoir and Canal Company Tunnel Number 1
aspen,flowline,nhd-flowline-26780116,nhd-72969666,
aspen,flowline,nhd-flowline-26792883,nhd-72969270,Willow Creek
aspen,flowline,nhd-flowline-26797618,nhd-133046214,South Fork Lake Creek
aspen,flowline,nhd-flowline-26807773,nhd-72963588,
aspen,flowline,nhd-flowline-26897848,nhd-159069549,
aspen,flowline,nhd-flowline-26897950,nhd-159067960,
aspen,flowline,nhd-flowline-26898004,nhd-65880847,
aspen,flowline,nhd-flowline-26901076,nhd-165832491,Willow and Owl Ditch
aspen,flowline,nhd-flowline-26947852,nhd-165834487,
aspen,flowline,nhd-flowline-26947909,nhd-165834642,
aspen,flowline,nhd-flowline-26947913,nhd-72981442,No Name Creek
aspen,flowline,nhd-flowline-26947936,nhd-165827288,
aspen,flowline,nhd-flowline-26947939,nhd-165825854,Tabor Creek
aspen,flowline,nhd-flowline-26947959,nhd-165827921,
aspen,flowline,nhd-flowline-26947973,nhd-72962830,
aspen,flowline,nhd-flowline-26947989,nhd-165819402,Snowmass Creek
aspen,flowline,nhd-flowline-26947991,nhd-165825527,East Maroon Creek
aspen,flowline,nhd-flowline-26947997,nhd-165834894,
aspen,flowline,nhd-flowline-26948763,nhd-165834249,
aspen,flowline,nhd-flowline-26948773,nhd-165819946,
aspen,flowline,nhd-flowline-26948826,nhd-72968642,Castle Creek
aspen,flowline,nhd-flowline-26948830,nhd-72972786,Lost Man Creek
aspen,flowline,nhd-flowline-26948954,nhd-165831415,
aspen,flowline,nhd-flowline-26948956,nhd-165823933,
aspen,flowline,nhd-flowline-26948976,nhd-72963262,
aspen,flowline,nhd-flowline-26949008,nhd-165831487,Lost Man Creek
aspen,flowline,nhd-flowline-26949018,nhd-165829622,
aspen,flowline,nhd-flowline-26949025,nhd-165830555,
aspen,flowline,nhd-flowline-26949039,nhd-72968438,Castle Creek
aspen,flowline,nhd-flowline-26949040,nhd-165833884,
aspen,flowline,nhd-flowline-26949050,nhd-165832933,
aspen,flowline,nhd-flowline-26949057,nhd-165830515,
aspen,flowline,nhd-flowline-26949058,nhd-72968408,
aspen,flowline,nhd-flowline-26949060,nhd-72983320,
aspen,flowline,nhd-flowline-26949107,nhd-165834349,
aspen,flowline,nhd-flowline-26949110,nhd-165833263,
aspen,flowline,nhd-flowline-26949120,nhd-72979292,
aspen,flowline,nhd-flowline-26949124,nhd-165827200,
aspen,flowline,nhd-flowline-26949137,nhd-165832341,
aspen,flowline,nhd-flowline-26949144,nhd-72963014,
aspen,flowline,nhd-flowline-26949152,nhd-165829017,Casaday Creek
aspen,flowline,nhd-flowline-26949158,nhd-165831204,
aspen,flowline,nhd-flowline-26949163,nhd-72979220,
aspen,flowline,nhd-flowline-26949173,nhd-72969056,
aspen,flowline,nhd-flowline-26949180,nhd-165823430,
aspen,flowline,nhd-flowline-26949187,nhd-165833909,
aspen,flowline,nhd-flowline-26949202,nhd-165817028,
aspen,flowline,nhd-flowline-26949260,nhd-165834735,
aspen,flowline,nhd-flowline-26949334,nhd-165821014,
aspen,flowline,nhd-flowline-27014001,nhd-165833045,
aspen,flowline,nhd-flowline-27014002,nhd-165827939,
aspen,flowline,nhd-flowline-27020480,nhd-163086890,
aspen,flowline,nhd-flowline-27020950,nhd-163086898,
aspen,flowline,nhd-flowline-27030202,nhd-72978244,Salvation Ditch
aspen,flowline,nhd-flowline-27124960,nhd-165833234,
aspen,flowline,nhd-flowline-27172068,nhd-165834787,
aspen,flowline,nhd-flowline-27172077,nhd-165833280,
aspen,flowline,nhd-flowline-27172080,nhd-72963298,
aspen,flowline,nhd-flowline-27172086,nhd-165834837,
aspen,flowline,nhd-flowline-27172103,nhd-165833221,
aspen,flowline,nhd-flowline-27172112,nhd-72963392,
aspen,flowline,nhd-flowline-27172129,nhd-165821229,Collins Creek
aspen,flowline,nhd-flowline-27172130,nhd-165828111,
aspen,flowline,nhd-flowline-27172139,nhd-72968750,Cooper Creek
aspen,flowline,nhd-flowline-27172152,nhd-165827163,
aspen,flowline,nhd-flowline-27172154,nhd-165834686,Maroon Creek
aspen,flowline,nhd-flowline-27172171,nhd-72969094,Spring Creek
aspen,flowline,nhd-flowline-27172180,nhd-165825968,
aspen,flowline,nhd-flowline-27172184,nhd-72975126,Lincoln Creek
aspen,flowline,nhd-flowline-27172202,nhd-72963252,Roaring Fork River
aspen,flowline,nhd-flowline-27172211,nhd-165830625,Lincoln Creek
aspen,flowline,nhd-flowline-27172214,nhd-72983310,
aspen,flowline,nhd-flowline-27172940,nhd-165817106,
aspen,flowline,nhd-flowline-27172954,nhd-165824182,
aspen,flowline,nhd-flowline-27172957,nhd-72963416,
aspen,flowline,nhd-flowline-27172987,nhd-165827609,
aspen,flowline,nhd-flowline-27173045,nhd-72969824,
aspen,flowline,nhd-flowline-27173063,nhd-72963304,
aspen,flowline,nhd-flowline-27173094,nhd-165831089,
aspen,flowline,nhd-flowline-27173123,nhd-165834625,
aspen,flowline,nhd-flowline-27173124,nhd-165831962,
aspen,flowline,nhd-flowline-27173142,nhd-165833678,
aspen,flowline,nhd-flowline-27173146,nhd-165826631,
aspen,flowline,nhd-flowline-27173162,nhd-165834645,
aspen,flowline,nhd-flowline-27173166,nhd-72968894,
aspen,flowline,nhd-flowline-27173196,nhd-165828933,Snowmass Creek
aspen,flowline,nhd-flowline-27173230,nhd-165826816,
aspen,flowline,nhd-flowline-27173234,nhd-72963194,
aspen,flowline,nhd-flowline-27173252,nhd-72963116,Hunter Creek
aspen,flowline,nhd-flowline-27173260,nhd-72969762,
aspen,flowline,nhd-flowline-27173262,nhd-165820561,
aspen,flowline,nhd-flowline-27173266,nhd-165827366,
aspen,flowline,nhd-flowline-27173315,nhd-165834564,
aspen,flowline,nhd-flowline-27173337,nhd-165820276,Little Elk Creek
aspen,flowline,nhd-flowline-27173361,nhd-165834758,
aspen,flowline,nhd-flowline-27227137,nhd-165831082,
aspen,flowline,nhd-flowline-27239832,nhd-165822356,
aspen,flowline,nhd-flowline-27239833,nhd-165829668,Willow Creek
aspen,flowline,nhd-flowline-27275340,nhd-C93A57E6-8EE6-4BD3-B0F2-35B2BCB0AF63,Conundrum Creek
aspen,flowline,nhd-flowline-27278439,nhd-65883457,
aspen,flowline,nhd-flowline-27278450,nhd-65880899,
aspen,flowline,nhd-flowline-27278474,nhd-65880901,Pine Creek
aspen,flowline,nhd-flowline-27278475,nhd-159069538,
aspen,flowline,nhd-flowline-27281593,nhd-165835838,Twin Lakes Reservoir and Canal Company Tunnel Number 1
aspen,flowline,nhd-flowline-27396077,nhd-165832595,
aspen,flowline,nhd-flowline-27396080,nhd-165831748,
aspen,flowline,nhd-flowline-27396083,nhd-165835091,North Fork Crystal River
aspen,flowline,nhd-flowline-27396084,nhd-72964870,
aspen,flowline,nhd-flowline-27396087,nhd-165834127,
aspen,flowline,nhd-flowline-27396094,nhd-72968422,
aspen,flowline,nhd-flowline-27396108,nhd-72981546,
aspen,flowline,nhd-flowline-27396117,nhd-165833181,
aspen,flowline,nhd-flowline-27396122,nhd-165831765,
aspen,flowline,nhd-flowline-27396124,nhd-165836079,
aspen,flowline,nhd-flowline-27396130,nhd-72963026,
aspen,flowline,nhd-flowline-27396149,nhd-165820289,
aspen,flowline,nhd-flowline-27396150,nhd-165834160,
aspen,flowline,nhd-flowline-27396172,nhd-165835832,
aspen,flowline,nhd-flowline-27396189,nhd-165834397,
aspen,flowline,nhd-flowline-27396205,nhd-165831946,
aspen,flowline,nhd-flowline-27396221,nhd-165833839,
aspen,flowline,nhd-flowline-27396230,nhd-165820999,
aspen,flowline,nhd-flowline-27396246,nhd-165833439,Powell Mc Kenzie Ditch
aspen,flowline,nhd-flowline-27396253,nhd-165827728,
aspen,flowline,nhd-flowline-27397044,nhd-165833262,
aspen,flowline,nhd-flowline-27397171,nhd-72981454,
aspen,flowline,nhd-flowline-27397182,nhd-72979020,North Fork Crystal River
aspen,flowline,nhd-flowline-27397192,nhd-72972506,
aspen,flowline,nhd-flowline-27397226,nhd-72972632,
aspen,flowline,nhd-flowline-27397236,nhd-165833383,Woody Creek
aspen,flowline,nhd-flowline-27397271,nhd-165818318,
aspen,flowline,nhd-flowline-27397283,nhd-165832966,
aspen,flowline,nhd-flowline-27397288,nhd-165831707,
aspen,flowline,nhd-flowline-27397295,nhd-72963244,
aspen,flowline,nhd-flowline-27397301,nhd-165828533,
aspen,flowline,nhd-flowline-27397333,nhd-165831069,
aspen,flowline,nhd-flowline-27397348,nhd-165833427,Capitol Creek
aspen,flowline,nhd-flowline-27397354,nhd-165833437,
aspen,flowline,nhd-flowline-27397361,nhd-72963436,Roaring Fork River
aspen,flowline,nhd-flowline-27397385,nhd-165834568,
aspen,flowline,nhd-flowline-27397387,nhd-165835792,
aspen,flowline,nhd-flowline-27397391,nhd-165834983,
aspen,flowline,nhd-flowline-27397463,nhd-165834343,
aspen,flowline,nhd-flowline-27397474,nhd-165832137,
aspen,flowline,nhd-flowline-27397522,nhd-165832291,
aspen,flowline,nhd-flowline-27397532,nhd-165834890,
aspen,flowline,nhd-flowline-27464039,nhd-165835132,
aspen,flowline,nhd-flowline-27464040,nhd-165829667,Willow Creek
aspen,flowline,nhd-flowline-27464041,nhd-165821990,
aspen,flowline,nhd-flowline-27469600,nhd-163086889,
aspen,flowline,nhd-flowline-27499306,nhd-72962944,Red Mountain Ditch
aspen,flowline,nhd-flowline-27502500,nhd-159069486,Taylor River
aspen,flowline,nhd-flowline-27503584,nhd-165836021,
aspen,flowline,nhd-flowline-27570038,nhd-159069502,
aspen,flowline,nhd-flowline-27570074,nhd-159067921,
aspen,flowline,nhd-flowline-27619972,nhd-165834173,
aspen,flowline,nhd-flowline-27620020,nhd-165820302,
aspen,flowline,nhd-flowline-27620032,nhd-165821226,
aspen,flowline,nhd-flowline-27620047,nhd-72968562,
aspen,flowline,nhd-flowline-27620048,nhd-165834107,Roaring Fork River
aspen,flowline,nhd-flowline-27620051,nhd-72971238,
aspen,flowline,nhd-flowline-27620054,nhd-165820132,
aspen,flowline,nhd-flowline-27620058,nhd-72972738,
aspen,flowline,nhd-flowline-27620068,nhd-72963274,
aspen,flowline,nhd-flowline-27620069,nhd-165835828,
aspen,flowline,nhd-flowline-27620121,nhd-165827876,
aspen,flowline,nhd-flowline-27620123,nhd-72975162,Tabor Creek
aspen,flowline,nhd-flowline-27620143,nhd-165827302,
aspen,flowline,nhd-flowline-27620155,nhd-165817959,
aspen,flowline,nhd-flowline-27620162,nhd-165833934,
aspen,flowline,nhd-flowline-27620908,nhd-165832483,
aspen,flowline,nhd-flowline-27620912,nhd-165825885,
aspen,flowline,nhd-flowline-27621055,nhd-165833918,
aspen,flowline,nhd-flowline-27621080,nhd-165832356,West Snowmass Creek
aspen,flowline,nhd-flowline-27621102,nhd-72981452,
aspen,flowline,nhd-flowline-27621125,nhd-72965128,Bear Creek
aspen,flowline,nhd-flowline-27621128,nhd-165820126,
aspen,flowline,nhd-flowline-27621133,nhd-165827488,
aspen,flowline,nhd-flowline-27621141,nhd-165834270,Woody Creek
aspen,flowline,nhd-flowline-27621159,nhd-165833481,East Snowmass Creek
aspen,flowline,nhd-flowline-27621161,nhd-72981038,Roaring Fork River
aspen,flowline,nhd-flowline-27621191,nhd-165831187,Elk Creek Ditch Number 2
aspen,flowline,nhd-flowline-27621202,nhd-165827498,
aspen,flowline,nhd-flowline-27621213,nhd-165827506,
aspen,flowline,nhd-flowline-27621218,nhd-165835061,
aspen,flowline,nhd-flowline-27621225,nhd-165832513,
aspen,flowline,nhd-flowline-27621258,nhd-72971342,East Maroon Creek
aspen,flowline,nhd-flowline-27621260,nhd-165834889,
aspen,flowline,nhd-flowline-27621272,nhd-165825566,
aspen,flowline,nhd-flowline-27621275,nhd-165834043,North Fork Crystal River
aspen,flowline,nhd-flowline-27621278,nhd-165825873,Fall Creek
aspen,flowline,nhd-flowline-27621279,nhd-165835495,Castle Creek
aspen,flowline,nhd-flowline-27621283,nhd-72972742,South Fork Fryingpan River
aspen,flowline,nhd-flowline-27621285,nhd-72981434,
aspen,flowline,nhd-flowline-27621292,nhd-165825565,
aspen,flowline,nhd-flowline-27621301,nhd-165832596,
aspen,flowline,nhd-flowline-27621305,nhd-165827056,
aspen,flowline,nhd-flowline-27621313,nhd-72963558,Roaring Fork River
aspen,flowline,nhd-flowline-27621335,nhd-165834726,Fall Creek
aspen,flowline,nhd-flowline-27621408,nhd-165834697,East Snowmass Creek
aspen,flowline,nhd-flowline-27621414,nhd-165823417,
aspen,flowline,nhd-flowline-27621452,nhd-72975014,Roaring Fork River
aspen,flowline,nhd-flowline-27621514,nhd-165818304,
aspen,flowline,nhd-flowline-27724049,nhd-72969600,Twin Lakes Reservoir Tunnel Number 2
aspen,flowline,nhd-flowline-27795080,nhd-159069413,Tellurium Creek
aspen,flowline,nhd-flowline-27795081,nhd-65878213,
aspen,flowline,nhd-flowline-27795096,nhd-159067970,
aspen,flowline,nhd-flowline-27798285,nhd-524A58F1-DA79-45A0-A0FC-C6DFBE6B3CB3,
aspen,flowline,nhd-flowline-27845215,nhd-165834330,
aspen,flowline,nhd-flowline-27845222,nhd-165831402,
aspen,flowline,nhd-flowline-27845300,nhd-165823548,
aspen,flowline,nhd-flowline-27845301,nhd-72968382,
aspen,flowline,nhd-flowline-27845330,nhd-165831592,
aspen,flowline,nhd-flowline-27845331,nhd-165831831,West Maroon Creek
aspen,flowline,nhd-flowline-27845344,nhd-165831583,
aspen,flowline,nhd-flowline-27845361,nhd-165817758,
aspen,flowline,nhd-flowline-27845388,nhd-72980380,Roaring Fork River
aspen,flowline,nhd-flowline-27845398,nhd-72983318,
aspen,flowline,nhd-flowline-27846142,nhd-165831146,
aspen,flowline,nhd-flowline-27846277,nhd-72975220,
aspen,flowline,nhd-flowline-27846283,nhd-165827540,
aspen,flowline,nhd-flowline-27846301,nhd-165831617,Snowmass Creek
aspen,flowline,nhd-flowline-27846317,nhd-72963192,
aspen,flowline,nhd-flowline-27846334,nhd-165821806,
aspen,flowline,nhd-flowline-27846340,nhd-72971296,
aspen,flowline,nhd-flowline-27846359,nhd-72962782,Woody Creek
aspen,flowline,nhd-flowline-27846387,nhd-165833146,
aspen,flowline,nhd-flowline-27846391,nhd-72975172,
aspen,flowline,nhd-flowline-27846392,nhd-72969800,Lincoln Creek
aspen,flowline,nhd-flowline-27846402,nhd-72981450,No Name Creek
aspen,flowline,nhd-flowline-27846403,nhd-165833688,
aspen,flowline,nhd-flowline-27846418,nhd-72972780,
aspen,flowline,nhd-flowline-27846427,nhd-165831118,
aspen,flowline,nhd-flowline-27846441,nhd-72981466,No Name Creek
aspen,flowline,nhd-flowline-27846471,nhd-165831618,
aspen,flowline,nhd-flowline-27846477,nhd-165835110,Snowmass Creek
aspen,flowline,nhd-flowline-27846480,nhd-72968420,
aspen,flowline,nhd-flowline-27846619,nhd-165828869,
aspen,flowline,nhd-flowline-27846631,nhd-72963474,
aspen,flowline,nhd-flowline-27846664,nhd-165828969,
aspen,flowline,nhd-flowline-27904847,nhd-72979202,
aspen,flowline,nhd-flowline-27913849,nhd-165834416,
aspen,flowline,nhd-flowline-27913876,nhd-165822866,
aspen,flowline,nhd-flowline-27918310,nhd-159069574,Bowman Creek
aspen,flowline,nhd-flowline-27928814,nhd-159067974,
aspen,flowline,nhd-flowline-27928815,nhd-65879853,Copper Creek
aspen,flowline,nhd-flowline-27952695,nhd-159072475,
aspen,flowline,nhd-flowline-28070412,nhd-165831697,
aspen,flowline,nhd-flowline-28070426,nhd-165835798,Lincoln Creek
aspen,flowline,nhd-flowline-28070438,nhd-165822932,Bear Creek
aspen,flowline,nhd-flowline-28070444,nhd-165834750,
aspen,flowline,nhd-flowline-28070448,nhd-72980996,
aspen,flowline,nhd-flowline-28070458,nhd-165830110,South Fork Fryingpan River
aspen,flowline,nhd-flowline-28070466,nhd-165832969,
aspen,flowline,nhd-flowline-28070490,nhd-72964726,Nickelson Creek
aspen,flowline,nhd-flowline-28070496,nhd-165831088,
aspen,flowline,nhd-flowline-28070501,nhd-165817247,
aspen,flowline,nhd-flowline-28070505,nhd-72968960,Brush Creek
aspen,flowline,nhd-flowline-28070514,nhd-165834164,Galena Creek
aspen,flowline,nhd-flowline-28070519,nhd-165825957,
aspen,flowline,nhd-flowline-28070522,nhd-72963418,Roaring Fork River
aspen,flowline,nhd-flowline-28070530,nhd-165833509,
aspen,flowline,nhd-flowline-28070551,nhd-72969432,Maroon Creek
aspen,flowline,nhd-flowline-28070579,nhd-165835490,Owl Creek
aspen,flowline,nhd-flowline-28070580,nhd-165835729,
aspen,flowline,nhd-flowline-28070594,nhd-72969418,Maroon Creek
aspen,flowline,nhd-flowline-28070595,nhd-165832495,Conundrum Creek
aspen,flowline,nhd-flowline-28070618,nhd-72975180,New York Creek
aspen,flowline,nhd-flowline-28071397,nhd-165834228,
aspen,flowline,nhd-flowline-28071399,nhd-72971430,
aspen,flowline,nhd-flowline-28071416,nhd-165827693,
aspen,flowline,nhd-flowline-28071460,nhd-165819041,
aspen,flowline,nhd-flowline-28071470,nhd-72964446,Lime Creek
aspen,flowline,nhd-flowline-28071529,nhd-72965044,Snowmass Creek
aspen,flowline,nhd-flowline-28071553,nhd-165834624,
aspen,flowline,nhd-flowline-28071556,nhd-165822109,
aspen,flowline,nhd-flowline-28071559,nhd-72968654,
aspen,flowline,nhd-flowline-28071567,nhd-72968684,Castle Creek
aspen,flowline,nhd-flowline-28071578,nhd-165823552,
aspen,flowline,nhd-flowline-28071584,nhd-165833853,
aspen,flowline,nhd-flowline-28071585,nhd-165832820,
aspen,flowline,nhd-flowline-28071593,nhd-165820560,
aspen,flowline,nhd-flowline-28071618,nhd-72968884,
aspen,flowline,nhd-flowline-28071623,nhd-165825544,
aspen,flowline,nhd-flowline-28071630,nhd-165833865,
aspen,flowline,nhd-flowline-28071637,nhd-165834521,
aspen,flowline,nhd-flowline-28071640,nhd-165821920,
aspen,flowline,nhd-flowline-28071651,nhd-165820783,
aspen,flowline,nhd-flowline-28071662,nhd-72972156,Cliff Creek
aspen,flowline,nhd-flowline-28071668,nhd-165831305,
aspen,flowline,nhd-flowline-28071680,nhd-165833246,
aspen,flowline,nhd-flowline-28071701,nhd-165829745,
aspen,flowline,nhd-flowline-28071722,nhd-165817961,Owl Creek
aspen,flowline,nhd-flowline-28071727,nhd-165833414,Elk Creek Ditch
aspen,flowline,nhd-flowline-28071741,nhd-72969194,
aspen,flowline,nhd-flowline-28071749,nhd-165835138,
aspen,flowline,nhd-flowline-28071757,nhd-72963480,
aspen,flowline,nhd-flowline-28071762,nhd-72975230,
aspen,flowline,nhd-flowline-28071766,nhd-165833695,
aspen,flowline,nhd-flowline-28071776,nhd-72968590,Castle Creek
aspen,flowline,nhd-flowline-28071777,nhd-165816897,
aspen,flowline,nhd-flowline-28071806,nhd-72981374,
aspen,flowline,nhd-flowline-28071875,nhd-165834520,
aspen,flowline,nhd-flowline-28071885,nhd-165833454,
aspen,flowline,nhd-flowline-28125990,nhd-165831199,
aspen,flowline,nhd-flowline-28154028,nhd-159067976,
aspen,flowline,nhd-flowline-28154206,nhd-165827930,Herrick Ditch
aspen,flowline,nhd-flowline-28175036,nhd-165836082,Hunter Tunnel
aspen,flowline,nhd-flowline-28297053,nhd-165823287,
aspen,flowline,nhd-flowline-28297058,nhd-165834615,
aspen,flowline,nhd-flowline-28297062,nhd-72981020,
aspen,flowline,nhd-flowline-28297063,nhd-72963386,
aspen,flowline,nhd-flowline-28297086,nhd-165831782,
aspen,flowline,nhd-flowline-28297100,nhd-72983216,
aspen,flowline,nhd-flowline-28297124,nhd-165833536,
aspen,flowline,nhd-flowline-28297148,nhd-165825516,
aspen,flowline,nhd-flowline-28297162,nhd-165820176,
aspen,flowline,nhd-flowline-28297171,nhd-72963010,
aspen,flowline,nhd-flowline-28297190,nhd-72971306,
aspen,flowline,nhd-flowline-28297211,nhd-72968882,Wildcat Creek
aspen,flowline,nhd-flowline-28297219,nhd-165834189,Lincoln Gulch Connection Canal
aspen,flowline,nhd-flowline-28297223,nhd-165828545,
aspen,flowline,nhd-flowline-28297227,nhd-72971190,
aspen,flowline,nhd-flowline-28297232,nhd-72969302,
aspen,flowline,nhd-flowline-28297994,nhd-165830999,
aspen,flowline,nhd-flowline-28298002,nhd-72969456,
aspen,flowline,nhd-flowline-28298006,nhd-165827048,
aspen,flowline,nhd-flowline-28298075,nhd-165833210,Brush Creek
aspen,flowline,nhd-flowline-28298084,nhd-72972162,Spruce Creek
aspen,flowline,nhd-flowline-28298140,nhd-72983296,
aspen,flowline,nhd-flowline-28298155,nhd-165828022,
aspen,flowline,nhd-flowline-28298183,nhd-165818002,
aspen,flowline,nhd-flowline-28298191,nhd-165826122,
aspen,flowline,nhd-flowline-28298192,nhd-72971350,East Maroon Creek
aspen,flowline,nhd-flowline-28298194,nhd-72981474,No Name Creek
aspen,flowline,nhd-flowline-28298224,nhd-72983290,Smith and Rex Ditch
aspen,flowline,nhd-flowline-28298238,nhd-72969810,
aspen,flowline,nhd-flowline-28298243,nhd-165830099,
aspen,flowline,nhd-flowline-28298246,nhd-72980276,Conundrum Creek
aspen,flowline,nhd-flowline-28298253,nhd-72981288,
aspen,flowline,nhd-flowline-28298287,nhd-72981018,Roaring Fork River
aspen,flowline,nhd-flowline-28298299,nhd-72975234,Galena Creek
aspen,flowline,nhd-flowline-28298301,nhd-165827460,
aspen,flowline,nhd-flowline-28298333,nhd-165825864,Conundrum Creek
aspen,flowline,nhd-flowline-28298334,nhd-165834792,
aspen,flowline,nhd-flowline-28298339,nhd-165834590,
aspen,flowline,nhd-flowline-28298347,nhd-165833608,
aspen,flowline,nhd-flowline-28298370,nhd-72968758,
aspen,flowline,nhd-flowline-28298373,nhd-165825969,
aspen,flowline,nhd-flowline-28298395,nhd-165831589,
aspen,flowline,nhd-flowline-28298399,nhd-165834396,
aspen,flowline,nhd-flowline-28298401,nhd-165833479,
aspen,flowline,nhd-flowline-28298492,nhd-165833882,
aspen,flowline,nhd-flowline-28363825,nhd-165827365,
aspen,flowline,nhd-flowline-28365282,nhd-11AF55A5-14FA-4233-A8CF-D5B7B92B4297,Willow Creek
aspen,flowline,nhd-flowline-28401133,nhd-72969772,Twin Lakes Reservoir Tunnel Number 2
aspen,flowline,nhd-flowline-28404318,nhd-159069544,
aspen,flowline,nhd-flowline-28404338,nhd-65880927,
aspen,flowline,nhd-flowline-28472166,nhd-159069524,
aspen,flowline,nhd-flowline-28472233,nhd-65879811,
aspen,flowline,nhd-flowline-28522309,nhd-165828871,
aspen,flowline,nhd-flowline-28522319,nhd-72969398,Willow Creek
aspen,flowline,nhd-flowline-28522325,nhd-72962924,
aspen,flowline,nhd-flowline-28522346,nhd-165833947,
aspen,flowline,nhd-flowline-28522348,nhd-165827363,
aspen,flowline,nhd-flowline-28522352,nhd-165823528,
aspen,flowline,nhd-flowline-28522393,nhd-165835824,
aspen,flowline,nhd-flowline-28522402,nhd-72969416,
aspen,flowline,nhd-flowline-28522403,nhd-165835622,
aspen,flowline,nhd-flowline-28522408,nhd-165834893,
aspen,flowline,nhd-flowline-28522427,nhd-165831115,
aspen,flowline,nhd-flowline-28522436,nhd-165827345,
aspen,flowline,nhd-flowline-28522441,nhd-72968790,
aspen,flowline,nhd-flowline-28522442,nhd-165822943,
aspen,flowline,nhd-flowline-28522449,nhd-72981002,Maroon Creek
aspen,flowline,nhd-flowline-28522458,nhd-165835996,
aspen,flowline,nhd-flowline-28522479,nhd-72972686,
aspen,flowline,nhd-flowline-28522481,nhd-72963156,
aspen,flowline,nhd-flowline-28523269,nhd-72963536,Roaring Fork River
aspen,flowline,nhd-flowline-28523374,nhd-165832118,
aspen,flowline,nhd-flowline-28523375,nhd-72981538,
aspen,flowline,nhd-flowline-28523391,nhd-165834361,
aspen,flowline,nhd-flowline-28523409,nhd-72969698,Lincoln Creek
aspen,flowline,nhd-flowline-28523416,nhd-72981242,Woody Creek
aspen,flowline,nhd-flowline-28523428,nhd-72975298,Galena Creek
aspen,flowline,nhd-flowline-28523437,nhd-72983342,
aspen,flowline,nhd-flowline-28523466,nhd-165823570,Express Creek
aspen,flowline,nhd-flowline-28523473,nhd-165825881,
aspen,flowline,nhd-flowline-28523478,nhd-165833222,
aspen,flowline,nhd-flowline-28523484,nhd-165833591,
aspen,flowline,nhd-flowline-28523494,nhd-72975048,
aspen,flowline,nhd-flowline-28523520,nhd-165833772,
aspen,flowline,nhd-flowline-28523521,nhd-165831669,Johnson Creek
aspen,flowline,nhd-flowline-28523532,nhd-165819585,
aspen,flowline,nhd-flowline-28523536,nhd-72969626,Roaring Fork River
aspen,flowline,nhd-flowline-28523546,nhd-165834216,
aspen,flowline,nhd-flowline-28523554,nhd-72975102,
aspen,flowline,nhd-flowline-28523559,nhd-165827443,
aspen,flowline,nhd-flowline-28523560,nhd-165832503,
aspen,flowline,nhd-flowline-28523582,nhd-165831500,
aspen,flowline,nhd-flowline-28523664,nhd-165829660,Columbia Creek
aspen,flowline,nhd-flowline-28523691,nhd-165833375,Wildcat Creek
aspen,flowline,nhd-flowline-28523730,nhd-165826810,
aspen,flowline,nhd-flowline-28577871,nhd-165834142,Grizzly Creek
aspen,flowline,nhd-flowline-28590577,nhd-165827500,
aspen,flowline,nhd-flowline-28590579,nhd-72969266,Willow Creek
aspen,flowline,nhd-flowline-28590580,nhd-165827303,
aspen,flowline,nhd-flowline-28590582,nhd-165834820,
aspen,flowline,nhd-flowline-28590583,nhd-72969504,East Fork Brush Creek
aspen,flowline,nhd-flowline-28595097,nhd-159069583,Bowman Creek
aspen,flowline,nhd-flowline-28626225,nhd-165823937,Red Mountain Ditch
aspen,flowline,nhd-flowline-28626226,nhd-165830636,Red Mountain Ditch
aspen,flowline,nhd-flowline-28629437,nhd-65878229,
aspen,flowline,nhd-flowline-28629438,nhd-159072490,
aspen,flowline,nhd-flowline-28697696,nhd-159069527,
aspen,flowline,nhd-flowline-28697708,nhd-159068230,
aspen,flowline,nhd-flowline-28697751,nhd-159067936,
aspen,flowline,nhd-flowline-28697795,nhd-65880945,Tellurium Creek
aspen,area,nhd-area-80987,nhd-72977308,
aspen,waterbody,nhd-waterbody-27614,nhd-72962614,
aspen,waterbody,nhd-waterbody-27615,nhd-72962678,
aspen,waterbody,nhd-waterbody-27623,nhd-72971178,
aspen,waterbody,nhd-waterbody-27626,nhd-72974936,
aspen,waterbody,nhd-waterbody-59538,nhd-72980518,
aspen,waterbody,nhd-waterbody-82273,nhd-133049561,
aspen,waterbody,nhd-waterbody-147952,nhd-72962654,
aspen,waterbody,nhd-waterbody-147962,nhd-72975002,
aspen,waterbody,nhd-waterbody-147964,nhd-72978684,
aspen,waterbody,nhd-waterbody-155092,nhd-65878231,
aspen,waterbody,nhd-waterbody-267915,nhd-72962606,
aspen,waterbody,nhd-waterbody-267927,nhd-72981202,
aspen,waterbody,nhd-waterbody-275269,nhd-65880949,
aspen,waterbody,nhd-waterbody-388745,nhd-72964606,
aspen,waterbody,nhd-waterbody-388746,nhd-72964626,
aspen,waterbody,nhd-waterbody-388749,nhd-72968372,
aspen,waterbody,nhd-waterbody-388750,nhd-72968852,
aspen,waterbody,nhd-waterbody-388752,nhd-72972344,Linkins Lake
aspen,waterbody,nhd-waterbody-388753,nhd-72974968,
aspen,waterbody,nhd-waterbody-388754,nhd-72974982,
aspen,waterbody,nhd-waterbody-388757,nhd-72978806,Elko Lake
aspen,waterbody,nhd-waterbody-395938,nhd-65880741,
aspen,waterbody,nhd-waterbody-395939,nhd-65880743,
aspen,waterbody,nhd-waterbody-420774,nhd-72980500,
aspen,waterbody,nhd-waterbody-509405,nhd-72962600,
aspen,waterbody,nhd-waterbody-509406,nhd-72962756,
aspen,waterbody,nhd-waterbody-509412,nhd-72968840,
aspen,waterbody,nhd-waterbody-509413,nhd-72968858,Whites Lake
aspen,waterbody,nhd-waterbody-509415,nhd-72971648,
aspen,waterbody,nhd-waterbody-509416,nhd-72972348,
aspen,waterbody,nhd-waterbody-509425,nhd-72981140,
aspen,waterbody,nhd-waterbody-541129,nhd-72968344,
aspen,waterbody,nhd-waterbody-629885,nhd-72962628,
aspen,waterbody,nhd-waterbody-629892,nhd-72968866,
aspen,waterbody,nhd-waterbody-629893,nhd-72969530,
aspen,waterbody,nhd-waterbody-629898,nhd-72972274,Granite Lakes
aspen,waterbody,nhd-waterbody-629902,nhd-72974916,
aspen,waterbody,nhd-waterbody-629903,nhd-72974954,
aspen,waterbody,nhd-waterbody-629907,nhd-72981196,
aspen,waterbody,nhd-waterbody-637059,nhd-65880753,
aspen,waterbody,nhd-waterbody-637060,nhd-65880767,
aspen,waterbody,nhd-waterbody-637061,nhd-65880789,
aspen,waterbody,nhd-waterbody-637062,nhd-65880801,
aspen,waterbody,nhd-waterbody-661847,nhd-72972276,
aspen,waterbody,nhd-waterbody-661848,nhd-72980488,
aspen,waterbody,nhd-waterbody-750752,nhd-72962676,
aspen,waterbody,nhd-waterbody-750761,nhd-72968814,
aspen,waterbody,nhd-waterbody-750762,nhd-72969558,
aspen,waterbody,nhd-waterbody-750768,nhd-72981138,
aspen,waterbody,nhd-waterbody-782829,nhd-72968360,
aspen,waterbody,nhd-waterbody-834067,nhd-65879795,
aspen,waterbody,nhd-waterbody-871124,nhd-72962674,
aspen,waterbody,nhd-waterbody-871133,nhd-72971650,
aspen,waterbody,nhd-waterbody-871135,nhd-72974928,
aspen,waterbody,nhd-waterbody-871138,nhd-72981142,
aspen,waterbody,nhd-waterbody-871139,nhd-72981154,
aspen,waterbody,nhd-waterbody-871140,nhd-72981194,
aspen,waterbody,nhd-waterbody-991734,nhd-72962702,
aspen,waterbody,nhd-waterbody-991735,nhd-72962724,
aspen,waterbody,nhd-waterbody-991736,nhd-72962736,
aspen,waterbody,nhd-waterbody-991737,nhd-72962752,
aspen,waterbody,nhd-waterbody-991744,nhd-72968806,
aspen,waterbody,nhd-waterbody-991748,nhd-72974950,
aspen,waterbody,nhd-waterbody-991749,nhd-72978726,
aspen,waterbody,nhd-waterbody-991750,nhd-72978732,
aspen,waterbody,nhd-waterbody-998897,nhd-65880771,
aspen,waterbody,nhd-waterbody-1023708,nhd-72981186,
aspen,waterbody,nhd-waterbody-1112366,nhd-72962714,
aspen,waterbody,nhd-waterbody-1112378,nhd-72974910,
aspen,waterbody,nhd-waterbody-1144634,nhd-65878193,
aspen,waterbody,nhd-waterbody-1233022,nhd-72964556,
aspen,waterbody,nhd-waterbody-1233023,nhd-72964560,
aspen,waterbody,nhd-waterbody-1233026,nhd-72968346,
aspen,waterbody,nhd-waterbody-1233027,nhd-72968844,
aspen,waterbody,nhd-waterbody-1233028,nhd-72969540,
aspen,waterbody,nhd-waterbody-1233029,nhd-72969546,
aspen,waterbody,nhd-waterbody-1233030,nhd-72971142,
aspen,waterbody,nhd-waterbody-1240179,nhd-65880745,
aspen,waterbody,nhd-waterbody-1264657,nhd-72981114,
aspen,waterbody,nhd-waterbody-1353326,nhd-72962640,
aspen,waterbody,nhd-waterbody-1353327,nhd-72962706,
aspen,waterbody,nhd-waterbody-1353334,nhd-72971154,
aspen,waterbody,nhd-waterbody-1353335,nhd-72971172,
aspen,waterbody,nhd-waterbody-1360595,nhd-65883425,
aspen,waterbody,nhd-waterbody-1385144,nhd-72978722,
aspen,waterbody,nhd-waterbody-1474184,nhd-72962656,
aspen,waterbody,nhd-waterbody-1474189,nhd-72971104,
aspen,waterbody,nhd-waterbody-1474190,nhd-72971112,
aspen,waterbody,nhd-waterbody-1474197,nhd-72981158,
aspen,waterbody,nhd-waterbody-1481395,nhd-65877595,
aspen,waterbody,nhd-waterbody-1481396,nhd-65877601,
aspen,waterbody,nhd-waterbody-1506092,nhd-72972282,
aspen,waterbody,nhd-waterbody-1506093,nhd-72978746,
aspen,waterbody,nhd-waterbody-1506095,nhd-72980492,
aspen,waterbody,nhd-waterbody-1506096,nhd-72980526,
aspen,waterbody,nhd-waterbody-1557754,nhd-65878233,
aspen,waterbody,nhd-waterbody-1594725,nhd-72962712,
aspen,waterbody,nhd-waterbody-1594726,nhd-72962730,
aspen,waterbody,nhd-waterbody-1594727,nhd-72962746,
aspen,waterbody,nhd-waterbody-1594733,nhd-72971162,
aspen,waterbody,nhd-waterbody-1594734,nhd-72972272,Granite Lakes
aspen,waterbody,nhd-waterbody-1594735,nhd-72974930,
aspen,waterbody,nhd-waterbody-1594736,nhd-72974996,Petroleum Lake
aspen,waterbody,nhd-waterbody-1601941,nhd-65878195,
aspen,waterbody,nhd-waterbody-1601944,nhd-65880759,
aspen,waterbody,nhd-waterbody-1626767,nhd-72978730,
aspen,waterbody,nhd-waterbody-1688396,nhd-72962662,
aspen,waterbody,nhd-waterbody-1715041,nhd-72968800,Wildcat Reservoir
aspen,waterbody,nhd-waterbody-1715043,nhd-72971106,
aspen,waterbody,nhd-waterbody-1715051,nhd-72981192,
aspen,waterbody,nhd-waterbody-1722309,nhd-65880793,
aspen,waterbody,nhd-waterbody-1722314,nhd-65883423,
aspen,waterbody,nhd-waterbody-1747007,nhd-72962694,
aspen,waterbody,nhd-waterbody-1747008,nhd-72962708,
aspen,waterbody,nhd-waterbody-1747009,nhd-72981160,
aspen,waterbody,nhd-waterbody-1835787,nhd-72962598,
aspen,waterbody,nhd-waterbody-1835788,nhd-72962648,
aspen,waterbody,nhd-waterbody-1835792,nhd-72964570,
aspen,waterbody,nhd-waterbody-1835800,nhd-72971110,
aspen,waterbody,nhd-waterbody-1835801,nhd-72971168,
aspen,waterbody,nhd-waterbody-1835802,nhd-72971184,
aspen,waterbody,nhd-waterbody-1835804,nhd-72972306,
aspen,waterbody,nhd-waterbody-1835805,nhd-72974946,
aspen,waterbody,nhd-waterbody-1835809,nhd-72981164,Warren Lakes
aspen,waterbody,nhd-waterbody-1835810,nhd-72981180,
aspen,waterbody,nhd-waterbody-1843096,nhd-65880819,
aspen,waterbody,nhd-waterbody-1956227,nhd-72962642,
aspen,waterbody,nhd-waterbody-1956231,nhd-72968366,
aspen,waterbody,nhd-waterbody-1956232,nhd-72968796,
aspen,waterbody,nhd-waterbody-1956233,nhd-72968856,
aspen,waterbody,nhd-waterbody-1956236,nhd-72971134,
aspen,waterbody,nhd-waterbody-1956238,nhd-72971652,
aspen,waterbody,nhd-waterbody-1956243,nhd-72974934,Tabor Lake
aspen,waterbody,nhd-waterbody-1956246,nhd-72978716,
aspen,waterbody,nhd-waterbody-1963433,nhd-65880749,
aspen,waterbody,nhd-waterbody-2076630,nhd-72962596,
aspen,waterbody,nhd-waterbody-2076631,nhd-72962742,
aspen,waterbody,nhd-waterbody-2076642,nhd-72974938,
aspen,waterbody,nhd-waterbody-2076646,nhd-72982258,
aspen,waterbody,nhd-waterbody-2108769,nhd-72978680,
aspen,waterbody,nhd-waterbody-2108770,nhd-72981146,
aspen,waterbody,nhd-waterbody-2108771,nhd-72981168,
aspen,waterbody,nhd-waterbody-2197392,nhd-72962616,
aspen,waterbody,nhd-waterbody-2197393,nhd-72962660,
aspen,waterbody,nhd-waterbody-2197394,nhd-72962754,Tagerts Lake
aspen,waterbody,nhd-waterbody-2197397,nhd-72968818,
aspen,waterbody,nhd-waterbody-2197399,nhd-72971114,
aspen,waterbody,nhd-waterbody-2197403,nhd-72974912,
aspen,waterbody,nhd-waterbody-2197404,nhd-72978724,
aspen,waterbody,nhd-waterbody-2204614,nhd-65880807,
aspen,waterbody,nhd-waterbody-2280664,nhd-65880737,Ptarmigan Lake
aspen,waterbody,nhd-waterbody-2318109,nhd-72962588,
aspen,waterbody,nhd-waterbody-2318110,nhd-72962594,
aspen,waterbody,nhd-waterbody-2318111,nhd-72962748,
aspen,waterbody,nhd-waterbody-2318120,nhd-72974932,
aspen,waterbody,nhd-waterbody-2325362,nhd-65878241,
aspen,waterbody,nhd-waterbody-2325363,nhd-65878245,
aspen,waterbody,nhd-waterbody-2325368,nhd-65880781,
aspen,waterbody,nhd-waterbody-2438542,nhd-72962682,
aspen,waterbody,nhd-waterbody-2438543,nhd-72962728,
aspen,waterbody,nhd-waterbody-2438551,nhd-72968836,
aspen,waterbody,nhd-waterbody-2438552,nhd-72969544,
aspen,waterbody,nhd-waterbody-2438556,nhd-72972304,Deadman Lake
aspen,waterbody,nhd-waterbody-2438557,nhd-72972330,Lost Man Lake
aspen,waterbody,nhd-waterbody-2438564,nhd-72978708,
aspen,waterbody,nhd-waterbody-2558471,nhd-72962586,
aspen,waterbody,nhd-waterbody-2558472,nhd-72962622,
aspen,waterbody,nhd-waterbody-2558473,nhd-72962634,
aspen,waterbody,nhd-waterbody-2558474,nhd-72962658,
aspen,waterbody,nhd-waterbody-2558479,nhd-72969526,
aspen,waterbody,nhd-waterbody-2558480,nhd-72969534,
aspen,waterbody,nhd-waterbody-2558485,nhd-72978672,Snowmass Lake
aspen,waterbody,nhd-waterbody-2558487,nhd-72978698,
aspen,waterbody,nhd-waterbody-2558488,nhd-72981206,
aspen,waterbody,nhd-waterbody-2565900,nhd-65880763,
aspen,waterbody,nhd-waterbody-2565901,nhd-65880783,
aspen,waterbody,nhd-waterbody-2590795,nhd-72962726,
aspen,waterbody,nhd-waterbody-2679760,nhd-72969524,
aspen,waterbody,nhd-waterbody-2679761,nhd-72969528,
aspen,waterbody,nhd-waterbody-2679767,nhd-72974904,
aspen,waterbody,nhd-waterbody-2679768,nhd-72974906,
aspen,waterbody,nhd-waterbody-2679769,nhd-72974992,
aspen,waterbody,nhd-waterbody-2679771,nhd-72977322,
aspen,waterbody,nhd-waterbody-2679774,nhd-72981200,
aspen,waterbody,nhd-waterbody-2686935,nhd-65880755,
aspen,waterbody,nhd-waterbody-2711556,nhd-72980498,
aspen,waterbody,nhd-waterbody-2711557,nhd-72981174,
aspen,waterbody,nhd-waterbody-2799602,nhd-72962718,
aspen,waterbody,nhd-waterbody-2799607,nhd-72968870,
aspen,waterbody,nhd-waterbody-2799610,nhd-72972322,
aspen,waterbody,nhd-waterbody-2799617,nhd-72978748,
aspen,waterbody,nhd-waterbody-2799621,nhd-72981156,
aspen,waterbody,nhd-waterbody-2806662,nhd-65880747,
aspen,waterbody,nhd-waterbody-2831371,nhd-72968358,
aspen,waterbody,nhd-waterbody-2831375,nhd-72980510,
aspen,waterbody,nhd-waterbody-2920075,nhd-72968352,
aspen,waterbody,nhd-waterbody-2920076,nhd-72968826,
aspen,waterbody,nhd-waterbody-2920077,nhd-72969572,
aspen,waterbody,nhd-waterbody-2920079,nhd-72971180,
aspen,waterbody,nhd-waterbody-2920080,nhd-72971182,
aspen,waterbody,nhd-waterbody-2920082,nhd-72972288,
aspen,waterbody,nhd-waterbody-2920084,nhd-72972346,Lost Man Reservoir
aspen,waterbody,nhd-waterbody-2927272,nhd-65879789,
aspen,waterbody,nhd-waterbody-2927275,nhd-65880777,
aspen,waterbody,nhd-waterbody-3040415,nhd-72962690,
aspen,waterbody,nhd-waterbody-3040416,nhd-72964564,
aspen,waterbody,nhd-waterbody-3040423,nhd-72969562,Grizzly Reservoir
aspen,waterbody,nhd-waterbody-3040424,nhd-72969570,Ruby Lakes
aspen,waterbody,nhd-waterbody-3040425,nhd-72971138,Crater Lake
aspen,waterbody,nhd-waterbody-3040426,nhd-72974956,
aspen,waterbody,nhd-waterbody-3040427,nhd-72974958,
aspen,waterbody,nhd-waterbody-3040428,nhd-72974960,
aspen,waterbody,nhd-waterbody-3040432,nhd-72981204,
aspen,waterbody,nhd-waterbody-3047675,nhd-65879797,Copper Lake
aspen,waterbody,nhd-waterbody-3072122,nhd-72974998,
aspen,waterbody,nhd-waterbody-3094470,nhd-133049519,
aspen,waterbody,nhd-waterbody-3160318,nhd-72962696,
aspen,waterbody,nhd-waterbody-3160327,nhd-72971128,
aspen,waterbody,nhd-waterbody-3160329,nhd-72972312,
aspen,waterbody,nhd-waterbody-3160330,nhd-72972318,
aspen,waterbody,nhd-waterbody-3160331,nhd-72972320,
aspen,waterbody,nhd-waterbody-3160332,nhd-72972332,
aspen,waterbody,nhd-waterbody-3167647,nhd-65883419,Emerald Lake
aspen,waterbody,nhd-waterbody-3192104,nhd-72980490,
aspen,waterbody,nhd-waterbody-3192105,nhd-72981172,
aspen,waterbody,nhd-waterbody-3280945,nhd-72969538,
aspen,waterbody,nhd-waterbody-3280946,nhd-72971158,Silver Dollar Pond
aspen,waterbody,nhd-waterbody-3280948,nhd-72972342,
aspen,waterbody,nhd-waterbody-3280951,nhd-72974924,
aspen,waterbody,nhd-waterbody-3280952,nhd-72974966,
aspen,waterbody,nhd-waterbody-3280953,nhd-72975000,
aspen,waterbody,nhd-waterbody-3280959,nhd-72981150,
aspen,waterbody,nhd-waterbody-3288193,nhd-65880775,
aspen,waterbody,nhd-waterbody-3335634,nhd-133053017,
aspen,waterbody,nhd-waterbody-3375093,nhd-72962664,
aspen,waterbody,nhd-waterbody-3401441,nhd-72962666,
aspen,waterbody,nhd-waterbody-3401442,nhd-72963700,
aspen,waterbody,nhd-waterbody-3401444,nhd-72964558,
aspen,waterbody,nhd-waterbody-3401450,nhd-72968830,
aspen,waterbody,nhd-waterbody-3401451,nhd-72969532,
aspen,waterbody,nhd-waterbody-3401452,nhd-72969550,
aspen,waterbody,nhd-waterbody-3401455,nhd-72972334,
aspen,waterbody,nhd-waterbody-3401457,nhd-72974974,Jack Lake
aspen,waterbody,nhd-waterbody-3401458,nhd-72974988,
aspen,waterbody,nhd-waterbody-3401462,nhd-72980544,Sawyer Lake
aspen,waterbody,nhd-waterbody-3401463,nhd-72981176,Midway Lake
aspen,waterbody,nhd-waterbody-3408770,nhd-65880821,
aspen,waterbody,nhd-waterbody-3433529,nhd-72978752,
aspen,waterbody,nhd-waterbody-3522077,nhd-72968810,
aspen,waterbody,nhd-waterbody-3522078,nhd-72968862,
aspen,waterbody,nhd-waterbody-3522080,nhd-72974980,
aspen,waterbody,nhd-waterbody-3522083,nhd-72978712,
aspen,waterbody,nhd-waterbody-3522086,nhd-72981188,
aspen,waterbody,nhd-waterbody-3522087,nhd-72981190,
aspen,waterbody,nhd-waterbody-3529319,nhd-65885841,Taylor Lake
aspen,waterbody,nhd-waterbody-3553987,nhd-72972280,
aspen,waterbody,nhd-waterbody-3642780,nhd-72968376,
aspen,waterbody,nhd-waterbody-3642786,nhd-72978736,
aspen,waterbody,nhd-waterbody-3649985,nhd-65880757,
aspen,waterbody,nhd-waterbody-3674590,nhd-72980506,
aspen,waterbody,nhd-waterbody-3674591,nhd-72980522,
aspen,waterbody,nhd-waterbody-3674592,nhd-72981178,
aspen,waterbody,nhd-waterbody-3763391,nhd-72962684,
aspen,waterbody,nhd-waterbody-3763396,nhd-72968374,
aspen,waterbody,nhd-waterbody-3763397,nhd-72968828,
aspen,waterbody,nhd-waterbody-3763409,nhd-72981144,
aspen,waterbody,nhd-waterbody-3763410,nhd-72981148,
aspen,waterbody,nhd-waterbody-3770724,nhd-65880733,
aspen,waterbody,nhd-waterbody-3770725,nhd-65880797,
aspen,waterbody,nhd-waterbody-3795303,nhd-72962732,
aspen,waterbody,nhd-waterbody-3795304,nhd-72968838,
aspen,waterbody,nhd-waterbody-3884157,nhd-72962680,
aspen,waterbody,nhd-waterbody-3884158,nhd-72964568,
aspen,waterbody,nhd-waterbody-3884165,nhd-72968348,
aspen,waterbody,nhd-waterbody-3884166,nhd-72968846,
aspen,waterbody,nhd-waterbody-3884174,nhd-72974918,Weller Lake
aspen,waterbody,nhd-waterbody-3884175,nhd-72974972,Truro Lake
aspen,waterbody,nhd-waterbody-3884177,nhd-72978740,
aspen,waterbody,nhd-waterbody-3884180,nhd-72981112,
aspen,waterbody,nhd-waterbody-3891444,nhd-65880751,
aspen,waterbody,nhd-waterbody-3891445,nhd-65880773,
aspen,waterbody,nhd-waterbody-3891446,nhd-65880787,
aspen,waterbody,nhd-waterbody-4004698,nhd-72962604,
aspen,waterbody,nhd-waterbody-4004701,nhd-72964534,
aspen,waterbody,nhd-waterbody-4004705,nhd-72968820,
aspen,waterbody,nhd-waterbody-4004706,nhd-72968834,
aspen,waterbody,nhd-waterbody-4004708,nhd-72971144,
aspen,waterbody,nhd-waterbody-4004709,nhd-72971146,
aspen,waterbody,nhd-waterbody-4036612,nhd-72980494,
aspen,waterbody,nhd-waterbody-4124970,nhd-72962592,
aspen,waterbody,nhd-waterbody-4124971,nhd-72962716,
aspen,waterbody,nhd-waterbody-4124976,nhd-72968816,
aspen,waterbody,nhd-waterbody-4124977,nhd-72974948,
aspen,waterbody,nhd-waterbody-4132219,nhd-65880769,
aspen,waterbody,nhd-waterbody-4156857,nhd-72980502,
aspen,waterbody,nhd-waterbody-4245310,nhd-72968832,
aspen,waterbody,nhd-waterbody-4245311,nhd-72971116,
aspen,waterbody,nhd-waterbody-4245312,nhd-72971130,
aspen,waterbody,nhd-waterbody-4245313,nhd-72972336,Independence Lake
aspen,waterbody,nhd-waterbody-4245314,nhd-72972338,
aspen,waterbody,nhd-waterbody-4245315,nhd-72974944,
aspen,waterbody,nhd-waterbody-4245316,nhd-72975004,Anderson Lake
aspen,waterbody,nhd-waterbody-4245317,nhd-72978738,
aspen,waterbody,nhd-waterbody-4245319,nhd-72978792,
aspen,waterbody,nhd-waterbody-4252668,nhd-65879791,
aspen,waterbody,nhd-waterbody-4365719,nhd-72962650,
aspen,waterbody,nhd-waterbody-4365723,nhd-72968364,
aspen,waterbody,nhd-waterbody-4365725,nhd-72971102,
aspen,waterbody,nhd-waterbody-4365726,nhd-72971170,
aspen,waterbody,nhd-waterbody-4365734,nhd-72978678,
aspen,waterbody,nhd-waterbody-4372919,nhd-65880765,
aspen,waterbody,nhd-waterbody-4372920,nhd-65880809,
aspen,waterbody,nhd-waterbody-4486426,nhd-72962632,
aspen,waterbody,nhd-waterbody-4486428,nhd-72964604,
aspen,waterbody,nhd-waterbody-4486429,nhd-72964618,
aspen,waterbody,nhd-waterbody-4486434,nhd-72968848,Marolt Reservoir
aspen,waterbody,nhd-waterbody-4486435,nhd-72969568,
aspen,waterbody,nhd-waterbody-4486438,nhd-72972328,
aspen,waterbody,nhd-waterbody-4486442,nhd-72974976,
aspen,waterbody,nhd-waterbody-4486447,nhd-72981184,
aspen,waterbody,nhd-waterbody-4493580,nhd-65880955,
aspen,waterbody,nhd-waterbody-4518299,nhd-72980478,
aspen,waterbody,nhd-waterbody-4540931,nhd-133049571,
aspen,waterbody,nhd-waterbody-4606846,nhd-72962704,
aspen,waterbody,nhd-waterbody-4606848,nhd-72964650,
aspen,waterbody,nhd-waterbody-4606852,nhd-72968854,
aspen,waterbody,nhd-waterbody-4606853,nhd-72968868,
aspen,waterbody,nhd-waterbody-4606854,nhd-72969536,
aspen,waterbody,nhd-waterbody-4606855,nhd-72969542,
aspen,waterbody,nhd-waterbody-4606857,nhd-72971150,
aspen,waterbody,nhd-waterbody-4606861,nhd-72978758,
aspen,waterbody,nhd-waterbody-4606865,nhd-72981198,
aspen,waterbody,nhd-waterbody-4614074,nhd-65880817,
aspen,waterbody,nhd-waterbody-4727732,nhd-72962644,
aspen,waterbody,nhd-waterbody-4727733,nhd-72962722,
aspen,waterbody,nhd-waterbody-4727734,nhd-72964576,
aspen,waterbody,nhd-waterbody-4727743,nhd-72969552,
aspen,waterbody,nhd-waterbody-4727744,nhd-72972324,
aspen,waterbody,nhd-waterbody-4727745,nhd-72972326,Scott Lake
aspen,waterbody,nhd-waterbody-4727755,nhd-72981162,
aspen,waterbody,nhd-waterbody-4734968,nhd-65880803,
aspen,waterbody,nhd-waterbody-4759594,nhd-72980480,
aspen,waterbody,nhd-waterbody-4848290,nhd-72964652,
aspen,waterbody,nhd-waterbody-4848291,nhd-72968342,
aspen,waterbody,nhd-waterbody-4848292,nhd-72968370,Cathedral Lake
aspen,waterbody,nhd-waterbody-4848293,nhd-72971500,
aspen,waterbody,nhd-waterbody-4848296,nhd-72974952,
aspen,waterbody,nhd-waterbody-4848298,nhd-72978754,
aspen,waterbody,nhd-waterbody-4848300,nhd-72981152,
aspen,waterbody,nhd-waterbody-4855518,nhd-65879799,
aspen,waterbody,nhd-waterbody-4855522,nhd-65880795,
aspen,waterbody,nhd-waterbody-4902857,nhd-133049530,Henschel Lake
aspen,waterbody,nhd-waterbody-4932061,nhd-65880813,
aspen,waterbody,nhd-waterbody-4969283,nhd-72962602,
aspen,waterbody,nhd-waterbody-4969284,nhd-72962612,
aspen,waterbody,nhd-waterbody-4969285,nhd-72962734,
aspen,waterbody,nhd-waterbody-4969294,nhd-72971118,Willow Lake
aspen,waterbody,nhd-waterbody-4969296,nhd-72972284,
aspen,waterbody,nhd-waterbody-4969300,nhd-72974994,
aspen,waterbody,nhd-waterbody-4969303,nhd-72978710,
aspen,waterbody,nhd-waterbody-4976574,nhd-65880735,
aspen,waterbody,nhd-waterbody-4976575,nhd-65880957,
aspen,waterbody,nhd-waterbody-4976579,nhd-65883427,
aspen,waterbody,nhd-waterbody-5001292,nhd-72968356,
aspen,waterbody,nhd-waterbody-5090001,nhd-72962638,
aspen,waterbody,nhd-waterbody-5090002,nhd-72962700,
aspen,waterbody,nhd-waterbody-5090003,nhd-72962710,Warren Lake
aspen,waterbody,nhd-waterbody-5090008,nhd-72971108,
aspen,waterbody,nhd-waterbody-5090009,nhd-72971132,
aspen,waterbody,nhd-waterbody-5090010,nhd-72971136,
aspen,waterbody,nhd-waterbody-5090013,nhd-72974942,
aspen,waterbody,nhd-waterbody-5097248,nhd-65880779,
aspen,waterbody,nhd-waterbody-5121999,nhd-72980486,
aspen,waterbody,nhd-waterbody-5122000,nhd-72980496,
aspen,waterbody,nhd-waterbody-5210723,nhd-72962740,
aspen,waterbody,nhd-waterbody-5217894,nhd-65878237,
aspen,waterbody,nhd-waterbody-5217899,nhd-65880815,
aspen,waterbody,nhd-waterbody-5242764,nhd-72980508,
aspen,waterbody,nhd-waterbody-5294180,nhd-65883429,
aspen,waterbody,nhd-waterbody-5294181,nhd-65877599,
aspen,waterbody,nhd-waterbody-5331199,nhd-72962646,
aspen,waterbody,nhd-waterbody-5331200,nhd-72962652,
aspen,waterbody,nhd-waterbody-5331201,nhd-72962670,
aspen,waterbody,nhd-waterbody-5331202,nhd-72962738,
aspen,waterbody,nhd-waterbody-5331205,nhd-72968822,
aspen,waterbody,nhd-waterbody-5331206,nhd-72971156,
aspen,waterbody,nhd-waterbody-5331207,nhd-72972292,
aspen,waterbody,nhd-waterbody-5331208,nhd-72972310,Sioux Lake
aspen,waterbody,nhd-waterbody-5363416,nhd-72980472,
aspen,waterbody,nhd-waterbody-5451875,nhd-72968802,
aspen,waterbody,nhd-waterbody-5451878,nhd-72972340,
aspen,waterbody,nhd-waterbody-5451885,nhd-72978670,
aspen,waterbody,nhd-waterbody-5451886,nhd-72978750,
aspen,waterbody,nhd-waterbody-5572093,nhd-72962618,
aspen,waterbody,nhd-waterbody-5572094,nhd-72964524,
aspen,waterbody,nhd-waterbody-5572101,nhd-72971164,
aspen,waterbody,nhd-waterbody-5572103,nhd-72974990,
aspen,waterbody,nhd-waterbody-5572106,nhd-72978714,
aspen,waterbody,nhd-waterbody-5579353,nhd-65880785,
aspen,waterbody,nhd-waterbody-5692475,nhd-72962608,
aspen,waterbody,nhd-waterbody-5692476,nhd-72962750,
aspen,waterbody,nhd-waterbody-5692484,nhd-72974940,
aspen,waterbody,nhd-waterbody-5692485,nhd-72974962,
aspen,waterbody,nhd-waterbody-5699860,nhd-65878235,
aspen,waterbody,nhd-waterbody-5813024,nhd-72964542,Elk Creek Reservoir Number 2
aspen,waterbody,nhd-waterbody-5813027,nhd-72968368,
aspen,waterbody,nhd-waterbody-5813032,nhd-72974908,
aspen,waterbody,nhd-waterbody-5867603,nhd-133049562,
aspen,waterbody,nhd-waterbody-5907063,nhd-72962686,
aspen,waterbody,nhd-waterbody-5933568,nhd-72962624,
aspen,waterbody,nhd-waterbody-5933569,nhd-72962692,
aspen,waterbody,nhd-waterbody-5933575,nhd-72968850,
aspen,waterbody,nhd-waterbody-5933577,nhd-72971148,
aspen,waterbody,nhd-waterbody-5933580,nhd-72972286,
aspen,waterbody,nhd-waterbody-5933583,nhd-72978702,
aspen,waterbody,nhd-waterbody-5940836,nhd-65877597,
aspen,waterbody,nhd-waterbody-5940841,nhd-65880953,
aspen,waterbody,nhd-waterbody-6054373,nhd-72971646,
aspen,waterbody,nhd-waterbody-6054375,nhd-72974984,
aspen,waterbody,nhd-waterbody-6174906,nhd-72962620,
aspen,waterbody,nhd-waterbody-6174907,nhd-72962744,
aspen,waterbody,nhd-waterbody-6174910,nhd-72968354,American Lake
aspen,waterbody,nhd-waterbody-6182161,nhd-65878243,
aspen,waterbody,nhd-waterbody-6182164,nhd-65880951,
aspen,waterbody,nhd-waterbody-6206939,nhd-72981170,
aspen,waterbody,nhd-waterbody-6295645,nhd-72964610,
aspen,waterbody,nhd-waterbody-6295646,nhd-72964646,
aspen,waterbody,nhd-waterbody-6295652,nhd-72969564,Grizzly Lake
aspen,waterbody,nhd-waterbody-6295653,nhd-72969566,Ruby Lakes
aspen,waterbody,nhd-waterbody-6295658,nhd-72971166,
aspen,waterbody,nhd-waterbody-6295662,nhd-72974920,
aspen,waterbody,nhd-waterbody-6295663,nhd-72974970,
aspen,waterbody,nhd-waterbody-6295664,nhd-72974978,
aspen,waterbody,nhd-waterbody-6295668,nhd-72980550,
aspen,waterbody,nhd-waterbody-6302988,nhd-65880791,
aspen,waterbody,nhd-waterbody-6302995,nhd-65885843,
aspen,waterbody,nhd-waterbody-6390105,nhd-72962668,
aspen,waterbody,nhd-waterbody-6416332,nhd-72968842,
aspen,waterbody,nhd-waterbody-6416334,nhd-72971120,
aspen,waterbody,nhd-waterbody-6416341,nhd-72981182,
aspen,waterbody,nhd-waterbody-6423621,nhd-65880805,
aspen,waterbody,nhd-waterbody-6423630,nhd-65883421,
aspen,waterbody,nhd-waterbody-6537060,nhd-72964562,
aspen,waterbody,nhd-waterbody-6537064,nhd-72969548,
aspen,waterbody,nhd-waterbody-6537068,nhd-72972316,
aspen,waterbody,nhd-waterbody-6537070,nhd-72974922,
aspen,waterbody,nhd-waterbody-6537071,nhd-72978742,
aspen,waterbody,nhd-waterbody-6544268,nhd-65878197,
aspen,waterbody,nhd-waterbody-6544269,nhd-65878239,
aspen,waterbody,nhd-waterbody-6544275,nhd-65879793,
aspen,waterbody,nhd-waterbody-6544280,nhd-65883431,
aspen,waterbody,nhd-waterbody-6569359,nhd-65885787,
aspen,waterbody,nhd-waterbody-6620251,nhd-65885789,
aspen,waterbody,nhd-waterbody-6657718,nhd-72964654,
aspen,waterbody,nhd-waterbody-6657721,nhd-72968362,
aspen,waterbody,nhd-waterbody-6657724,nhd-72972270,
aspen,waterbody,nhd-waterbody-6689776,nhd-72980520,
aspen,waterbody,nhd-waterbody-6689777,nhd-72981110,
aspen,waterbody,nhd-waterbody-6778487,nhd-72962636,
aspen,waterbody,nhd-waterbody-6778491,nhd-72968804,
aspen,waterbody,nhd-waterbody-6778493,nhd-72971122,
aspen,waterbody,nhd-waterbody-6778494,nhd-72971174,
aspen,waterbody,nhd-waterbody-6785780,nhd-65880947,
aspen,waterbody,nhd-waterbody-6810700,nhd-72964648,
aspen,waterbody,nhd-waterbody-6810702,nhd-72980482,
aspen,waterbody,nhd-waterbody-6810703,nhd-72980504,
aspen,waterbody,nhd-waterbody-6899989,nhd-72964636,
aspen,waterbody,nhd-waterbody-6899991,nhd-72968860,
aspen,waterbody,nhd-waterbody-6899994,nhd-72971124,Maroon Lake
aspen,waterbody,nhd-waterbody-7020788,nhd-72962630,
aspen,waterbody,nhd-waterbody-7020789,nhd-72962672,
aspen,waterbody,nhd-waterbody-7020793,nhd-72968350,
aspen,waterbody,nhd-waterbody-7020794,nhd-72968864,
aspen,waterbody,nhd-waterbody-7020798,nhd-72974914,
aspen,waterbody,nhd-waterbody-7020799,nhd-72974926,
aspen,waterbody,nhd-waterbody-7020802,nhd-72981166,Warren Lakes
aspen,waterbody,nhd-waterbody-7053488,nhd-65878191,
aspen,waterbody,nhd-waterbody-7142345,nhd-72962590,
aspen,waterbody,nhd-waterbody-7142346,nhd-72962610,
aspen,waterbody,nhd-waterbody-7142358,nhd-72968798,
aspen,waterbody,nhd-waterbody-7142359,nhd-72968824,
aspen,waterbody,nhd-waterbody-7142362,nhd-72971100,
aspen,waterbody,nhd-waterbody-7142363,nhd-72971140,
aspen,waterbody,nhd-waterbody-7142367,nhd-72974964,
aspen,waterbody,nhd-waterbody-7263668,nhd-72962584,
aspen,waterbody,nhd-waterbody-7263669,nhd-72962720,
aspen,waterbody,nhd-waterbody-7263679,nhd-72971152,
aspen,waterbody,nhd-waterbody-7263680,nhd-72972314,
aspen,waterbody,nhd-waterbody-7263687,nhd-72982256,Christenson Reservoir
aspen,waterbody,nhd-waterbody-7270948,nhd-65880739,
aspen,waterbody,nhd-waterbody-7296017,nhd-65878199,
aspen,waterbody,nhd-waterbody-7384481,nhd-72962626,
aspen,waterbody,nhd-waterbody-7384482,nhd-72962698,
aspen,waterbody,nhd-waterbody-7384484,nhd-72964574,
aspen,waterbody,nhd-waterbody-7384493,nhd-72971126,
aspen,waterbody,nhd-waterbody-7384498,nhd-72978728,
aspen,waterbody,nhd-waterbody-7384500,nhd-72981136,
aspen,waterbody,nhd-waterbody-7391898,nhd-65880761,
aspen,waterbody,nhd-waterbody-7416742,nhd-72980524,
aspen,waterbody,nhd-waterbody-7479239,nhd-72962688,
aspen,waterbody,nhd-waterbody-7505699,nhd-72968808,
aspen,waterbody,nhd-waterbody-7505702,nhd-72971160,
aspen,waterbody,nhd-waterbody-7505703,nhd-72971176,
aspen,waterbody,nhd-waterbody-7505705,nhd-72974986,
aspen,waterbody,nhd-waterbody-7505710,nhd-72982260,
aspen,waterbody,nhd-waterbody-7513022,nhd-65880799,
aspen,waterbody,nhd-waterbody-7560582,nhd-133049522,
aspen,waterbody,nhd-waterbody-7626845,nhd-72968812,
aspen,waterbody,nhd-waterbody-7626846,nhd-72971186,
aspen,waterbody,nhd-waterbody-7626856,nhd-72978772,
aspen,waterbody,nhd-waterbody-7634027,nhd-65880811,
aspen,waterbody,nhd-waterbody-8492356,nhd-D44B0419-14FD-4F84-89AB-192347FAA3C9,
aspen,waterbody,nhd-waterbody-8492357,nhd-31EEED46-DBC9-49D6-B7DC-9C49017A5B28,
aspen,waterbody,nhd-waterbody-8492358,nhd-ED6B9916-504C-4127-8F3D-ACE2BC5AE166,
douglas-co,waterbody,,nhd-117800241,
douglas-co,waterbody,,nhd-117800313,
douglas-co,waterbody,,nhd-117800503,
douglas-co,waterbody,,nhd-117813635,
douglas-co,waterbody,,nhd-117816305,
douglas-co,waterbody,,nhd-117819473,
douglas-co,waterbody,,nhd-117819493,
douglas-co,waterbody,,nhd-117819529,
douglas-co,waterbody,,nhd-117822927,
douglas-co,waterbody,,nhd-117836947,
douglas-co,waterbody,,nhd-117844323,
douglas-co,waterbody,,nhd-120654841,
douglas-co,waterbody,,nhd-120654967,
douglas-co,waterbody,,nhd-120654991,
douglas-co,waterbody,,nhd-120655250,
douglas-co,waterbody,,nhd-120655464,
douglas-co,waterbody,,nhd-120655658,
douglas-co,waterbody,,nhd-120655869,
douglas-co,waterbody,,nhd-120655875,
douglas-co,waterbody,,nhd-120655941,
douglas-co,waterbody,,nhd-120656029,
douglas-co,waterbody,,nhd-120656111,
douglas-co,waterbody,,nhd-120656138,
douglas-co,waterbody,,nhd-120656202,
douglas-co,waterbody,,nhd-120656253,
douglas-co,waterbody,,nhd-120656260,
douglas-co,waterbody,,nhd-120656339,
douglas-co,waterbody,,nhd-120656520,
douglas-co,waterbody,,nhd-4909c8b7-e666-46d9-88b6-96452ca60629,
douglas-co,waterbody,,nhd-117822911,
douglas-co,waterbody,,nhd-117792531,
douglas-co,waterbody,,nhd-117793613,
douglas-co,waterbody,,nhd-117800207,
douglas-co,waterbody,,nhd-117800263,
douglas-co,waterbody,,nhd-117805227,
douglas-co,waterbody,,nhd-117821239,
douglas-co,waterbody,,nhd-120654901,
douglas-co,waterbody,,nhd-120655018,
douglas-co,waterbody,,nhd-120655113,
douglas-co,waterbody,,nhd-120655191,
douglas-co,waterbody,,nhd-120655244,
douglas-co,waterbody,,nhd-120655293,
douglas-co,waterbody,,nhd-120655300,
douglas-co,waterbody,,nhd-120655302,
douglas-co,waterbody,,nhd-120655327,
douglas-co,waterbody,,nhd-120655365,
douglas-co,waterbody,,nhd-120655420,
douglas-co,waterbody,,nhd-120655511,
douglas-co,waterbody,,nhd-120655738,
douglas-co,waterbody,,nhd-120656067,
douglas-co,waterbody,,nhd-120656145,
douglas-co,waterbody,,nhd-120656186,
douglas-co,waterbody,,nhd-120656403,
douglas-co,waterbody,,nhd-120656447,
douglas-co,waterbody,,nhd-117819489,
douglas-co,waterbody,,nhd-d10f59a7-05c0-47cc-ace9-2a05019d3c85,
douglas-co,waterbody,,nhd-d55467f0-7114-4faf-a083-e3aff252fd30,
douglas-co,waterbody,,nhd-117790045,
douglas-co,waterbody,,nhd-117793561,
douglas-co,waterbody,,nhd-117800121,
douglas-co,waterbody,,nhd-117800201,
douglas-co,waterbody,,nhd-117800245,
douglas-co,waterbody,,nhd-117800319,
douglas-co,waterbody,,nhd-117800467,
douglas-co,waterbody,,nhd-117816477,
douglas-co,waterbody,,nhd-117821281,
douglas-co,waterbody,,nhd-117822915,
douglas-co,waterbody,,nhd-117837011,
douglas-co,waterbody,,nhd-117837097,
douglas-co,waterbody,,nhd-120654941,
douglas-co,waterbody,,nhd-120655020,
douglas-co,waterbody,,nhd-120655171,
douglas-co,waterbody,,nhd-120655198,
douglas-co,waterbody,,nhd-120655441,
douglas-co,waterbody,,nhd-120655495,
douglas-co,waterbody,,nhd-120655524,
douglas-co,waterbody,,nhd-120655540,
douglas-co,waterbody,,nhd-120655600,
douglas-co,waterbody,,nhd-120655695,
douglas-co,waterbody,,nhd-120656013,
douglas-co,waterbody,,nhd-120656208,
douglas-co,waterbody,,nhd-120656235,
douglas-co,waterbody,,nhd-120656402,
douglas-co,waterbody,,nhd-117819501,
douglas-co,waterbody,,nhd-117790147,
douglas-co,waterbody,,nhd-117792323,
douglas-co,waterbody,,nhd-117793655,
douglas-co,waterbody,,nhd-117793865,
douglas-co,waterbody,,nhd-117793975,
douglas-co,waterbody,,nhd-117800403,
douglas-co,waterbody,,nhd-117816453,
douglas-co,waterbody,,nhd-117819415,
douglas-co,waterbody,,nhd-117819481,
douglas-co,waterbody,,nhd-117821273,
douglas-co,waterbody,,nhd-117837053,
douglas-co,waterbody,,nhd-117837131,
douglas-co,waterbody,,nhd-120654848,
douglas-co,waterbody,waterbodies-421494,nhd-120654954,Franktown Parker FPB-1 Reservoir
douglas-co,waterbody,,nhd-120655168,
douglas-co,waterbody,,nhd-120655213,
douglas-co,waterbody,,nhd-120655220,
douglas-co,waterbody,,nhd-120655411,
douglas-co,waterbody,,nhd-120655705,
douglas-co,waterbody,,nhd-120655768,
douglas-co,waterbody,,nhd-120655809,
douglas-co,waterbody,,nhd-120655812,
douglas-co,waterbody,,nhd-120655967,
douglas-co,waterbody,,nhd-120656056,
douglas-co,waterbody,,nhd-120656120,
douglas-co,waterbody,,nhd-120656394,
douglas-co,waterbody,,nhd-120656424,
douglas-co,waterbody,,nhd-120656425,
douglas-co,waterbody,,nhd-120656433,
douglas-co,waterbody,,nhd-120656451,
douglas-co,waterbody,,nhd-117800281,
douglas-co,waterbody,,nhd-117792509,
douglas-co,waterbody,,nhd-117793875,
douglas-co,waterbody,,nhd-117800101,
douglas-co,waterbody,,nhd-117800251,
douglas-co,waterbody,,nhd-117800353,
douglas-co,waterbody,,nhd-117800405,
douglas-co,waterbody,,nhd-117800459,
douglas-co,waterbody,,nhd-117800469,
douglas-co,waterbody,,nhd-117805231,
douglas-co,waterbody,,nhd-117813633,
douglas-co,waterbody,,nhd-117816403,
douglas-co,waterbody,,nhd-117821257,
douglas-co,waterbody,,nhd-117821295,
douglas-co,waterbody,,nhd-120655196,
douglas-co,waterbody,,nhd-120655207,
douglas-co,waterbody,,nhd-120655226,
douglas-co,waterbody,,nhd-120655294,
douglas-co,waterbody,,nhd-120655338,
douglas-co,waterbody,,nhd-120655353,
douglas-co,waterbody,,nhd-120655452,
douglas-co,waterbody,,nhd-120655514,
douglas-co,waterbody,,nhd-120655729,
douglas-co,waterbody,,nhd-120655763,
douglas-co,waterbody,,nhd-120655774,
douglas-co,waterbody,,nhd-120656006,
douglas-co,waterbody,,nhd-120656127,
douglas-co,waterbody,,nhd-120656441,
douglas-co,waterbody,,nhd-120656508,
douglas-co,waterbody,,nhd-117844341,
douglas-co,waterbody,,nhd-117793669,
douglas-co,waterbody,,nhd-117800167,
douglas-co,waterbody,,nhd-117800265,
douglas-co,waterbody,,nhd-117800399,
douglas-co,waterbody,,nhd-117800439,
douglas-co,waterbody,,nhd-117816355,
douglas-co,waterbody,,nhd-117816475,
douglas-co,waterbody,,nhd-117819385,
douglas-co,waterbody,,nhd-117819461,
douglas-co,waterbody,,nhd-117822867,
douglas-co,waterbody,,nhd-117836717,
douglas-co,waterbody,,nhd-117837019,
douglas-co,waterbody,,nhd-117837059,
douglas-co,waterbody,,nhd-120654869,
douglas-co,waterbody,,nhd-120654872,
douglas-co,waterbody,,nhd-120654874,
douglas-co,waterbody,,nhd-120654940,
douglas-co,waterbody,,nhd-120654945,
douglas-co,waterbody,,nhd-120655268,
douglas-co,waterbody,,nhd-120655409,
douglas-co,waterbody,,nhd-120655427,
douglas-co,waterbody,,nhd-120655762,
douglas-co,waterbody,,nhd-120655862,
douglas-co,waterbody,,nhd-120656161,
douglas-co,waterbody,,nhd-120656164,
douglas-co,waterbody,,nhd-120656174,
douglas-co,waterbody,,nhd-120656273,
douglas-co,waterbody,,nhd-120656345,
douglas-co,waterbody,,nhd-120656346,
douglas-co,waterbody,,nhd-120656376,
douglas-co,waterbody,,nhd-120656379,
douglas-co,waterbody,,nhd-120656448,
douglas-co,waterbody,,nhd-117819407,
douglas-co,waterbody,,nhd-117793713,
douglas-co,waterbody,,nhd-117797739,
douglas-co,waterbody,,nhd-117800473,
douglas-co,waterbody,,nhd-117813719,
douglas-co,waterbody,,nhd-117816421,
douglas-co,waterbody,,nhd-117816445,
douglas-co,waterbody,,nhd-117819451,
douglas-co,waterbody,,nhd-117836995,
douglas-co,waterbody,,nhd-120654973,
douglas-co,waterbody,,nhd-120654983,
douglas-co,waterbody,,nhd-120655041,
douglas-co,waterbody,,nhd-120655105,
douglas-co,waterbody,,nhd-120655161,
douglas-co,waterbody,,nhd-120655177,
douglas-co,waterbody,,nhd-120655188,
douglas-co,waterbody,,nhd-120655189,
douglas-co,waterbody,,nhd-120655270,
douglas-co,waterbody,,nhd-120655319,
douglas-co,waterbody,,nhd-120655502,
douglas-co,waterbody,,nhd-120655522,
douglas-co,waterbody,,nhd-120655532,
douglas-co,waterbody,,nhd-120655785,
douglas-co,waterbody,,nhd-120656107,
douglas-co,waterbody,,nhd-120656113,
douglas-co,waterbody,,nhd-120656217,
douglas-co,waterbody,,nhd-120656236,
douglas-co,waterbody,waterbodies-783555,nhd-120656287,Franktown Parker FPA-5 Reservoir
douglas-co,waterbody,,nhd-120656305,
douglas-co,waterbody,waterbodies-834368,nhd-117819477,Wakeman Reservoir
douglas-co,waterbody,,nhd-72b37623-5e83-4f66-8bc5-eec35211e2dc,
douglas-co,waterbody,,nhd-117800493,
douglas-co,waterbody,,nhd-117819445,
douglas-co,waterbody,,nhd-117793675,
douglas-co,waterbody,,nhd-117793681,
douglas-co,waterbody,,nhd-117793891,
douglas-co,waterbody,,nhd-117794039,
douglas-co,waterbody,,nhd-117800157,
douglas-co,waterbody,,nhd-117800335,
douglas-co,waterbody,,nhd-117800363,
douglas-co,waterbody,,nhd-117800409,
douglas-co,waterbody,,nhd-117805239,
douglas-co,waterbody,,nhd-117816333,
douglas-co,waterbody,,nhd-117816343,
douglas-co,waterbody,,nhd-117816347,
douglas-co,waterbody,,nhd-117816437,
douglas-co,waterbody,,nhd-117819439,
douglas-co,waterbody,,nhd-117821235,
douglas-co,waterbody,,nhd-117836841,
douglas-co,waterbody,,nhd-117836979,
douglas-co,waterbody,,nhd-117837009,
douglas-co,waterbody,,nhd-117837043,
douglas-co,waterbody,,nhd-117837075,
douglas-co,waterbody,,nhd-117837147,
douglas-co,waterbody,,nhd-120654860,
douglas-co,waterbody,,nhd-120654896,
douglas-co,waterbody,,nhd-120654923,
douglas-co,waterbody,waterbodies-903892,nhd-120655126,Franktown Parker FPS-1 Reservoir
douglas-co,waterbody,,nhd-120655172,
douglas-co,waterbody,,nhd-120655206,
douglas-co,waterbody,,nhd-120655216,
douglas-co,waterbody,,nhd-120655361,
douglas-co,waterbody,,nhd-120655385,
douglas-co,waterbody,,nhd-120655593,
douglas-co,waterbody,,nhd-120655624,
douglas-co,waterbody,,nhd-120655686,
douglas-co,waterbody,,nhd-120655802,
douglas-co,waterbody,,nhd-120656139,
douglas-co,waterbody,,nhd-120656238,
douglas-co,waterbody,,nhd-120656398,
douglas-co,waterbody,,nhd-117800105,
douglas-co,waterbody,,nhd-117800341,
douglas-co,waterbody,,nhd-117813833,
douglas-co,waterbody,,nhd-117816389,
douglas-co,waterbody,,nhd-117816459,
douglas-co,waterbody,,nhd-117816465,
douglas-co,waterbody,,nhd-117822901,
douglas-co,waterbody,,nhd-117836701,
douglas-co,waterbody,,nhd-117836713,
douglas-co,waterbody,,nhd-117836759,
douglas-co,waterbody,,nhd-117836883,
douglas-co,waterbody,,nhd-117836925,
douglas-co,waterbody,,nhd-117822701,
douglas-co,waterbody,,nhd-120654968,
douglas-co,waterbody,,nhd-120655108,
douglas-co,waterbody,,nhd-120655287,
douglas-co,waterbody,,nhd-120655334,
douglas-co,waterbody,,nhd-120655377,
douglas-co,waterbody,,nhd-120655481,
douglas-co,waterbody,,nhd-120655599,
douglas-co,waterbody,,nhd-120655726,
douglas-co,waterbody,,nhd-120655757,
douglas-co,waterbody,,nhd-120655876,
douglas-co,waterbody,,nhd-120655939,
douglas-co,waterbody,,nhd-120655954,
douglas-co,waterbody,,nhd-120656098,
douglas-co,waterbody,,nhd-120656191,
douglas-co,waterbody,,nhd-120656352,
douglas-co,waterbody,,nhd-120656465,
douglas-co,waterbody,,nhd-117792393,
douglas-co,waterbody,,nhd-117792553,
douglas-co,waterbody,,nhd-117800443,
douglas-co,waterbody,,nhd-117800445,
douglas-co,waterbody,,nhd-117800485,
douglas-co,waterbody,,nhd-117800505,
douglas-co,waterbody,,nhd-117813713,
douglas-co,waterbody,,nhd-117813739,
douglas-co,waterbody,,nhd-117816379,
douglas-co,waterbody,,nhd-117816469,
douglas-co,waterbody,,nhd-117819389,
douglas-co,waterbody,,nhd-117819521,
douglas-co,waterbody,,nhd-117819531,
douglas-co,waterbody,,nhd-117821215,
douglas-co,waterbody,waterbodies-1118989,nhd-117822697,McLellan Reservoir
douglas-co,waterbody,,nhd-117822843,
douglas-co,waterbody,,nhd-117837101,
douglas-co,waterbody,,nhd-117837157,
douglas-co,waterbody,,nhd-120654851,
douglas-co,waterbody,,nhd-120654919,
douglas-co,waterbody,,nhd-120655032,
douglas-co,waterbody,,nhd-120655537,
douglas-co,waterbody,,nhd-120655602,
douglas-co,waterbody,,nhd-120655608,
douglas-co,waterbody,,nhd-120655652,
douglas-co,waterbody,,nhd-120655838,
douglas-co,waterbody,,nhd-120656050,
douglas-co,waterbody,,nhd-120656181,
douglas-co,waterbody,,nhd-120656261,
douglas-co,waterbody,,nhd-120656266,
douglas-co,waterbody,,nhd-120656283,
douglas-co,waterbody,,nhd-120656341,
douglas-co,waterbody,,nhd-117800129,
douglas-co,waterbody,,nhd-117800221,
douglas-co,waterbody,,nhd-117800261,
douglas-co,waterbody,,nhd-117800287,
douglas-co,waterbody,,nhd-117800351,
douglas-co,waterbody,,nhd-117813813,
douglas-co,waterbody,,nhd-117816329,
douglas-co,waterbody,,nhd-117816511,
douglas-co,waterbody,,nhd-117819417,
douglas-co,waterbody,,nhd-117819419,
douglas-co,waterbody,,nhd-117821197,
douglas-co,waterbody,,nhd-117836889,
douglas-co,waterbody,,nhd-117837073,
douglas-co,waterbody,,nhd-117837095,
douglas-co,waterbody,,nhd-120654932,
douglas-co,waterbody,,nhd-120654978,
douglas-co,waterbody,,nhd-120655091,
douglas-co,waterbody,,nhd-120655104,
douglas-co,waterbody,,nhd-120655238,
douglas-co,waterbody,,nhd-120655534,
douglas-co,waterbody,,nhd-120655546,
douglas-co,waterbody,,nhd-120655598,
douglas-co,waterbody,,nhd-120655963,
douglas-co,waterbody,,nhd-120656001,
douglas-co,waterbody,,nhd-120656173,
douglas-co,waterbody,,nhd-120656417,
douglas-co,waterbody,,nhd-120656437,
douglas-co,waterbody,waterbodies-1265328,nhd-120656488,West Cherry Creek Detention Number 8 Reservoir
douglas-co,waterbody,,nhd-120656514,
douglas-co,waterbody,,nhd-117822749,
douglas-co,waterbody,,nhd-117790035,
douglas-co,waterbody,,nhd-117793643,
douglas-co,waterbody,,nhd-117793671,
douglas-co,waterbody,,nhd-117793855,
douglas-co,waterbody,,nhd-117797755,
douglas-co,waterbody,,nhd-117800215,
douglas-co,waterbody,,nhd-117800219,
douglas-co,waterbody,,nhd-117800379,
douglas-co,waterbody,,nhd-117800411,
douglas-co,waterbody,,nhd-117805201,
douglas-co,waterbody,,nhd-117816257,
douglas-co,waterbody,,nhd-117816405,
douglas-co,waterbody,,nhd-117822899,
douglas-co,waterbody,,nhd-117837047,
douglas-co,waterbody,,nhd-117837099,
douglas-co,waterbody,,nhd-117844327,
douglas-co,waterbody,,nhd-117844337,
douglas-co,waterbody,,nhd-120655144,
douglas-co,waterbody,,nhd-120655212,
douglas-co,waterbody,,nhd-120655272,
douglas-co,waterbody,,nhd-120655296,
douglas-co,waterbody,,nhd-120655501,
douglas-co,waterbody,,nhd-120655507,
douglas-co,waterbody,,nhd-120655572,
douglas-co,waterbody,,nhd-120655582,
douglas-co,waterbody,,nhd-120655887,
douglas-co,waterbody,,nhd-120655950,
douglas-co,waterbody,,nhd-120656152,
douglas-co,waterbody,,nhd-120656227,
douglas-co,waterbody,,nhd-120656237,
douglas-co,waterbody,,nhd-117792385,
douglas-co,waterbody,,nhd-117793549,
douglas-co,waterbody,,nhd-117793665,
douglas-co,waterbody,,nhd-117793857,
douglas-co,waterbody,,nhd-117800079,
douglas-co,waterbody,,nhd-117800109,
douglas-co,waterbody,,nhd-117805249,
douglas-co,waterbody,,nhd-117821255,
douglas-co,waterbody,,nhd-117836887,
douglas-co,waterbody,,nhd-120654903,
douglas-co,waterbody,,nhd-120654982,
douglas-co,waterbody,,nhd-120655024,
douglas-co,waterbody,,nhd-120655084,
douglas-co,waterbody,,nhd-120655152,
douglas-co,waterbody,,nhd-120655404,
douglas-co,waterbody,,nhd-120655446,
douglas-co,waterbody,,nhd-120655483,
douglas-co,waterbody,,nhd-120655488,
douglas-co,waterbody,,nhd-120655603,
douglas-co,waterbody,,nhd-120655623,
douglas-co,waterbody,,nhd-120655816,
douglas-co,waterbody,,nhd-120655854,
douglas-co,waterbody,,nhd-120655882,
douglas-co,waterbody,,nhd-120655971,
douglas-co,waterbody,,nhd-120656194,
douglas-co,waterbody,,nhd-120656359,
douglas-co,waterbody,,nhd-120656385,
douglas-co,waterbody,,nhd-120656444,
douglas-co,waterbody,waterbodies-1558042,nhd-120030962,Cheesman Lake
douglas-co,waterbody,,nhd-117790149,
douglas-co,waterbody,,nhd-117800329,
douglas-co,waterbody,,nhd-117800375,
douglas-co,waterbody,,nhd-117816301,
douglas-co,waterbody,,nhd-117816361,
douglas-co,waterbody,,nhd-117816425,
douglas-co,waterbody,,nhd-117816493,
douglas-co,waterbody,,nhd-117816495,
douglas-co,waterbody,,nhd-117816497,
douglas-co,waterbody,,nhd-117816549,
douglas-co,waterbody,,nhd-117817623,
douglas-co,waterbody,,nhd-117819381,
douglas-co,waterbody,waterbodies-1601389,nhd-117821191,Cantrill Reservoir
douglas-co,waterbody,,nhd-117821195,
douglas-co,waterbody,,nhd-117821207,
douglas-co,waterbody,,nhd-117821241,
douglas-co,waterbody,,nhd-117821245,
douglas-co,waterbody,,nhd-117822865,
douglas-co,waterbody,,nhd-117836691,
douglas-co,waterbody,,nhd-120654843,
douglas-co,waterbody,,nhd-120655098,
douglas-co,waterbody,,nhd-120655146,
douglas-co,waterbody,,nhd-120655178,
douglas-co,waterbody,,nhd-120655229,
douglas-co,waterbody,,nhd-120655236,
douglas-co,waterbody,,nhd-120655419,
douglas-co,waterbody,,nhd-120655700,
douglas-co,waterbody,,nhd-120655777,
douglas-co,waterbody,,nhd-120655846,
douglas-co,waterbody,,nhd-120655929,
douglas-co,waterbody,,nhd-120655931,
douglas-co,waterbody,,nhd-120656169,
douglas-co,waterbody,,nhd-120656222,
douglas-co,waterbody,,nhd-120656242,
douglas-co,waterbody,,nhd-120656262,
douglas-co,waterbody,waterbodies-1627487,nhd-120656264,Franktown Parker FPA-2 Reservoir
douglas-co,waterbody,,nhd-120656372,
douglas-co,waterbody,,nhd-120656466,
douglas-co,waterbody,,nhd-120656496,
douglas-co,waterbody,,nhd-120656519,
douglas-co,waterbody,waterbodies-1678062,nhd-117844343,J O Hill Reservoir
douglas-co,waterbody,,nhd-117819433,
douglas-co,waterbody,,nhd-117792401,
douglas-co,waterbody,,nhd-117793529,
douglas-co,waterbody,,nhd-117793641,
douglas-co,waterbody,,nhd-117793995,
douglas-co,waterbody,,nhd-117797735,
douglas-co,waterbody,,nhd-117800249,
douglas-co,waterbody,,nhd-117800395,
douglas-co,waterbody,,nhd-117800435,
douglas-co,waterbody,,nhd-117816409,
douglas-co,waterbody,,nhd-117816473,
douglas-co,waterbody,,nhd-117819549,
douglas-co,waterbody,,nhd-117821213,
douglas-co,waterbody,,nhd-117821267,
douglas-co,waterbody,,nhd-117821329,
douglas-co,waterbody,,nhd-117822705,
douglas-co,waterbody,,nhd-117822725,
douglas-co,waterbody,,nhd-117836991,
douglas-co,waterbody,,nhd-117837015,
douglas-co,waterbody,,nhd-117837025,
douglas-co,waterbody,,nhd-117837087,
douglas-co,waterbody,,nhd-117837137,
douglas-co,waterbody,,nhd-120654836,
douglas-co,waterbody,,nhd-120655082,
douglas-co,waterbody,,nhd-120655096,
douglas-co,waterbody,,nhd-120655150,
douglas-co,waterbody,,nhd-120655467,
douglas-co,waterbody,,nhd-120655634,
douglas-co,waterbody,,nhd-120655681,
douglas-co,waterbody,,nhd-120655697,
douglas-co,waterbody,,nhd-120655701,
douglas-co,waterbody,,nhd-120655712,
douglas-co,waterbody,,nhd-120655780,
douglas-co,waterbody,,nhd-120655813,
douglas-co,waterbody,,nhd-120655870,
douglas-co,waterbody,,nhd-120655953,
douglas-co,waterbody,,nhd-120656040,
douglas-co,waterbody,,nhd-120656054,
douglas-co,waterbody,,nhd-120656088,
douglas-co,waterbody,,nhd-120656136,
douglas-co,waterbody,,nhd-120656360,
douglas-co,waterbody,,nhd-120656431,
douglas-co,waterbody,,nhd-120656486,
douglas-co,waterbody,,nhd-117792521,
douglas-co,waterbody,,nhd-117793811,
douglas-co,waterbody,,nhd-117800123,
douglas-co,waterbody,,nhd-117800325,
douglas-co,waterbody,,nhd-117813785,
douglas-co,waterbody,,nhd-117816357,
douglas-co,waterbody,,nhd-117817629,
douglas-co,waterbody,,nhd-117819453,
douglas-co,waterbody,,nhd-117821189,
douglas-co,waterbody,,nhd-117821223,
douglas-co,waterbody,,nhd-117821247,
douglas-co,waterbody,,nhd-117821293,
douglas-co,waterbody,,nhd-117821319,
douglas-co,waterbody,,nhd-117822793,
douglas-co,waterbody,,nhd-117822795,
douglas-co,waterbody,,nhd-117836999,
douglas-co,waterbody,,nhd-117837069,
douglas-co,waterbody,,nhd-117837081,
douglas-co,waterbody,,nhd-120654960,
douglas-co,waterbody,,nhd-120655102,
douglas-co,waterbody,,nhd-120655197,
douglas-co,waterbody,,nhd-120655283,
douglas-co,waterbody,,nhd-120655369,
douglas-co,waterbody,,nhd-120655445,
douglas-co,waterbody,,nhd-120655463,
douglas-co,waterbody,,nhd-120655595,
douglas-co,waterbody,waterbodies-1868590,nhd-120655638,Barney Bird Reservoir Number One
douglas-co,waterbody,,nhd-120655915,
douglas-co,waterbody,,nhd-120655947,
douglas-co,waterbody,,nhd-120656061,
douglas-co,waterbody,,nhd-120656070,
douglas-co,waterbody,,nhd-120656086,
douglas-co,waterbody,,nhd-120656090,
douglas-co,waterbody,,nhd-120656170,
douglas-co,waterbody,,nhd-120656252,
douglas-co,waterbody,,nhd-120656375,
douglas-co,waterbody,,nhd-120656457,
douglas-co,waterbody,,nhd-117794019,
douglas-co,waterbody,,nhd-117800189,
douglas-co,waterbody,,nhd-117800451,
douglas-co,waterbody,,nhd-117813743,
douglas-co,waterbody,,nhd-117816341,
douglas-co,waterbody,,nhd-117816415,
douglas-co,waterbody,,nhd-117816485,
douglas-co,waterbody,,nhd-117816507,
douglas-co,waterbody,,nhd-117819347,
douglas-co,waterbody,,nhd-117821301,
douglas-co,waterbody,,nhd-117836749,
douglas-co,waterbody,,nhd-117836871,
douglas-co,waterbody,,nhd-117836903,
douglas-co,waterbody,,nhd-117837149,
douglas-co,waterbody,,nhd-120654892,
douglas-co,waterbody,,nhd-120654977,
douglas-co,waterbody,,nhd-120655184,
douglas-co,waterbody,,nhd-120655215,
douglas-co,waterbody,,nhd-120655348,
douglas-co,waterbody,,nhd-120655422,
douglas-co,waterbody,,nhd-120655664,
douglas-co,waterbody,,nhd-120655671,
douglas-co,waterbody,,nhd-120655722,
douglas-co,waterbody,,nhd-120655908,
douglas-co,waterbody,,nhd-120655952,
douglas-co,waterbody,,nhd-120655978,
douglas-co,waterbody,,nhd-120656064,
douglas-co,waterbody,,nhd-120656302,
douglas-co,waterbody,,nhd-120656495,
douglas-co,waterbody,,nhd-117793543,
douglas-co,waterbody,,nhd-117793775,
douglas-co,waterbody,,nhd-117794001,
douglas-co,waterbody,,nhd-117800149,
douglas-co,waterbody,,nhd-117800181,
douglas-co,waterbody,,nhd-117800327,
douglas-co,waterbody,,nhd-117800433,
douglas-co,waterbody,,nhd-117816373,
douglas-co,waterbody,,nhd-117816427,
douglas-co,waterbody,,nhd-117816543,
douglas-co,waterbody,,nhd-117819349,
douglas-co,waterbody,,nhd-117819535,
douglas-co,waterbody,,nhd-117821203,
douglas-co,waterbody,,nhd-117821279,
douglas-co,waterbody,,nhd-117836863,
douglas-co,waterbody,,nhd-120654859,
douglas-co,waterbody,,nhd-120654890,
douglas-co,waterbody,,nhd-120654937,
douglas-co,waterbody,,nhd-120654993,
douglas-co,waterbody,,nhd-120655074,
douglas-co,waterbody,,nhd-120655259,
douglas-co,waterbody,,nhd-120655371,
douglas-co,waterbody,,nhd-120655432,
douglas-co,waterbody,,nhd-120655453,
douglas-co,waterbody,,nhd-120655549,
douglas-co,waterbody,,nhd-120655552,
douglas-co,waterbody,,nhd-120655609,
douglas-co,waterbody,,nhd-120655724,
douglas-co,waterbody,,nhd-120655851,
douglas-co,waterbody,,nhd-120655910,
douglas-co,waterbody,,nhd-120655926,
douglas-co,waterbody,,nhd-120656019,
douglas-co,waterbody,,nhd-120656024,
douglas-co,waterbody,,nhd-120656038,
douglas-co,waterbody,,nhd-120656216,
douglas-co,waterbody,,nhd-120656307,
douglas-co,waterbody,,nhd-120656358,
douglas-co,waterbody,,nhd-120656399,
douglas-co,waterbody,,nhd-117797747,
douglas-co,waterbody,,nhd-117793535,
douglas-co,waterbody,,nhd-117793689,
douglas-co,waterbody,,nhd-117793757,
douglas-co,waterbody,,nhd-117793861,
douglas-co,waterbody,,nhd-117794033,
douglas-co,waterbody,,nhd-117797751,
douglas-co,waterbody,,nhd-117800131,
douglas-co,waterbody,,nhd-117800139,
douglas-co,waterbody,,nhd-117800179,
douglas-co,waterbody,,nhd-117800243,
douglas-co,waterbody,,nhd-117800431,
douglas-co,waterbody,,nhd-117813781,
douglas-co,waterbody,,nhd-117816363,
douglas-co,waterbody,,nhd-117816503,
douglas-co,waterbody,,nhd-117821209,
douglas-co,waterbody,,nhd-117836763,
douglas-co,waterbody,,nhd-117837027,
douglas-co,waterbody,,nhd-117837129,
douglas-co,waterbody,,nhd-117837161,
douglas-co,waterbody,,nhd-120654833,
douglas-co,waterbody,,nhd-120655320,
douglas-co,waterbody,,nhd-120655575,
douglas-co,waterbody,,nhd-120655618,
douglas-co,waterbody,,nhd-120655758,
douglas-co,waterbody,,nhd-120655790,
douglas-co,waterbody,,nhd-120655811,
douglas-co,waterbody,,nhd-120656095,
douglas-co,waterbody,,nhd-120656206,
douglas-co,waterbody,,nhd-120656378,
douglas-co,waterbody,,nhd-117793553,
douglas-co,waterbody,,nhd-117800081,
douglas-co,waterbody,,nhd-117800295,
douglas-co,waterbody,,nhd-117800423,
douglas-co,waterbody,,nhd-117816315,
douglas-co,waterbody,,nhd-117816463,
douglas-co,waterbody,,nhd-117836905,
douglas-co,waterbody,,nhd-117836967,
douglas-co,waterbody,,nhd-117837115,
douglas-co,waterbody,,nhd-117844333,
douglas-co,waterbody,,nhd-120654924,
douglas-co,waterbody,,nhd-120654948,
douglas-co,waterbody,,nhd-120654956,
douglas-co,waterbody,,nhd-120655069,
douglas-co,waterbody,,nhd-120655218,
douglas-co,waterbody,,nhd-120655355,
douglas-co,waterbody,,nhd-120655418,
douglas-co,waterbody,,nhd-120655558,
douglas-co,waterbody,,nhd-120655563,
douglas-co,waterbody,,nhd-120655625,
douglas-co,waterbody,,nhd-120655755,
douglas-co,waterbody,,nhd-120655767,
douglas-co,waterbody,,nhd-120655782,
douglas-co,waterbody,,nhd-120655784,
douglas-co,waterbody,,nhd-120655861,
douglas-co,waterbody,,nhd-120656041,
douglas-co,waterbody,,nhd-120656092,
douglas-co,waterbody,,nhd-120656094,
douglas-co,waterbody,,nhd-120656267,
douglas-co,waterbody,,nhd-120656459,
douglas-co,waterbody,,nhd-120656460,
douglas-co,waterbody,,nhd-120656485,
douglas-co,waterbody,,nhd-120656491,
douglas-co,waterbody,waterbodies-2406607,nhd-117822739,Chatfield Lake
douglas-co,waterbody,,nhd-117819413,
douglas-co,waterbody,,nhd-117794093,
douglas-co,waterbody,,nhd-117797741,
douglas-co,waterbody,,nhd-117800175,
douglas-co,waterbody,,nhd-117800401,
douglas-co,waterbody,,nhd-117800413,
douglas-co,waterbody,,nhd-117800479,
douglas-co,waterbody,,nhd-117800495,
douglas-co,waterbody,,nhd-117816267,
douglas-co,waterbody,,nhd-117816447,
douglas-co,waterbody,,nhd-117816519,
douglas-co,waterbody,,nhd-117816565,
douglas-co,waterbody,,nhd-117819361,
douglas-co,waterbody,,nhd-117819463,
douglas-co,waterbody,,nhd-117821249,
douglas-co,waterbody,,nhd-117821311,
douglas-co,waterbody,,nhd-117822719,
douglas-co,waterbody,,nhd-117836745,
douglas-co,waterbody,,nhd-117836913,
douglas-co,waterbody,,nhd-117837159,
douglas-co,waterbody,,nhd-120654856,
douglas-co,waterbody,,nhd-120655160,
douglas-co,waterbody,,nhd-120655174,
douglas-co,waterbody,,nhd-120655240,
douglas-co,waterbody,,nhd-120655364,
douglas-co,waterbody,,nhd-120655380,
douglas-co,waterbody,,nhd-120655580,
douglas-co,waterbody,,nhd-120655636,
douglas-co,waterbody,,nhd-120655645,
douglas-co,waterbody,,nhd-120655683,
douglas-co,waterbody,,nhd-120655693,
douglas-co,waterbody,,nhd-120655855,
douglas-co,waterbody,,nhd-120655877,
douglas-co,waterbody,,nhd-120656100,
douglas-co,waterbody,,nhd-120656218,
douglas-co,waterbody,,nhd-120656353,
douglas-co,waterbody,,nhd-120656383,
douglas-co,waterbody,,nhd-120656416,
douglas-co,waterbody,,nhd-120656435,
douglas-co,waterbody,,nhd-120656469,
douglas-co,waterbody,,nhd-120656476,
douglas-co,waterbody,,nhd-120656500,
douglas-co,waterbody,,nhd-117793633,
douglas-co,waterbody,,nhd-117800253,
douglas-co,waterbody,,nhd-117800343,
douglas-co,waterbody,,nhd-117813727,
douglas-co,waterbody,,nhd-117816327,
douglas-co,waterbody,,nhd-117816345,
douglas-co,waterbody,,nhd-117821285,
douglas-co,waterbody,,nhd-117821325,
douglas-co,waterbody,,nhd-117836827,
douglas-co,waterbody,,nhd-120654880,
douglas-co,waterbody,,nhd-120654897,
douglas-co,waterbody,,nhd-120654902,
douglas-co,waterbody,,nhd-120654934,
douglas-co,waterbody,,nhd-120654970,
douglas-co,waterbody,,nhd-120654990,
douglas-co,waterbody,,nhd-120655001,
douglas-co,waterbody,,nhd-120655092,
douglas-co,waterbody,,nhd-120655130,
douglas-co,waterbody,,nhd-120655132,
douglas-co,waterbody,,nhd-120655217,
douglas-co,waterbody,,nhd-120655231,
douglas-co,waterbody,,nhd-120655269,
douglas-co,waterbody,,nhd-120655372,
douglas-co,waterbody,,nhd-120655885,
douglas-co,waterbody,,nhd-120655914,
douglas-co,waterbody,,nhd-120655987,
douglas-co,waterbody,,nhd-120656076,
douglas-co,waterbody,,nhd-120656215,
douglas-co,waterbody,,nhd-117792535,
douglas-co,waterbody,,nhd-117793733,
douglas-co,waterbody,,nhd-117800437,
douglas-co,waterbody,,nhd-117816371,
douglas-co,waterbody,,nhd-117816431,
douglas-co,waterbody,,nhd-117819375,
douglas-co,waterbody,,nhd-117819423,
douglas-co,waterbody,,nhd-117819495,
douglas-co,waterbody,,nhd-117821287,
douglas-co,waterbody,,nhd-117836985,
douglas-co,waterbody,,nhd-117837135,
douglas-co,waterbody,,nhd-117844325,
douglas-co,waterbody,,nhd-120654858,
douglas-co,waterbody,,nhd-120654865,
douglas-co,waterbody,,nhd-120655073,
douglas-co,waterbody,,nhd-120655153,
douglas-co,waterbody,,nhd-120655200,
douglas-co,waterbody,,nhd-120655384,
douglas-co,waterbody,,nhd-120655569,
douglas-co,waterbody,,nhd-120655577,
douglas-co,waterbody,,nhd-120655589,
douglas-co,waterbody,,nhd-120655665,
douglas-co,waterbody,,nhd-120656361,
douglas-co,waterbody,,nhd-120656455,
douglas-co,waterbody,,nhd-120656517,
douglas-co,waterbody,,nhd-117793659,
douglas-co,waterbody,,nhd-117793725,
douglas-co,waterbody,,nhd-117793945,
douglas-co,waterbody,,nhd-117800183,
douglas-co,waterbody,,nhd-117800477,
douglas-co,waterbody,,nhd-117800489,
douglas-co,waterbody,,nhd-117800491,
douglas-co,waterbody,,nhd-117816299,
douglas-co,waterbody,,nhd-117822717,
douglas-co,waterbody,,nhd-117822917,
douglas-co,waterbody,,nhd-117836893,
douglas-co,waterbody,,nhd-117836953,
douglas-co,waterbody,,nhd-120654852,
douglas-co,waterbody,,nhd-120655019,
douglas-co,waterbody,,nhd-120655079,
douglas-co,waterbody,,nhd-120655095,
douglas-co,waterbody,,nhd-120655139,
douglas-co,waterbody,,nhd-120655329,
douglas-co,waterbody,,nhd-120655375,
douglas-co,waterbody,,nhd-120655383,
douglas-co,waterbody,,nhd-120655541,
douglas-co,waterbody,,nhd-120655560,
douglas-co,waterbody,,nhd-120655586,
douglas-co,waterbody,,nhd-120655644,
douglas-co,waterbody,,nhd-120655667,
douglas-co,waterbody,,nhd-120655745,
douglas-co,waterbody,,nhd-120655778,
douglas-co,waterbody,,nhd-120656347,
douglas-co,waterbody,,nhd-120656422,
douglas-co,waterbody,,nhd-4e006afe-0379-49a3-af60-51dd47b27687,
douglas-co,waterbody,,nhd-117819449,
douglas-co,waterbody,,nhd-117793593,
douglas-co,waterbody,,nhd-117793639,
douglas-co,waterbody,,nhd-117793813,
douglas-co,waterbody,,nhd-117800347,
douglas-co,waterbody,,nhd-117800425,
douglas-co,waterbody,,nhd-117800449,
douglas-co,waterbody,,nhd-117813775,
douglas-co,waterbody,,nhd-117816359,
douglas-co,waterbody,,nhd-117816365,
douglas-co,waterbody,,nhd-117816411,
douglas-co,waterbody,,nhd-117819341,
douglas-co,waterbody,,nhd-117819533,
douglas-co,waterbody,,nhd-117821205,
douglas-co,waterbody,,nhd-117821317,
douglas-co,waterbody,,nhd-117821323,
douglas-co,waterbody,,nhd-117836885,
douglas-co,waterbody,,nhd-117836969,
douglas-co,waterbody,,nhd-117837039,
douglas-co,waterbody,,nhd-120654942,
douglas-co,waterbody,,nhd-120654972,
douglas-co,waterbody,,nhd-120655087,
douglas-co,waterbody,,nhd-120655124,
douglas-co,waterbody,,nhd-120655388,
douglas-co,waterbody,,nhd-120655584,
douglas-co,waterbody,,nhd-120655590,
douglas-co,waterbody,,nhd-120655698,
douglas-co,waterbody,,nhd-120655728,
douglas-co,waterbody,,nhd-120655801,
douglas-co,waterbody,,nhd-120655845,
douglas-co,waterbody,,nhd-120655942,
douglas-co,waterbody,,nhd-120655969,
douglas-co,waterbody,,nhd-120655972,
douglas-co,waterbody,,nhd-120656130,
douglas-co,waterbody,,nhd-120656141,
douglas-co,waterbody,,nhd-120656301,
douglas-co,waterbody,,nhd-120656396,
douglas-co,waterbody,,nhd-117792381,
douglas-co,waterbody,,nhd-117819475,
douglas-co,waterbody,,nhd-117819505,
douglas-co,waterbody,,nhd-117819543,
douglas-co,waterbody,,nhd-117822711,
douglas-co,waterbody,,nhd-117822715,
douglas-co,waterbody,,nhd-117836901,
douglas-co,waterbody,,nhd-120654939,
douglas-co,waterbody,,nhd-120655166,
douglas-co,waterbody,,nhd-120655279,
douglas-co,waterbody,,nhd-120655285,
douglas-co,waterbody,,nhd-120655360,
douglas-co,waterbody,waterbodies-3072810,nhd-120655468,Franktown Parker FPM-1 Reservoir
douglas-co,waterbody,,nhd-120655559,
douglas-co,waterbody,,nhd-120655843,
douglas-co,waterbody,,nhd-120656016,
douglas-co,waterbody,,nhd-120656271,
douglas-co,waterbody,,nhd-120656274,
douglas-co,waterbody,,nhd-120656332,
douglas-co,waterbody,,nhd-120656387,
douglas-co,waterbody,,nhd-120656426,
douglas-co,waterbody,,nhd-120656478,
douglas-co,waterbody,,nhd-117800441,
douglas-co,waterbody,,nhd-117819483,
douglas-co,waterbody,,nhd-117822925,
douglas-co,waterbody,,nhd-c8cb91b7-5a29-47a2-aa05-80ab0051116c,
douglas-co,waterbody,,nhd-117800193,
douglas-co,waterbody,,nhd-117816339,
douglas-co,waterbody,,nhd-117816455,
douglas-co,waterbody,,nhd-117816517,
douglas-co,waterbody,,nhd-117821225,
douglas-co,waterbody,,nhd-117821265,
douglas-co,waterbody,,nhd-117822873,
douglas-co,waterbody,,nhd-120654887,
douglas-co,waterbody,,nhd-120655085,
douglas-co,waterbody,,nhd-120655151,
douglas-co,waterbody,,nhd-120655235,
douglas-co,waterbody,,nhd-120655311,
douglas-co,waterbody,,nhd-120655362,
douglas-co,waterbody,,nhd-120655438,
douglas-co,waterbody,,nhd-120655458,
douglas-co,waterbody,,nhd-120655539,
douglas-co,waterbody,,nhd-120655576,
douglas-co,waterbody,,nhd-120655633,
douglas-co,waterbody,,nhd-120655723,
douglas-co,waterbody,,nhd-120655839,
douglas-co,waterbody,,nhd-120655924,
douglas-co,waterbody,,nhd-120655944,
douglas-co,waterbody,,nhd-120656182,
douglas-co,waterbody,,nhd-120656207,
douglas-co,waterbody,,nhd-120656272,
douglas-co,waterbody,,nhd-120656344,
douglas-co,waterbody,,nhd-120656479,
douglas-co,waterbody,,nhd-117821305,
douglas-co,waterbody,,nhd-117805207,
douglas-co,waterbody,,nhd-6179a46e-d5c5-49b4-a234-4cb1bdddea37,
douglas-co,waterbody,,nhd-117822743,
douglas-co,waterbody,,nhd-117793579,
douglas-co,waterbody,,nhd-117800285,
douglas-co,waterbody,,nhd-117816313,
douglas-co,waterbody,,nhd-117816401,
douglas-co,waterbody,,nhd-117816443,
douglas-co,waterbody,,nhd-117816461,
douglas-co,waterbody,,nhd-117816481,
douglas-co,waterbody,,nhd-117819425,
douglas-co,waterbody,,nhd-117819499,
douglas-co,waterbody,,nhd-117822709,
douglas-co,waterbody,,nhd-117836867,
douglas-co,waterbody,,nhd-117837049,
douglas-co,waterbody,,nhd-120654866,
douglas-co,waterbody,,nhd-120654876,
douglas-co,waterbody,,nhd-120654916,
douglas-co,waterbody,,nhd-120654930,
douglas-co,waterbody,,nhd-120655008,
douglas-co,waterbody,,nhd-120655053,
douglas-co,waterbody,,nhd-120655138,
douglas-co,waterbody,,nhd-120655304,
douglas-co,waterbody,,nhd-120655737,
douglas-co,waterbody,,nhd-120655860,
douglas-co,waterbody,,nhd-120655898,
douglas-co,waterbody,,nhd-120655904,
douglas-co,waterbody,,nhd-120655922,
douglas-co,waterbody,,nhd-120655996,
douglas-co,waterbody,,nhd-120656073,
douglas-co,waterbody,,nhd-120656085,
douglas-co,waterbody,,nhd-120656246,
douglas-co,waterbody,,nhd-120656255,
douglas-co,waterbody,,nhd-120656380,
douglas-co,waterbody,,nhd-120656450,
douglas-co,waterbody,,nhd-120656470,
douglas-co,waterbody,,nhd-120656482,
douglas-co,waterbody,,nhd-439ec639-8e6c-4445-a73d-812ba7c361cc,
douglas-co,waterbody,,nhd-117822921,
douglas-co,waterbody,,nhd-117793545,
douglas-co,waterbody,,nhd-117793651,
douglas-co,waterbody,,nhd-117800217,
douglas-co,waterbody,,nhd-117800231,
douglas-co,waterbody,,nhd-117800429,
douglas-co,waterbody,,nhd-117800455,
douglas-co,waterbody,,nhd-117805213,
douglas-co,waterbody,,nhd-117816261,
douglas-co,waterbody,,nhd-117816307,
douglas-co,waterbody,,nhd-117816467,
douglas-co,waterbody,,nhd-117816505,
douglas-co,waterbody,,nhd-117819455,
douglas-co,waterbody,,nhd-117822703,
douglas-co,waterbody,,nhd-117822835,
douglas-co,waterbody,,nhd-117836873,
douglas-co,waterbody,,nhd-117837051,
douglas-co,waterbody,,nhd-117837065,
douglas-co,waterbody,,nhd-120655232,
douglas-co,waterbody,waterbodies-3434208,nhd-120655286,Pinery Reservoir
douglas-co,waterbody,,nhd-120655308,
douglas-co,waterbody,,nhd-120655628,
douglas-co,waterbody,,nhd-120655631,
douglas-co,waterbody,,nhd-120655794,
douglas-co,waterbody,,nhd-120655867,
douglas-co,waterbody,,nhd-120655872,
douglas-co,waterbody,,nhd-120655916,
douglas-co,waterbody,,nhd-120655934,
douglas-co,waterbody,,nhd-120656033,
douglas-co,waterbody,,nhd-120656250,
douglas-co,waterbody,,nhd-120656309,
douglas-co,waterbody,,nhd-120656334,
douglas-co,waterbody,,nhd-120656453,
douglas-co,waterbody,,nhd-120656498,
douglas-co,waterbody,,nhd-117793751,
douglas-co,waterbody,,nhd-117800205,
douglas-co,waterbody,,nhd-117800255,
douglas-co,waterbody,,nhd-117800275,
douglas-co,waterbody,,nhd-117800497,
douglas-co,waterbody,,nhd-117813771,
douglas-co,waterbody,,nhd-117816393,
douglas-co,waterbody,,nhd-117819527,
douglas-co,waterbody,,nhd-117822797,
douglas-co,waterbody,,nhd-117836971,
douglas-co,waterbody,,nhd-117837061,
douglas-co,waterbody,,nhd-117837141,
douglas-co,waterbody,,nhd-120654846,
douglas-co,waterbody,,nhd-120654989,
douglas-co,waterbody,,nhd-120655034,
douglas-co,waterbody,,nhd-120655065,
douglas-co,waterbody,,nhd-120655067,
douglas-co,waterbody,,nhd-120655071,
douglas-co,waterbody,,nhd-120655173,
douglas-co,waterbody,,nhd-120655202,
douglas-co,waterbody,,nhd-120655271,
douglas-co,waterbody,,nhd-120655276,
douglas-co,waterbody,,nhd-120655391,
douglas-co,waterbody,,nhd-120655492,
douglas-co,waterbody,,nhd-120655512,
douglas-co,waterbody,,nhd-120655619,
douglas-co,waterbody,,nhd-120655672,
douglas-co,waterbody,,nhd-120655966,
douglas-co,waterbody,,nhd-120655973,
douglas-co,waterbody,,nhd-120656108,
douglas-co,waterbody,,nhd-120656310,
douglas-co,waterbody,,nhd-120656312,
douglas-co,waterbody,,nhd-120656407,
douglas-co,waterbody,,nhd-120656445,
douglas-co,waterbody,,nhd-120656463,
douglas-co,waterbody,,nhd-117797749,
douglas-co,waterbody,,nhd-117800321,
douglas-co,waterbody,,nhd-117822753,
douglas-co,waterbody,,nhd-117792391,
douglas-co,waterbody,,nhd-117800233,
douglas-co,waterbody,,nhd-117800355,
douglas-co,waterbody,,nhd-117800373,
douglas-co,waterbody,,nhd-117800415,
douglas-co,waterbody,,nhd-117816331,
douglas-co,waterbody,,nhd-117816349,
douglas-co,waterbody,,nhd-117816567,
douglas-co,waterbody,,nhd-117819509,
douglas-co,waterbody,,nhd-117822803,
douglas-co,waterbody,,nhd-117832811,
douglas-co,waterbody,,nhd-117836705,
douglas-co,waterbody,,nhd-117844329,
douglas-co,waterbody,,nhd-120654965,
douglas-co,waterbody,,nhd-120655133,
douglas-co,waterbody,,nhd-120655164,
douglas-co,waterbody,,nhd-120655234,
douglas-co,waterbody,,nhd-120655262,
douglas-co,waterbody,,nhd-120655340,
douglas-co,waterbody,,nhd-120655396,
douglas-co,waterbody,,nhd-120655436,
douglas-co,waterbody,,nhd-120655517,
douglas-co,waterbody,,nhd-120655556,
douglas-co,waterbody,,nhd-120655635,
douglas-co,waterbody,,nhd-120655751,
douglas-co,waterbody,,nhd-120655759,
douglas-co,waterbody,,nhd-120655827,
douglas-co,waterbody,,nhd-120655902,
douglas-co,waterbody,,nhd-120655917,
douglas-co,waterbody,,nhd-120655960,
douglas-co,waterbody,,nhd-120656110,
douglas-co,waterbody,,nhd-120656156,
douglas-co,waterbody,,nhd-120656239,
douglas-co,waterbody,,nhd-120656320,
douglas-co,waterbody,,nhd-120656421,
douglas-co,waterbody,,nhd-117792351,
douglas-co,waterbody,,nhd-117792361,
douglas-co,waterbody,,nhd-117793987,
douglas-co,waterbody,,nhd-117800097,
douglas-co,waterbody,,nhd-117813859,
douglas-co,waterbody,,nhd-117816433,
douglas-co,waterbody,waterbodies-3770169,nhd-117819363,Platte Canyon Reservoir
douglas-co,waterbody,,nhd-117822727,
douglas-co,waterbody,,nhd-117837005,
douglas-co,waterbody,,nhd-117837119,
douglas-co,waterbody,,nhd-120654864,
douglas-co,waterbody,,nhd-120654949,
douglas-co,waterbody,,nhd-120655007,
douglas-co,waterbody,,nhd-120655252,
douglas-co,waterbody,,nhd-120655378,
douglas-co,waterbody,,nhd-120655473,
douglas-co,waterbody,,nhd-120655531,
douglas-co,waterbody,,nhd-120655564,
douglas-co,waterbody,,nhd-120655668,
douglas-co,waterbody,,nhd-120655721,
douglas-co,waterbody,,nhd-120655886,
douglas-co,waterbody,,nhd-120655903,
douglas-co,waterbody,,nhd-120656093,
douglas-co,waterbody,waterbodies-3795999,nhd-120656314,West Cherry Creek Detention Number 11 Reservoir
douglas-co,waterbody,,nhd-120656432,
douglas-co,waterbody,,nhd-120656510,
douglas-co,waterbody,,nhd-117819405,
douglas-co,waterbody,,nhd-117793547,
douglas-co,waterbody,,nhd-117793627,
douglas-co,waterbody,,nhd-117793859,
douglas-co,waterbody,,nhd-117800259,
douglas-co,waterbody,,nhd-117805217,
douglas-co,waterbody,,nhd-117813817,
douglas-co,waterbody,,nhd-117821277,
douglas-co,waterbody,,nhd-117836757,
douglas-co,waterbody,,nhd-117836921,
douglas-co,waterbody,,nhd-120654962,
douglas-co,waterbody,,nhd-120655116,
douglas-co,waterbody,,nhd-120655155,
douglas-co,waterbody,,nhd-120655245,
douglas-co,waterbody,,nhd-120655257,
douglas-co,waterbody,,nhd-120655298,
douglas-co,waterbody,,nhd-120655408,
douglas-co,waterbody,,nhd-120655465,
douglas-co,waterbody,,nhd-120655711,
douglas-co,waterbody,,nhd-120655754,
douglas-co,waterbody,,nhd-120656015,
douglas-co,waterbody,,nhd-120656198,
douglas-co,waterbody,,nhd-120656286,
douglas-co,waterbody,,nhd-120656462,
douglas-co,waterbody,,nhd-117822745,
douglas-co,waterbody,,nhd-117793799,
douglas-co,waterbody,,nhd-117797745,
douglas-co,waterbody,,nhd-117800297,
douglas-co,waterbody,,nhd-117800337,
douglas-co,waterbody,,nhd-117813625,
douglas-co,waterbody,,nhd-117813787,
douglas-co,waterbody,,nhd-117816317,
douglas-co,waterbody,,nhd-117816335,
douglas-co,waterbody,,nhd-117816353,
douglas-co,waterbody,,nhd-117816381,
douglas-co,waterbody,,nhd-117816417,
douglas-co,waterbody,,nhd-117816449,
douglas-co,waterbody,,nhd-117816491,
douglas-co,waterbody,,nhd-117816561,
douglas-co,waterbody,,nhd-117819503,
douglas-co,waterbody,,nhd-117822907,
douglas-co,waterbody,,nhd-117837013,
douglas-co,waterbody,,nhd-117837031,
douglas-co,waterbody,,nhd-117837079,
douglas-co,waterbody,,nhd-120654855,
douglas-co,waterbody,,nhd-120654920,
douglas-co,waterbody,,nhd-120655025,
douglas-co,waterbody,,nhd-120655056,
douglas-co,waterbody,,nhd-120655081,
douglas-co,waterbody,,nhd-120655214,
douglas-co,waterbody,,nhd-120655399,
douglas-co,waterbody,,nhd-120655592,
douglas-co,waterbody,,nhd-120655690,
douglas-co,waterbody,,nhd-120655696,
douglas-co,waterbody,,nhd-120655732,
douglas-co,waterbody,,nhd-120655795,
douglas-co,waterbody,,nhd-120655817,
douglas-co,waterbody,,nhd-120655852,
douglas-co,waterbody,,nhd-120655901,
douglas-co,waterbody,,nhd-120656062,
douglas-co,waterbody,,nhd-120656124,
douglas-co,waterbody,,nhd-120656153,
douglas-co,waterbody,,nhd-120656281,
douglas-co,waterbody,,nhd-120656308,
douglas-co,waterbody,,nhd-120656322,
douglas-co,waterbody,,nhd-120656414,
douglas-co,waterbody,,nhd-120656428,
douglas-co,waterbody,,nhd-120656494,
douglas-co,waterbody,,nhd-117797753,
douglas-co,waterbody,,nhd-117800211,
douglas-co,waterbody,,nhd-117800227,
douglas-co,waterbody,,nhd-117800457,
douglas-co,waterbody,,nhd-117816435,
douglas-co,waterbody,,nhd-117819383,
douglas-co,waterbody,,nhd-117819397,
douglas-co,waterbody,,nhd-117821199,
douglas-co,waterbody,,nhd-120654854,
douglas-co,waterbody,,nhd-120655040,
douglas-co,waterbody,,nhd-120655352,
douglas-co,waterbody,,nhd-120655639,
douglas-co,waterbody,,nhd-120655807,
douglas-co,waterbody,,nhd-120656023,
douglas-co,waterbody,,nhd-120656083,
douglas-co,waterbody,,nhd-120656116,
douglas-co,waterbody,,nhd-120656155,
douglas-co,waterbody,,nhd-120656300,
douglas-co,waterbody,,nhd-117800223,
douglas-co,waterbody,,nhd-117800283,
douglas-co,waterbody,,nhd-117800345,
douglas-co,waterbody,,nhd-117800483,
douglas-co,waterbody,,nhd-117805215,
douglas-co,waterbody,,nhd-117813845,
douglas-co,waterbody,,nhd-117816423,
douglas-co,waterbody,,nhd-117816439,
douglas-co,waterbody,,nhd-117816515,
douglas-co,waterbody,,nhd-117819469,
douglas-co,waterbody,,nhd-117821219,
douglas-co,waterbody,,nhd-117821231,
douglas-co,waterbody,waterbodies-4252147,nhd-117822893,Wolhurst Lake
douglas-co,waterbody,,nhd-117837041,
douglas-co,waterbody,,nhd-120654878,
douglas-co,waterbody,,nhd-120654969,
douglas-co,waterbody,,nhd-120655005,
douglas-co,waterbody,,nhd-120655012,
douglas-co,waterbody,,nhd-120655028,
douglas-co,waterbody,,nhd-120655044,
douglas-co,waterbody,,nhd-120655097,
douglas-co,waterbody,,nhd-120655342,
douglas-co,waterbody,,nhd-120655343,
douglas-co,waterbody,,nhd-120655351,
douglas-co,waterbody,,nhd-120655474,
douglas-co,waterbody,,nhd-120655565,
douglas-co,waterbody,,nhd-120655630,
douglas-co,waterbody,,nhd-120655808,
douglas-co,waterbody,,nhd-120655847,
douglas-co,waterbody,,nhd-120656020,
douglas-co,waterbody,,nhd-120656333,
douglas-co,waterbody,,nhd-117790043,
douglas-co,waterbody,,nhd-117792557,
douglas-co,waterbody,,nhd-117793673,
douglas-co,waterbody,,nhd-117800117,
douglas-co,waterbody,,nhd-117813657,
douglas-co,waterbody,,nhd-117816337,
douglas-co,waterbody,,nhd-117821229,
douglas-co,waterbody,,nhd-117822813,
douglas-co,waterbody,,nhd-120654847,
douglas-co,waterbody,,nhd-120655026,
douglas-co,waterbody,,nhd-120655101,
douglas-co,waterbody,,nhd-120655430,
douglas-co,waterbody,,nhd-120655475,
douglas-co,waterbody,,nhd-120655663,
douglas-co,waterbody,,nhd-120655799,
douglas-co,waterbody,,nhd-120655831,
douglas-co,waterbody,,nhd-120655878,
douglas-co,waterbody,,nhd-120656027,
douglas-co,waterbody,,nhd-120656082,
douglas-co,waterbody,,nhd-120656362,
douglas-co,waterbody,,nhd-120656393,
douglas-co,waterbody,,nhd-120656438,
douglas-co,waterbody,,nhd-120656497,
douglas-co,waterbody,,nhd-117800303,
douglas-co,waterbody,,nhd-117819429,
douglas-co,waterbody,,nhd-117793755,
douglas-co,waterbody,,nhd-117793851,
douglas-co,waterbody,,nhd-117800349,
douglas-co,waterbody,,nhd-117813703,
douglas-co,waterbody,,nhd-117816273,
douglas-co,waterbody,,nhd-117816399,
douglas-co,waterbody,waterbodies-4493001,nhd-117819465,Aurora-Rampart Reservoir
douglas-co,waterbody,,nhd-117821233,
douglas-co,waterbody,,nhd-117832799,
douglas-co,waterbody,,nhd-117836719,
douglas-co,waterbody,,nhd-117837045,
douglas-co,waterbody,,nhd-117837117,
douglas-co,waterbody,,nhd-120654857,
douglas-co,waterbody,,nhd-120655195,
douglas-co,waterbody,,nhd-120655256,
douglas-co,waterbody,,nhd-120655416,
douglas-co,waterbody,,nhd-120655444,
douglas-co,waterbody,,nhd-120655526,
douglas-co,waterbody,,nhd-120655583,
douglas-co,waterbody,,nhd-120655677,
douglas-co,waterbody,,nhd-120655797,
douglas-co,waterbody,,nhd-120655856,
douglas-co,waterbody,,nhd-120655932,
douglas-co,waterbody,,nhd-120655946,
douglas-co,waterbody,,nhd-120656039,
douglas-co,waterbody,,nhd-120656187,
douglas-co,waterbody,,nhd-120656296,
douglas-co,waterbody,,nhd-120656472,
douglas-co,waterbody,,nhd-117805225,
douglas-co,waterbody,,nhd-117819447,
douglas-co,waterbody,,nhd-117800143,
douglas-co,waterbody,,nhd-117800169,
douglas-co,waterbody,,nhd-117800177,
douglas-co,waterbody,,nhd-117800323,
douglas-co,waterbody,,nhd-117800359,
douglas-co,waterbody,,nhd-117816325,
douglas-co,waterbody,,nhd-117816547,
douglas-co,waterbody,,nhd-117819537,
douglas-co,waterbody,,nhd-117819553,
douglas-co,waterbody,,nhd-117821291,
douglas-co,waterbody,,nhd-117836799,
douglas-co,waterbody,,nhd-117836835,
douglas-co,waterbody,,nhd-117836909,
douglas-co,waterbody,,nhd-117836961,
douglas-co,waterbody,,nhd-120655064,
douglas-co,waterbody,,nhd-120655078,
douglas-co,waterbody,,nhd-120655106,
douglas-co,waterbody,,nhd-120655169,
douglas-co,waterbody,,nhd-120655221,
douglas-co,waterbody,,nhd-120655228,
douglas-co,waterbody,,nhd-120655290,
douglas-co,waterbody,,nhd-120655305,
douglas-co,waterbody,,nhd-120655313,
douglas-co,waterbody,,nhd-120655596,
douglas-co,waterbody,,nhd-120655647,
douglas-co,waterbody,,nhd-120655678,
douglas-co,waterbody,,nhd-120655710,
douglas-co,waterbody,,nhd-120655781,
douglas-co,waterbody,,nhd-120655796,
douglas-co,waterbody,,nhd-120655832,
douglas-co,waterbody,,nhd-120655982,
douglas-co,waterbody,,nhd-120656047,
douglas-co,waterbody,,nhd-120656146,
douglas-co,waterbody,,nhd-120656190,
douglas-co,waterbody,,nhd-120656297,
douglas-co,waterbody,,nhd-120656303,
douglas-co,waterbody,,nhd-120656354,
douglas-co,waterbody,,nhd-120656392,
douglas-co,waterbody,,nhd-120656404,
douglas-co,waterbody,,nhd-120656440,
douglas-co,waterbody,,nhd-120656477,
douglas-co,waterbody,,nhd-117819539,
douglas-co,waterbody,,nhd-5dfac348-a96e-4d37-83a3-8fd61c01f3db,
douglas-co,waterbody,,nhd-117819403,
douglas-co,waterbody,,nhd-117800267,
douglas-co,waterbody,,nhd-117800277,
douglas-co,waterbody,,nhd-117813695,
douglas-co,waterbody,,nhd-117816499,
douglas-co,waterbody,,nhd-117819411,
douglas-co,waterbody,,nhd-117821201,
douglas-co,waterbody,,nhd-117821315,
douglas-co,waterbody,,nhd-117837105,
douglas-co,waterbody,,nhd-117837133,
douglas-co,waterbody,,nhd-120654861,
douglas-co,waterbody,,nhd-120654979,
douglas-co,waterbody,,nhd-120654988,
douglas-co,waterbody,,nhd-120655006,
douglas-co,waterbody,,nhd-120655017,
douglas-co,waterbody,,nhd-120655260,
douglas-co,waterbody,,nhd-120655347,
douglas-co,waterbody,,nhd-120655376,
douglas-co,waterbody,,nhd-120655601,
douglas-co,waterbody,,nhd-120655606,
douglas-co,waterbody,,nhd-120655714,
douglas-co,waterbody,,nhd-120655715,
douglas-co,waterbody,,nhd-120655773,
douglas-co,waterbody,,nhd-120655776,
douglas-co,waterbody,,nhd-120655865,
douglas-co,waterbody,,nhd-120655923,
douglas-co,waterbody,,nhd-120655925,
douglas-co,waterbody,,nhd-120656010,
douglas-co,waterbody,,nhd-120656221,
douglas-co,waterbody,,nhd-120656259,
douglas-co,waterbody,,nhd-120656340,
douglas-co,waterbody,waterbodies-4760302,nhd-120656405,Franktown Parker FPA-4 Reservoir
douglas-co,waterbody,,nhd-117792519,
douglas-co,waterbody,,nhd-117793729,
douglas-co,waterbody,,nhd-117793773,
douglas-co,waterbody,,nhd-117793933,
douglas-co,waterbody,,nhd-117800147,
douglas-co,waterbody,,nhd-117800475,
douglas-co,waterbody,,nhd-117805223,
douglas-co,waterbody,,nhd-117816407,
douglas-co,waterbody,,nhd-117816551,
douglas-co,waterbody,,nhd-117819335,
douglas-co,waterbody,,nhd-117821327,
douglas-co,waterbody,,nhd-117836793,
douglas-co,waterbody,,nhd-117837103,
douglas-co,waterbody,,nhd-117837113,
douglas-co,waterbody,,nhd-117844335,
douglas-co,waterbody,,nhd-117844339,
douglas-co,waterbody,,nhd-120654886,
douglas-co,waterbody,,nhd-120655393,
douglas-co,waterbody,,nhd-120655462,
douglas-co,waterbody,,nhd-120655535,
douglas-co,waterbody,,nhd-120655820,
douglas-co,waterbody,,nhd-120655891,
douglas-co,waterbody,,nhd-120656021,
douglas-co,waterbody,,nhd-120656045,
douglas-co,waterbody,,nhd-120656248,
douglas-co,waterbody,,nhd-120656415,
douglas-co,waterbody,,nhd-117800317,
douglas-co,waterbody,,nhd-117819379,
douglas-co,waterbody,,nhd-117792513,
douglas-co,waterbody,,nhd-117794041,
douglas-co,waterbody,,nhd-117800119,
douglas-co,waterbody,,nhd-117800377,
douglas-co,waterbody,,nhd-117816265,
douglas-co,waterbody,,nhd-117819393,
douglas-co,waterbody,,nhd-117819443,
douglas-co,waterbody,,nhd-117836975,
douglas-co,waterbody,,nhd-117837127,
douglas-co,waterbody,,nhd-120655107,
douglas-co,waterbody,,nhd-120655143,
douglas-co,waterbody,,nhd-120655398,
douglas-co,waterbody,,nhd-120655412,
douglas-co,waterbody,,nhd-120655415,
douglas-co,waterbody,,nhd-120655787,
douglas-co,waterbody,,nhd-120656150,
douglas-co,waterbody,,nhd-120656223,
douglas-co,waterbody,,nhd-120656240,
douglas-co,waterbody,,nhd-120656292,
douglas-co,waterbody,,nhd-120656349,
douglas-co,waterbody,,nhd-120656418,
douglas-co,waterbody,,nhd-117805219,
douglas-co,waterbody,,nhd-117793523,
douglas-co,waterbody,,nhd-117800085,
douglas-co,waterbody,,nhd-117800095,
douglas-co,waterbody,,nhd-117800145,
douglas-co,waterbody,,nhd-117800199,
douglas-co,waterbody,,nhd-117800237,
douglas-co,waterbody,,nhd-117800269,
douglas-co,waterbody,,nhd-117800293,
douglas-co,waterbody,,nhd-117800311,
douglas-co,waterbody,,nhd-117800385,
douglas-co,waterbody,,nhd-117800471,
douglas-co,waterbody,,nhd-117819345,
douglas-co,waterbody,,nhd-117821313,
douglas-co,waterbody,,nhd-117822923,
douglas-co,waterbody,,nhd-117836891,
douglas-co,waterbody,,nhd-120654912,
douglas-co,waterbody,,nhd-120654984,
douglas-co,waterbody,,nhd-120655011,
douglas-co,waterbody,,nhd-120655088,
douglas-co,waterbody,,nhd-120655141,
douglas-co,waterbody,,nhd-120655297,
douglas-co,waterbody,,nhd-120655321,
douglas-co,waterbody,,nhd-120655400,
douglas-co,waterbody,,nhd-120655426,
douglas-co,waterbody,,nhd-120655469,
douglas-co,waterbody,,nhd-120655505,
douglas-co,waterbody,,nhd-120655527,
douglas-co,waterbody,,nhd-120655863,
douglas-co,waterbody,,nhd-120656004,
douglas-co,waterbody,,nhd-120656014,
douglas-co,waterbody,,nhd-120656028,
douglas-co,waterbody,,nhd-120656031,
douglas-co,waterbody,,nhd-120656160,
douglas-co,waterbody,,nhd-120656175,
douglas-co,waterbody,,nhd-120656249,
douglas-co,waterbody,,nhd-120656335,
douglas-co,waterbody,,nhd-120656430,
douglas-co,waterbody,,nhd-120656499,
douglas-co,waterbody,,nhd-117790041,
douglas-co,waterbody,,nhd-117793981,
douglas-co,waterbody,,nhd-117800307,
douglas-co,waterbody,,nhd-117805209,
douglas-co,waterbody,,nhd-117816487,
douglas-co,waterbody,,nhd-117816521,
douglas-co,waterbody,,nhd-117816557,
douglas-co,waterbody,,nhd-117821303,
douglas-co,waterbody,,nhd-117836845,
douglas-co,waterbody,,nhd-117836915,
douglas-co,waterbody,,nhd-117836973,
douglas-co,waterbody,,nhd-117837035,
douglas-co,waterbody,,nhd-117837037,
douglas-co,waterbody,,nhd-117837121,
douglas-co,waterbody,,nhd-117837143,
douglas-co,waterbody,,nhd-117837145,
douglas-co,waterbody,,nhd-120654964,
douglas-co,waterbody,,nhd-120655039,
douglas-co,waterbody,,nhd-120655131,
douglas-co,waterbody,,nhd-120655167,
douglas-co,waterbody,,nhd-120655205,
douglas-co,waterbody,,nhd-120655274,
douglas-co,waterbody,,nhd-120655461,
douglas-co,waterbody,waterbodies-5243494,nhd-120655756,Franktown Parker FPR-1 Reservoir
douglas-co,waterbody,,nhd-120655828,
douglas-co,waterbody,,nhd-120655850,
douglas-co,waterbody,,nhd-120655912,
douglas-co,waterbody,,nhd-120656074,
douglas-co,waterbody,,nhd-120656133,
douglas-co,waterbody,,nhd-120656257,
douglas-co,waterbody,,nhd-120656324,
douglas-co,waterbody,,nhd-120656420,
douglas-co,waterbody,,nhd-120656442,
douglas-co,waterbody,waterbodies-5243506,nhd-120656489,West Cherry Creek Detention Number 7 Reservoir
douglas-co,waterbody,,nhd-120656515,
douglas-co,waterbody,,nhd-120656384,
douglas-co,waterbody,,nhd-117790079,
douglas-co,waterbody,,nhd-117790081,
douglas-co,waterbody,,nhd-117800113,
douglas-co,waterbody,,nhd-117800229,
douglas-co,waterbody,,nhd-117800371,
douglas-co,waterbody,,nhd-117800389,
douglas-co,waterbody,,nhd-117805205,
douglas-co,waterbody,,nhd-117805241,
douglas-co,waterbody,,nhd-117819391,
douglas-co,waterbody,,nhd-117821243,
douglas-co,waterbody,,nhd-117836747,
douglas-co,waterbody,,nhd-120654987,
douglas-co,waterbody,,nhd-120655080,
douglas-co,waterbody,,nhd-120655125,
douglas-co,waterbody,,nhd-120655142,
douglas-co,waterbody,waterbodies-5364121,nhd-120655219,Circle 2 Ranch Reservoir Number 1
douglas-co,waterbody,,nhd-120655233,
douglas-co,waterbody,,nhd-120655241,
douglas-co,waterbody,,nhd-120655325,
douglas-co,waterbody,,nhd-120655381,
douglas-co,waterbody,,nhd-120655382,
douglas-co,waterbody,,nhd-120655410,
douglas-co,waterbody,,nhd-120655417,
douglas-co,waterbody,,nhd-120655500,
douglas-co,waterbody,,nhd-120655567,
douglas-co,waterbody,,nhd-120655568,
douglas-co,waterbody,,nhd-120655574,
douglas-co,waterbody,,nhd-120655620,
douglas-co,waterbody,,nhd-120655685,
douglas-co,waterbody,,nhd-120655859,
douglas-co,waterbody,,nhd-120656084,
douglas-co,waterbody,,nhd-120656149,
douglas-co,waterbody,,nhd-120656306,
douglas-co,waterbody,,nhd-120656350,
douglas-co,waterbody,,nhd-120656413,
douglas-co,waterbody,,nhd-120656467,
douglas-co,waterbody,,nhd-117800361,
douglas-co,waterbody,,nhd-117792319,
douglas-co,waterbody,,nhd-117793625,
douglas-co,waterbody,,nhd-117793785,
douglas-co,waterbody,,nhd-117800087,
douglas-co,waterbody,,nhd-117800161,
douglas-co,waterbody,,nhd-117800315,
douglas-co,waterbody,,nhd-117800499,
douglas-co,waterbody,,nhd-117816275,
douglas-co,waterbody,,nhd-117816351,
douglas-co,waterbody,,nhd-117816387,
douglas-co,waterbody,,nhd-117816395,
douglas-co,waterbody,,nhd-117816397,
douglas-co,waterbody,,nhd-117819471,
douglas-co,waterbody,,nhd-117819513,
douglas-co,waterbody,,nhd-117819551,
douglas-co,waterbody,,nhd-117822875,
douglas-co,waterbody,,nhd-117836959,
douglas-co,waterbody,,nhd-117844331,
douglas-co,waterbody,,nhd-120654913,
douglas-co,waterbody,,nhd-120655004,
douglas-co,waterbody,,nhd-120655117,
douglas-co,waterbody,,nhd-120655175,
douglas-co,waterbody,,nhd-120655249,
douglas-co,waterbody,,nhd-120655322,
douglas-co,waterbody,,nhd-120655332,
douglas-co,waterbody,,nhd-120655402,
douglas-co,waterbody,,nhd-120655459,
douglas-co,waterbody,,nhd-120655478,
douglas-co,waterbody,,nhd-120655485,
douglas-co,waterbody,,nhd-120655493,
douglas-co,waterbody,,nhd-120655655,
douglas-co,waterbody,,nhd-120655688,
douglas-co,waterbody,,nhd-120655760,
douglas-co,waterbody,,nhd-120655858,
douglas-co,waterbody,,nhd-120655871,
douglas-co,waterbody,,nhd-120655948,
douglas-co,waterbody,,nhd-120656069,
douglas-co,waterbody,,nhd-120656102,
douglas-co,waterbody,,nhd-120656163,
douglas-co,waterbody,,nhd-120656211,
douglas-co,waterbody,,nhd-120656290,
douglas-co,waterbody,,nhd-120656293,
douglas-co,waterbody,,nhd-120656452,
douglas-co,waterbody,,nhd-120656481,
douglas-co,waterbody,,nhd-120656501,
douglas-co,waterbody,waterbodies-5484541,nhd-120656502,Franktown Parker FPE-7 Reservoir
douglas-co,waterbody,,nhd-117821237,
douglas-co,waterbody,,nhd-117819519,
douglas-co,waterbody,,nhd-117793657,
douglas-co,waterbody,,nhd-117793697,
douglas-co,waterbody,,nhd-117797743,
douglas-co,waterbody,,nhd-117800213,
douglas-co,waterbody,,nhd-117800271,
douglas-co,waterbody,,nhd-117800387,
douglas-co,waterbody,waterbodies-5578800,nhd-117800481,Waucondah Reservoir
douglas-co,waterbody,,nhd-117800487,
douglas-co,waterbody,,nhd-117805237,
douglas-co,waterbody,,nhd-117805243,
douglas-co,waterbody,,nhd-117813655,
douglas-co,waterbody,,nhd-117816309,
douglas-co,waterbody,,nhd-117816377,
douglas-co,waterbody,,nhd-117821271,
douglas-co,waterbody,,nhd-117822707,
douglas-co,waterbody,,nhd-117836767,
douglas-co,waterbody,,nhd-117836977,
douglas-co,waterbody,,nhd-120654891,
douglas-co,waterbody,,nhd-120654955,
douglas-co,waterbody,,nhd-120655029,
douglas-co,waterbody,,nhd-120655061,
douglas-co,waterbody,,nhd-120655075,
douglas-co,waterbody,,nhd-120655122,
douglas-co,waterbody,,nhd-120655425,
douglas-co,waterbody,,nhd-120655460,
douglas-co,waterbody,,nhd-120655587,
douglas-co,waterbody,,nhd-120655622,
douglas-co,waterbody,,nhd-120655629,
douglas-co,waterbody,,nhd-120655883,
douglas-co,waterbody,,nhd-120656042,
douglas-co,waterbody,,nhd-120656200,
douglas-co,waterbody,,nhd-120656268,
douglas-co,waterbody,,nhd-120656277,
douglas-co,waterbody,,nhd-120656504,
douglas-co,waterbody,,nhd-117821221,
douglas-co,waterbody,,nhd-117822751,
douglas-co,waterbody,,nhd-117822903,
douglas-co,waterbody,,nhd-117792389,
douglas-co,waterbody,,nhd-117793853,
douglas-co,waterbody,,nhd-117800309,
douglas-co,waterbody,,nhd-117800367,
douglas-co,waterbody,,nhd-117800419,
douglas-co,waterbody,,nhd-117816501,
douglas-co,waterbody,,nhd-117816513,
douglas-co,waterbody,,nhd-117819485,
douglas-co,waterbody,,nhd-117819525,
douglas-co,waterbody,,nhd-117819547,
douglas-co,waterbody,,nhd-117821275,
douglas-co,waterbody,,nhd-117832815,
douglas-co,waterbody,,nhd-117836875,
douglas-co,waterbody,,nhd-117836937,
douglas-co,waterbody,,nhd-117837111,
douglas-co,waterbody,,nhd-120654831,
douglas-co,waterbody,,nhd-120654975,
douglas-co,waterbody,,nhd-120655315,
douglas-co,waterbody,,nhd-120655336,
douglas-co,waterbody,,nhd-120655479,
douglas-co,waterbody,,nhd-120655490,
douglas-co,waterbody,,nhd-120655626,
douglas-co,waterbody,,nhd-120655805,
douglas-co,waterbody,,nhd-120656119,
douglas-co,waterbody,,nhd-120656201,
douglas-co,waterbody,,nhd-120656512,
douglas-co,waterbody,,nhd-3af3a63e-8a13-480a-8693-2e5569fee39e,
douglas-co,waterbody,,nhd-117792363,
douglas-co,waterbody,,nhd-117793527,
douglas-co,waterbody,,nhd-117793825,
douglas-co,waterbody,,nhd-117800151,
douglas-co,waterbody,,nhd-117800279,
douglas-co,waterbody,,nhd-117800365,
douglas-co,waterbody,,nhd-117805229,
douglas-co,waterbody,,nhd-117816303,
douglas-co,waterbody,,nhd-117819507,
douglas-co,waterbody,,nhd-117821269,
douglas-co,waterbody,,nhd-117836933,
douglas-co,waterbody,,nhd-117837085,
douglas-co,waterbody,,nhd-117837155,
douglas-co,waterbody,,nhd-120654845,
douglas-co,waterbody,,nhd-120654894,
douglas-co,waterbody,,nhd-120654909,
douglas-co,waterbody,,nhd-120654929,
douglas-co,waterbody,,nhd-120655110,
douglas-co,waterbody,,nhd-120655136,
douglas-co,waterbody,,nhd-120655330,
douglas-co,waterbody,,nhd-120655373,
douglas-co,waterbody,,nhd-120655428,
douglas-co,waterbody,,nhd-120655472,
douglas-co,waterbody,,nhd-120655509,
douglas-co,waterbody,,nhd-120655550,
douglas-co,waterbody,,nhd-120655687,
douglas-co,waterbody,,nhd-120655692,
douglas-co,waterbody,,nhd-120655694,
douglas-co,waterbody,,nhd-120655766,
douglas-co,waterbody,,nhd-120655772,
douglas-co,waterbody,,nhd-120655930,
douglas-co,waterbody,,nhd-120656065,
douglas-co,waterbody,,nhd-120656157,
douglas-co,waterbody,,nhd-120656159,
douglas-co,waterbody,,nhd-120656276,
douglas-co,waterbody,,nhd-120656326,
douglas-co,waterbody,,nhd-117821307,
douglas-co,waterbody,,nhd-117792311,
douglas-co,waterbody,,nhd-117793525,
douglas-co,waterbody,,nhd-117793699,
douglas-co,waterbody,,nhd-117800163,
douglas-co,waterbody,,nhd-117800185,
douglas-co,waterbody,,nhd-117800273,
douglas-co,waterbody,,nhd-117800339,
douglas-co,waterbody,,nhd-117805203,
douglas-co,waterbody,,nhd-117813729,
douglas-co,waterbody,,nhd-117813741,
douglas-co,waterbody,waterbodies-5940294,nhd-117813853,Allis Reservoir
douglas-co,waterbody,,nhd-117816441,
douglas-co,waterbody,,nhd-117816479,
douglas-co,waterbody,,nhd-117819427,
douglas-co,waterbody,,nhd-117819457,
douglas-co,waterbody,,nhd-117819497,
douglas-co,waterbody,,nhd-117821259,
douglas-co,waterbody,,nhd-117836855,
douglas-co,waterbody,,nhd-117836869,
douglas-co,waterbody,,nhd-117836899,
douglas-co,waterbody,,nhd-117837007,
douglas-co,waterbody,,nhd-117837093,
douglas-co,waterbody,,nhd-117837109,
douglas-co,waterbody,,nhd-120654907,
douglas-co,waterbody,,nhd-120654914,
douglas-co,waterbody,,nhd-120654936,
douglas-co,waterbody,,nhd-120655135,
douglas-co,waterbody,,nhd-120655192,
douglas-co,waterbody,,nhd-120655394,
douglas-co,waterbody,,nhd-120655403,
douglas-co,waterbody,,nhd-120655450,
douglas-co,waterbody,,nhd-120655727,
douglas-co,waterbody,,nhd-120655933,
douglas-co,waterbody,,nhd-120656017,
douglas-co,waterbody,,nhd-120656018,
douglas-co,waterbody,,nhd-120656030,
douglas-co,waterbody,,nhd-120656165,
douglas-co,waterbody,,nhd-120656177,
douglas-co,waterbody,,nhd-120656203,
douglas-co,waterbody,,nhd-120656258,
douglas-co,waterbody,,nhd-120656412,
douglas-co,waterbody,,nhd-120656473,
douglas-co,waterbody,,nhd-117793679,
douglas-co,waterbody,,nhd-117797737,
douglas-co,waterbody,,nhd-117800099,
douglas-co,waterbody,,nhd-117800137,
douglas-co,waterbody,,nhd-117800173,
douglas-co,waterbody,,nhd-117800299,
douglas-co,waterbody,,nhd-117800421,
douglas-co,waterbody,,nhd-117800461,
douglas-co,waterbody,,nhd-117813777,
douglas-co,waterbody,,nhd-117816259,
douglas-co,waterbody,,nhd-117816509,
douglas-co,waterbody,,nhd-117819421,
douglas-co,waterbody,,nhd-117821193,
douglas-co,waterbody,,nhd-117837071,
douglas-co,waterbody,,nhd-117837089,
douglas-co,waterbody,,nhd-120654981,
douglas-co,waterbody,,nhd-120655176,
douglas-co,waterbody,,nhd-120655263,
douglas-co,waterbody,,nhd-120655267,
douglas-co,waterbody,,nhd-120655331,
douglas-co,waterbody,,nhd-120655525,
douglas-co,waterbody,,nhd-120655669,
douglas-co,waterbody,,nhd-120655775,
douglas-co,waterbody,,nhd-120656007,
douglas-co,waterbody,,nhd-120656154,
douglas-co,waterbody,,nhd-120656506,
douglas-co,waterbody,,nhd-117821211,
douglas-co,waterbody,,nhd-117819459,
douglas-co,waterbody,,nhd-117793571,
douglas-co,waterbody,,nhd-117793915,
douglas-co,waterbody,,nhd-117800091,
douglas-co,waterbody,,nhd-117800191,
douglas-co,waterbody,,nhd-117800463,
douglas-co,waterbody,,nhd-117813677,
douglas-co,waterbody,,nhd-117813725,
douglas-co,waterbody,,nhd-117816391,
douglas-co,waterbody,,nhd-117816429,
douglas-co,waterbody,,nhd-117816553,
douglas-co,waterbody,,nhd-117819491,
douglas-co,waterbody,,nhd-117821309,
douglas-co,waterbody,,nhd-117836929,
douglas-co,waterbody,,nhd-117837153,
douglas-co,waterbody,,nhd-120654835,
douglas-co,waterbody,,nhd-120654850,
douglas-co,waterbody,,nhd-120654868,
douglas-co,waterbody,,nhd-120654898,
douglas-co,waterbody,,nhd-120654911,
douglas-co,waterbody,,nhd-120654927,
douglas-co,waterbody,,nhd-120654944,
douglas-co,waterbody,,nhd-120655059,
douglas-co,waterbody,,nhd-120655123,
douglas-co,waterbody,,nhd-120655128,
douglas-co,waterbody,,nhd-120655140,
douglas-co,waterbody,,nhd-120655337,
douglas-co,waterbody,,nhd-120655484,
douglas-co,waterbody,,nhd-120655491,
douglas-co,waterbody,,nhd-120655562,
douglas-co,waterbody,,nhd-120655648,
douglas-co,waterbody,waterbodies-6207633,nhd-120655704,Franktown Parker FPW-1 Reservoir
douglas-co,waterbody,,nhd-120655741,
douglas-co,waterbody,,nhd-120656046,
douglas-co,waterbody,,nhd-120656104,
douglas-co,waterbody,,nhd-120656184,
douglas-co,waterbody,,nhd-120656284,
douglas-co,waterbody,,nhd-120656304,
douglas-co,waterbody,,nhd-120656337,
douglas-co,waterbody,,nhd-120656410,
douglas-co,waterbody,,nhd-120656454,
douglas-co,waterbody,,nhd-120656505,
douglas-co,waterbody,,nhd-117821227,
douglas-co,waterbody,,nhd-117805235,
douglas-co,waterbody,,nhd-117819401,
douglas-co,waterbody,,nhd-117819441,
douglas-co,waterbody,,nhd-117822741,
douglas-co,waterbody,,nhd-117793563,
douglas-co,waterbody,,nhd-117793647,
douglas-co,waterbody,,nhd-117793871,
douglas-co,waterbody,,nhd-117800125,
douglas-co,waterbody,,nhd-117800135,
douglas-co,waterbody,,nhd-117800153,
douglas-co,waterbody,,nhd-117800333,
douglas-co,waterbody,,nhd-117800397,
douglas-co,waterbody,,nhd-117813685,
douglas-co,waterbody,,nhd-117816471,
douglas-co,waterbody,,nhd-117816525,
douglas-co,waterbody,,nhd-117836753,
douglas-co,waterbody,,nhd-117837017,
douglas-co,waterbody,,nhd-117837021,
douglas-co,waterbody,,nhd-117837139,
douglas-co,waterbody,,nhd-120655248,
douglas-co,waterbody,,nhd-120655306,
douglas-co,waterbody,,nhd-120655354,
douglas-co,waterbody,,nhd-120655431,
douglas-co,waterbody,,nhd-120655443,
douglas-co,waterbody,,nhd-120655447,
douglas-co,waterbody,,nhd-120655482,
douglas-co,waterbody,,nhd-120655689,
douglas-co,waterbody,,nhd-120655825,
douglas-co,waterbody,,nhd-120655928,
douglas-co,waterbody,,nhd-120656026,
douglas-co,waterbody,,nhd-120656080,
douglas-co,waterbody,,nhd-120656197,
douglas-co,waterbody,,nhd-120656220,
douglas-co,waterbody,,nhd-120656436,
douglas-co,waterbody,,nhd-120656449,
douglas-co,waterbody,,nhd-120656461,
douglas-co,waterbody,,nhd-120656503,
douglas-co,waterbody,,nhd-117790033,
douglas-co,waterbody,,nhd-117800165,
douglas-co,waterbody,,nhd-117800209,
douglas-co,waterbody,,nhd-117800391,
douglas-co,waterbody,,nhd-117816369,
douglas-co,waterbody,,nhd-117821299,
douglas-co,waterbody,,nhd-117821321,
douglas-co,waterbody,,nhd-117822861,
douglas-co,waterbody,,nhd-117836927,
douglas-co,waterbody,,nhd-117837033,
douglas-co,waterbody,,nhd-117837055,
douglas-co,waterbody,,nhd-117837091,
douglas-co,waterbody,,nhd-117837123,
douglas-co,waterbody,,nhd-120654839,
douglas-co,waterbody,,nhd-120654899,
douglas-co,waterbody,,nhd-120654957,
douglas-co,waterbody,,nhd-120655083,
douglas-co,waterbody,,nhd-120655093,
douglas-co,waterbody,,nhd-120655114,
douglas-co,waterbody,,nhd-120655185,
douglas-co,waterbody,,nhd-120655254,
douglas-co,waterbody,,nhd-120655498,
douglas-co,waterbody,,nhd-120655646,
douglas-co,waterbody,,nhd-120655719,
douglas-co,waterbody,,nhd-120655822,
douglas-co,waterbody,,nhd-120655913,
douglas-co,waterbody,,nhd-120655938,
douglas-co,waterbody,,nhd-120656036,
douglas-co,waterbody,,nhd-120656167,
douglas-co,waterbody,,nhd-120656357,
douglas-co,waterbody,,nhd-120656427,
douglas-co,waterbody,,nhd-120656456,
douglas-co,waterbody,,nhd-120656490,
douglas-co,waterbody,,nhd-120656492,
douglas-co,waterbody,,nhd-34ab3d08-b638-4011-9e3d-167cd78fd4b5,
douglas-co,waterbody,,nhd-117790039,
douglas-co,waterbody,,nhd-117800141,
douglas-co,waterbody,,nhd-117800447,
douglas-co,waterbody,,nhd-117805221,
douglas-co,waterbody,,nhd-117813707,
douglas-co,waterbody,,nhd-117816451,
douglas-co,waterbody,,nhd-117819343,
douglas-co,waterbody,,nhd-117819431,
douglas-co,waterbody,,nhd-117821289,
douglas-co,waterbody,,nhd-117837083,
douglas-co,waterbody,,nhd-117837107,
douglas-co,waterbody,,nhd-120654827,
douglas-co,waterbody,,nhd-120654974,
douglas-co,waterbody,,nhd-120655003,
douglas-co,waterbody,,nhd-120655109,
douglas-co,waterbody,,nhd-120655227,
douglas-co,waterbody,,nhd-120655246,
douglas-co,waterbody,,nhd-120655328,
douglas-co,waterbody,,nhd-120655339,
douglas-co,waterbody,,nhd-120655374,
douglas-co,waterbody,,nhd-120655401,
douglas-co,waterbody,,nhd-120655497,
douglas-co,waterbody,,nhd-120655679,
douglas-co,waterbody,,nhd-120655879,
douglas-co,waterbody,,nhd-120656035,
douglas-co,waterbody,,nhd-120656132,
douglas-co,waterbody,,nhd-120656212,
douglas-co,waterbody,,nhd-120656279,
douglas-co,waterbody,waterbodies-6569668,nhd-120656474,West Cherry Creek Detention Number 9 Reservoir
douglas-co,waterbody,,nhd-120656475,
douglas-co,waterbody,,nhd-117792295,
douglas-co,waterbody,,nhd-117793649,
douglas-co,waterbody,,nhd-117800235,
douglas-co,waterbody,,nhd-117800357,
douglas-co,waterbody,,nhd-117800501,
douglas-co,waterbody,,nhd-117813753,
douglas-co,waterbody,,nhd-117813841,
douglas-co,waterbody,,nhd-117816319,
douglas-co,waterbody,,nhd-117816383,
douglas-co,waterbody,,nhd-117816523,
douglas-co,waterbody,,nhd-117816559,
douglas-co,waterbody,,nhd-117819377,
douglas-co,waterbody,,nhd-117819541,
douglas-co,waterbody,,nhd-117822879,
douglas-co,waterbody,,nhd-117822897,
douglas-co,waterbody,,nhd-117836987,
douglas-co,waterbody,,nhd-120654888,
douglas-co,waterbody,,nhd-120654947,
douglas-co,waterbody,,nhd-120654980,
douglas-co,waterbody,,nhd-120655052,
douglas-co,waterbody,,nhd-120655076,
douglas-co,waterbody,,nhd-120655243,
douglas-co,waterbody,,nhd-120655544,
douglas-co,waterbody,,nhd-120655561,
douglas-co,waterbody,,nhd-120656009,
douglas-co,waterbody,,nhd-120656037,
douglas-co,waterbody,,nhd-120656295,
douglas-co,waterbody,,nhd-120656298,
douglas-co,waterbody,,nhd-120656313,
douglas-co,waterbody,,nhd-120656317,
douglas-co,waterbody,,nhd-120656348,
douglas-co,waterbody,,nhd-120656351,
douglas-co,waterbody,,nhd-120656516,
douglas-co,waterbody,,nhd-117805247,
douglas-co,waterbody,,nhd-117793753,
douglas-co,waterbody,,nhd-117800103,
douglas-co,waterbody,,nhd-117800115,
douglas-co,waterbody,,nhd-117800305,
douglas-co,waterbody,,nhd-117813659,
douglas-co,waterbody,,nhd-117816413,
douglas-co,waterbody,,nhd-117819467,
douglas-co,waterbody,,nhd-117836743,
douglas-co,waterbody,,nhd-117836857,
douglas-co,waterbody,,nhd-117836907,
douglas-co,waterbody,,nhd-117836917,
douglas-co,waterbody,,nhd-117837029,
douglas-co,waterbody,,nhd-117837057,
douglas-co,waterbody,,nhd-120654853,
douglas-co,waterbody,,nhd-120654871,
douglas-co,waterbody,,nhd-120654922,
douglas-co,waterbody,,nhd-120654950,
douglas-co,waterbody,,nhd-120655261,
douglas-co,waterbody,,nhd-120655318,
douglas-co,waterbody,,nhd-120655349,
douglas-co,waterbody,,nhd-120655358,
douglas-co,waterbody,,nhd-120655466,
douglas-co,waterbody,,nhd-120655605,
douglas-co,waterbody,,nhd-120655616,
douglas-co,waterbody,,nhd-120655654,
douglas-co,waterbody,,nhd-120655662,
douglas-co,waterbody,,nhd-120655889,
douglas-co,waterbody,,nhd-120656060,
douglas-co,waterbody,,nhd-120656134,
douglas-co,waterbody,,nhd-120656243,
douglas-co,waterbody,,nhd-120656291,
douglas-co,waterbody,,nhd-120656443,
douglas-co,waterbody,,nhd-117822789,
douglas-co,waterbody,,nhd-117793645,
douglas-co,waterbody,,nhd-117793703,
douglas-co,waterbody,,nhd-117800195,
douglas-co,waterbody,,nhd-117800203,
douglas-co,waterbody,,nhd-117800247,
douglas-co,waterbody,,nhd-117800257,
douglas-co,waterbody,,nhd-117800383,
douglas-co,waterbody,,nhd-117816555,
douglas-co,waterbody,,nhd-117819437,
douglas-co,waterbody,,nhd-117819487,
douglas-co,waterbody,,nhd-117836817,
douglas-co,waterbody,,nhd-117836931,
douglas-co,waterbody,,nhd-117837077,
douglas-co,waterbody,,nhd-117837125,
douglas-co,waterbody,,nhd-117837163,
douglas-co,waterbody,,nhd-120654849,
douglas-co,waterbody,,nhd-120654961,
douglas-co,waterbody,,nhd-120654995,
douglas-co,waterbody,,nhd-120655100,
douglas-co,waterbody,,nhd-120655307,
douglas-co,waterbody,,nhd-120655350,
douglas-co,waterbody,,nhd-120655471,
douglas-co,waterbody,,nhd-120655566,
douglas-co,waterbody,,nhd-120655976,
douglas-co,waterbody,,nhd-120656044,
douglas-co,waterbody,,nhd-120656185,
douglas-co,waterbody,,nhd-120656189,
douglas-co,waterbody,,nhd-120656210,
douglas-co,waterbody,,nhd-120656241,
douglas-co,waterbody,,nhd-120656275,
douglas-co,waterbody,,nhd-120656493,
douglas-co,waterbody,,nhd-117844345,
douglas-co,waterbody,,nhd-117800369,
douglas-co,waterbody,,nhd-117819545,
douglas-co,waterbody,,nhd-13e573b1-c56c-49c5-9298-be551598d368,
douglas-co,waterbody,,nhd-117822747,
douglas-co,waterbody,,nhd-117790083,
douglas-co,waterbody,,nhd-117792371,
douglas-co,waterbody,,nhd-117793631,
douglas-co,waterbody,,nhd-117793667,
douglas-co,waterbody,,nhd-117793961,
douglas-co,waterbody,,nhd-117793989,
douglas-co,waterbody,,nhd-117800093,
douglas-co,waterbody,,nhd-117800127,
douglas-co,waterbody,,nhd-117800155,
douglas-co,waterbody,,nhd-117800225,
douglas-co,waterbody,,nhd-117800331,
douglas-co,waterbody,,nhd-117800393,
douglas-co,waterbody,,nhd-117816527,
douglas-co,waterbody,,nhd-117819359,
douglas-co,waterbody,,nhd-117821283,
douglas-co,waterbody,,nhd-117822877,
douglas-co,waterbody,,nhd-117837067,
douglas-co,waterbody,,nhd-117837151,
douglas-co,waterbody,,nhd-120654873,
douglas-co,waterbody,,nhd-120654885,
douglas-co,waterbody,,nhd-120654931,
douglas-co,waterbody,,nhd-120654994,
douglas-co,waterbody,,nhd-120655000,
douglas-co,waterbody,,nhd-120655023,
douglas-co,waterbody,,nhd-120655289,
douglas-co,waterbody,,nhd-120655367,
douglas-co,waterbody,,nhd-120655379,
douglas-co,waterbody,,nhd-120655392,
douglas-co,waterbody,,nhd-120655476,
douglas-co,waterbody,,nhd-120655510,
douglas-co,waterbody,,nhd-120655554,
douglas-co,waterbody,,nhd-120655588,
douglas-co,waterbody,,nhd-120655680,
douglas-co,waterbody,,nhd-120655791,
douglas-co,waterbody,,nhd-120655842,
douglas-co,waterbody,,nhd-120655849,
douglas-co,waterbody,,nhd-120655864,
douglas-co,waterbody,,nhd-120655881,
douglas-co,waterbody,,nhd-120656087,
douglas-co,waterbody,,nhd-120656162,
douglas-co,waterbody,,nhd-120656325,
douglas-co,waterbody,,nhd-120656391,
douglas-co,waterbody,,nhd-117819399,
douglas-co,waterbody,,nhd-117792405,
douglas-co,waterbody,,nhd-117793617,
douglas-co,waterbody,,nhd-117793661,
douglas-co,waterbody,,nhd-117800089,
douglas-co,waterbody,,nhd-117800111,
douglas-co,waterbody,,nhd-117800133,
douglas-co,waterbody,,nhd-117800159,
douglas-co,waterbody,,nhd-117800171,
douglas-co,waterbody,,nhd-117800239,
douglas-co,waterbody,,nhd-117800301,
douglas-co,waterbody,,nhd-117805211,
douglas-co,waterbody,,nhd-117813865,
douglas-co,waterbody,,nhd-117821263,
douglas-co,waterbody,,nhd-117821297,
douglas-co,waterbody,,nhd-117822733,
douglas-co,waterbody,,nhd-117822805,
douglas-co,waterbody,,nhd-117836945,
douglas-co,waterbody,,nhd-117836981,
douglas-co,waterbody,,nhd-120654904,
douglas-co,waterbody,,nhd-120654963,
douglas-co,waterbody,,nhd-120654986,
douglas-co,waterbody,,nhd-120654996,
douglas-co,waterbody,,nhd-120654999,
douglas-co,waterbody,,nhd-120655016,
douglas-co,waterbody,,nhd-120655021,
douglas-co,waterbody,,nhd-120655089,
douglas-co,waterbody,,nhd-120655094,
douglas-co,waterbody,,nhd-120655099,
douglas-co,waterbody,,nhd-120655112,
douglas-co,waterbody,,nhd-120655120,
douglas-co,waterbody,,nhd-120655147,
douglas-co,waterbody,,nhd-120655335,
douglas-co,waterbody,,nhd-120655389,
douglas-co,waterbody,,nhd-120655433,
douglas-co,waterbody,,nhd-120655496,
douglas-co,waterbody,,nhd-120655746,
douglas-co,waterbody,,nhd-120655989,
douglas-co,waterbody,,nhd-120656025,
douglas-co,waterbody,,nhd-120656043,
douglas-co,waterbody,,nhd-120656103,
douglas-co,waterbody,,nhd-120656166,
douglas-co,waterbody,,nhd-120656224,
douglas-co,waterbody,,nhd-120656311,
douglas-co,waterbody,,nhd-120656356,
douglas-co,waterbody,,nhd-120656411,
douglas-co,waterbody,,nhd-117790077,
douglas-co,waterbody,,nhd-117793677,
douglas-co,waterbody,,nhd-117793967,
douglas-co,waterbody,waterbodies-7270405,nhd-117800187,Stevens Reservoir Number 2 and 3
douglas-co,waterbody,,nhd-117800465,
douglas-co,waterbody,,nhd-117805245,
douglas-co,waterbody,,nhd-117816385,
douglas-co,waterbody,,nhd-117819333,
douglas-co,waterbody,,nhd-117821217,
douglas-co,waterbody,,nhd-117821251,
douglas-co,waterbody,,nhd-117821253,
douglas-co,waterbody,,nhd-117822859,
douglas-co,waterbody,,nhd-117836751,
douglas-co,waterbody,,nhd-117836815,
douglas-co,waterbody,,nhd-117836983,
douglas-co,waterbody,,nhd-120654938,
douglas-co,waterbody,waterbodies-7296283,nhd-120654985,Franktown Parker FPP-1 Reservoir
douglas-co,waterbody,,nhd-120655051,
douglas-co,waterbody,,nhd-120655070,
douglas-co,waterbody,,nhd-120655103,
douglas-co,waterbody,,nhd-120655183,
douglas-co,waterbody,,nhd-120655258,
douglas-co,waterbody,,nhd-120655366,
douglas-co,waterbody,,nhd-120655480,
douglas-co,waterbody,,nhd-120655627,
douglas-co,waterbody,,nhd-120655637,
douglas-co,waterbody,,nhd-120655684,
douglas-co,waterbody,,nhd-120655833,
douglas-co,waterbody,,nhd-120655896,
douglas-co,waterbody,,nhd-120656022,
douglas-co,waterbody,,nhd-120656055,
douglas-co,waterbody,,nhd-120656270,
douglas-co,waterbody,,nhd-120656446,
douglas-co,waterbody,,nhd-117793521,
douglas-co,waterbody,,nhd-117793531,
douglas-co,waterbody,,nhd-117800083,
douglas-co,waterbody,,nhd-117800197,
douglas-co,waterbody,,nhd-117800417,
douglas-co,waterbody,,nhd-117800427,
douglas-co,waterbody,,nhd-117800453,
douglas-co,waterbody,,nhd-117813623,
douglas-co,waterbody,,nhd-117816457,
douglas-co,waterbody,,nhd-117816483,
douglas-co,waterbody,,nhd-117816545,
douglas-co,waterbody,,nhd-117816563,
douglas-co,waterbody,,nhd-117819395,
douglas-co,waterbody,,nhd-117819409,
douglas-co,waterbody,,nhd-117821261,
douglas-co,waterbody,,nhd-117836695,
douglas-co,waterbody,,nhd-117836911,
douglas-co,waterbody,,nhd-117836923,
douglas-co,waterbody,,nhd-117837063,
douglas-co,waterbody,,nhd-117837165,
douglas-co,waterbody,,nhd-120654863,
douglas-co,waterbody,,nhd-120654893,
douglas-co,waterbody,,nhd-120655036,
douglas-co,waterbody,,nhd-120655047,
douglas-co,waterbody,,nhd-120655066,
douglas-co,waterbody,,nhd-120655323,
douglas-co,waterbody,,nhd-120655341,
douglas-co,waterbody,,nhd-120655543,
douglas-co,waterbody,,nhd-120655909,
douglas-co,waterbody,,nhd-120655945,
douglas-co,waterbody,,nhd-120655949,
douglas-co,waterbody,,nhd-120656012,
douglas-co,waterbody,,nhd-120656112,
douglas-co,waterbody,,nhd-120656114,
douglas-co,waterbody,,nhd-120656118,
douglas-co,waterbody,,nhd-120656231,
douglas-co,waterbody,waterbodies-7417466,nhd-120656369,Franktown Parker FPE-8 Reservoir
douglas-co,waterbody,,nhd-120656370,
douglas-co,waterbody,,nhd-120656487,
douglas-co,waterbody,waterbodies-7468696,nhd-117834809,Strontia Springs Reservoir
douglas-co,waterbody,,nhd-117793517,
douglas-co,waterbody,,nhd-117800291,
douglas-co,waterbody,,nhd-117800381,
douglas-co,waterbody,,nhd-117805233,
douglas-co,waterbody,,nhd-117816367,
douglas-co,waterbody,,nhd-117816375,
douglas-co,waterbody,,nhd-117816419,
douglas-co,waterbody,,nhd-117819339,
douglas-co,waterbody,,nhd-117819435,
douglas-co,waterbody,,nhd-117819515,
douglas-co,waterbody,,nhd-117822909,
douglas-co,waterbody,,nhd-117836943,
douglas-co,waterbody,,nhd-117837023,
douglas-co,waterbody,,nhd-120654926,
douglas-co,waterbody,,nhd-120654928,
douglas-co,waterbody,,nhd-120654943,
douglas-co,waterbody,,nhd-120655077,
douglas-co,waterbody,,nhd-120655115,
douglas-co,waterbody,,nhd-120655129,
douglas-co,waterbody,,nhd-120655149,
douglas-co,waterbody,,nhd-120655157,
douglas-co,waterbody,,nhd-120655180,
douglas-co,waterbody,,nhd-120655281,
douglas-co,waterbody,,nhd-120655448,
douglas-co,waterbody,,nhd-120655494,
douglas-co,waterbody,,nhd-120655643,
douglas-co,waterbody,,nhd-120655703,
douglas-co,waterbody,,nhd-120655725,
douglas-co,waterbody,,nhd-120655735,
douglas-co,waterbody,,nhd-120655943,
douglas-co,waterbody,,nhd-120656096,
douglas-co,waterbody,,nhd-120656213,
douglas-co,waterbody,,nhd-120656480,
douglas-co,waterbody,,nhd-120656484,
douglas-co,waterbody,,nhd-54f44599-b41b-477b-b111-d028ad2bddf8,
douglas-co,waterbody,,nhd-117822905,
douglas-co,waterbody,,nhd-117792335,
douglas-co,waterbody,,nhd-117793693,
douglas-co,waterbody,,nhd-117793695,
douglas-co,waterbody,,nhd-117800107,
douglas-co,waterbody,,nhd-117800289,
douglas-co,waterbody,,nhd-117800407,
douglas-co,waterbody,,nhd-117805199,
douglas-co,waterbody,,nhd-117816311,
douglas-co,waterbody,,nhd-117816489,
douglas-co,waterbody,,nhd-117819479,
douglas-co,waterbody,waterbodies-7633499,nhd-117819511,Nelson Reservoir
douglas-co,waterbody,,nhd-117819517,
douglas-co,waterbody,,nhd-117819523,
douglas-co,waterbody,,nhd-117836689,
douglas-co,waterbody,,nhd-120654840,
douglas-co,waterbody,,nhd-120654862,
douglas-co,waterbody,,nhd-120655230,
douglas-co,waterbody,,nhd-120655344,
douglas-co,waterbody,,nhd-120655345,
douglas-co,waterbody,,nhd-120655421,
douglas-co,waterbody,,nhd-120655521,
douglas-co,waterbody,,nhd-120655739,
douglas-co,waterbody,,nhd-120655884,
douglas-co,waterbody,,nhd-120655895,
douglas-co,waterbody,,nhd-120656058,
douglas-co,waterbody,,nhd-120656423,
douglas-co,waterbody,,nhd-120656439,
douglas-co,waterbody,,nhd-120656509,
douglas-co,waterbody,waterbodies-8148769,nhd-C4A03B96-2738-484A-995F-2B66C36738E0,Rueter-Hess Reservoir
douglas-co,flowline,waterways-57636,nhd-160725332,Bear Creek
douglas-co,flowline,waterways-57660,nhd-117837729,East Plum Creek
douglas-co,flowline,waterways-57687,nhd-117806907,Pine Creek
douglas-co,flowline,waterways-57702,nhd-160729771,West Creek
douglas-co,flowline,waterways-57775,nhd-117797975,Bear Creek
douglas-co,flowline,waterways-59983,nhd-117816777,Big Dry Creek
douglas-co,flowline,waterways-129855,nhd-160725190,Stark Creek
douglas-co,flowline,waterways-129945,nhd-160712081,Turkey Creek
douglas-co,flowline,waterways-135913,nhd-117793421,East Plum Creek
douglas-co,flowline,waterways-279318,nhd-160725019,Bear Creek
douglas-co,flowline,waterways-279387,nhd-160708086,Watson Park Creek
douglas-co,flowline,waterways-279421,nhd-117844929,West Creek
douglas-co,flowline,waterways-279471,nhd-160719879,Fern Creek
douglas-co,flowline,waterways-279511,nhd-160750641,Little Willow Creek
douglas-co,flowline,waterways-279523,nhd-117801363,West Plum Creek
douglas-co,flowline,waterways-280980,nhd-160747580,Willow Creek
douglas-co,flowline,waterways-281371,nhd-117807685,Watson Park Creek
douglas-co,flowline,waterways-282897,nhd-160716328,Fern Creek
douglas-co,flowline,waterways-290420,nhd-120649074,Cherry Creek
douglas-co,flowline,waterways-291325,nhd-b7274615-3983-4232-9f69-2b620a5cf5b8,Goodrich Ditch
douglas-co,flowline,waterways-358894,nhd-117838105,East Plum Creek
douglas-co,flowline,waterways-366372,nhd-117820831,Jarre Creek
douglas-co,flowline,waterways-473441,nhd-160721259,East Plum Creek
douglas-co,flowline,waterways-503777,nhd-160719753,East Plum Creek
douglas-co,flowline,waterways-503826,nhd-160721284,East Plum Creek
douglas-co,flowline,waterways-505675,nhd-117837681,Plum Creek
douglas-co,flowline,waterways-506591,nhd-160721204,East Plum Creek
douglas-co,flowline,waterways-506808,nhd-117837989,East Plum Creek
douglas-co,flowline,waterways-507233,nhd-160721525,Gove Creek
douglas-co,flowline,waterways-577469,nhd-160739439,South Garber Creek
douglas-co,flowline,waterways-577470,nhd-160737010,Pine Creek
douglas-co,flowline,waterways-577533,nhd-160736427,South Garber Creek
douglas-co,flowline,waterways-583693,nhd-117819817,Little Willow Creek
douglas-co,flowline,waterways-591220,nhd-117823555,Plum Creek
douglas-co,flowline,waterways-595488,nhd-117837665,Plum Creek
douglas-co,flowline,waterways-697042,nhd-160740043,Bear Creek
douglas-co,flowline,waterways-697051,nhd-117801781,Bear Creek
douglas-co,flowline,waterways-697088,nhd-160716229,Trout Creek
douglas-co,flowline,waterways-727625,nhd-160713299,West Plum Creek
douglas-co,flowline,waterways-727667,nhd-160733870,Jackson Creek
douglas-co,flowline,waterways-727681,nhd-160729759,Trout Creek
douglas-co,flowline,waterways-727707,nhd-117820335,Indian Creek
douglas-co,flowline,waterways-727719,nhd-117797969,Jackson Creek
douglas-co,flowline,waterways-730300,nhd-117820729,Indian Creek
douglas-co,flowline,waterways-731044,nhd-117845965,Fourmile Creek
douglas-co,flowline,waterways-738514,nhd-120647450,Cherry Creek
douglas-co,flowline,waterways-738549,nhd-120650177,Willow Creek
douglas-co,flowline,waterways-739485,nhd-120649727,Willow Creek
douglas-co,flowline,waterways-800392,nhd-160725172,Stark Creek
douglas-co,flowline,waterways-800393,nhd-160715179,Turkey Creek
douglas-co,flowline,waterways-800471,nhd-160716858,Eagle Creek
douglas-co,flowline,waterways-806435,nhd-160751129,Little Willow Creek
douglas-co,flowline,waterways-818358,nhd-120648585,Kinney Creek
douglas-co,flowline,waterways-921062,nhd-117822477,Cook Creek
douglas-co,flowline,waterways-951140,nhd-117797923,Jackson Creek
douglas-co,flowline,waterways-951291,nhd-117806285,Jackson Creek
douglas-co,flowline,waterways-951319,nhd-160731192,Jackson Creek
douglas-co,flowline,waterways-951410,nhd-117837685,Plum Creek
douglas-co,flowline,waterways-951411,nhd-117802345,Pine Creek
douglas-co,flowline,waterways-951423,nhd-117801369,East Plum Creek
douglas-co,flowline,waterways-951479,nhd-117799279,Fern Creek
douglas-co,flowline,waterways-951490,nhd-160740100,North Garber Creek
douglas-co,flowline,waterways-951546,nhd-117837999,West Plum Creek
douglas-co,flowline,waterways-953657,nhd-160729758,Trout Creek
douglas-co,flowline,waterways-953669,nhd-160721331,Cook Creek
douglas-co,flowline,waterways-953950,nhd-160750550,Indian Creek
douglas-co,flowline,waterways-954007,nhd-160737041,Jackson Creek
douglas-co,flowline,waterways-954668,nhd-160737003,Jackson Creek
douglas-co,flowline,waterways-962144,nhd-120648391,Happy Canyon Creek
douglas-co,flowline,waterways-963034,nhd-120649633,Arapahoe Canal
douglas-co,flowline,waterways-963463,nhd-120649948,John Jones Ditch
douglas-co,flowline,waterways-993086,nhd-120651392,Crowfoot Creek
douglas-co,flowline,waterways-1025065,nhd-117805993,Pine Creek
douglas-co,flowline,waterways-1025075,nhd-160712282,Turkey Creek
douglas-co,flowline,waterways-1025101,nhd-117802409,Pine Creek
douglas-co,flowline,waterways-1025107,nhd-160742086,Pine Creek
douglas-co,flowline,waterways-1144395,nhd-160720051,East Plum Creek
douglas-co,flowline,waterways-1174666,nhd-117805797,North Garber Creek
douglas-co,flowline,waterways-1174733,nhd-160728565,Camp Creek
douglas-co,flowline,waterways-1174751,nhd-117814151,Carpenter Creek
douglas-co,flowline,waterways-1175020,nhd-117837447,Plum Creek
douglas-co,flowline,waterways-1176467,nhd-160740222,Bear Creek
douglas-co,flowline,waterways-1176564,nhd-160748791,Bear Creek
douglas-co,flowline,waterways-1177795,nhd-160737206,Jackson Creek
douglas-co,flowline,waterways-1186748,nhd-120647529,Piney Creek
douglas-co,flowline,waterways-1186882,nhd-120647860,Happy Canyon Creek
douglas-co,flowline,waterways-1217131,nhd-160738109,Little Willow Creek
douglas-co,flowline,waterways-1247985,nhd-160737823,Middle Garber Creek
douglas-co,flowline,waterways-1261570,nhd-117807865,Jarre Creek
douglas-co,flowline,waterways-1398500,nhd-160717130,Horse Creek
douglas-co,flowline,waterways-1398544,nhd-160734299,Sugar Creek
douglas-co,flowline,waterways-1398593,nhd-117796337,Turkey Creek
douglas-co,flowline,waterways-1398698,nhd-160733903,Sugar Creek
douglas-co,flowline,waterways-1398750,nhd-117797933,Jackson Creek
douglas-co,flowline,waterways-1400318,nhd-117816687,Willow Creek
douglas-co,flowline,waterways-1400856,nhd-160749944,South Platte River
douglas-co,flowline,waterways-1401516,nhd-32cf7cab-2ebb-4c91-9d03-8ec3c0fb65ea,Dakan Ditch
douglas-co,flowline,waterways-1401594,nhd-160722135,Cook Creek
douglas-co,flowline,waterways-1401938,nhd-160712430,Turkey Creek
douglas-co,flowline,waterways-1410346,nhd-120648768,Cherry Creek
douglas-co,flowline,waterways-1410383,nhd-120648370,Cherry Creek
douglas-co,flowline,waterways-1410384,nhd-120648393,Coal Creek
douglas-co,flowline,waterways-1410460,nhd-120647586,Cherry Creek
douglas-co,flowline,waterways-1472154,nhd-160737056,Pine Creek
douglas-co,flowline,waterways-1472171,nhd-117798385,Eagle Creek
douglas-co,flowline,waterways-1621750,nhd-160732979,Sugar Creek
douglas-co,flowline,waterways-1621917,nhd-160740371,Bear Creek
douglas-co,flowline,waterways-1621926,nhd-160739334,Jackson Creek
douglas-co,flowline,waterways-1621973,nhd-117822377,Cook Creek
douglas-co,flowline,waterways-1622052,nhd-160712272,Turkey Creek
douglas-co,flowline,waterways-1622089,nhd-117814071,Carpenter Creek
douglas-co,flowline,waterways-1622102,nhd-117835641,West Bear Creek
douglas-co,flowline,waterways-1622143,nhd-160713204,West Creek
douglas-co,flowline,waterways-1623311,nhd-117844413,Horse Creek
douglas-co,flowline,waterways-1624751,nhd-160750594,Willow Creek
douglas-co,flowline,waterways-1625369,nhd-160725520,Bear Creek
douglas-co,flowline,waterways-1633764,nhd-120651108,Antelope Creek
douglas-co,flowline,waterways-1633800,nhd-120650696,Cherry Creek
douglas-co,flowline,waterways-1633985,nhd-120648485,Cherry Creek
douglas-co,flowline,waterways-1685165,nhd-160740182,Indian Creek
douglas-co,flowline,waterways-1695385,nhd-117798395,Eagle Creek
douglas-co,flowline,waterways-1695403,nhd-117845857,Turkey Creek
douglas-co,flowline,waterways-1695458,nhd-160724829,Stark Creek
douglas-co,flowline,waterways-1695467,nhd-160739307,South Garber Creek
douglas-co,flowline,waterways-1695491,nhd-160715017,Turkey Creek
douglas-co,flowline,waterways-1701643,nhd-160737781,West Plum Creek
douglas-co,flowline,waterways-1709169,nhd-160739367,Jarre Creek
douglas-co,flowline,waterways-1713333,nhd-117819647,Plum Creek
douglas-co,flowline,waterways-1815694,nhd-160721402,Cook Creek
douglas-co,flowline,waterways-1815718,nhd-160740340,Bear Creek
douglas-co,flowline,waterways-1815828,nhd-160715428,West Creek
douglas-co,flowline,waterways-1845323,nhd-117837947,East Plum Creek
douglas-co,flowline,waterways-1845327,nhd-160696304,South Platte River
douglas-co,flowline,waterways-1845546,nhd-160733149,South Platte River
douglas-co,flowline,waterways-1845584,nhd-160726606,South Platte River
douglas-co,flowline,waterways-1845625,nhd-160728556,West Creek
douglas-co,flowline,waterways-1846824,nhd-117822063,East Plum Creek
douglas-co,flowline,waterways-1847441,nhd-117844727,Horse Creek
douglas-co,flowline,waterways-1847705,nhd-160719852,East Plum Creek
douglas-co,flowline,waterways-1918696,nhd-160739496,Middle Garber Creek
douglas-co,flowline,waterways-1918706,nhd-160730122,Eagle Creek
douglas-co,flowline,waterways-1924834,nhd-117801327,Bear Creek
douglas-co,flowline,waterways-2069568,nhd-117820705,Willow Creek
douglas-co,flowline,waterways-2069578,nhd-117813867,Plum Creek
douglas-co,flowline,waterways-2069639,nhd-160729958,Trout Creek
douglas-co,flowline,waterways-2069646,nhd-117800067,Jackson Creek
douglas-co,flowline,waterways-2069686,nhd-160739243,Jackson Creek
douglas-co,flowline,waterways-2069912,nhd-117837829,East Plum Creek
douglas-co,flowline,waterways-2069920,nhd-160734173,Sugar Creek
douglas-co,flowline,waterways-2071027,nhd-160711998,Turkey Creek
douglas-co,flowline,waterways-2071086,nhd-117807869,Garber Creek
douglas-co,flowline,waterways-2071393,nhd-117845441,Fourmile Creek
douglas-co,flowline,waterways-2072720,nhd-117837573,Plum Creek
douglas-co,flowline,waterways-2073120,nhd-160712610,Trail Creek
douglas-co,flowline,waterways-2080939,nhd-120648230,Cherry Creek
douglas-co,flowline,waterways-2080952,nhd-120650681,Willow Creek
douglas-co,flowline,waterways-2082124,nhd-120650717,Willow Creek
douglas-co,flowline,waterways-2132669,nhd-160740078,Indian Creek
douglas-co,flowline,waterways-2143214,nhd-160738933,Pine Creek
douglas-co,flowline,waterways-2143224,nhd-160739452,Spring Creek
douglas-co,flowline,waterways-2149261,nhd-160751084,Little Willow Creek
douglas-co,flowline,waterways-2262498,nhd-160727532,Watson Park Creek
douglas-co,flowline,waterways-2262525,nhd-160737078,Jackson Creek
douglas-co,flowline,waterways-2292814,nhd-160735390,Horse Creek
douglas-co,flowline,waterways-2293016,nhd-117801135,East Plum Creek
douglas-co,flowline,waterways-2293036,nhd-160737899,Bear Creek
douglas-co,flowline,waterways-2293060,nhd-117800851,West Plum Creek
douglas-co,flowline,waterways-2293072,nhd-160730986,Sugar Creek
douglas-co,flowline,waterways-2293074,nhd-160750709,Indian Creek
douglas-co,flowline,waterways-2293098,nhd-117821549,Gove Creek
douglas-co,flowline,waterways-2293101,nhd-160709875,Trout Creek
douglas-co,flowline,waterways-2293113,nhd-117821393,West Plum Creek
douglas-co,flowline,waterways-2293188,nhd-160737148,Jackson Creek
douglas-co,flowline,waterways-2294733,nhd-160737186,Jackson Creek
douglas-co,flowline,waterways-2304004,nhd-120648863,Coal Creek
douglas-co,flowline,waterways-2304008,nhd-120647690,Cherry Creek
douglas-co,flowline,waterways-2331583,nhd-117816801,Big Dry Creek
douglas-co,flowline,waterways-2366296,nhd-160712139,Turkey Creek
douglas-co,flowline,waterways-2366318,nhd-160742141,Pine Creek
douglas-co,flowline,waterways-2366345,nhd-160740274,Middle Garber Creek
douglas-co,flowline,waterways-2485621,nhd-160722204,Cook Creek
douglas-co,flowline,waterways-2485737,nhd-117799603,Trout Creek
douglas-co,flowline,waterways-2515801,nhd-117845271,Trout Creek
douglas-co,flowline,waterways-2515964,nhd-160713203,West Creek
douglas-co,flowline,waterways-2516017,nhd-160737012,Jackson Creek
douglas-co,flowline,waterways-2516085,nhd-160747122,Bear Creek
douglas-co,flowline,waterways-2516243,nhd-117804895,South Platte River
douglas-co,flowline,waterways-2517426,nhd-117838109,West Plum Creek
douglas-co,flowline,waterways-2518044,nhd-160724730,Bear Creek
douglas-co,flowline,waterways-2518090,nhd-160731193,Jackson Creek
douglas-co,flowline,waterways-2519467,nhd-117837629,East Plum Creek
douglas-co,flowline,waterways-2519519,nhd-160694551,West Creek
douglas-co,flowline,waterways-2519523,nhd-160750099,South Platte River
douglas-co,flowline,waterways-2527777,nhd-f2599b28-7348-4f0f-8107-a0bca80e96c0,Heiser Ditch
douglas-co,flowline,waterways-2527856,nhd-120651267,East Cherry Creek
douglas-co,flowline,waterways-2528006,nhd-120651485,Crowfoot Creek
douglas-co,flowline,waterways-2588751,nhd-160737011,Pine Creek
douglas-co,flowline,waterways-2594933,nhd-117801457,Benjamin Quick Ditch
douglas-co,flowline,waterways-2595008,nhd-4a151f6d-a704-42a4-8caf-e46dd5081d9a,Meadow Ditch
douglas-co,flowline,waterways-2602353,nhd-160751100,Highline Canal
douglas-co,flowline,waterways-2602355,nhd-117819759,Highline Canal
douglas-co,flowline,waterways-2708926,nhd-117800685,West Plum Creek
douglas-co,flowline,waterways-2708976,nhd-117820697,Indian Creek
douglas-co,flowline,waterways-2708998,nhd-160729660,West Creek
douglas-co,flowline,waterways-2739148,nhd-117800059,Jackson Creek
douglas-co,flowline,waterways-2739241,nhd-160737797,Spring Creek
douglas-co,flowline,waterways-2739250,nhd-160750612,Willow Creek
douglas-co,flowline,waterways-2739292,nhd-117837897,East Plum Creek
douglas-co,flowline,waterways-2739307,nhd-160740445,South Platte River
douglas-co,flowline,waterways-2739363,nhd-117845259,Fourmile Creek
douglas-co,flowline,waterways-2739383,nhd-160708839,Horse Creek
douglas-co,flowline,waterways-2739397,nhd-160734081,Sugar Creek
douglas-co,flowline,waterways-2739421,nhd-160747600,Rainbow Creek
douglas-co,flowline,waterways-2740814,nhd-160750588,Willow Creek
douglas-co,flowline,waterways-2741190,nhd-160737845,Bear Creek
douglas-co,flowline,waterways-2741462,nhd-160721431,East Plum Creek
douglas-co,flowline,waterways-2742047,nhd-160717287,Sugar Creek
douglas-co,flowline,waterways-2742533,nhd-117845675,West Creek
douglas-co,flowline,waterways-2750037,nhd-120651356,Haskel Creek
douglas-co,flowline,waterways-2750883,nhd-120648830,Coal Creek
douglas-co,flowline,waterways-2751109,nhd-120650149,Willow Creek
douglas-co,flowline,waterways-2801695,nhd-160740183,Indian Creek
douglas-co,flowline,waterways-2812221,nhd-160737854,Middle Garber Creek
douglas-co,flowline,waterways-2812249,nhd-117803513,Deep Creek
douglas-co,flowline,waterways-2812272,nhd-160727603,Eagle Creek
douglas-co,flowline,waterways-2932272,nhd-160749256,Bear Creek
douglas-co,flowline,waterways-2962600,nhd-160721205,East Plum Creek
douglas-co,flowline,waterways-2962674,nhd-160737298,Jackson Creek
douglas-co,flowline,waterways-2962680,nhd-117816959,Highline Canal
douglas-co,flowline,waterways-2962706,nhd-160712428,Turkey Creek
douglas-co,flowline,waterways-2962738,nhd-160729793,Fourmile Creek
douglas-co,flowline,waterways-2962802,nhd-160740341,Bear Creek
douglas-co,flowline,waterways-2962861,nhd-160734897,Watson Park Creek
douglas-co,flowline,waterways-2964600,nhd-117820749,Bear Creek
douglas-co,flowline,waterways-2964711,nhd-160715177,Fourmile Creek
douglas-co,flowline,waterways-2965041,nhd-117837635,East Plum Creek
douglas-co,flowline,waterways-2966055,nhd-117805681,North Garber Creek
douglas-co,flowline,waterways-2973887,nhd-120651243,East Cherry Creek
douglas-co,flowline,waterways-3001367,nhd-117837173,Big Dry Creek
douglas-co,flowline,waterways-3025558,nhd-160740121,Indian Creek
douglas-co,flowline,waterways-3025579,nhd-117820875,Indian Creek
douglas-co,flowline,waterways-3036242,nhd-160739394,South Garber Creek
douglas-co,flowline,waterways-3036256,nhd-117845661,Turkey Creek
douglas-co,flowline,waterways-3042418,nhd-117801733,Bear Creek
douglas-co,flowline,waterways-3155821,nhd-117801017,East Plum Creek
douglas-co,flowline,waterways-3186087,nhd-117836351,South Platte River
douglas-co,flowline,waterways-3186190,nhd-160719937,Fern Creek
douglas-co,flowline,waterways-3186221,nhd-160751110,Indian Creek
douglas-co,flowline,waterways-3186257,nhd-117837311,Indian Creek
douglas-co,flowline,waterways-3186285,nhd-117821453,West Plum Creek
douglas-co,flowline,waterways-3186289,nhd-117844847,Trout Creek
douglas-co,flowline,waterways-3186326,nhd-160737884,North Garber Creek
douglas-co,flowline,waterways-3186384,nhd-160721438,Gove Creek
douglas-co,flowline,waterways-3186398,nhd-160729634,Fourmile Creek
douglas-co,flowline,waterways-3186408,nhd-117813869,Plum Creek
douglas-co,flowline,waterways-3187659,nhd-160733907,Sugar Creek
douglas-co,flowline,waterways-3188534,nhd-160712256,South Platte River
douglas-co,flowline,waterways-3197795,nhd-120651334,West Cherry Creek
douglas-co,flowline,waterways-3259158,nhd-117806595,Pine Creek
douglas-co,flowline,waterways-3259162,nhd-160731166,Deep Creek
douglas-co,flowline,waterways-3265361,nhd-117801281,West Plum Creek
douglas-co,flowline,waterways-3379035,nhd-160708068,Watson Park Creek
douglas-co,flowline,waterways-3379112,nhd-117844953,Camp Creek
douglas-co,flowline,waterways-3409078,nhd-117820671,Indian Creek
douglas-co,flowline,waterways-3409088,nhd-160749903,West Bear Creek
douglas-co,flowline,waterways-3409151,nhd-160740149,Bear Creek
douglas-co,flowline,waterways-3409245,nhd-160729694,Camp Creek
douglas-co,flowline,waterways-3409256,nhd-117816781,Big Dry Creek
douglas-co,flowline,waterways-3409259,nhd-117822497,East Plum Creek
douglas-co,flowline,waterways-3409305,nhd-117820657,Willow Creek
douglas-co,flowline,waterways-3409320,nhd-160717273,Sugar Creek
douglas-co,flowline,waterways-3410643,nhd-117801177,East Plum Creek
douglas-co,flowline,waterways-3410644,nhd-160740146,Bear Creek
douglas-co,flowline,waterways-3411069,nhd-160712785,Gove Creek
douglas-co,flowline,waterways-3482016,nhd-117805921,Middle Garber Creek
douglas-co,flowline,waterways-3495726,nhd-160736436,Jarre Creek
douglas-co,flowline,waterways-3495823,nhd-117837887,Jarre Creek
douglas-co,flowline,waterways-3632732,nhd-160743480,Indian Creek
douglas-co,flowline,waterways-3632746,nhd-160747098,Indian Creek
douglas-co,flowline,waterways-3632834,nhd-160740218,North Garber Creek
douglas-co,flowline,waterways-3632840,nhd-8d355dc1-853b-4e24-a99e-16d311708340,Ahlmaaz Gove Ditch
douglas-co,flowline,waterways-3632853,nhd-117823721,South Platte River
douglas-co,flowline,waterways-3636086,nhd-117837603,Plum Creek
douglas-co,flowline,waterways-3705818,nhd-160727641,Eagle Creek
douglas-co,flowline,waterways-3705928,nhd-160733719,Middle Garber Creek
douglas-co,flowline,waterways-3712348,nhd-120649112,Cherry Creek
douglas-co,flowline,waterways-3825923,nhd-117837743,East Plum Creek
douglas-co,flowline,waterways-3856219,nhd-117799297,Fern Creek
douglas-co,flowline,waterways-3856267,nhd-160712223,Turkey Creek
douglas-co,flowline,waterways-3856279,nhd-160750634,Indian Creek
douglas-co,flowline,waterways-3856463,nhd-160719696,East Plum Creek
douglas-co,flowline,waterways-3856471,nhd-117821541,East Plum Creek
douglas-co,flowline,waterways-3856502,nhd-117800725,Jackson Creek
douglas-co,flowline,waterways-3856518,nhd-160749016,Rainbow Creek
douglas-co,flowline,waterways-3856531,nhd-117800049,Trout Creek
douglas-co,flowline,waterways-3857968,nhd-117835597,West Bear Creek
douglas-co,flowline,waterways-3858347,nhd-117807467,Spring Creek
douglas-co,flowline,waterways-3858355,nhd-160749252,Willow Creek
douglas-co,flowline,waterways-3858572,nhd-117805613,Garber Creek
douglas-co,flowline,waterways-3858580,nhd-117820533,Indian Creek
douglas-co,flowline,waterways-3858984,nhd-160727667,Watson Park Creek
douglas-co,flowline,waterways-3859705,nhd-160750609,Rainbow Creek
douglas-co,flowline,waterways-3859723,nhd-117796651,Little Turkey Creek
douglas-co,flowline,waterways-3895058,nhd-117816771,Big Dry Creek
douglas-co,flowline,waterways-3935605,nhd-117801773,Bear Creek
douglas-co,flowline,waterways-3935615,nhd-117835353,Aurora Rampart Tunnel Number 1
douglas-co,flowline,waterways-4049938,nhd-160724836,Gove Creek
douglas-co,flowline,waterways-4080284,nhd-117838039,East Plum Creek
douglas-co,flowline,waterways-4080681,nhd-160721273,East Plum Creek
douglas-co,flowline,waterways-4081922,nhd-117837951,East Plum Creek
douglas-co,flowline,waterways-4082534,nhd-160734232,Sugar Creek
douglas-co,flowline,waterways-4083842,nhd-117807889,Spring Creek
douglas-co,flowline,waterways-4083937,nhd-117801283,East Plum Creek
douglas-co,flowline,waterways-4091549,nhd-120650106,Cherry Creek
douglas-co,flowline,waterways-4092203,nhd-120651167,Antelope Creek
douglas-co,flowline,waterways-4092238,nhd-120647751,Cherry Creek
douglas-co,flowline,waterways-4092293,nhd-120651104,Antelope Creek
douglas-co,flowline,waterways-4092459,nhd-120648217,Cherry Creek
douglas-co,flowline,waterways-4092476,nhd-120650740,Willow Creek
douglas-co,flowline,waterways-4118931,nhd-117837177,Big Dry Creek
douglas-co,flowline,waterways-4143273,nhd-160740049,Indian Creek
douglas-co,flowline,waterways-4160201,nhd-117801293,West Plum Creek
douglas-co,flowline,waterways-4167667,nhd-160737815,Jarre Creek
douglas-co,flowline,waterways-4171647,nhd-117822171,East Plum Creek
douglas-co,flowline,waterways-4273636,nhd-117805125,South Platte River
douglas-co,flowline,waterways-4304062,nhd-117837559,Plum Creek
douglas-co,flowline,waterways-4304146,nhd-160715144,Trail Creek
douglas-co,flowline,waterways-4304238,nhd-117800053,Watson Park Creek
douglas-co,flowline,waterways-4304265,nhd-117809575,West Plum Creek
douglas-co,flowline,waterways-4304285,nhd-117838091,West Plum Creek
douglas-co,flowline,waterways-4305376,nhd-160730129,Trout Creek
douglas-co,flowline,waterways-4305701,nhd-160713285,Bear Creek
douglas-co,flowline,waterways-4306003,nhd-160738351,Spring Creek
douglas-co,flowline,waterways-4307372,nhd-160712709,Gove Creek
douglas-co,flowline,waterways-4307495,nhd-117845453,Fourmile Creek
douglas-co,flowline,waterways-4315796,nhd-120651475,Antelope Creek
douglas-co,flowline,waterways-4315799,nhd-120647838,Happy Canyon Creek
douglas-co,flowline,waterways-4315941,nhd-120648110,Cherry Creek
douglas-co,flowline,waterways-4377193,nhd-117801057,Spring Creek
douglas-co,flowline,waterways-4377257,nhd-160737084,Middle Garber Creek
douglas-co,flowline,waterways-4497524,nhd-117837499,Plum Creek
douglas-co,flowline,waterways-4528023,nhd-117806051,Jackson Creek
douglas-co,flowline,waterways-4528203,nhd-117798169,Bear Creek
douglas-co,flowline,waterways-4528230,nhd-117796295,Turkey Creek
douglas-co,flowline,waterways-4529986,nhd-160721266,Gove Creek
douglas-co,flowline,waterways-4530204,nhd-160717934,Jackson Creek
douglas-co,flowline,waterways-4530269,nhd-117814029,Carpenter Creek
douglas-co,flowline,waterways-4531560,nhd-160717989,Watson Park Creek
douglas-co,flowline,waterways-4539153,nhd-120649677,Willow Creek
douglas-co,flowline,waterways-4570495,nhd-120651360,Crowfoot Creek
douglas-co,flowline,waterways-4601182,nhd-160739476,South Garber Creek
douglas-co,flowline,waterways-4601234,nhd-160739495,Middle Garber Creek
douglas-co,flowline,waterways-4601243,nhd-160719878,Stark Creek
douglas-co,flowline,waterways-4614820,nhd-160750602,Jarre Creek
douglas-co,flowline,waterways-4721233,nhd-117844877,Trout Creek
douglas-co,flowline,waterways-4721319,nhd-160740101,North Garber Creek
douglas-co,flowline,waterways-4751813,nhd-117837437,Plum Creek
douglas-co,flowline,waterways-4751859,nhd-979200f0-8830-4905-9098-b6b6de66e87b,Ratcliff Plum Creek Ditch
douglas-co,flowline,waterways-4751862,nhd-c8bd751c-c4bf-48f9-9c49-1610a4f841b4,West Plum Creek
douglas-co,flowline,waterways-4751913,nhd-117822177,Cook Creek
douglas-co,flowline,waterways-4751937,nhd-160733986,Sugar Creek
douglas-co,flowline,waterways-4751938,nhd-160745940,South Platte River
douglas-co,flowline,waterways-4751991,nhd-117819837,Plum Creek
douglas-co,flowline,waterways-4753424,nhd-160738357,Spring Creek
douglas-co,flowline,waterways-4754003,nhd-160747112,Willow Creek
douglas-co,flowline,waterways-4762657,nhd-120649943,Cherry Creek
douglas-co,flowline,waterways-4762715,nhd-120650240,Cherry Creek
douglas-co,flowline,waterways-4762730,nhd-120649331,Arapahoe Canal
douglas-co,flowline,waterways-4763724,nhd-120647716,Piney Creek
douglas-co,flowline,waterways-4838363,nhd-161637356,Highline Canal
douglas-co,flowline,waterways-4838364,nhd-160749250,Jarre Creek
douglas-co,flowline,waterways-4975075,nhd-160716275,Fern Creek
douglas-co,flowline,waterways-4975139,nhd-160750752,Little Willow Creek
douglas-co,flowline,waterways-4975142,nhd-160736962,Jackson Creek
douglas-co,flowline,waterways-4975281,nhd-117837925,East Plum Creek
douglas-co,flowline,waterways-4975316,nhd-117838215,West Plum Creek
douglas-co,flowline,waterways-4975324,nhd-160737829,Jackson Creek
douglas-co,flowline,waterways-4975422,nhd-117796793,Little Turkey Creek
douglas-co,flowline,waterways-4976718,nhd-160751089,Indian Creek
douglas-co,flowline,waterways-4977005,nhd-117837825,East Plum Creek
douglas-co,flowline,waterways-4977275,nhd-117806645,Jackson Creek
douglas-co,flowline,waterways-4977340,nhd-160712608,West Creek
douglas-co,flowline,waterways-4978004,nhd-117820391,Willow Creek
douglas-co,flowline,waterways-4978733,nhd-160734945,North Garber Creek
douglas-co,flowline,waterways-4978764,nhd-160739341,Jackson Creek
douglas-co,flowline,waterways-4978826,nhd-117821441,East Plum Creek
douglas-co,flowline,waterways-4987327,nhd-120650720,Willow Creek
douglas-co,flowline,waterways-5049139,nhd-160712303,Douglas Creek
douglas-co,flowline,waterways-5049148,nhd-160737897,Pine Creek
douglas-co,flowline,waterways-5049204,nhd-160739444,Middle Garber Creek
douglas-co,flowline,waterways-5055245,nhd-39ebab40-0c61-4bcd-a587-53f06c67cb6b,West Plum Creek
douglas-co,flowline,waterways-5062688,nhd-117823565,Plum Creek
douglas-co,flowline,waterways-5066911,nhd-117793469,East Plum Creek
douglas-co,flowline,waterways-5081064,nhd-120649031,Arapahoe Canal
douglas-co,flowline,waterways-5198623,nhd-160730212,West Creek
douglas-co,flowline,waterways-5198705,nhd-117844745,Horse Creek
douglas-co,flowline,waterways-5198752,nhd-160729794,Fourmile Creek
douglas-co,flowline,waterways-5198841,nhd-117845957,Fourmile Creek
douglas-co,flowline,waterways-5198857,nhd-160747281,Indian Creek
douglas-co,flowline,waterways-5198885,nhd-117819855,Plum Creek
douglas-co,flowline,waterways-5198935,nhd-160712707,Gove Creek
douglas-co,flowline,waterways-5200708,nhd-117838463,Plum Creek
douglas-co,flowline,waterways-5200741,nhd-160717323,Trout Creek
douglas-co,flowline,waterways-5200822,nhd-160747601,Rainbow Creek
douglas-co,flowline,waterways-5201683,nhd-160713296,Bear Creek
douglas-co,flowline,waterways-5202171,nhd-160727971,Jackson Creek
douglas-co,flowline,waterways-5210592,nhd-120647774,Happy Canyon Creek
douglas-co,flowline,waterways-5210770,nhd-5057a09a-d97a-462f-b670-06d53d0dc583,East Cherry Creek
douglas-co,flowline,waterways-5210806,nhd-120651278,Crowfoot Creek
douglas-co,flowline,waterways-5210943,nhd-120648653,Kinney Creek
douglas-co,flowline,waterways-5272358,nhd-160708029,Stark Creek
douglas-co,flowline,waterways-5289775,nhd-160747123,Bear Creek
douglas-co,flowline,waterways-5304467,nhd-B29F0351-4134-41B4-80D0-2EBABB6C8E91,Sugar Creek
douglas-co,flowline,waterways-5421679,nhd-160746115,Willow Creek
douglas-co,flowline,waterways-5421787,nhd-117794289,East Plum Creek
douglas-co,flowline,waterways-5421812,nhd-117821509,East Plum Creek
douglas-co,flowline,waterways-5421839,nhd-117822447,West Plum Creek
douglas-co,flowline,waterways-5421851,nhd-160733062,Sugar Creek
douglas-co,flowline,waterways-5421861,nhd-160716274,Fern Creek
douglas-co,flowline,waterways-5421895,nhd-117800929,East Plum Creek
douglas-co,flowline,waterways-5421963,nhd-117799763,Trout Creek
douglas-co,flowline,waterways-5423194,nhd-160725228,Cook Creek
douglas-co,flowline,waterways-5423203,nhd-117805639,North Garber Creek
douglas-co,flowline,waterways-5423241,nhd-117800561,Garber Creek
douglas-co,flowline,waterways-5423855,nhd-160712462,Turkey Creek
douglas-co,flowline,waterways-5425188,nhd-117837961,East Plum Creek
douglas-co,flowline,waterways-5432761,nhd-120648908,Coal Creek
douglas-co,flowline,waterways-5432793,nhd-120650787,East Cherry Creek
douglas-co,flowline,waterways-5433501,nhd-120651474,West Cherry Creek
douglas-co,flowline,waterways-5433503,nhd-120651340,East Cherry Creek
douglas-co,flowline,waterways-5433751,nhd-120651350,Antelope Creek
douglas-co,flowline,waterways-5433806,nhd-120651318,West Cherry Creek
douglas-co,flowline,waterways-5495301,nhd-160727282,Eagle Creek
douglas-co,flowline,waterways-5495325,nhd-120648147,Arapahoe Canal
douglas-co,flowline,waterways-5495401,nhd-160725171,Stark Creek
douglas-co,flowline,waterways-5501448,nhd-117809941,South Platte River
douglas-co,flowline,waterways-5509131,nhd-160739376,Jarre Creek
douglas-co,flowline,waterways-5645142,nhd-160719778,Gove Creek
douglas-co,flowline,waterways-5645239,nhd-160747320,Indian Creek
douglas-co,flowline,waterways-5645318,nhd-160725179,West Plum Creek
douglas-co,flowline,waterways-5645329,nhd-117820281,Willow Creek
douglas-co,flowline,waterways-5645358,nhd-160725493,Bear Creek
douglas-co,flowline,waterways-5645388,nhd-117844849,Trout Creek
douglas-co,flowline,waterways-5645447,nhd-117821555,Cook Creek
douglas-co,flowline,waterways-5645449,nhd-117837913,East Plum Creek
douglas-co,flowline,waterways-5645543,nhd-117816677,Willow Creek
douglas-co,flowline,waterways-5645550,nhd-160727505,Eagle Creek
douglas-co,flowline,waterways-5647109,nhd-117837725,East Plum Creek
douglas-co,flowline,waterways-5647324,nhd-117837979,East Plum Creek
douglas-co,flowline,waterways-5647364,nhd-117845161,Trout Creek
douglas-co,flowline,waterways-5648725,nhd-117805045,South Platte River
douglas-co,flowline,waterways-5648832,nhd-160733063,Sugar Creek
douglas-co,flowline,waterways-5657152,nhd-120648943,Cherry Creek
douglas-co,flowline,waterways-5657247,nhd-120647698,Cherry Creek
douglas-co,flowline,waterways-5657372,nhd-120649715,Cherry Creek
douglas-co,flowline,waterways-5718801,nhd-160739403,South Garber Creek
douglas-co,flowline,waterways-5718819,nhd-160742140,Pine Creek
douglas-co,flowline,waterways-5718872,nhd-117806299,South Garber Creek
douglas-co,flowline,waterways-5724902,nhd-117793299,East Plum Creek
douglas-co,flowline,waterways-5732332,nhd-160739368,Jarre Creek
douglas-co,flowline,waterways-5838602,nhd-117838023,West Plum Creek
douglas-co,flowline,waterways-5838604,nhd-160700378,East Plum Creek
douglas-co,flowline,waterways-5869210,nhd-117806053,Jackson Creek
douglas-co,flowline,waterways-5869277,nhd-160695591,Fourmile Creek
douglas-co,flowline,waterways-5869288,nhd-117837839,East Plum Creek
douglas-co,flowline,waterways-5869379,nhd-160750668,Indian Creek
douglas-co,flowline,waterways-5871370,nhd-160728564,West Creek
douglas-co,flowline,waterways-5871702,nhd-117806491,Jackson Creek
douglas-co,flowline,waterways-5872050,nhd-160749904,West Bear Creek
douglas-co,flowline,waterways-5872691,nhd-160733762,Spring Creek
douglas-co,flowline,waterways-5872724,nhd-160733822,South Platte River
douglas-co,flowline,waterways-5881096,nhd-120649493,Arapahoe Canal
douglas-co,flowline,waterways-5881393,nhd-120649712,Arapahoe Canal
douglas-co,flowline,waterways-5881396,nhd-120651426,Antelope Creek
douglas-co,flowline,waterways-5881561,nhd-120650662,Willow Creek
douglas-co,flowline,waterways-5942384,nhd-160715019,Turkey Creek
douglas-co,flowline,waterways-5942390,nhd-160724944,Stark Creek
douglas-co,flowline,waterways-5942400,nhd-160712660,Turkey Creek
douglas-co,flowline,waterways-5942405,nhd-160710065,Pine Creek
douglas-co,flowline,waterways-5942434,nhd-160739257,Middle Garber Creek
douglas-co,flowline,waterways-5948515,nhd-117838083,East Plum Creek
douglas-co,flowline,waterways-6092946,nhd-117806351,Jackson Creek
douglas-co,flowline,waterways-6093199,nhd-160715333,West Creek
douglas-co,flowline,waterways-6093273,nhd-160739254,North Garber Creek
douglas-co,flowline,waterways-6094740,nhd-160737323,Jackson Creek
douglas-co,flowline,waterways-6095922,nhd-117837479,Plum Creek
douglas-co,flowline,waterways-6103927,nhd-120651332,Antelope Creek
douglas-co,flowline,waterways-6103965,nhd-120648903,Coal Creek
douglas-co,flowline,waterways-6104727,nhd-120651416,Antelope Creek
douglas-co,flowline,waterways-6104835,nhd-120648632,Happy Canyon Creek
douglas-co,flowline,waterways-6104836,nhd-120650011,Willow Creek
douglas-co,flowline,waterways-6166531,nhd-160739438,South Garber Creek
douglas-co,flowline,waterways-6184160,nhd-160719854,East Plum Creek
douglas-co,flowline,waterways-6285919,nhd-160747288,Indian Creek
douglas-co,flowline,waterways-6285944,nhd-117845883,West Creek
douglas-co,flowline,waterways-6315907,nhd-160719631,Fern Creek
douglas-co,flowline,waterways-6315929,nhd-160725253,Spring Creek
douglas-co,flowline,waterways-6315953,nhd-160715334,West Creek
douglas-co,flowline,waterways-6316060,nhd-160730198,Horse Creek
douglas-co,flowline,waterways-6316111,nhd-117802351,Pine Creek
douglas-co,flowline,waterways-6316119,nhd-160737207,Jackson Creek
douglas-co,flowline,waterways-6316126,nhd-160717794,East Plum Creek
douglas-co,flowline,waterways-6317614,nhd-117837823,East Plum Creek
douglas-co,flowline,waterways-6318638,nhd-160722203,Cook Creek
douglas-co,flowline,waterways-6319316,nhd-160722071,Cook Creek
douglas-co,flowline,waterways-6327746,nhd-120648282,Cherry Creek
douglas-co,flowline,waterways-6327773,nhd-120648298,Cherry Creek
douglas-co,flowline,waterways-6327789,nhd-120651503,Crowfoot Creek
douglas-co,flowline,waterways-6389675,nhd-117845903,Turkey Creek
douglas-co,flowline,waterways-6389686,nhd-160737824,Middle Garber Creek
douglas-co,flowline,waterways-6407591,nhd-117837315,Indian Creek
douglas-co,flowline,waterways-6539870,nhd-160740241,North Garber Creek
douglas-co,flowline,waterways-6539871,nhd-117845813,West Creek
douglas-co,flowline,waterways-6539908,nhd-160712411,Little Turkey Creek
douglas-co,flowline,waterways-6542543,nhd-160721262,East Plum Creek
douglas-co,flowline,waterways-6542751,nhd-160740184,Bear Creek
douglas-co,flowline,waterways-6543204,nhd-117801785,Bear Creek
douglas-co,flowline,waterways-6543205,nhd-117845137,West Creek
douglas-co,flowline,waterways-6551813,nhd-120651002,Antelope Creek
douglas-co,flowline,waterways-6551816,nhd-120647552,Piney Creek
douglas-co,flowline,waterways-6578555,nhd-117816767,Big Dry Creek
douglas-co,flowline,waterways-6613088,nhd-160740119,Middle Garber Creek
douglas-co,flowline,waterways-6613108,nhd-117806127,South Garber Creek
douglas-co,flowline,waterways-6613109,nhd-117796539,South Platte River
douglas-co,flowline,waterways-6613179,nhd-160736446,South Garber Creek
douglas-co,flowline,waterways-6626695,nhd-117820863,Jarre Creek
douglas-co,flowline,waterways-6763577,nhd-160735993,Sugar Creek
douglas-co,flowline,waterways-6763609,nhd-160719811,Fern Creek
douglas-co,flowline,waterways-6763653,nhd-160738422,Spring Creek
douglas-co,flowline,waterways-6763687,nhd-117805119,South Platte River
douglas-co,flowline,waterways-6763690,nhd-160729639,Fourmile Creek
douglas-co,flowline,waterways-6763710,nhd-117844855,Trout Creek
douglas-co,flowline,waterways-6763711,nhd-117800579,West Plum Creek
douglas-co,flowline,waterways-6763746,nhd-160691329,Trout Creek
douglas-co,flowline,waterways-6764999,nhd-160717248,Sugar Creek
douglas-co,flowline,waterways-6765046,nhd-117797827,Jackson Creek
douglas-co,flowline,waterways-6766961,nhd-117820183,Little Willow Creek
douglas-co,flowline,waterways-6766962,nhd-160742310,South Platte River
douglas-co,flowline,waterways-6775415,nhd-120648204,Cherry Creek
douglas-co,flowline,waterways-6775418,nhd-120648577,Kinney Creek
douglas-co,flowline,waterways-6836427,nhd-117799137,Stark Creek
douglas-co,flowline,waterways-6836445,nhd-117845851,Turkey Creek
douglas-co,flowline,waterways-6854240,nhd-120648900,Coal Creek
douglas-co,flowline,waterways-6956938,nhd-117806035,Bear Creek
douglas-co,flowline,waterways-6956985,nhd-117844947,West Creek
douglas-co,flowline,waterways-6956994,nhd-117800975,West Plum Creek
douglas-co,flowline,waterways-6987464,nhd-117807693,Watson Park Creek
douglas-co,flowline,waterways-6987491,nhd-160716087,Fern Creek
douglas-co,flowline,waterways-6987625,nhd-117821767,East Plum Creek
douglas-co,flowline,waterways-6987643,nhd-160749926,South Platte River
douglas-co,flowline,waterways-6989736,nhd-117845247,West Creek
douglas-co,flowline,waterways-6990263,nhd-160722234,East Plum Creek
douglas-co,flowline,waterways-7060273,nhd-160740083,Middle Garber Creek
douglas-co,flowline,waterways-7060331,nhd-117805777,Pine Creek
douglas-co,flowline,waterways-7066377,nhd-117794115,East Plum Creek
douglas-co,flowline,waterways-7066769,nhd-120649363,Cherry Creek
douglas-co,flowline,waterways-7073921,nhd-117819687,Highline Canal
douglas-co,flowline,waterways-7073994,nhd-117823557,Highline Canal
douglas-co,flowline,waterways-7180410,nhd-160745155,Willow Creek
douglas-co,flowline,waterways-7180412,nhd-160739527,Jackson Creek
douglas-co,flowline,waterways-7180446,nhd-160725460,Gove Creek
douglas-co,flowline,waterways-7180475,nhd-160740221,Bear Creek
douglas-co,flowline,waterways-7210890,nhd-117800765,Jackson Creek
douglas-co,flowline,waterways-7210982,nhd-117820415,Indian Creek
douglas-co,flowline,waterways-7211019,nhd-160739446,North Garber Creek
douglas-co,flowline,waterways-7211035,nhd-117800803,West Plum Creek
douglas-co,flowline,waterways-7211069,nhd-117800549,Garber Creek
douglas-co,flowline,waterways-7211094,nhd-160721430,East Plum Creek
douglas-co,flowline,waterways-7211117,nhd-160745158,Willow Creek
douglas-co,flowline,waterways-7211134,nhd-117796421,Douglas Creek
douglas-co,flowline,waterways-7211227,nhd-117836577,South Platte River
douglas-co,flowline,waterways-7211297,nhd-117800875,West Plum Creek
douglas-co,flowline,waterways-7212373,nhd-160746085,Rainbow Creek
douglas-co,flowline,waterways-7212717,nhd-117821427,West Plum Creek
douglas-co,flowline,waterways-7213916,nhd-160713469,Fern Creek
douglas-co,flowline,waterways-7214433,nhd-160739253,North Garber Creek
douglas-co,flowline,waterways-7214434,nhd-117799511,Trout Creek
douglas-co,flowline,waterways-7221863,nhd-120650171,Cherry Creek
douglas-co,flowline,waterways-7221886,nhd-120647467,Cherry Creek
douglas-co,flowline,waterways-7284097,nhd-117806553,Pine Creek
douglas-co,flowline,waterways-7284141,nhd-160739493,South Garber Creek
douglas-co,flowline,waterways-7297548,nhd-160737816,Jarre Creek
douglas-co,flowline,waterways-7403662,nhd-160696434,Trout Creek
douglas-co,flowline,waterways-7403740,nhd-160750666,Rainbow Creek
douglas-co,flowline,waterways-7433903,nhd-117820501,Willow Creek
douglas-co,flowline,waterways-7433971,nhd-160739526,Jackson Creek
douglas-co,flowline,waterways-7433997,nhd-117800941,West Plum Creek
douglas-co,flowline,waterways-7434110,nhd-160750665,Rainbow Creek
douglas-co,flowline,waterways-7434177,nhd-160743635,Bear Creek
douglas-co,flowline,waterways-7434264,nhd-117799707,East Plum Creek
douglas-co,flowline,waterways-7434270,nhd-117845129,Trout Creek
douglas-co,flowline,waterways-7435701,nhd-160737844,Bear Creek
douglas-co,flowline,waterways-7436272,nhd-117794189,East Plum Creek
douglas-co,flowline,waterways-7436673,nhd-117802383,Pine Creek
douglas-co,flowline,waterways-7436924,nhd-160750639,Indian Creek
douglas-co,flowline,waterways-7436938,nhd-160737062,Watson Park Creek
douglas-co,flowline,waterways-7445005,nhd-120648591,Happy Canyon Creek
douglas-co,flowline,waterways-7445016,nhd-120651205,Antelope Creek
douglas-co,flowline,waterways-7445992,nhd-120648736,Cherry Creek
douglas-co,flowline,waterways-7497136,nhd-160746097,Indian Creek
douglas-co,flowline,waterways-7507514,nhd-160719610,Stark Creek
douglas-co,flowline,waterways-7507558,nhd-160727420,Eagle Creek
douglas-co,flowline,waterways-7507586,nhd-117798465,Eagle Creek
douglas-co,flowline,waterways-7507593,nhd-117802477,Pine Creek
douglas-co,flowline,waterways-7521237,nhd-117823357,Highline Canal
douglas-co,flowline,waterways-7657917,nhd-160751848,South Platte River
douglas-co,flowline,waterways-7657981,nhd-160733728,Jackson Creek
douglas-co,flowline,waterways-7658001,nhd-160739445,North Garber Creek
douglas-co,flowline,waterways-7658020,nhd-160696497,Camp Creek
douglas-co,flowline,waterways-7658033,nhd-117816671,Willow Creek
douglas-co,flowline,waterways-7658049,nhd-160725480,Bear Creek
douglas-co,flowline,waterways-7658131,nhd-160719686,Gove Creek
douglas-co,flowline,waterways-7659602,nhd-117844779,Horse Creek
douglas-co,flowline,waterways-7659658,nhd-160750605,Indian Creek
douglas-co,flowline,waterways-7661270,nhd-160750615,Indian Creek
douglas-co,flowline,waterways-7669709,nhd-120651403,West Cherry Creek
douglas-co,flowline,waterways-7669923,nhd-120649182,Coal Creek
douglas-co,flowline,waterways-7730971,nhd-120647918,Arapahoe Canal
douglas-co,flowline,waterways-7731089,nhd-117806981,Deep Creek
douglas-co,flowline,waterways-7802211,nhd-160755865,City Ditch
douglas-co,flowline,waterways-7850806,nhd-160722177,East Plum Creek
douglas-co,flowline,waterways-7881493,nhd-160750773,Indian Creek
douglas-co,flowline,waterways-7881589,nhd-117844501,Horse Creek
douglas-co,flowline,waterways-7881671,nhd-117821999,East Plum Creek
douglas-co,flowline,waterways-7881676,nhd-117837911,West Plum Creek
douglas-co,flowline,waterways-7881720,nhd-160721436,Gove Creek
douglas-co,flowline,waterways-7881765,nhd-160725526,West Plum Creek
douglas-co,flowline,waterways-7881796,nhd-160735815,Jackson Creek
douglas-co,flowline,waterways-7883031,nhd-117845381,West Creek
douglas-co,flowline,waterways-7883929,nhd-160730141,Fourmile Creek
douglas-co,flowline,waterways-7892385,nhd-120651533,Elk Creek
douglas-co,flowline,waterways-7893491,nhd-120647491,Cherry Creek
douglas-co,flowline,waterways-7893502,nhd-120651219,Antelope Creek
douglas-co,flowline,waterways-7967904,nhd-117837921,Jarre Creek
douglas-co,flowline,waterways-8104591,nhd-117799275,Gove Creek
douglas-co,flowline,waterways-8104606,nhd-160739249,North Garber Creek
douglas-co,flowline,waterways-8104896,nhd-117837531,Plum Creek
douglas-co,flowline,waterways-8104926,nhd-160739258,Jackson Creek
douglas-co,flowline,waterways-8104929,nhd-160712402,South Platte River
douglas-co,flowline,waterways-8104939,nhd-160725060,Bear Creek
douglas-co,flowline,waterways-8105000,nhd-117838317,West Plum Creek
douglas-co,flowline,waterways-8106456,nhd-160716327,Fern Creek
douglas-co,flowline,waterways-8106789,nhd-160736992,Jackson Creek
douglas-co,flowline,waterways-8107090,nhd-160694565,West Creek
douglas-co,flowline,waterways-8108151,nhd-160724923,Bear Creek
douglas-co,flowline,waterways-8108158,nhd-117820733,Bear Creek
douglas-co,flowline,waterways-8116377,nhd-120650383,Cherry Creek
douglas-co,flowline,waterways-8116704,nhd-120648607,Cherry Creek
douglas-co,flowline,waterways-8116869,nhd-120648897,Cherry Creek
douglas-co,flowline,waterways-8178061,nhd-160740062,Pine Creek
douglas-co,flowline,waterways-8178064,nhd-160700328,Turkey Creek
douglas-co,flowline,waterways-8178104,nhd-120647934,Arapahoe Canal
douglas-co,flowline,waterways-8184155,nhd-117801157,West Plum Creek
douglas-co,flowline,waterways-8191541,nhd-117823367,Highline Canal
douglas-co,flowline,waterways-8327944,nhd-117838315,West Plum Creek
douglas-co,flowline,waterways-8327960,nhd-117816719,Cook Creek
douglas-co,flowline,waterways-8327966,nhd-d88d0fc7-067a-4e80-958a-57ab1b16e9a8,Garber Creek
douglas-co,flowline,waterways-8328038,nhd-160750708,Little Willow Creek
douglas-co,flowline,waterways-8328039,nhd-160708077,Jackson Creek
douglas-co,flowline,waterways-8328100,nhd-160716888,West Creek
douglas-co,flowline,waterways-8328111,nhd-117801399,East Plum Creek
douglas-co,flowline,waterways-8328162,nhd-160734900,Jackson Creek
douglas-co,flowline,waterways-8328214,nhd-160714751,Jackson Creek
douglas-co,flowline,waterways-8328284,nhd-160737879,Bear Creek
douglas-co,flowline,waterways-8329982,nhd-160727696,Eagle Creek
douglas-co,flowline,waterways-8330002,nhd-117838139,West Plum Creek
douglas-co,flowline,waterways-8331469,nhd-117798403,Bear Creek
douglas-co,flowline,waterways-8331470,nhd-117799385,Trout Creek
douglas-co,flowline,waterways-8339015,nhd-120651445,West Cherry Creek
douglas-co,flowline,waterways-8401963,nhd-160737102,Deep Creek
douglas-co,flowline,waterways-8401974,nhd-160742079,Pine Creek
douglas-co,flowline,waterways-8415508,nhd-117821381,West Plum Creek
douglas-co,flowline,waterways-8551168,nhd-117794345,East Plum Creek
douglas-co,flowline,waterways-8551210,nhd-160722073,Cook Creek
douglas-co,flowline,waterways-8551263,nhd-160730024,Horse Creek
douglas-co,flowline,waterways-8551312,nhd-160737327,Jackson Creek
douglas-co,flowline,waterways-8553427,nhd-160720052,East Plum Creek
douglas-co,flowline,waterways-8562223,nhd-120649683,Cherry Creek
douglas-co,flowline,waterways-8563103,nhd-120651171,East Cherry Creek
douglas-co,flowline,waterways-8563224,nhd-120651293,Antelope Creek
douglas-co,flowline,waterways-8624846,nhd-160737085,Middle Garber Creek
douglas-co,flowline,waterways-8638595,nhd-160751140,Highline Canal
douglas-co,flowline,waterways-8745314,nhd-160734080,Sugar Creek
douglas-co,flowline,waterways-8775599,nhd-117794259,East Plum Creek
douglas-co,flowline,waterways-8775646,nhd-117836589,South Platte River
douglas-co,flowline,waterways-8775849,nhd-117806971,Jackson Creek
douglas-co,flowline,waterways-8777500,nhd-160717133,Camp Creek
douglas-co,flowline,waterways-8778330,nhd-117797999,Bear Creek
douglas-co,flowline,waterways-8778453,nhd-117837853,West Plum Creek
douglas-co,flowline,waterways-8778949,nhd-160733488,Sugar Creek
douglas-co,flowline,waterways-8816966,nhd-120651470,Crowfoot Creek
douglas-co,flowline,waterways-8848537,nhd-160738998,Pine Creek
douglas-co,flowline,waterways-8848583,nhd-160730087,Eagle Creek
douglas-co,flowline,waterways-8968970,nhd-160738325,Bear Creek
douglas-co,flowline,waterways-8999139,nhd-117819895,Indian Creek
douglas-co,flowline,waterways-8999207,nhd-160712212,Douglas Creek
douglas-co,flowline,waterways-8999248,nhd-117800595,Garber Creek
douglas-co,flowline,waterways-8999317,nhd-160734231,Sugar Creek
douglas-co,flowline,waterways-8999335,nhd-160750608,Rainbow Creek
douglas-co,flowline,waterways-8999411,nhd-117799209,Gove Creek
douglas-co,flowline,waterways-8999453,nhd-160733596,South Platte River
douglas-co,flowline,waterways-9000541,nhd-160730104,Horse Creek
douglas-co,flowline,waterways-9000569,nhd-160715029,West Creek
douglas-co,flowline,waterways-9000950,nhd-160722137,Gove Creek
douglas-co,flowline,waterways-9001478,nhd-160739989,Bear Creek
douglas-co,flowline,waterways-9002157,nhd-117798151,Eagle Creek
douglas-co,flowline,waterways-9010408,nhd-2f296ed3-0b0a-417e-8999-ebc456a19561,West Cherry Creek
douglas-co,flowline,waterways-9011090,nhd-120647642,Piney Creek
douglas-co,flowline,waterways-9011189,nhd-120651259,Haskel Creek
douglas-co,flowline,waterways-9073172,nhd-160748792,Eagle Creek
douglas-co,flowline,waterways-9073221,nhd-160716856,Eagle Creek
douglas-co,flowline,waterways-9073240,nhd-160742074,Pine Creek
douglas-co,flowline,waterways-9073267,nhd-117805835,Pine Creek
douglas-co,flowline,waterways-9086823,nhd-117837849,Jarre Creek
douglas-co,flowline,waterways-9103083,nhd-9BCBDD05-3D65-4E24-8403-E3FD8AC3EAD7,Arapahoe Canal
douglas-co,flowline,waterways-9223051,nhd-160713206,West Creek
douglas-co,flowline,waterways-9223117,nhd-117805109,South Platte River
douglas-co,flowline,waterways-9223227,nhd-117844663,Fourmile Creek
douglas-co,flowline,waterways-9223237,nhd-160721424,East Plum Creek
douglas-co,flowline,waterways-9223305,nhd-160740185,Bear Creek
douglas-co,flowline,waterways-9223366,nhd-117844817,Trout Creek
douglas-co,flowline,waterways-9224464,nhd-117799301,Fern Creek
douglas-co,flowline,waterways-9225210,nhd-117822473,Cook Creek
douglas-co,flowline,waterways-9226108,nhd-160729654,West Creek
douglas-co,flowline,waterways-9226109,nhd-160696459,Fern Creek
douglas-co,flowline,waterways-9226545,nhd-117805709,North Garber Creek
douglas-co,flowline,waterways-9226551,nhd-117796207,Turkey Creek
douglas-co,flowline,waterways-9234213,nhd-120651378,Haskel Creek
douglas-co,flowline,waterways-9235137,nhd-120647961,Happy Canyon Creek
douglas-co,flowline,waterways-9235226,nhd-120647495,Cottonwood Creek
douglas-co,flowline,waterways-9262027,nhd-117816759,Big Dry Creek
douglas-co,flowline,waterways-9296897,nhd-160736425,Middle Garber Creek
douglas-co,flowline,waterways-9296938,nhd-117821501,Stark Creek
douglas-co,flowline,waterways-9302938,nhd-117838043,East Plum Creek
douglas-co,flowline,waterways-9417147,nhd-160721285,East Plum Creek
douglas-co,flowline,waterways-9447158,nhd-117816691,Willow Creek
douglas-co,flowline,waterways-9447202,nhd-160713288,Bear Creek
douglas-co,flowline,waterways-9447461,nhd-160751090,Indian Creek
douglas-co,flowline,waterways-9447485,nhd-117799759,East Plum Creek
douglas-co,flowline,waterways-9447518,nhd-160694549,West Creek
douglas-co,flowline,waterways-9447562,nhd-160737870,North Garber Creek
douglas-co,flowline,waterways-9447569,nhd-160742292,South Platte River
douglas-co,flowline,waterways-9448733,nhd-117822433,Cook Creek
douglas-co,flowline,waterways-9448741,nhd-160729653,West Creek
douglas-co,flowline,waterways-9448770,nhd-160695597,Fourmile Creek
douglas-co,flowline,waterways-9449145,nhd-117821737,East Plum Creek
douglas-co,flowline,waterways-9449286,nhd-117799243,Trout Creek
douglas-co,flowline,waterways-9449315,nhd-117836661,South Platte River
douglas-co,flowline,waterways-9449412,nhd-117819807,Plum Creek
douglas-co,flowline,waterways-9450735,nhd-160716928,Fern Creek
douglas-co,flowline,waterways-9458390,nhd-120651220,Haskel Creek
douglas-co,flowline,waterways-9459284,nhd-120647724,Happy Canyon Creek
douglas-co,flowline,waterways-9459712,nhd-120651466,West Cherry Creek
douglas-co,flowline,waterways-9485983,nhd-117817857,Big Dry Creek
douglas-co,flowline,waterways-9520626,nhd-160737123,Deep Creek
douglas-co,flowline,waterways-9520627,nhd-117806571,Pine Creek
douglas-co,flowline,waterways-9520640,nhd-120648073,Arapahoe Canal
douglas-co,flowline,waterways-9520671,nhd-160713180,Turkey Creek
douglas-co,flowline,waterways-9520684,nhd-160712284,Turkey Creek
douglas-co,flowline,waterways-9526862,nhd-160751130,Little Willow Creek
douglas-co,flowline,waterways-9671226,nhd-160715151,Fourmile Creek
douglas-co,flowline,waterways-9671389,nhd-160731168,Jackson Creek
douglas-co,flowline,waterways-9671406,nhd-117799415,Fern Creek
douglas-co,flowline,waterways-9671413,nhd-117816977,Willow Creek
douglas-co,flowline,waterways-9671443,nhd-160740186,North Garber Creek
douglas-co,flowline,waterways-9671454,nhd-160750607,Rainbow Creek
douglas-co,flowline,waterways-9671491,nhd-160712213,Douglas Creek
douglas-co,flowline,waterways-9673125,nhd-160745169,Indian Creek
douglas-co,flowline,waterways-9682489,nhd-120647842,Cherry Creek
douglas-co,flowline,waterways-9683254,nhd-120651359,Haskel Creek
douglas-co,flowline,waterways-9683329,nhd-a7643fef-be8b-411f-b198-baedc135a05e,East Cherry Creek
douglas-co,flowline,waterways-9683612,nhd-120647471,Cottonwood Creek
douglas-co,flowline,waterways-9683725,nhd-120651450,Elk Creek
douglas-co,flowline,waterways-9744910,nhd-160713178,Turkey Creek
douglas-co,flowline,waterways-9751501,nhd-120649108,Cherry Creek
douglas-co,flowline,waterways-9758654,nhd-160739409,Jarre Creek
douglas-co,flowline,waterways-9758660,nhd-117837751,Jarre Creek
douglas-co,flowline,waterways-9896086,nhd-117838183,West Plum Creek
douglas-co,flowline,waterways-9896112,nhd-117821479,West Plum Creek
douglas-co,flowline,waterways-9896219,nhd-117794271,East Plum Creek
douglas-co,flowline,waterways-9896297,nhd-160734870,Jackson Creek
douglas-co,flowline,waterways-9896411,nhd-160750667,Indian Creek
douglas-co,flowline,waterways-9896484,nhd-117820291,Indian Creek
douglas-co,flowline,waterways-9896496,nhd-117837809,East Plum Creek
douglas-co,flowline,waterways-9896523,nhd-117820257,Willow Creek
douglas-co,flowline,waterways-9896589,nhd-117801477,Bear Creek
douglas-co,flowline,waterways-9897707,nhd-160694559,West Creek
douglas-co,flowline,waterways-9897737,nhd-117801321,East Plum Creek
douglas-co,flowline,waterways-9898401,nhd-117870101,West Plum Creek
douglas-co,flowline,waterways-9899424,nhd-117837953,East Plum Creek
douglas-co,flowline,waterways-9899770,nhd-160712769,Cook Creek
douglas-co,flowline,waterways-9899797,nhd-160739333,Jackson Creek
douglas-co,flowline,waterways-9907452,nhd-120651091,Antelope Creek
douglas-co,flowline,waterways-9908207,nhd-120647678,Piney Creek
douglas-co,flowline,waterways-9908465,nhd-120651249,Haskel Creek
douglas-co,flowline,waterways-9908576,nhd-120647885,Happy Canyon Creek
douglas-co,flowline,waterways-9939067,nhd-160738110,Little Willow Creek
douglas-co,flowline,waterways-9970529,nhd-160742075,Pine Creek
douglas-co,flowline,waterways-9970562,nhd-117806069,Middle Garber Creek
douglas-co,flowline,waterways-9976877,nhd-117801097,West Plum Creek
douglas-co,flowline,waterways-10090725,nhd-160719694,East Plum Creek
douglas-co,flowline,waterways-10090743,nhd-160715080,West Creek
douglas-co,flowline,waterways-10121246,nhd-117837941,West Plum Creek
douglas-co,flowline,waterways-10121377,nhd-117806499,Jackson Creek
douglas-co,flowline,waterways-10121427,nhd-117845393,West Creek
douglas-co,flowline,waterways-10121430,nhd-160712206,South Platte River
douglas-co,flowline,waterways-10121442,nhd-117805101,South Platte River
douglas-co,flowline,waterways-10121489,nhd-117837661,East Plum Creek
douglas-co,flowline,waterways-10121568,nhd-117845473,Fourmile Creek
douglas-co,flowline,waterways-10121584,nhd-160715306,West Creek
douglas-co,flowline,waterways-10121603,nhd-117837361,Plum Creek
douglas-co,flowline,waterways-10121618,nhd-160715269,Trout Creek
douglas-co,flowline,waterways-10121643,nhd-117807713,Spring Creek
douglas-co,flowline,waterways-10315319,nhd-117837495,Plum Creek
douglas-co,flowline,waterways-10315367,nhd-117801133,East Plum Creek
douglas-co,flowline,waterways-10315439,nhd-117800751,Jackson Creek
douglas-co,flowline,waterways-10345370,nhd-160712107,South Platte River
douglas-co,flowline,waterways-10345414,nhd-117821815,Cook Creek
douglas-co,flowline,waterways-10345445,nhd-160719756,East Plum Creek
douglas-co,flowline,waterways-10345538,nhd-160712442,Little Turkey Creek
douglas-co,flowline,waterways-10345544,nhd-160715188,Fourmile Creek
douglas-co,flowline,waterways-10345593,nhd-117845993,Trout Creek
douglas-co,flowline,waterways-10345618,nhd-117807269,Jackson Creek
douglas-co,flowline,waterways-10345684,nhd-160712093,Douglas Creek
douglas-co,flowline,waterways-10345705,nhd-117837773,East Plum Creek
douglas-co,flowline,waterways-10345831,nhd-117807377,Jackson Creek
douglas-co,flowline,waterways-10348015,nhd-117806565,Jackson Creek
douglas-co,flowline,waterways-10348488,nhd-160716927,Fern Creek
douglas-co,flowline,waterways-10348512,nhd-160733495,Sugar Creek
douglas-co,flowline,waterways-10356624,nhd-120650464,Cherry Creek
douglas-co,flowline,waterways-10357380,nhd-120648705,Kinney Creek
douglas-co,flowline,waterways-10357467,nhd-120650629,Cherry Creek
douglas-co,flowline,waterways-10357495,nhd-120648698,Kinney Creek
douglas-co,flowline,waterways-10357865,nhd-120649833,Willow Creek
douglas-co,flowline,waterways-10384326,nhd-117816769,Big Dry Creek
douglas-co,flowline,waterways-10419165,nhd-160740052,Pine Creek
douglas-co,flowline,waterways-10419196,nhd-160694538,Turkey Creek
douglas-co,flowline,waterways-10419223,nhd-160719608,Stark Creek
douglas-co,flowline,waterways-10419225,nhd-160738536,Spring Creek
douglas-co,flowline,waterways-10539506,nhd-117837863,East Plum Creek
douglas-co,flowline,waterways-10539529,nhd-160738396,Jackson Creek
douglas-co,flowline,waterways-10569753,nhd-160725276,Bear Creek
douglas-co,flowline,waterways-10570003,nhd-160739348,Jackson Creek
douglas-co,flowline,waterways-10570020,nhd-160719803,Gove Creek
douglas-co,flowline,waterways-10570052,nhd-160738326,Bear Creek
douglas-co,flowline,waterways-10570081,nhd-160750675,Rainbow Creek
douglas-co,flowline,waterways-10570117,nhd-117806591,Jackson Creek
douglas-co,flowline,waterways-10570163,nhd-117798033,Watson Park Creek
douglas-co,flowline,waterways-10570194,nhd-160717011,Bear Creek
douglas-co,flowline,waterways-10570243,nhd-117822199,Carpenter Creek
douglas-co,flowline,waterways-10571433,nhd-160713444,Fern Creek
douglas-co,flowline,waterways-10571435,nhd-160712696,East Plum Creek
douglas-co,flowline,waterways-10572412,nhd-160746106,Willow Creek
douglas-co,flowline,waterways-10573484,nhd-117845113,Trout Creek
douglas-co,flowline,waterways-10644046,nhd-160739372,South Garber Creek
douglas-co,flowline,waterways-10644047,nhd-117798553,Eagle Creek
douglas-co,flowline,waterways-10650132,nhd-160751125,South Platte River
douglas-co,flowline,waterways-10661984,nhd-120647869,Cherry Creek
douglas-co,flowline,waterways-10763482,nhd-160721173,East Plum Creek
douglas-co,flowline,waterways-10763596,nhd-160750687,Indian Creek
douglas-co,flowline,waterways-10793766,nhd-160733520,Sugar Creek
douglas-co,flowline,waterways-10793792,nhd-117837741,East Plum Creek
douglas-co,flowline,waterways-10793804,nhd-117819833,Plum Creek
douglas-co,flowline,waterways-10793852,nhd-160714615,Sugar Creek
douglas-co,flowline,waterways-10793867,nhd-160708076,Jackson Creek
douglas-co,flowline,waterways-10793878,nhd-160750545,Indian Creek
douglas-co,flowline,waterways-10793908,nhd-160737053,Jackson Creek
douglas-co,flowline,waterways-10793926,nhd-117844859,Trout Creek
douglas-co,flowline,waterways-10793930,nhd-160750707,Little Willow Creek
douglas-co,flowline,waterways-10793932,nhd-117837391,Plum Creek
douglas-co,flowline,waterways-10793936,nhd-117820591,Rainbow Creek
douglas-co,flowline,waterways-10793984,nhd-117803525,Sugar Creek
douglas-co,flowline,waterways-10794055,nhd-160719810,Fern Creek
douglas-co,flowline,waterways-10794056,nhd-160738471,Spring Creek
douglas-co,flowline,waterways-10794099,nhd-160749019,Indian Creek
douglas-co,flowline,waterways-10795603,nhd-160738470,Spring Creek
douglas-co,flowline,waterways-10795605,nhd-117796709,Little Turkey Creek
douglas-co,flowline,waterways-10796728,nhd-160730199,Horse Creek
douglas-co,flowline,waterways-10805967,nhd-120648341,Coal Creek
douglas-co,flowline,waterways-10832403,nhd-117816747,Big Dry Creek
douglas-co,flowline,waterways-10835481,nhd-160751158,Little Willow Creek
douglas-co,flowline,waterways-10881015,nhd-117820839,Jarre Creek
douglas-co,flowline,waterways-10881020,nhd-117823597,Plum Creek
douglas-co,flowline,waterways-10881035,nhd-117819777,Denver Municipal Aqueduct
douglas-co,flowline,waterways-10987609,nhd-160715110,West Creek
douglas-co,flowline,waterways-11017900,nhd-117796543,Douglas Creek
douglas-co,flowline,waterways-11017951,nhd-160738507,Spring Creek
douglas-co,flowline,waterways-11018005,nhd-160725153,Gove Creek
douglas-co,flowline,waterways-11018016,nhd-160739987,Bear Creek
douglas-co,flowline,waterways-11018018,nhd-117816721,Cook Creek
douglas-co,flowline,waterways-11018120,nhd-160738437,Spring Creek
douglas-co,flowline,waterways-11018148,nhd-160728567,Camp Creek
douglas-co,flowline,waterways-11019637,nhd-160729965,Fourmile Creek
douglas-co,flowline,waterways-11019652,nhd-117814153,Carpenter Creek
douglas-co,flowline,waterways-11019938,nhd-160730109,West Creek
douglas-co,flowline,waterways-11019979,nhd-117806373,Jackson Creek
douglas-co,flowline,waterways-11030025,nhd-93211f97-1829-4ff0-94a9-475a97a0109e,East Cherry Creek
douglas-co,flowline,waterways-11091893,nhd-160734941,Pine Creek
douglas-co,flowline,waterways-11091908,nhd-160739420,Middle Garber Creek
douglas-co,flowline,waterways-11091953,nhd-160715457,Turkey Creek
douglas-co,flowline,waterways-11097827,nhd-160738094,Little Willow Creek
douglas-co,flowline,waterways-11097916,nhd-117801115,West Plum Creek
douglas-co,flowline,waterways-11105474,nhd-160733325,Pleasant Park Ditch
douglas-co,flowline,waterways-11211933,nhd-160721466,Cook Creek
douglas-co,flowline,waterways-11212038,nhd-117799259,Fern Creek
douglas-co,flowline,waterways-11242682,nhd-160747581,Little Willow Creek
douglas-co,flowline,waterways-11242767,nhd-117799711,East Plum Creek
douglas-co,flowline,waterways-11242831,nhd-160733130,Horse Creek
douglas-co,flowline,waterways-11242996,nhd-160717157,Fourmile Creek
douglas-co,flowline,waterways-11243088,nhd-117821081,Willow Creek
douglas-co,flowline,waterways-11243124,nhd-f06434d9-1ebe-4669-b69f-069e935d5e48,Gove Creek
douglas-co,flowline,waterways-11244300,nhd-160750768,Willow Creek
douglas-co,flowline,waterways-11244328,nhd-160722215,Cook Creek
douglas-co,flowline,waterways-11244580,nhd-117799445,Fern Creek
douglas-co,flowline,waterways-11244690,nhd-160737900,Bear Creek
douglas-co,flowline,waterways-11244938,nhd-160723490,Gove Creek
douglas-co,flowline,waterways-11244973,nhd-e6f376d2-46a0-4394-a2f3-04a0f74c2886,Gove Creek
douglas-co,flowline,waterways-11245208,nhd-160725044,Bear Creek
douglas-co,flowline,waterways-11245217,nhd-117800653,West Plum Creek
douglas-co,flowline,waterways-11245883,nhd-117799865,East Plum Creek
douglas-co,flowline,waterways-11246369,nhd-117837757,Plum Creek
douglas-co,flowline,waterways-11254165,nhd-120651430,West Cherry Creek
douglas-co,flowline,waterways-11254174,nhd-120651289,Antelope Creek
douglas-co,flowline,waterways-11254947,nhd-120647868,Happy Canyon Creek
douglas-co,flowline,waterways-11254985,nhd-120648694,Kinney Creek
douglas-co,flowline,waterways-11306259,nhd-160740163,Indian Creek
douglas-co,flowline,waterways-11316806,nhd-160717265,Deep Creek
douglas-co,flowline,waterways-11316918,nhd-160734039,Deep Creek
douglas-co,flowline,waterways-11323028,nhd-117823733,South Platte River
douglas-co,flowline,waterways-11467491,nhd-117822073,Cook Creek
douglas-co,flowline,waterways-11467576,nhd-117794231,East Plum Creek
douglas-co,flowline,waterways-11469294,nhd-117836327,South Platte River
douglas-co,flowline,waterways-11470990,nhd-160734302,Sugar Creek
douglas-co,flowline,waterways-11478597,nhd-120651075,East Cherry Creek
douglas-co,flowline,waterways-11510068,nhd-120651471,Crowfoot Creek
douglas-co,flowline,waterways-11541268,nhd-117805865,Pine Creek
douglas-co,flowline,waterways-11555108,nhd-117801515,Benjamin Quick Ditch
douglas-co,flowline,waterways-11555132,nhd-160733326,Pleasant Park Ditch
douglas-co,flowline,waterways-11662147,nhd-117845331,Trout Creek
douglas-co,flowline,waterways-11692102,nhd-117845327,West Creek
douglas-co,flowline,waterways-11692271,nhd-117838013,East Plum Creek
douglas-co,flowline,waterways-11692298,nhd-117799923,Trout Creek
douglas-co,flowline,waterways-11692437,nhd-117800921,East Plum Creek
douglas-co,flowline,waterways-11694953,nhd-160751728,South Platte River
douglas-co,flowline,waterways-11703269,nhd-120651377,Antelope Creek
douglas-co,flowline,waterways-11703295,nhd-120649504,Arapahoe Canal
douglas-co,flowline,waterways-11704272,nhd-120651386,Haskel Creek
douglas-co,flowline,waterways-11765967,nhd-160725304,Stark Creek
douglas-co,flowline,waterways-11765981,nhd-160734162,Deep Creek
douglas-co,flowline,waterways-11765985,nhd-160736437,South Garber Creek
douglas-co,flowline,waterways-11766001,nhd-160737138,Deep Creek
douglas-co,flowline,waterways-11766021,nhd-160727640,Eagle Creek
douglas-co,flowline,waterways-11766032,nhd-117802469,Pine Creek
douglas-co,flowline,waterways-11885738,nhd-160734287,Sugar Creek
douglas-co,flowline,waterways-11916606,nhd-160743645,Rainbow Creek
douglas-co,flowline,waterways-11916700,nhd-117820593,Rainbow Creek
douglas-co,flowline,waterways-11916717,nhd-117838029,East Plum Creek
douglas-co,flowline,waterways-11917812,nhd-160719684,Gove Creek
douglas-co,flowline,waterways-11918170,nhd-160750098,South Platte River
douglas-co,flowline,waterways-11918207,nhd-117807603,Watson Park Creek
douglas-co,flowline,waterways-11918500,nhd-160742112,Pine Creek
douglas-co,flowline,waterways-11927475,nhd-120647811,Happy Canyon Creek
douglas-co,flowline,waterways-11928526,nhd-120651248,Haskel Creek
douglas-co,flowline,waterways-11955079,nhd-117816753,Big Dry Creek
douglas-co,flowline,waterways-12022089,nhd-120649024,Arapahoe Canal
douglas-co,flowline,waterways-12110799,nhd-160735615,South Platte River
douglas-co,flowline,waterways-12140730,nhd-117807477,Watson Park Creek
douglas-co,flowline,waterways-12140843,nhd-117837593,Plum Creek
douglas-co,flowline,waterways-12140870,nhd-160720019,East Plum Creek
douglas-co,flowline,waterways-12141002,nhd-160734032,Sugar Creek
douglas-co,flowline,waterways-12141006,nhd-117807657,Spring Creek
douglas-co,flowline,waterways-12142841,nhd-160717852,Carpenter Creek
douglas-co,flowline,waterways-12143272,nhd-117837875,East Plum Creek
douglas-co,flowline,waterways-12152806,nhd-120647606,Cherry Creek
douglas-co,flowline,waterways-12152848,nhd-120647936,Piney Creek
douglas-co,flowline,waterways-12152906,nhd-120651317,Haskel Creek
douglas-co,flowline,waterways-12179995,nhd-117817855,Big Dry Creek
douglas-co,flowline,waterways-12214860,nhd-120648029,Arapahoe Canal
douglas-co,flowline,waterways-12214876,nhd-160710067,Pine Creek
douglas-co,flowline,waterways-12214897,nhd-160739265,Middle Garber Creek
douglas-co,flowline,waterways-12214957,nhd-160712306,Douglas Creek
douglas-co,flowline,waterways-12228403,nhd-117801463,West Plum Creek
douglas-co,flowline,waterways-12365272,nhd-117838061,West Plum Creek
douglas-co,flowline,waterways-12365345,nhd-117796745,Little Turkey Creek
douglas-co,flowline,waterways-12365383,nhd-160747289,Indian Creek
douglas-co,flowline,waterways-12365471,nhd-160713287,Bear Creek
douglas-co,flowline,waterways-12365482,nhd-160733763,Spring Creek
douglas-co,flowline,waterways-12365548,nhd-160721270,Cook Creek
douglas-co,flowline,waterways-12365587,nhd-117838163,West Plum Creek
douglas-co,flowline,waterways-12365612,nhd-160727534,Watson Park Creek
douglas-co,flowline,waterways-12365688,nhd-117800061,Jackson Creek
douglas-co,flowline,waterways-12365692,nhd-160740096,Bear Creek
douglas-co,flowline,waterways-12367263,nhd-160725528,West Plum Creek
douglas-co,flowline,waterways-12367297,nhd-96ae7f26-c991-4fac-8e65-b2ef65404121,Gove Creek
douglas-co,flowline,waterways-12367306,nhd-160739347,Jackson Creek
douglas-co,flowline,waterways-12368530,nhd-160717946,Eagle Creek
douglas-co,flowline,waterways-12368972,nhd-117803565,Sugar Creek
douglas-co,flowline,waterways-12368989,nhd-160740154,Bear Creek
douglas-co,flowline,waterways-12376592,nhd-120651210,Antelope Creek
douglas-co,flowline,waterways-12376681,nhd-120648416,Arapahoe Canal
douglas-co,flowline,waterways-12377617,nhd-120651080,West Cherry Creek
douglas-co,flowline,waterways-12377643,nhd-120649033,Arapahoe Canal
douglas-co,flowline,waterways-12377707,nhd-120649806,Willow Creek
douglas-co,flowline,waterways-12439077,nhd-160739256,Middle Garber Creek
douglas-co,flowline,waterways-12560263,nhd-160734111,Sugar Creek
douglas-co,flowline,waterways-12590679,nhd-160721524,Gove Creek
douglas-co,flowline,waterways-12590680,nhd-160719721,Fern Creek
douglas-co,flowline,waterways-12590841,nhd-160723528,West Plum Creek
douglas-co,flowline,waterways-12590871,nhd-160725085,West Plum Creek
douglas-co,flowline,waterways-12590916,nhd-160737883,North Garber Creek
douglas-co,flowline,waterways-12590930,nhd-117801211,East Plum Creek
douglas-co,flowline,waterways-12592454,nhd-117800779,Jackson Creek
douglas-co,flowline,waterways-12592665,nhd-117822363,Cook Creek
douglas-co,flowline,waterways-12594052,nhd-160734286,Sugar Creek
douglas-co,flowline,waterways-12664271,nhd-160733861,Middle Garber Creek
douglas-co,flowline,waterways-12664290,nhd-160724909,Stark Creek
douglas-co,flowline,waterways-12670460,nhd-2AE9E249-A01A-4E30-8650-4E94E7EF041E,Willow Creek
douglas-co,flowline,waterways-12814819,nhd-117794185,East Plum Creek
douglas-co,flowline,waterways-12814831,nhd-117823715,South Platte River
douglas-co,flowline,waterways-12814874,nhd-160745156,Willow Creek
douglas-co,flowline,waterways-12814933,nhd-160747099,Indian Creek
douglas-co,flowline,waterways-12814977,nhd-160725046,Bear Creek
douglas-co,flowline,waterways-12815025,nhd-117821615,Gove Creek
douglas-co,flowline,waterways-12815050,nhd-160720232,West Creek
douglas-co,flowline,waterways-12815083,nhd-117800037,Trout Creek
douglas-co,flowline,waterways-12815095,nhd-160720017,East Plum Creek
douglas-co,flowline,waterways-12816889,nhd-117821811,Gove Creek
douglas-co,flowline,waterways-12817206,nhd-160721532,East Plum Creek
douglas-co,flowline,waterways-12817524,nhd-117844591,Fourmile Creek
douglas-co,flowline,waterways-12818163,nhd-160713172,Fourmile Creek
douglas-co,flowline,waterways-12826492,nhd-120647730,Piney Creek
douglas-co,flowline,waterways-12888011,nhd-160712096,Turkey Creek
douglas-co,flowline,waterways-12888012,nhd-160740061,Pine Creek
douglas-co,flowline,waterways-12888021,nhd-160725291,Stark Creek
douglas-co,flowline,waterways-12888030,nhd-160719943,Stark Creek
douglas-co,flowline,waterways-12888059,nhd-160739306,South Garber Creek
douglas-co,flowline,waterways-13039026,nhd-117798067,Watson Park Creek
douglas-co,flowline,waterways-13039077,nhd-160750611,Bear Creek
douglas-co,flowline,waterways-13039091,nhd-160749246,Bear Creek
douglas-co,flowline,waterways-13039117,nhd-117822105,Cook Creek
douglas-co,flowline,waterways-13039132,nhd-117806929,Pine Creek
douglas-co,flowline,waterways-13039147,nhd-160737798,Spring Creek
douglas-co,flowline,waterways-13039187,nhd-160714738,Spring Creek
douglas-co,flowline,waterways-13039191,nhd-160712232,Douglas Creek
douglas-co,flowline,waterways-13039199,nhd-160750635,Indian Creek
douglas-co,flowline,waterways-13039245,nhd-160730103,Horse Creek
douglas-co,flowline,waterways-13039334,nhd-117845703,West Creek
douglas-co,flowline,waterways-13041551,nhd-160729757,Trout Creek
douglas-co,flowline,waterways-13041943,nhd-160700399,Cook Creek
douglas-co,flowline,waterways-13042674,nhd-160733868,Garber Creek
douglas-co,flowline,waterways-13050329,nhd-120651105,West Cherry Creek
douglas-co,flowline,waterways-13113222,nhd-117806265,Pine Creek
douglas-co,flowline,waterways-13113235,nhd-160736445,South Garber Creek
douglas-co,flowline,waterways-13127097,nhd-117801521,West Plum Creek
douglas-co,flowline,waterways-13233195,nhd-117845177,Trout Creek
douglas-co,flowline,waterways-13233197,nhd-160734031,Sugar Creek
douglas-co,flowline,waterways-13263897,nhd-160709750,Little Turkey Creek
douglas-co,flowline,waterways-13264067,nhd-117837641,Plum Creek
douglas-co,flowline,waterways-13264080,nhd-160721272,Cook Creek
douglas-co,flowline,waterways-13264157,nhd-117821495,Carpenter Creek
douglas-co,flowline,waterways-13264254,nhd-160729959,Trout Creek
douglas-co,flowline,waterways-13265833,nhd-160713305,West Plum Creek
douglas-co,flowline,waterways-13265878,nhd-160708085,Watson Park Creek
douglas-co,flowline,waterways-13266102,nhd-117821669,Gove Creek
douglas-co,flowline,waterways-13266143,nhd-160712207,South Platte River
douglas-co,flowline,waterways-13267033,nhd-160739346,North Garber Creek
douglas-co,flowline,waterways-13267050,nhd-117837637,East Plum Creek
douglas-co,flowline,waterways-13275995,nhd-120651281,Haskel Creek
douglas-co,flowline,waterways-13276035,nhd-120650483,Cherry Creek
douglas-co,flowline,waterways-13337714,nhd-117798495,Stark Creek
douglas-co,flowline,waterways-13337720,nhd-117798963,Stark Creek
douglas-co,flowline,waterways-13337748,nhd-160712643,Turkey Creek
douglas-co,flowline,waterways-13337781,nhd-117798601,Stark Creek
douglas-co,flowline,waterways-13337803,nhd-120647927,Arapahoe Canal
douglas-co,flowline,waterways-13337818,nhd-160727525,Eagle Creek
douglas-co,flowline,waterways-13343683,nhd-160751126,South Platte River
douglas-co,flowline,waterways-13343765,nhd-117819565,Willow Creek
douglas-co,flowline,waterways-13351100,nhd-117819721,Highline Canal
douglas-co,flowline,waterways-13351179,nhd-160751184,Highline Canal
douglas-co,flowline,waterways-13351192,nhd-160751185,Highline Canal
douglas-co,flowline,waterways-13457824,nhd-117820819,Indian Creek
douglas-co,flowline,waterways-13457831,nhd-160721404,Cook Creek
douglas-co,flowline,waterways-13457842,nhd-160729649,Fourmile Creek
douglas-co,flowline,waterways-13488582,nhd-160722158,East Plum Creek
douglas-co,flowline,waterways-13488595,nhd-117845591,Fourmile Creek
douglas-co,flowline,waterways-13488751,nhd-160716072,Trout Creek
douglas-co,flowline,waterways-13490585,nhd-160739468,Jackson Creek
douglas-co,flowline,waterways-13490949,nhd-117804803,Horse Creek
douglas-co,flowline,waterways-13491487,nhd-117804977,South Platte River
douglas-co,flowline,waterways-13491884,nhd-160738264,Spring Creek
douglas-co,flowline,waterways-13551716,nhd-160740120,Indian Creek
douglas-co,flowline,waterways-13562025,nhd-160734884,Deep Creek
douglas-co,flowline,waterways-13562054,nhd-117801065,Spring Creek
douglas-co,flowline,waterways-13562085,nhd-117799031,Stark Creek
douglas-co,flowline,waterways-13562086,nhd-117801051,Spring Creek
douglas-co,flowline,waterways-13575743,nhd-117823553,Highline Canal
douglas-co,flowline,waterways-13575751,nhd-117801519,West Plum Creek
douglas-co,flowline,waterways-13682469,nhd-160723985,South Platte River
douglas-co,flowline,waterways-13712510,nhd-117816831,Highline Canal
douglas-co,flowline,waterways-13712643,nhd-117837885,West Plum Creek
douglas-co,flowline,waterways-13712655,nhd-160738962,Bear Creek
douglas-co,flowline,waterways-13712661,nhd-117816963,Highline Canal
douglas-co,flowline,waterways-13712737,nhd-117821765,East Plum Creek
douglas-co,flowline,waterways-13712742,nhd-117798059,Watson Park Creek
douglas-co,flowline,waterways-13714411,nhd-117845613,West Creek
douglas-co,flowline,waterways-13714675,nhd-160727581,Jackson Creek
douglas-co,flowline,waterways-13714716,nhd-160739244,Jackson Creek
douglas-co,flowline,waterways-13715977,nhd-117845293,West Creek
douglas-co,flowline,waterways-13724572,nhd-120648676,Kinney Creek
douglas-co,flowline,waterways-13751012,nhd-117816751,Big Dry Creek
douglas-co,flowline,waterways-13785765,nhd-160737818,South Garber Creek
douglas-co,flowline,waterways-13785783,nhd-160730123,Eagle Creek
douglas-co,flowline,waterways-13792020,nhd-117820305,Aurora Rampart Tunnel Number 2
douglas-co,flowline,waterways-13799659,nhd-160733882,Jarre Creek
douglas-co,flowline,waterways-13803873,nhd-117800531,West Plum Creek
douglas-co,flowline,waterways-13906306,nhd-160747113,Willow Creek
douglas-co,flowline,waterways-13936372,nhd-160709751,Little Turkey Creek
douglas-co,flowline,waterways-13936374,nhd-160696490,West Creek
douglas-co,flowline,waterways-13936383,nhd-160717798,East Plum Creek
douglas-co,flowline,waterways-13936409,nhd-117836353,South Platte River
douglas-co,flowline,waterways-13936505,nhd-160730175,Fourmile Creek
douglas-co,flowline,waterways-13936621,nhd-117796437,Turkey Creek
douglas-co,flowline,waterways-13936638,nhd-160740372,Bear Creek
douglas-co,flowline,waterways-13936711,nhd-160738344,Jackson Creek
douglas-co,flowline,waterways-13937806,nhd-160727471,Eagle Creek
douglas-co,flowline,waterways-13937808,nhd-117844959,Trout Creek
douglas-co,flowline,waterways-13938480,nhd-160737121,Jackson Creek
douglas-co,flowline,waterways-13939258,nhd-160712225,Turkey Creek
douglas-co,flowline,waterways-13939504,nhd-117845991,Trout Creek
douglas-co,flowline,waterways-13939983,nhd-160719642,East Plum Creek
douglas-co,flowline,waterways-13947554,nhd-120651264,Haskel Creek
douglas-co,flowline,waterways-13948552,nhd-120648311,Cherry Creek
douglas-co,flowline,waterways-13948591,nhd-120651557,East Cherry Creek
douglas-co,flowline,waterways-13978139,nhd-160751157,Little Willow Creek
douglas-co,flowline,waterways-14010332,nhd-117806031,South Garber Creek
douglas-co,flowline,waterways-14024029,nhd-166955676,Highline Canal
douglas-co,flowline,waterways-14130807,nhd-117816953,Highline Canal
douglas-co,flowline,waterways-14161807,nhd-117822029,East Plum Creek
douglas-co,flowline,waterways-14161827,nhd-160733902,Sugar Creek
douglas-co,flowline,waterways-14161914,nhd-160716890,West Creek
douglas-co,flowline,waterways-14161965,nhd-160722236,East Plum Creek
douglas-co,flowline,waterways-14161976,nhd-160719804,Gove Creek
douglas-co,flowline,waterways-14162058,nhd-160729784,Horse Creek
douglas-co,flowline,waterways-14163513,nhd-160715111,West Creek
douglas-co,flowline,waterways-14163615,nhd-160750587,Willow Creek
douglas-co,flowline,waterways-14163661,nhd-160733480,Sugar Creek
douglas-co,flowline,waterways-14163954,nhd-160740373,Bear Creek
douglas-co,flowline,waterways-14164152,nhd-160740196,Bear Creek
douglas-co,flowline,waterways-14164276,nhd-117821875,Gove Creek
douglas-co,flowline,waterways-14164633,nhd-160725330,Bear Creek
douglas-co,flowline,waterways-14165319,nhd-117816727,Cook Creek
douglas-co,flowline,waterways-14173765,nhd-120648395,Cherry Creek
douglas-co,flowline,waterways-14173986,nhd-120650179,Cherry Creek
douglas-co,flowline,waterways-14174177,nhd-120650824,West Cherry Creek
douglas-co,flowline,waterways-14174213,nhd-120648058,Happy Canyon Creek
douglas-co,flowline,waterways-14241989,nhd-120649277,Cherry Creek
douglas-co,flowline,waterways-14355031,nhd-160721401,Cook Creek
douglas-co,flowline,waterways-14355141,nhd-117803593,Sugar Creek
douglas-co,flowline,waterways-14385927,nhd-160740138,North Garber Creek
douglas-co,flowline,waterways-14386068,nhd-117800055,Watson Park Creek
douglas-co,flowline,waterways-14386072,nhd-160729773,Trout Creek
douglas-co,flowline,waterways-14386257,nhd-117800581,Garber Creek
douglas-co,flowline,waterways-14388377,nhd-160711971,Douglas Creek
douglas-co,flowline,waterways-14389507,nhd-160736431,North Garber Creek
douglas-co,flowline,waterways-14397082,nhd-120649850,Willow Creek
douglas-co,flowline,waterways-14397804,nhd-120648721,Kinney Creek
douglas-co,flowline,waterways-14397826,nhd-120650838,West Cherry Creek
douglas-co,flowline,waterways-14459921,nhd-120648055,Arapahoe Canal
douglas-co,flowline,waterways-14459993,nhd-160733863,Middle Garber Creek
douglas-co,flowline,waterways-14466119,nhd-117819683,Little Willow Creek
douglas-co,flowline,waterways-14580325,nhd-160715347,Fourmile Creek
douglas-co,flowline,waterways-14610689,nhd-160755859,Sugar Creek
douglas-co,flowline,waterways-14610841,nhd-160737326,Jackson Creek
douglas-co,flowline,waterways-14611008,nhd-160750732,Indian Creek
douglas-co,flowline,waterways-14611015,nhd-117837749,East Plum Creek
douglas-co,flowline,waterways-14611030,nhd-117821481,West Plum Creek
douglas-co,flowline,waterways-14611044,nhd-117798115,Watson Park Creek
douglas-co,flowline,waterways-14611066,nhd-117800547,Garber Creek
douglas-co,flowline,waterways-14613805,nhd-117804975,South Platte River
douglas-co,flowline,waterways-14613899,nhd-160715332,West Creek
douglas-co,flowline,waterways-14614245,nhd-117845097,Camp Creek
douglas-co,flowline,waterways-14622951,nhd-120648595,Kinney Creek
douglas-co,flowline,waterways-14684423,nhd-117806145,Middle Garber Creek
douglas-co,flowline,waterways-14684517,nhd-117805825,South Garber Creek
douglas-co,flowline,waterways-14698124,nhd-160724861,West Plum Creek
douglas-co,flowline,waterways-14805160,nhd-160737122,Jackson Creek
douglas-co,flowline,waterways-14805182,nhd-160728562,West Creek
douglas-co,flowline,waterways-14805249,nhd-117798149,Bear Creek
douglas-co,flowline,waterways-14835693,nhd-160722074,Cook Creek
douglas-co,flowline,waterways-14835867,nhd-160725000,Gove Creek
douglas-co,flowline,waterways-14835882,nhd-117844619,Horse Creek
douglas-co,flowline,waterways-14835886,nhd-160717936,Jackson Creek
douglas-co,flowline,waterways-14836970,nhd-160717254,Sugar Creek
douglas-co,flowline,waterways-14837340,nhd-160713174,Fourmile Creek
douglas-co,flowline,waterways-14837341,nhd-117807701,Watson Park Creek
douglas-co,flowline,waterways-14837646,nhd-160737143,Jackson Creek
douglas-co,flowline,waterways-14847597,nhd-120647478,Happy Canyon Creek
douglas-co,flowline,waterways-14848081,nhd-120650196,Cherry Creek
douglas-co,flowline,waterways-14877507,nhd-120651469,Crowfoot Creek
douglas-co,flowline,waterways-14909106,nhd-117798841,Stark Creek
douglas-co,flowline,waterways-14909107,nhd-160719787,Stark Creek
douglas-co,flowline,waterways-14909122,nhd-160733862,Middle Garber Creek
douglas-co,flowline,waterways-14909123,nhd-160727604,Eagle Creek
douglas-co,flowline,waterways-14909142,nhd-160740275,Middle Garber Creek
douglas-co,flowline,waterways-14909143,nhd-160733767,Spring Creek
douglas-co,flowline,waterways-14915378,nhd-117819897,Willow Creek
douglas-co,flowline,waterways-14922894,nhd-117822453,West Plum Creek
douglas-co,flowline,waterways-15029955,nhd-160740178,Bear Creek
douglas-co,flowline,waterways-15060815,nhd-160734871,Jackson Creek
douglas-co,flowline,waterways-15060947,nhd-117800753,Jackson Creek
douglas-co,flowline,waterways-15061015,nhd-160719633,Fern Creek
douglas-co,flowline,waterways-15061020,nhd-160738358,Spring Creek
douglas-co,flowline,waterways-15061026,nhd-117822069,East Plum Creek
douglas-co,flowline,waterways-15061082,nhd-160740370,Bear Creek
douglas-co,flowline,waterways-15061103,nhd-160715430,West Creek
douglas-co,flowline,waterways-15061142,nhd-160739401,Jackson Creek
douglas-co,flowline,waterways-15061153,nhd-117799363,Fern Creek
douglas-co,flowline,waterways-15061202,nhd-117807097,Jackson Creek
douglas-co,flowline,waterways-15063612,nhd-160716266,Trout Creek
douglas-co,flowline,waterways-15064309,nhd-117837837,East Plum Creek
douglas-co,flowline,waterways-15064314,nhd-160723492,Gove Creek
douglas-co,flowline,waterways-15073168,nhd-120651415,Antelope Creek
douglas-co,flowline,waterways-15073234,nhd-120647496,Piney Creek
douglas-co,flowline,waterways-15124202,nhd-160750739,Indian Creek
douglas-co,flowline,waterways-15134621,nhd-160739248,South Garber Creek
douglas-co,flowline,waterways-15134629,nhd-160742080,Pine Creek
douglas-co,flowline,waterways-15140921,nhd-117821075,Little Willow Creek
douglas-co,flowline,waterways-15140933,nhd-117819957,Little Willow Creek
douglas-co,flowline,waterways-15140952,nhd-117820205,Willow Creek
douglas-co,flowline,waterways-15285497,nhd-160717854,Carpenter Creek
douglas-co,flowline,waterways-15285540,nhd-160708834,Trout Creek
douglas-co,flowline,waterways-15285569,nhd-160723536,Gove Creek
douglas-co,flowline,waterways-15285593,nhd-160749014,Rainbow Creek
douglas-co,flowline,waterways-15285685,nhd-117799217,Gove Creek
douglas-co,flowline,waterways-15285706,nhd-117820927,Bear Creek
douglas-co,flowline,waterways-15287124,nhd-117823713,South Platte River
douglas-co,flowline,waterways-15287781,nhd-160739250,North Garber Creek
douglas-co,flowline,waterways-15288243,nhd-160712100,Little Turkey Creek
douglas-co,flowline,waterways-15297478,nhd-120648793,Kinney Creek
douglas-co,flowline,waterways-15297498,nhd-120649518,Cherry Creek
douglas-co,flowline,waterways-15297567,nhd-120650000,Willow Creek
douglas-co,flowline,waterways-15348344,nhd-117820865,Indian Creek
douglas-co,flowline,waterways-15359018,nhd-117806721,Pine Creek
douglas-co,flowline,waterways-15359096,nhd-117807189,Deep Creek
douglas-co,flowline,waterways-15365260,nhd-117819989,Willow Creek
douglas-co,flowline,waterways-15372730,nhd-117801443,West Plum Creek
douglas-co,flowline,waterways-15372831,nhd-117823657,Highline Canal
douglas-co,flowline,waterways-15377053,nhd-117838243,West Plum Creek
douglas-co,flowline,waterways-15510513,nhd-160712000,Turkey Creek
douglas-co,flowline,waterways-15510625,nhd-160737853,Bear Creek
douglas-co,flowline,waterways-15510641,nhd-160725937,Fourmile Creek
douglas-co,flowline,waterways-15510774,nhd-117799281,Fern Creek
douglas-co,flowline,waterways-15512532,nhd-117837847,West Plum Creek
douglas-co,flowline,waterways-15512545,nhd-160737178,Jackson Creek
douglas-co,flowline,waterways-15513308,nhd-117800939,West Plum Creek
douglas-co,flowline,waterways-15522161,nhd-120649054,Cherry Creek
douglas-co,flowline,waterways-15522214,nhd-120651398,Antelope Creek
douglas-co,flowline,waterways-15583682,nhd-160739475,South Garber Creek
douglas-co,flowline,waterways-15583697,nhd-160734883,Deep Creek
douglas-co,flowline,waterways-15583706,nhd-160739404,South Garber Creek
douglas-co,flowline,waterways-15583744,nhd-160734878,Deep Creek
douglas-co,flowline,waterways-15589824,nhd-117801335,Pleasant Park Ditch
douglas-co,flowline,waterways-15703892,nhd-160740197,Bear Creek
douglas-co,flowline,waterways-15734184,nhd-117845241,Fourmile Creek
douglas-co,flowline,waterways-15734237,nhd-160750606,Indian Creek
douglas-co,flowline,waterways-15734242,nhd-117796595,Little Turkey Creek
douglas-co,flowline,waterways-15734323,nhd-160715272,Trout Creek
douglas-co,flowline,waterways-15734344,nhd-117837715,East Plum Creek
douglas-co,flowline,waterways-15734429,nhd-117805637,Garber Creek
douglas-co,flowline,waterways-15734478,nhd-160721382,East Plum Creek
douglas-co,flowline,waterways-15734522,nhd-160712190,Turkey Creek
douglas-co,flowline,waterways-15734584,nhd-160715223,Fourmile Creek
douglas-co,flowline,waterways-15734585,nhd-117799377,Fern Creek
douglas-co,flowline,waterways-15734600,nhd-160723534,Gove Creek
douglas-co,flowline,waterways-15746207,nhd-120651489,West Cherry Creek
douglas-co,flowline,waterways-15746254,nhd-120651260,Haskel Creek
douglas-co,flowline,waterways-15746422,nhd-120650313,Cherry Creek
douglas-co,flowline,waterways-15746504,nhd-120648801,Kinney Creek
douglas-co,flowline,waterways-15807948,nhd-160725339,Stark Creek
douglas-co,flowline,waterways-15813911,nhd-117801777,Bear Creek
douglas-co,flowline,waterways-15929154,nhd-160728822,Sugar Creek
douglas-co,flowline,waterways-15959850,nhd-160715387,West Creek
douglas-co,flowline,waterways-15959874,nhd-160708832,Trout Creek
douglas-co,flowline,waterways-15960021,nhd-160750652,Indian Creek
douglas-co,flowline,waterways-15961855,nhd-160691328,Trout Creek
douglas-co,flowline,waterways-15961912,nhd-160719986,Fern Creek
douglas-co,flowline,waterways-15962088,nhd-160715363,West Creek
douglas-co,flowline,waterways-15963175,nhd-160723631,Watson Park Creek
douglas-co,flowline,waterways-15972121,nhd-120651313,Haskel Creek
douglas-co,flowline,waterways-15998678,nhd-117837241,Big Dry Creek
douglas-co,flowline,waterways-16033482,nhd-160739395,South Garber Creek
douglas-co,flowline,waterways-16033509,nhd-160737835,South Garber Creek
douglas-co,flowline,waterways-16039571,nhd-160749310,South Platte River
douglas-co,flowline,waterways-16184008,nhd-160712783,Gove Creek
douglas-co,flowline,waterways-16184069,nhd-117844909,Trout Creek
douglas-co,flowline,waterways-16184072,nhd-160712148,Turkey Creek
douglas-co,flowline,waterways-16184113,nhd-160734216,Sugar Creek
douglas-co,flowline,waterways-16184169,nhd-117836591,South Platte River
douglas-co,flowline,waterways-16184321,nhd-117800583,West Plum Creek
douglas-co,flowline,waterways-16184324,nhd-117798391,Bear Creek
douglas-co,flowline,waterways-16184337,nhd-117845585,Fourmile Creek
douglas-co,flowline,waterways-16185485,nhd-160737297,Jackson Creek
douglas-co,flowline,waterways-16185505,nhd-160745174,Bear Creek
douglas-co,flowline,waterways-16186144,nhd-160733867,Garber Creek
douglas-co,flowline,waterways-16186789,nhd-160729640,Fourmile Creek
douglas-co,flowline,waterways-16195142,nhd-120650673,Willow Creek
douglas-co,flowline,waterways-16195959,nhd-120650653,Cherry Creek
douglas-co,flowline,waterways-16196008,nhd-120651483,Crowfoot Creek
douglas-co,flowline,waterways-16196161,nhd-120648076,Cherry Creek
douglas-co,flowline,waterways-16196172,nhd-120648359,Happy Canyon Creek
douglas-co,flowline,waterways-16247089,nhd-160740079,Indian Creek
douglas-co,flowline,waterways-16257560,nhd-160727284,Eagle Creek
douglas-co,flowline,waterways-16407799,nhd-160736956,Jackson Creek
douglas-co,flowline,waterways-16407822,nhd-160722112,East Plum Creek
douglas-co,flowline,waterways-16407852,nhd-117820603,Rainbow Creek
douglas-co,flowline,waterways-16407867,nhd-117807675,Spring Creek
douglas-co,flowline,waterways-16407870,nhd-117796765,Little Turkey Creek
douglas-co,flowline,waterways-16407987,nhd-160750041,South Platte River
douglas-co,flowline,waterways-16408042,nhd-117845221,Fourmile Creek
douglas-co,flowline,waterways-16408128,nhd-160729945,Trout Creek
douglas-co,flowline,waterways-16410533,nhd-160715308,West Creek
douglas-co,flowline,waterways-16410565,nhd-160715063,Trout Creek
douglas-co,flowline,waterways-16419596,nhd-120651414,Antelope Creek
douglas-co,flowline,waterways-16419709,nhd-120650999,East Cherry Creek
douglas-co,flowline,waterways-16450478,nhd-117816787,Big Dry Creek
douglas-co,flowline,waterways-16481555,nhd-117845797,Turkey Creek
douglas-co,flowline,waterways-16481578,nhd-160712646,Turkey Creek
douglas-co,flowline,waterways-16602036,nhd-160715322,West Creek
douglas-co,flowline,waterways-16632647,nhd-117796523,Turkey Creek
douglas-co,flowline,waterways-16632729,nhd-160733869,Jackson Creek
douglas-co,flowline,waterways-16632765,nhd-160734239,Sugar Creek
douglas-co,flowline,waterways-16632774,nhd-117837909,East Plum Creek
douglas-co,flowline,waterways-16632956,nhd-160740243,North Garber Creek
douglas-co,flowline,waterways-16632988,nhd-160717310,Fern Creek
douglas-co,flowline,waterways-16634728,nhd-117816689,Willow Creek
douglas-co,flowline,waterways-16634981,nhd-117820825,Bear Creek
douglas-co,flowline,waterways-16636016,nhd-160737079,Jackson Creek
douglas-co,flowline,waterways-16636048,nhd-117845183,Camp Creek
douglas-co,flowline,waterways-16643701,nhd-120648700,Coal Creek
douglas-co,flowline,waterways-16644829,nhd-120649390,Arapahoe Canal
douglas-co,flowline,waterways-16644834,nhd-120651477,West Cherry Creek
douglas-co,flowline,waterways-16671595,nhd-117837191,Big Dry Creek
douglas-co,flowline,waterways-16706495,nhd-160727406,Eagle Creek
douglas-co,flowline,waterways-16706522,nhd-160739448,South Garber Creek
douglas-co,flowline,waterways-16706536,nhd-160734940,Pine Creek
douglas-co,flowline,waterways-16712556,nhd-117801023,West Plum Creek
douglas-co,flowline,waterways-16826494,nhd-117838025,West Plum Creek
douglas-co,flowline,waterways-16826579,nhd-160727583,Jackson Creek
douglas-co,flowline,waterways-16856839,nhd-160750603,Bear Creek
douglas-co,flowline,waterways-16856899,nhd-160722139,Gove Creek
douglas-co,flowline,waterways-16857064,nhd-160740267,Bear Creek
douglas-co,flowline,waterways-16857231,nhd-160750674,Rainbow Creek
douglas-co,flowline,waterways-16857234,nhd-160694558,West Creek
douglas-co,flowline,waterways-16857286,nhd-117799993,Trout Creek
douglas-co,flowline,waterways-16858717,nhd-117844683,Horse Creek
douglas-co,flowline,waterways-16859091,nhd-117845971,Fourmile Creek
douglas-co,flowline,waterways-16859943,nhd-93b6cb5e-95b0-4760-a9dc-bb82fe0c45a6,Garber Creek
douglas-co,flowline,waterways-16860420,nhd-117845647,West Creek
douglas-co,flowline,waterways-16868024,nhd-120651058,Antelope Creek
douglas-co,flowline,waterways-16868057,nhd-120651297,Crowfoot Creek
douglas-co,flowline,waterways-16868820,nhd-120650952,West Cherry Creek
douglas-co,flowline,waterways-16868861,nhd-120647444,Cherry Creek
douglas-co,flowline,waterways-16930553,nhd-117806997,Deep Creek
douglas-co,flowline,waterways-16930568,nhd-160733857,Spring Creek
douglas-co,flowline,waterways-16930569,nhd-160735799,Deep Creek
douglas-co,flowline,waterways-16944182,nhd-117801527,West Plum Creek
douglas-co,flowline,waterways-17051431,nhd-117844961,Trout Creek
douglas-co,flowline,waterways-17082032,nhd-160713471,Fern Creek
douglas-co,flowline,waterways-17082158,nhd-160715178,Fourmile Creek
douglas-co,flowline,waterways-17082229,nhd-117796669,Little Turkey Creek
douglas-co,flowline,waterways-17082239,nhd-160734947,Bear Creek
douglas-co,flowline,waterways-17082332,nhd-391e45db-a3ba-4db9-8244-62442609a0be,West Plum Creek
douglas-co,flowline,waterways-17084533,nhd-160724803,Gove Creek
douglas-co,flowline,waterways-17085657,nhd-160719780,Gove Creek
douglas-co,flowline,waterways-17093241,nhd-120651388,Haskel Creek
douglas-co,flowline,waterways-17145250,nhd-160734964,Indian Creek
douglas-co,flowline,waterways-17155629,nhd-160731171,Deep Creek
douglas-co,flowline,waterways-17155638,nhd-160717267,Deep Creek
douglas-co,flowline,waterways-17305879,nhd-160750640,Little Willow Creek
douglas-co,flowline,waterways-17306078,nhd-160740155,Bear Creek
douglas-co,flowline,waterways-17306115,nhd-117801787,Bear Creek
douglas-co,flowline,waterways-17306148,nhd-117807549,Watson Park Creek
douglas-co,flowline,waterways-17306157,nhd-117803275,Sugar Creek
douglas-co,flowline,waterways-17306158,nhd-160721244,Gove Creek
douglas-co,flowline,waterways-17306174,nhd-117805523,Bear Creek
douglas-co,flowline,waterways-17306260,nhd-117821339,Bear Creek
douglas-co,flowline,waterways-17307366,nhd-117844593,Horse Creek
douglas-co,flowline,waterways-17307376,nhd-160750717,Rainbow Creek
douglas-co,flowline,waterways-17308892,nhd-160749018,Indian Creek
douglas-co,flowline,waterways-17308901,nhd-160715152,Fourmile Creek
douglas-co,flowline,waterways-17308920,nhd-160725121,West Plum Creek
douglas-co,flowline,waterways-17309381,nhd-117816783,Big Dry Creek
douglas-co,flowline,waterways-17318028,nhd-120649425,Cherry Creek
douglas-co,flowline,waterways-17318143,nhd-120651246,Antelope Creek
douglas-co,flowline,waterways-17379736,nhd-117800069,Stark Creek
douglas-co,flowline,waterways-17379794,nhd-160735805,Pine Creek
douglas-co,flowline,waterways-17379797,nhd-117805961,Pine Creek
douglas-co,flowline,waterways-17385863,nhd-117820053,Little Willow Creek
douglas-co,flowline,waterways-17393242,nhd-160739408,Jarre Creek
douglas-co,flowline,waterways-17393330,nhd-160691467,Highline Canal
douglas-co,flowline,waterways-17500361,nhd-117799201,Fern Creek
douglas-co,flowline,waterways-17530658,nhd-117807499,Watson Park Creek
douglas-co,flowline,waterways-17530748,nhd-160745147,Willow Creek
douglas-co,flowline,waterways-17530829,nhd-160733726,Jackson Creek
douglas-co,flowline,waterways-17530836,nhd-117837763,West Plum Creek
douglas-co,flowline,waterways-17530871,nhd-117800039,Trout Creek
douglas-co,flowline,waterways-17530939,nhd-117837915,East Plum Creek
douglas-co,flowline,waterways-17532517,nhd-117837993,East Plum Creek
douglas-co,flowline,waterways-17532747,nhd-160725235,Gove Creek
douglas-co,flowline,waterways-17533543,nhd-160695397,Cook Creek
douglas-co,flowline,waterways-17542691,nhd-120651083,Antelope Creek
douglas-co,flowline,waterways-17542710,nhd-120651408,Haskel Creek
douglas-co,flowline,waterways-17569790,nhd-117816743,Big Dry Creek
douglas-co,flowline,waterways-17604977,nhd-160719616,Stark Creek
douglas-co,flowline,waterways-17611102,nhd-117821085,Willow Creek
douglas-co,flowline,waterways-17756076,nhd-117798025,Bear Creek
douglas-co,flowline,waterways-17756232,nhd-160737880,Bear Creek
douglas-co,flowline,waterways-17756236,nhd-117821807,East Plum Creek
douglas-co,flowline,waterways-17756326,nhd-160737216,Pine Creek
douglas-co,flowline,waterways-17757881,nhd-160715085,West Creek
douglas-co,flowline,waterways-17759580,nhd-160713310,Bear Creek
douglas-co,flowline,waterways-17759607,nhd-117800829,West Plum Creek
douglas-co,flowline,waterways-17759618,nhd-117845057,West Creek
douglas-co,flowline,waterways-17767903,nhd-120648631,Coal Creek
douglas-co,flowline,waterways-17767963,nhd-120651413,West Cherry Creek
douglas-co,flowline,waterways-17768161,nhd-120650491,Willow Creek
douglas-co,flowline,waterways-17768207,nhd-120647755,Happy Canyon Creek
douglas-co,flowline,waterways-17768236,nhd-120651242,Haskel Creek
douglas-co,flowline,waterways-17768401,nhd-120648590,Coal Creek
douglas-co,flowline,waterways-17830304,nhd-160712645,Turkey Creek
douglas-co,flowline,waterways-17830378,nhd-117801831,Spring Creek
douglas-co,flowline,waterways-17830416,nhd-117845145,Eagle Creek
douglas-co,flowline,waterways-17844172,nhd-160724794,West Plum Creek
douglas-co,flowline,waterways-17848315,nhd-117800533,West Plum Creek
douglas-co,flowline,waterways-17980832,nhd-160750753,Little Willow Creek
douglas-co,flowline,waterways-17980875,nhd-117814063,Carpenter Creek
douglas-co,flowline,waterways-17980894,nhd-160729783,Horse Creek
douglas-co,flowline,waterways-17983642,nhd-160720236,West Creek
douglas-co,flowline,waterways-17984085,nhd-117837649,Plum Creek
douglas-co,flowline,waterways-17984122,nhd-117805135,South Platte River
douglas-co,flowline,waterways-17992955,nhd-120651348,East Cherry Creek
douglas-co,flowline,waterways-18054540,nhd-160740335,Middle Garber Creek
douglas-co,flowline,waterways-18054553,nhd-120647923,Arapahoe Canal
douglas-co,flowline,waterways-18054574,nhd-160708030,Stark Creek
douglas-co,flowline,waterways-18054579,nhd-120647933,Arapahoe Canal
douglas-co,flowline,waterways-18054639,nhd-160715181,Turkey Creek
douglas-co,flowline,waterways-18060631,nhd-160737780,West Plum Creek
douglas-co,flowline,waterways-18068149,nhd-117838579,Jarre Creek
douglas-co,flowline,waterways-18204990,nhd-160722078,East Plum Creek
douglas-co,flowline,waterways-18205126,nhd-160713302,West Plum Creek
douglas-co,flowline,waterways-18205202,nhd-117819767,Plum Creek
douglas-co,flowline,waterways-18206509,nhd-117837759,East Plum Creek
douglas-co,flowline,waterways-18206799,nhd-160740242,North Garber Creek
douglas-co,flowline,waterways-18206839,nhd-117837935,East Plum Creek
douglas-co,flowline,waterways-18216067,nhd-120648594,Happy Canyon Creek
douglas-co,flowline,waterways-18216988,nhd-120651180,Antelope Creek
douglas-co,flowline,waterways-18217138,nhd-120651516,West Cherry Creek
douglas-co,flowline,waterways-18217189,nhd-120650998,Antelope Creek
douglas-co,flowline,waterways-18217334,nhd-120648529,Coal Creek
douglas-co,flowline,waterways-18278829,nhd-117806307,Middle Garber Creek
douglas-co,flowline,waterways-18292298,nhd-117823703,South Platte River
douglas-co,flowline,waterways-18429315,nhd-160695590,Fourmile Creek
douglas-co,flowline,waterways-18429375,nhd-160737187,Jackson Creek
douglas-co,flowline,waterways-18429378,nhd-160729676,Trout Creek
douglas-co,flowline,waterways-18429465,nhd-160717629,Fern Creek
douglas-co,flowline,waterways-18429548,nhd-117821671,East Plum Creek
douglas-co,flowline,waterways-18429552,nhd-117837679,East Plum Creek
douglas-co,flowline,waterways-18431149,nhd-160740925,Pine Creek
douglas-co,flowline,waterways-18431167,nhd-117799147,Trout Creek
douglas-co,flowline,waterways-18431510,nhd-117805057,Sugar Creek
douglas-co,flowline,waterways-18432855,nhd-117837735,East Plum Creek
douglas-co,flowline,waterways-18432881,nhd-117821635,Gove Creek
douglas-co,flowline,waterways-18440276,nhd-85b7d5a3-41a7-4b00-8ba1-a2b4dae2cb37,McCracken Ditch
douglas-co,flowline,waterways-18440286,nhd-120648387,Happy Canyon Creek
douglas-co,flowline,waterways-18441107,nhd-120648703,Kinney Creek
douglas-co,flowline,waterways-18441129,nhd-120649476,Arapahoe Canal
douglas-co,flowline,waterways-18502689,nhd-160725013,Stark Creek
douglas-co,flowline,waterways-18502708,nhd-160739392,Middle Garber Creek
douglas-co,flowline,waterways-18502710,nhd-160731167,Deep Creek
douglas-co,flowline,waterways-18502787,nhd-160733766,Spring Creek
douglas-co,flowline,waterways-18516332,nhd-117819657,Highline Canal
douglas-co,flowline,waterways-18516347,nhd-117805335,Jarre Creek
douglas-co,flowline,waterways-18653165,nhd-117837803,East Plum Creek
douglas-co,flowline,waterways-18653186,nhd-160745175,Bear Creek
douglas-co,flowline,waterways-18653256,nhd-117797851,Watson Park Creek
douglas-co,flowline,waterways-18653305,nhd-160750646,Rainbow Creek
douglas-co,flowline,waterways-18653364,nhd-160719731,Gove Creek
douglas-co,flowline,waterways-18653373,nhd-160730865,South Platte River
douglas-co,flowline,waterways-18653378,nhd-160717321,Trout Creek
douglas-co,flowline,waterways-18653502,nhd-160724867,Bear Creek
douglas-co,flowline,waterways-18653541,nhd-160729774,Trout Creek
douglas-co,flowline,waterways-18654985,nhd-117795879,South Platte River
douglas-co,flowline,waterways-18655069,nhd-117837457,Plum Creek
douglas-co,flowline,waterways-18655347,nhd-117794319,East Plum Creek
douglas-co,flowline,waterways-18655412,nhd-117837945,East Plum Creek
douglas-co,flowline,waterways-18655688,nhd-160694566,West Creek
douglas-co,flowline,waterways-18656694,nhd-160729677,Trout Creek
douglas-co,flowline,waterways-18656716,nhd-117820811,Indian Creek
douglas-co,flowline,waterways-18656745,nhd-117799483,Trout Creek
douglas-co,flowline,waterways-18664536,nhd-120651093,Antelope Creek
douglas-co,flowline,waterways-18665676,nhd-120647681,Piney Creek
douglas-co,flowline,waterways-18726714,nhd-117803683,Deep Creek
douglas-co,flowline,waterways-18848092,nhd-160721340,Gove Creek
douglas-co,flowline,waterways-18848126,nhd-117816773,Big Dry Creek
douglas-co,flowline,waterways-18878237,nhd-117798043,Bear Creek
douglas-co,flowline,waterways-18878320,nhd-117821869,Cook Creek
douglas-co,flowline,waterways-18878396,nhd-160700398,Cook Creek
douglas-co,flowline,waterways-18878410,nhd-117820079,Indian Creek
douglas-co,flowline,waterways-18878541,nhd-160716904,Trout Creek
douglas-co,flowline,waterways-18878566,nhd-117795775,South Platte River
douglas-co,flowline,waterways-18878604,nhd-160750686,West Bear Creek
douglas-co,flowline,waterways-18880160,nhd-117822359,Cook Creek
douglas-co,flowline,waterways-18880382,nhd-117805387,Garber Creek
douglas-co,flowline,waterways-18880443,nhd-160745144,Willow Creek
douglas-co,flowline,waterways-18889515,nhd-120648588,Kinney Creek
douglas-co,flowline,waterways-18890282,nhd-120648089,Cherry Creek
douglas-co,flowline,waterways-18952114,nhd-160724947,Stark Creek
douglas-co,flowline,waterways-18952128,nhd-160740082,Middle Garber Creek
douglas-co,flowline,waterways-18952134,nhd-160739321,South Garber Creek
douglas-co,flowline,waterways-18952210,nhd-117807391,Deep Creek
douglas-co,flowline,waterways-18984146,nhd-120648946,Arapahoe Canal
douglas-co,flowline,waterways-19072109,nhd-117838187,West Plum Creek
douglas-co,flowline,waterways-19102820,nhd-160716231,Trout Creek
douglas-co,flowline,waterways-19102841,nhd-117836321,Bear Creek
douglas-co,flowline,waterways-19102944,nhd-160717131,Camp Creek
douglas-co,flowline,waterways-19102996,nhd-117796785,Little Turkey Creek
douglas-co,flowline,waterways-19103019,nhd-117803413,Sugar Creek
douglas-co,flowline,waterways-19103067,nhd-160747291,Rainbow Creek
douglas-co,flowline,waterways-19103101,nhd-117805605,Garber Creek
douglas-co,flowline,waterways-19103102,nhd-160728560,West Creek
douglas-co,flowline,waterways-19103193,nhd-160734240,Sugar Creek
douglas-co,flowline,waterways-19104373,nhd-160715405,Trail Creek
douglas-co,flowline,waterways-19105423,nhd-160713301,West Plum Creek
douglas-co,flowline,waterways-19105693,nhd-160750598,Little Willow Creek
douglas-co,flowline,waterways-19106380,nhd-160719733,Gove Creek
douglas-co,flowline,waterways-19106402,nhd-117821477,West Plum Creek
douglas-co,flowline,waterways-19106427,nhd-160751028,Indian Creek
douglas-co,flowline,waterways-19106458,nhd-160716242,Fern Creek
douglas-co,flowline,waterways-19114318,nhd-120648624,Coal Creek
douglas-co,flowline,waterways-19114862,nhd-120650976,East Cherry Creek
douglas-co,flowline,waterways-19176599,nhd-160740293,Middle Garber Creek
douglas-co,flowline,waterways-19176606,nhd-160712138,Turkey Creek
douglas-co,flowline,waterways-19176617,nhd-117803509,Deep Creek
douglas-co,flowline,waterways-19176618,nhd-160734073,Deep Creek
douglas-co,flowline,waterways-19176666,nhd-117798683,Stark Creek
douglas-co,flowline,waterways-19190328,nhd-117838117,Jarre Creek
douglas-co,flowline,waterways-19296507,nhd-160715225,Fourmile Creek
douglas-co,flowline,waterways-19326989,nhd-117801195,East Plum Creek
douglas-co,flowline,waterways-19326991,nhd-117794213,East Plum Creek
douglas-co,flowline,waterways-19327157,nhd-117822099,Cook Creek
douglas-co,flowline,waterways-19327191,nhd-117837817,East Plum Creek
douglas-co,flowline,waterways-19327239,nhd-117803403,Sugar Creek
douglas-co,flowline,waterways-19329481,nhd-117803615,Sugar Creek
douglas-co,flowline,waterways-19338154,nhd-120647668,Piney Creek
douglas-co,flowline,waterways-19338589,nhd-120650942,East Cherry Creek
douglas-co,flowline,waterways-19365320,nhd-117816745,Big Dry Creek
douglas-co,flowline,waterways-19389918,nhd-160746096,Indian Creek
douglas-co,flowline,waterways-19400361,nhd-117800075,Stark Creek
douglas-co,flowline,waterways-19406505,nhd-117838057,East Plum Creek
douglas-co,flowline,waterways-19406525,nhd-117801727,Bear Creek
douglas-co,flowline,waterways-19418126,nhd-117817151,Big Dry Creek
douglas-co,flowline,waterways-19550540,nhd-160729791,Fourmile Creek
douglas-co,flowline,waterways-19550574,nhd-117807491,Jackson Creek
douglas-co,flowline,waterways-19550664,nhd-160730140,Fourmile Creek
douglas-co,flowline,waterways-19550715,nhd-160729671,Trout Creek
douglas-co,flowline,waterways-19551891,nhd-117845085,Trout Creek
douglas-co,flowline,waterways-19551892,nhd-160730128,Trout Creek
douglas-co,flowline,waterways-19553339,nhd-117844661,Fourmile Creek
douglas-co,flowline,waterways-19553386,nhd-160749253,Willow Creek
douglas-co,flowline,waterways-19553511,nhd-160696445,Fern Creek
douglas-co,flowline,waterways-19562770,nhd-120648038,Cherry Creek
douglas-co,flowline,waterways-19593525,nhd-117816789,Big Dry Creek
douglas-co,flowline,waterways-19624525,nhd-117803501,Deep Creek
douglas-co,flowline,waterways-19624543,nhd-160725012,Stark Creek
douglas-co,flowline,waterways-19624552,nhd-120648169,Arapahoe Canal
douglas-co,flowline,waterways-19624591,nhd-160737315,Middle Garber Creek
douglas-co,flowline,waterways-19624592,nhd-160716932,Stark Creek
douglas-co,flowline,waterways-19624613,nhd-117805889,Pine Creek
douglas-co,flowline,waterways-19630693,nhd-117848115,East Plum Creek
douglas-co,flowline,waterways-19630788,nhd-117793319,East Plum Creek
douglas-co,flowline,waterways-19638122,nhd-117801441,West Plum Creek
douglas-co,flowline,waterways-19774909,nhd-117837449,Plum Creek
douglas-co,flowline,waterways-19774958,nhd-160730023,Horse Creek
douglas-co,flowline,waterways-19774998,nhd-160721338,Gove Creek
douglas-co,flowline,waterways-19775095,nhd-117799175,Gove Creek
douglas-co,flowline,waterways-19776389,nhd-4430aa30-62de-49a6-962b-9fec66a3ace7,Garber Creek
douglas-co,flowline,waterways-19776704,nhd-160737004,Jackson Creek
douglas-co,flowline,waterways-19777226,nhd-117796501,Turkey Creek
douglas-co,flowline,waterways-19777852,nhd-160721522,East Plum Creek
douglas-co,flowline,waterways-19778320,nhd-117820937,Bear Creek
douglas-co,flowline,waterways-19786762,nhd-120651102,Antelope Creek
douglas-co,flowline,waterways-19848153,nhd-160716934,Stark Creek
douglas-co,flowline,waterways-19848190,nhd-160715158,Turkey Creek
douglas-co,flowline,waterways-19848196,nhd-160740375,Middle Garber Creek
douglas-co,flowline,waterways-19848239,nhd-117807219,Deep Creek
douglas-co,flowline,waterways-19861890,nhd-117819625,Plum Creek
douglas-co,flowline,waterways-19861893,nhd-117805361,Jarre Creek
douglas-co,flowline,waterways-20000378,nhd-160712461,Turkey Creek
douglas-co,flowline,waterways-20000478,nhd-117801101,East Plum Creek
douglas-co,flowline,waterways-20000502,nhd-160721335,East Plum Creek
douglas-co,flowline,waterways-20000537,nhd-160715171,Fourmile Creek
douglas-co,flowline,waterways-20000676,nhd-117845101,Camp Creek
douglas-co,flowline,waterways-20002241,nhd-160721337,East Plum Creek
douglas-co,flowline,waterways-20002574,nhd-117845149,Trout Creek
douglas-co,flowline,waterways-20003227,nhd-160715323,West Creek
douglas-co,flowline,waterways-20003865,nhd-117799331,Fern Creek
douglas-co,flowline,waterways-20003892,nhd-117800043,Trout Creek
douglas-co,flowline,waterways-20003919,nhd-160725123,West Plum Creek
douglas-co,flowline,waterways-20011618,nhd-120648354,Cherry Creek
douglas-co,flowline,waterways-20074337,nhd-117806077,Middle Garber Creek
douglas-co,flowline,waterways-20074353,nhd-160737828,South Garber Creek
douglas-co,flowline,waterways-20074356,nhd-117799075,Stark Creek
douglas-co,flowline,waterways-20087754,nhd-160751139,Highline Canal
douglas-co,flowline,waterways-20087767,nhd-117805351,Jarre Creek
douglas-co,flowline,waterways-20087872,nhd-117823311,Highline Canal
douglas-co,flowline,waterways-20225438,nhd-160728572,Fourmile Creek
douglas-co,flowline,waterways-20225525,nhd-117805947,Bear Creek
douglas-co,flowline,waterways-20225715,nhd-117837581,Plum Creek
douglas-co,flowline,waterways-20227161,nhd-117795889,South Platte River
douglas-co,flowline,waterways-20228395,nhd-160713452,Fern Creek
douglas-co,flowline,waterways-20228420,nhd-160708073,Watson Park Creek
douglas-co,flowline,waterways-20236642,nhd-120651085,Antelope Creek
douglas-co,flowline,waterways-20237415,nhd-120651111,West Cherry Creek
douglas-co,flowline,waterways-20237552,nhd-120650446,Cherry Creek
douglas-co,flowline,waterways-20288530,nhd-160749012,Indian Creek
douglas-co,flowline,waterways-20299024,nhd-160727295,Eagle Creek
douglas-co,flowline,waterways-20299035,nhd-160740181,Middle Garber Creek
douglas-co,flowline,waterways-20299082,nhd-160708065,Eagle Creek
douglas-co,flowline,waterways-20299099,nhd-160715450,Turkey Creek
douglas-co,flowline,waterways-20305012,nhd-160750695,Aurora Rampart Tunnel Number 2
douglas-co,flowline,waterways-20305016,nhd-77ba7e0b-f396-4e7a-b276-322dddf05117,West Plum Creek
douglas-co,flowline,waterways-20312560,nhd-117823613,Highline Canal
douglas-co,flowline,waterways-20449159,nhd-117801287,East Plum Creek
douglas-co,flowline,waterways-20449300,nhd-117801353,West Plum Creek
douglas-co,flowline,waterways-20449383,nhd-160722171,Cook Creek
douglas-co,flowline,waterways-20449426,nhd-160696458,Fern Creek
douglas-co,flowline,waterways-20449450,nhd-117800847,West Plum Creek
douglas-co,flowline,waterways-20449497,nhd-160735797,Jackson Creek
douglas-co,flowline,waterways-20451070,nhd-160731242,South Platte River
douglas-co,flowline,waterways-20451106,nhd-160699829,Little Turkey Creek
douglas-co,flowline,waterways-20452246,nhd-160725230,Cook Creek
douglas-co,flowline,waterways-20452817,nhd-117821791,East Plum Creek
douglas-co,flowline,waterways-20452838,nhd-160730090,Camp Creek
douglas-co,flowline,waterways-20452855,nhd-117814031,Carpenter Creek
douglas-co,flowline,waterways-20452856,nhd-117807851,Bear Creek
douglas-co,flowline,waterways-20452890,nhd-117837797,East Plum Creek
douglas-co,flowline,waterways-20460511,nhd-120647485,Cottonwood Creek
douglas-co,flowline,waterways-20461294,nhd-120651003,Antelope Creek
douglas-co,flowline,waterways-20461522,nhd-120649101,Cherry Creek
douglas-co,flowline,waterways-20461550,nhd-120651251,Antelope Creek
douglas-co,flowline,waterways-20523454,nhd-160712656,Turkey Creek
douglas-co,flowline,waterways-20523553,nhd-160740193,Pine Creek
douglas-co,flowline,waterways-20529448,nhd-160736402,West Plum Creek
douglas-co,flowline,waterways-20529464,nhd-117801497,Benjamin Quick Ditch
douglas-co,flowline,waterways-20541237,nhd-117816975,Willow Creek
douglas-co,flowline,waterways-20541266,nhd-117838627,West Plum Creek
douglas-co,flowline,waterways-20673555,nhd-117820515,Willow Creek
douglas-co,flowline,waterways-20673612,nhd-160724765,Bear Creek
douglas-co,flowline,waterways-20673643,nhd-117822093,East Plum Creek
douglas-co,flowline,waterways-20673696,nhd-160721462,Gove Creek
douglas-co,flowline,waterways-20673735,nhd-160712441,Little Turkey Creek
douglas-co,flowline,waterways-20673756,nhd-117844519,Horse Creek
douglas-co,flowline,waterways-20673833,nhd-160737170,Watson Park Creek
douglas-co,flowline,waterways-20673858,nhd-160725939,Fourmile Creek
douglas-co,flowline,waterways-20673958,nhd-117837611,Plum Creek
douglas-co,flowline,waterways-20675711,nhd-160716977,Fern Creek
douglas-co,flowline,waterways-20675796,nhd-117821649,East Plum Creek
douglas-co,flowline,waterways-20676094,nhd-117797909,Jackson Creek
douglas-co,flowline,waterways-20676103,nhd-160737177,Jackson Creek
douglas-co,flowline,waterways-20676126,nhd-160747280,Indian Creek
douglas-co,flowline,waterways-20676844,nhd-117797843,Jackson Creek
douglas-co,flowline,waterways-20677248,nhd-9d5deec9-ec62-4faf-8ca0-be0af9cdf617,West Plum Creek
douglas-co,flowline,waterways-20684802,nhd-120647738,Cherry Creek
douglas-co,flowline,waterways-20684849,nhd-e3ce1423-36ed-4a51-bfe1-c7c91071f938,Alderman Ditch
douglas-co,flowline,waterways-20685666,nhd-120651023,East Cherry Creek
douglas-co,flowline,waterways-20685722,nhd-0106cc15-5583-4d5e-9c01-bede8aac0e1d,East Cherry Creek
douglas-co,flowline,waterways-20685821,nhd-120648678,Kinney Creek
douglas-co,flowline,waterways-20747263,nhd-160739353,South Garber Creek
douglas-co,flowline,waterways-20747264,nhd-160731170,Deep Creek
douglas-co,flowline,waterways-20747299,nhd-160740334,Middle Garber Creek
douglas-co,flowline,waterways-20747339,nhd-160715455,Turkey Creek
douglas-co,flowline,waterways-20753996,nhd-120649416,Cherry Creek
douglas-co,flowline,waterways-20816674,nhd-120647824,Arapahoe Canal
douglas-co,flowline,waterways-20897585,nhd-117837717,East Plum Creek
douglas-co,flowline,waterways-20897629,nhd-160721474,Gove Creek
douglas-co,flowline,waterways-20897740,nhd-160743642,Rainbow Creek
douglas-co,flowline,waterways-20897761,nhd-160737169,Watson Park Creek
douglas-co,flowline,waterways-20897822,nhd-160737063,Watson Park Creek
douglas-co,flowline,waterways-20899700,nhd-160712230,Douglas Creek
douglas-co,flowline,waterways-20899955,nhd-a78d0269-44ad-4af4-8eba-bf575ca08254,Kountz Ditch
douglas-co,flowline,waterways-20900609,nhd-160713442,Fern Creek
douglas-co,flowline,waterways-20901067,nhd-160714795,Bear Creek
douglas-co,flowline,waterways-20909497,nhd-120649996,Willow Creek
douglas-co,flowline,waterways-20909720,nhd-120651095,Antelope Creek
douglas-co,flowline,waterways-20909918,nhd-120651327,Haskel Creek
douglas-co,flowline,waterways-20971367,nhd-117806423,Pine Creek
douglas-co,flowline,waterways-20971380,nhd-117845829,Turkey Creek
douglas-co,flowline,waterways-20971387,nhd-160739311,Middle Garber Creek
douglas-co,flowline,waterways-20971398,nhd-160711800,South Platte River
douglas-co,flowline,waterways-20988935,nhd-120648674,Kinney Creek
douglas-co,flowline,waterways-21091674,nhd-160734893,Jackson Creek
douglas-co,flowline,waterways-21091796,nhd-160695596,Trail Creek
douglas-co,flowline,waterways-21122083,nhd-117837693,East Plum Creek
douglas-co,flowline,waterways-21122120,nhd-117796391,Turkey Creek
douglas-co,flowline,waterways-21122121,nhd-160715404,Trail Creek
douglas-co,flowline,waterways-21122248,nhd-160750769,Willow Creek
douglas-co,flowline,waterways-21122299,nhd-160715031,Fourmile Creek
douglas-co,flowline,waterways-21123518,nhd-117822283,Carpenter Creek
douglas-co,flowline,waterways-21124224,nhd-160727976,Watson Park Creek
douglas-co,flowline,waterways-21124251,nhd-117820799,Bear Creek
douglas-co,flowline,waterways-21124455,nhd-117820455,Willow Creek
douglas-co,flowline,waterways-21124795,nhd-117800033,Trout Creek
douglas-co,flowline,waterways-21125505,nhd-160736993,Jackson Creek
douglas-co,flowline,waterways-21125517,nhd-160695614,Fourmile Creek
douglas-co,flowline,waterways-21125545,nhd-117820663,Indian Creek
douglas-co,flowline,waterways-21134146,nhd-120650884,West Cherry Creek
douglas-co,flowline,waterways-21134251,nhd-120648466,Kinney Creek
douglas-co,flowline,waterways-21196110,nhd-160733864,Middle Garber Creek
douglas-co,flowline,waterways-21196153,nhd-160737827,South Garber Creek
douglas-co,flowline,waterways-21272736,nhd-117816699,Arapahoe Canal
douglas-co,flowline,waterways-21347737,nhd-117820617,Rainbow Creek
douglas-co,flowline,waterways-21347742,nhd-117837597,Plum Creek
douglas-co,flowline,waterways-21347752,nhd-160750692,Rainbow Creek
douglas-co,flowline,waterways-21347804,nhd-160730162,South Platte River
douglas-co,flowline,waterways-21347822,nhd-160736432,North Garber Creek
douglas-co,flowline,waterways-21347940,nhd-160725252,Spring Creek
douglas-co,flowline,waterways-21347990,nhd-5a545947-b89b-4e9f-9bff-bf71e6bdcdfb,East Plum Creek Ditch
douglas-co,flowline,waterways-21349088,nhd-117798157,Bear Creek
douglas-co,flowline,waterways-21349155,nhd-160721226,Gove Creek
douglas-co,flowline,waterways-21349819,nhd-160715142,Trail Creek
douglas-co,flowline,waterways-21350717,nhd-160721397,East Plum Creek
douglas-co,flowline,waterways-21359739,nhd-120651274,Haskel Creek
douglas-co,flowline,waterways-21421098,nhd-160736960,Deep Creek
douglas-co,flowline,waterways-21421137,nhd-117806473,Pine Creek
douglas-co,flowline,waterways-21421187,nhd-117806155,Pine Creek
douglas-co,flowline,waterways-21540726,nhd-160721423,East Plum Creek
douglas-co,flowline,waterways-21540811,nhd-160725201,Bear Creek
douglas-co,flowline,waterways-21571149,nhd-117799777,East Plum Creek
douglas-co,flowline,waterways-21571233,nhd-160734172,Sugar Creek
douglas-co,flowline,waterways-21571277,nhd-117819835,Plum Creek
douglas-co,flowline,waterways-21571507,nhd-117798045,Watson Park Creek
douglas-co,flowline,waterways-21571516,nhd-117837643,Plum Creek
douglas-co,flowline,waterways-21572938,nhd-117822027,East Plum Creek
douglas-co,flowline,waterways-21573013,nhd-117803549,Sugar Creek
douglas-co,flowline,waterways-21573507,nhd-160740238,Bear Creek
douglas-co,flowline,waterways-21583221,nhd-120647651,Cherry Creek
douglas-co,flowline,waterways-21583247,nhd-120648267,Happy Canyon Creek
douglas-co,flowline,waterways-21583659,nhd-120647520,Piney Creek
douglas-co,flowline,waterways-21583671,nhd-120647536,Happy Canyon Creek
douglas-co,flowline,waterways-21610430,nhd-117816799,Big Dry Creek
douglas-co,flowline,waterways-21645919,nhd-117806505,Pine Creek
douglas-co,flowline,waterways-21659598,nhd-117819655,Highline Canal
douglas-co,flowline,waterways-21659599,nhd-117819737,Highline Canal
douglas-co,flowline,waterways-21659609,nhd-117823509,Highline Canal
douglas-co,flowline,waterways-21663921,nhd-117801197,Bear Creek
douglas-co,flowline,waterways-21678536,nhd-117803515,Sugar Creek
douglas-co,flowline,waterways-21796793,nhd-160729701,West Creek
douglas-co,flowline,waterways-21796911,nhd-117837513,Plum Creek
douglas-co,flowline,waterways-21796921,nhd-117822383,Cook Creek
douglas-co,flowline,waterways-21796942,nhd-160725202,Bear Creek
douglas-co,flowline,waterways-21796978,nhd-160715060,Trout Creek
douglas-co,flowline,waterways-21796985,nhd-160716908,West Creek
douglas-co,flowline,waterways-21797019,nhd-160725479,Bear Creek
douglas-co,flowline,waterways-21798161,nhd-160721422,East Plum Creek
douglas-co,flowline,waterways-21798785,nhd-117823701,South Platte River
douglas-co,flowline,waterways-21798830,nhd-160721263,Cook Creek
douglas-co,flowline,waterways-21799660,nhd-117807645,Watson Park Creek
douglas-co,flowline,waterways-21800301,nhd-117823725,South Platte River
douglas-co,flowline,waterways-21807920,nhd-120648880,Coal Creek
douglas-co,flowline,waterways-21870917,nhd-160737898,Pine Creek
douglas-co,flowline,waterways-21870944,nhd-117801063,Spring Creek
douglas-co,flowline,waterways-21870961,nhd-120648224,Arapahoe Canal
douglas-co,flowline,waterways-21871018,nhd-160741422,Pine Creek
douglas-co,flowline,waterways-21871019,nhd-160736988,Deep Creek
douglas-co,flowline,waterways-21877166,nhd-117801429,Bear Creek
douglas-co,flowline,waterways-21884680,nhd-117819751,Denver Municipal Aqueduct
douglas-co,flowline,waterways-22021794,nhd-160708841,Horse Creek
douglas-co,flowline,waterways-22021931,nhd-160733790,Sugar Creek
douglas-co,flowline,waterways-22021961,nhd-117837633,East Plum Creek
douglas-co,flowline,waterways-22021963,nhd-117799915,East Plum Creek
douglas-co,flowline,waterways-22023163,nhd-160716906,Trout Creek
douglas-co,flowline,waterways-22023202,nhd-160740200,Bear Creek
douglas-co,flowline,waterways-22023557,nhd-117822083,East Plum Creek
douglas-co,flowline,waterways-22024113,nhd-117799255,Fern Creek
douglas-co,flowline,waterways-22024538,nhd-117799911,East Plum Creek
douglas-co,flowline,waterways-22024772,nhd-117800977,East Plum Creek
douglas-co,flowline,waterways-22025257,nhd-117846005,West Creek
douglas-co,flowline,waterways-22032927,nhd-120651155,East Cherry Creek
douglas-co,flowline,waterways-22033728,nhd-120648733,Cherry Creek
douglas-co,flowline,waterways-22033819,nhd-120651258,West Cherry Creek
douglas-co,flowline,waterways-22096063,nhd-160739421,Middle Garber Creek
douglas-co,flowline,waterways-22096141,nhd-160724907,Stark Creek
douglas-co,flowline,waterways-22102172,nhd-160751083,Little Willow Creek
douglas-co,flowline,waterways-22102190,nhd-117838077,East Plum Creek
douglas-co,flowline,waterways-22109765,nhd-117838151,Jarre Creek
douglas-co,flowline,waterways-22215552,nhd-117844521,Fourmile Creek
douglas-co,flowline,waterways-22245935,nhd-117845961,Fourmile Creek
douglas-co,flowline,waterways-22246018,nhd-117845025,Trout Creek
douglas-co,flowline,waterways-22246025,nhd-160712695,East Plum Creek
douglas-co,flowline,waterways-22246041,nhd-160722079,East Plum Creek
douglas-co,flowline,waterways-22246149,nhd-117806355,Jackson Creek
douglas-co,flowline,waterways-22246196,nhd-160750593,Willow Creek
douglas-co,flowline,waterways-22246207,nhd-160725034,Bear Creek
douglas-co,flowline,waterways-22246281,nhd-160712400,South Platte River
douglas-co,flowline,waterways-22246299,nhd-160730013,Camp Creek
douglas-co,flowline,waterways-22247760,nhd-160717128,Horse Creek
douglas-co,flowline,waterways-22248059,nhd-160725521,Bear Creek
douglas-co,flowline,waterways-22248974,nhd-160725059,Bear Creek
douglas-co,flowline,waterways-22249029,nhd-160750677,Bear Creek
douglas-co,flowline,waterways-22258189,nhd-120647733,Piney Creek
douglas-co,flowline,waterways-22258235,nhd-120649424,Arapahoe Canal
douglas-co,flowline,waterways-22319780,nhd-160742087,Pine Creek
douglas-co,flowline,waterways-22319825,nhd-117806249,Pine Creek
douglas-co,flowline,waterways-22319878,nhd-120647979,Arapahoe Canal
douglas-co,flowline,waterways-22325915,nhd-117838081,East Plum Creek
douglas-co,flowline,waterways-22325921,nhd-117801377,Bear Creek
douglas-co,flowline,waterways-22333381,nhd-117801517,West Plum Creek
douglas-co,flowline,waterways-22333382,nhd-160733883,Jarre Creek
douglas-co,flowline,waterways-22333467,nhd-117838095,Jarre Creek
douglas-co,flowline,waterways-22337596,nhd-117819653,Plum Creek
douglas-co,flowline,waterways-22439953,nhd-117816683,Willow Creek
douglas-co,flowline,waterways-22439963,nhd-160728573,Fourmile Creek
douglas-co,flowline,waterways-22440055,nhd-117844737,Horse Creek
douglas-co,flowline,waterways-22470377,nhd-117822107,Cook Creek
douglas-co,flowline,waterways-22470388,nhd-117803373,Sugar Creek
douglas-co,flowline,waterways-22470403,nhd-160734217,Sugar Creek
douglas-co,flowline,waterways-22470435,nhd-160740007,North Garber Creek
douglas-co,flowline,waterways-22470451,nhd-160712407,Little Turkey Creek
douglas-co,flowline,waterways-22470476,nhd-160740065,Bear Creek
douglas-co,flowline,waterways-22470501,nhd-117806651,Jackson Creek
douglas-co,flowline,waterways-22470509,nhd-117836427,South Platte River
douglas-co,flowline,waterways-22470615,nhd-160724831,West Plum Creek
douglas-co,flowline,waterways-22470654,nhd-117837821,East Plum Creek
douglas-co,flowline,waterways-22470667,nhd-160737252,Jackson Creek
douglas-co,flowline,waterways-22471885,nhd-117805627,North Garber Creek
douglas-co,flowline,waterways-22472536,nhd-160696722,Trout Creek
douglas-co,flowline,waterways-22472824,nhd-160734303,Sugar Creek
douglas-co,flowline,waterways-22473389,nhd-160730153,Fourmile Creek
douglas-co,flowline,waterways-22473962,nhd-160729944,Trout Creek
douglas-co,flowline,waterways-22481738,nhd-120648886,Kinney Creek
douglas-co,flowline,waterways-22482469,nhd-120650667,Willow Creek
douglas-co,flowline,waterways-22482711,nhd-120648350,Cherry Creek
douglas-co,flowline,waterways-22544112,nhd-160740057,Middle Garber Creek
douglas-co,flowline,waterways-22544113,nhd-160737316,Middle Garber Creek
douglas-co,flowline,waterways-22544133,nhd-160737139,Deep Creek
douglas-co,flowline,waterways-22544171,nhd-160740051,Pine Creek
douglas-co,flowline,waterways-22557620,nhd-160724860,West Plum Creek
douglas-co,flowline,waterways-22557685,nhd-117823663,Plum Creek
douglas-co,flowline,waterways-22557686,nhd-160739305,Jarre Creek
douglas-co,flowline,waterways-22663506,nhd-117819801,Plum Creek
douglas-co,flowline,waterways-22693687,nhd-160725492,Bear Creek
douglas-co,flowline,waterways-22693884,nhd-117816785,Big Dry Creek
douglas-co,flowline,waterways-22693915,nhd-117837561,Plum Creek
douglas-co,flowline,waterways-22693925,nhd-160722157,East Plum Creek
douglas-co,flowline,waterways-22693936,nhd-117837309,Plum Creek
douglas-co,flowline,waterways-22694046,nhd-117844783,Horse Creek
douglas-co,flowline,waterways-22694070,nhd-160714748,Jackson Creek
douglas-co,flowline,waterways-22694084,nhd-160722104,Cook Creek
douglas-co,flowline,waterways-22694131,nhd-160724772,Bear Creek
douglas-co,flowline,waterways-22695659,nhd-160716303,Trout Creek
douglas-co,flowline,waterways-22696864,nhd-160709872,Horse Creek
douglas-co,flowline,waterways-22697338,nhd-160739377,Jackson Creek
douglas-co,flowline,waterways-22705733,nhd-120651030,East Cherry Creek
douglas-co,flowline,waterways-22705789,nhd-120647484,Cherry Creek
douglas-co,flowline,waterways-22767844,nhd-117805795,Middle Garber Creek
douglas-co,flowline,waterways-22767864,nhd-117802473,Pine Creek
douglas-co,flowline,waterways-22767876,nhd-160737817,South Garber Creek
douglas-co,flowline,waterways-22767889,nhd-160725292,Stark Creek
douglas-co,flowline,waterways-22767931,nhd-160740374,Middle Garber Creek
douglas-co,flowline,waterways-22774119,nhd-117801769,Bear Creek
douglas-co,flowline,waterways-22918659,nhd-160740139,North Garber Creek
douglas-co,flowline,waterways-22918697,nhd-117798019,Bear Creek
douglas-co,flowline,waterways-22918716,nhd-117844937,Trout Creek
douglas-co,flowline,waterways-22918717,nhd-117845109,Trout Creek
douglas-co,flowline,waterways-22918749,nhd-117804939,Pine Creek
douglas-co,flowline,waterways-22918804,nhd-160737224,Pine Creek
douglas-co,flowline,waterways-22918819,nhd-160733095,Sugar Creek
douglas-co,flowline,waterways-22918855,nhd-160740211,Bear Creek
douglas-co,flowline,waterways-22920389,nhd-160721521,East Plum Creek
douglas-co,flowline,waterways-22920410,nhd-117800891,West Plum Creek
douglas-co,flowline,waterways-22922128,nhd-117807533,Jackson Creek
douglas-co,flowline,waterways-22929722,nhd-120648119,Cherry Creek
douglas-co,flowline,waterways-22929771,nhd-120648042,Happy Canyon Creek
douglas-co,flowline,waterways-22930527,nhd-120651106,Antelope Creek
douglas-co,flowline,waterways-22930931,nhd-2a5de023-2dd3-42c8-a9f4-5eaa42e8a3dc,West Cherry Creek
douglas-co,flowline,waterways-22999041,nhd-117801729,Bear Creek
douglas-co,flowline,waterways-22999059,nhd-117819591,Willow Creek
douglas-co,flowline,waterways-23143512,nhd-117838297,West Plum Creek
douglas-co,flowline,waterways-23143550,nhd-117845375,Trout Creek
douglas-co,flowline,waterways-23143622,nhd-117820985,South Platte River
douglas-co,flowline,waterways-23143804,nhd-160712319,South Platte River
douglas-co,flowline,waterways-23143829,nhd-160737147,Jackson Creek
douglas-co,flowline,waterways-23145851,nhd-117796737,Little Turkey Creek
douglas-co,flowline,waterways-23146102,nhd-117844375,Horse Creek
douglas-co,flowline,waterways-23146814,nhd-117835459,Bear Creek
douglas-co,flowline,waterways-23147296,nhd-160740266,Bear Creek
douglas-co,flowline,waterways-23155487,nhd-120647532,Cherry Creek
douglas-co,flowline,waterways-23155491,nhd-120650805,East Cherry Creek
douglas-co,flowline,waterways-23155544,nhd-120650535,Willow Creek
douglas-co,flowline,waterways-23155713,nhd-120651076,Antelope Creek
douglas-co,flowline,waterways-23217187,nhd-117806107,Middle Garber Creek
douglas-co,flowline,waterways-23217242,nhd-160739328,South Garber Creek
douglas-co,flowline,waterways-23223254,nhd-117801735,Pleasant Park Ditch
douglas-co,flowline,waterways-23223585,nhd-120649362,Cherry Creek
douglas-co,flowline,waterways-23367509,nhd-160737871,North Garber Creek
douglas-co,flowline,waterways-23367638,nhd-117837879,East Plum Creek
douglas-co,flowline,waterways-23367641,nhd-117845955,Fourmile Creek
douglas-co,flowline,waterways-23367643,nhd-117805193,Horse Creek
douglas-co,flowline,waterways-23367724,nhd-117807861,Bear Creek
douglas-co,flowline,waterways-23367795,nhd-160748363,West Bear Creek
douglas-co,flowline,waterways-23367880,nhd-160708074,Watson Park Creek
douglas-co,flowline,waterways-23367881,nhd-160715300,Trail Creek
douglas-co,flowline,waterways-23367909,nhd-160727504,Eagle Creek
douglas-co,flowline,waterways-23369754,nhd-160696721,Trout Creek
douglas-co,flowline,waterways-23369787,nhd-160700330,Little Turkey Creek
douglas-co,flowline,waterways-23370044,nhd-117799717,East Plum Creek
douglas-co,flowline,waterways-23370052,nhd-117837431,Plum Creek
douglas-co,flowline,waterways-23370100,nhd-160715172,Fourmile Creek
douglas-co,flowline,waterways-23379683,nhd-120648795,Kinney Creek
douglas-co,flowline,waterways-23431182,nhd-160738960,Indian Creek
douglas-co,flowline,waterways-23431221,nhd-117820913,Indian Creek
douglas-co,flowline,waterways-23441783,nhd-160725189,Stark Creek
douglas-co,flowline,waterways-23441841,nhd-117845715,Turkey Creek
douglas-co,flowline,waterways-23441866,nhd-160737855,Middle Garber Creek
douglas-co,flowline,waterways-23447906,nhd-117801371,Bear Creek
douglas-co,flowline,waterways-23561669,nhd-160724770,Bear Creek
douglas-co,flowline,waterways-23561701,nhd-117845821,West Creek
douglas-co,flowline,waterways-23592263,nhd-160743638,Indian Creek
douglas-co,flowline,waterways-23592285,nhd-160717627,Fern Creek
douglas-co,flowline,waterways-23592363,nhd-160749257,Little Willow Creek
douglas-co,flowline,waterways-23592367,nhd-160737251,Jackson Creek
douglas-co,flowline,waterways-23592382,nhd-117801119,East Plum Creek
douglas-co,flowline,waterways-23592414,nhd-160695598,Fourmile Creek
douglas-co,flowline,waterways-23592469,nhd-117821799,Gove Creek
douglas-co,flowline,waterways-23592475,nhd-160733494,Sugar Creek
douglas-co,flowline,waterways-23592542,nhd-117837455,Plum Creek
douglas-co,flowline,waterways-23592653,nhd-160749283,Indian Creek
douglas-co,flowline,waterways-23593777,nhd-117798435,Bear Creek
douglas-co,flowline,waterways-23594142,nhd-160730072,Horse Creek
douglas-co,flowline,waterways-23594478,nhd-160712821,Cook Creek
douglas-co,flowline,waterways-23594720,nhd-160724802,Gove Creek
douglas-co,flowline,waterways-23595366,nhd-117807731,Watson Park Creek
douglas-co,flowline,waterways-23595813,nhd-160733727,Jackson Creek
douglas-co,flowline,waterways-23603377,nhd-120651273,Haskel Creek
douglas-co,flowline,waterways-23604178,nhd-120651255,East Cherry Creek
douglas-co,flowline,waterways-23604192,nhd-120650738,Cherry Creek
douglas-co,flowline,waterways-23604254,nhd-120647931,Piney Creek
douglas-co,flowline,waterways-23604563,nhd-120650044,Willow Creek
douglas-co,flowline,waterways-23671755,nhd-117819827,Willow Creek
douglas-co,flowline,waterways-23671769,nhd-117819567,Willow Creek
douglas-co,flowline,waterways-23679466,nhd-117820843,Jarre Creek
douglas-co,flowline,waterways-23683676,nhd-117823723,South Platte River
douglas-co,flowline,waterways-23786530,nhd-117801235,East Plum Creek
douglas-co,flowline,waterways-23816763,nhd-160730211,Horse Creek
douglas-co,flowline,waterways-23816841,nhd-117801339,East Plum Creek
douglas-co,flowline,waterways-23816898,nhd-117807781,Watson Park Creek
douglas-co,flowline,waterways-23817048,nhd-160736963,Jackson Creek
douglas-co,flowline,waterways-23817049,nhd-160721426,East Plum Creek
douglas-co,flowline,waterways-23817195,nhd-117814183,Carpenter Creek
douglas-co,flowline,waterways-23818395,nhd-160725236,Gove Creek
douglas-co,flowline,waterways-23818693,nhd-160737042,Jackson Creek
douglas-co,flowline,waterways-23819018,nhd-160736438,Jackson Creek
douglas-co,flowline,waterways-23820434,nhd-117800711,West Plum Creek
douglas-co,flowline,waterways-23820450,nhd-117807891,Spring Creek
douglas-co,flowline,waterways-23820530,nhd-160722136,Cook Creek
douglas-co,flowline,waterways-23820531,nhd-160739340,Jackson Creek
douglas-co,flowline,waterways-23828218,nhd-120648775,Cherry Creek
douglas-co,flowline,waterways-23828250,nhd-120648008,Happy Canyon Creek
douglas-co,flowline,waterways-23891852,nhd-117821483,Stark Creek
douglas-co,flowline,waterways-23891858,nhd-117798451,Stark Creek
douglas-co,flowline,waterways-23891864,nhd-160737057,Pine Creek
douglas-co,flowline,waterways-23897943,nhd-117819971,Little Willow Creek
douglas-co,flowline,waterways-24041579,nhd-160724732,Gove Creek
douglas-co,flowline,waterways-24041672,nhd-117822079,East Plum Creek
douglas-co,flowline,waterways-24041695,nhd-160721533,East Plum Creek
douglas-co,flowline,waterways-24041745,nhd-160747592,Indian Creek
douglas-co,flowline,waterways-24041802,nhd-160694550,West Creek
douglas-co,flowline,waterways-24041837,nhd-160750616,Indian Creek
douglas-co,flowline,waterways-24041844,nhd-117806559,Jackson Creek
douglas-co,flowline,waterways-24041847,nhd-160712099,Little Turkey Creek
douglas-co,flowline,waterways-24041919,nhd-160737322,Jackson Creek
douglas-co,flowline,waterways-24041931,nhd-117837723,East Plum Creek
douglas-co,flowline,waterways-24041936,nhd-160694541,West Creek
douglas-co,flowline,waterways-24041989,nhd-117801437,East Plum Creek
douglas-co,flowline,waterways-24043190,nhd-160721465,Cook Creek
douglas-co,flowline,waterways-24043379,nhd-bf130962-c182-49e9-989d-93a405fef09b,Garber Creek
douglas-co,flowline,waterways-24044188,nhd-117816775,Big Dry Creek
douglas-co,flowline,waterways-24044522,nhd-160715361,West Creek
douglas-co,flowline,waterways-24044738,nhd-117822275,Cook Creek
douglas-co,flowline,waterways-24045276,nhd-117845065,West Creek
douglas-co,flowline,waterways-24053029,nhd-120651418,Antelope Creek
douglas-co,flowline,waterways-24053792,nhd-120651306,East Cherry Creek
douglas-co,flowline,waterways-24053983,nhd-120648314,Cherry Creek
douglas-co,flowline,waterways-24054010,nhd-120651235,Haskel Creek
douglas-co,flowline,waterways-24054016,nhd-76ad3f24-fbbf-40e4-b1d7-42930bbf7fd2,Cottonwood Creek
douglas-co,flowline,waterways-24115742,nhd-160715090,Turkey Creek
douglas-co,flowline,waterways-24115764,nhd-117805743,Middle Garber Creek
douglas-co,flowline,waterways-24115770,nhd-160738963,Middle Garber Creek
douglas-co,flowline,waterways-24115771,nhd-160742072,Pine Creek
douglas-co,flowline,waterways-24115821,nhd-160719635,Stark Creek
douglas-co,flowline,waterways-24267782,nhd-160733853,South Platte River
douglas-co,flowline,waterways-24267792,nhd-160733729,Jackson Creek
douglas-co,flowline,waterways-24267860,nhd-160715136,Fourmile Creek
douglas-co,flowline,waterways-24267896,nhd-117799485,Fern Creek
douglas-co,flowline,waterways-24267899,nhd-160740246,Bear Creek
douglas-co,flowline,waterways-24267907,nhd-160729662,Trout Creek
douglas-co,flowline,waterways-24267963,nhd-160750645,Rainbow Creek
douglas-co,flowline,waterways-24269068,nhd-160755858,Sugar Creek
douglas-co,flowline,waterways-24269960,nhd-117801039,East Plum Creek
douglas-co,flowline,waterways-24270073,nhd-160721276,Cook Creek
douglas-co,flowline,waterways-24278630,nhd-120648460,Cherry Creek
douglas-co,flowline,waterways-24279464,nhd-120649635,Cherry Creek
douglas-co,flowline,waterways-24279669,nhd-120647604,Cottonwood Creek
douglas-co,flowline,waterways-24330408,nhd-160749011,Indian Creek
douglas-co,flowline,waterways-24330443,nhd-160750740,Indian Creek
douglas-co,flowline,waterways-24330447,nhd-117820899,Indian Creek
douglas-co,flowline,waterways-24340938,nhd-117806161,Pine Creek
douglas-co,flowline,waterways-24347126,nhd-117801765,Bear Creek
douglas-co,flowline,waterways-24461055,nhd-160694564,West Creek
douglas-co,flowline,waterways-24461148,nhd-160740446,South Platte River
douglas-co,flowline,waterways-24491595,nhd-160713454,Fern Creek
douglas-co,flowline,waterways-24491645,nhd-117796319,Turkey Creek
douglas-co,flowline,waterways-24491728,nhd-160735994,Sugar Creek
douglas-co,flowline,waterways-24491776,nhd-117822195,Cook Creek
douglas-co,flowline,waterways-24491795,nhd-117838015,East Plum Creek
douglas-co,flowline,waterways-24491855,nhd-117803609,Sugar Creek
douglas-co,flowline,waterways-24491867,nhd-160719754,East Plum Creek
douglas-co,flowline,waterways-24491876,nhd-117805717,North Garber Creek
douglas-co,flowline,waterways-24491902,nhd-160719786,Fern Creek
douglas-co,flowline,waterways-24491906,nhd-117801525,East Plum Creek
douglas-co,flowline,waterways-24493111,nhd-160715082,West Creek
douglas-co,flowline,waterways-24494628,nhd-117820509,West Bear Creek
douglas-co,flowline,waterways-24503582,nhd-120651480,West Cherry Creek
douglas-co,flowline,waterways-24565813,nhd-117805829,Middle Garber Creek
douglas-co,flowline,waterways-24565821,nhd-160739360,Middle Garber Creek
douglas-co,flowline,waterways-24565830,nhd-160720602,South Garber Creek
douglas-co,flowline,waterways-24565854,nhd-160734163,Deep Creek
douglas-co,flowline,waterways-24642534,nhd-AE40EE20-1E5E-4422-97B2-432B4C88AF70,Arapahoe Canal
douglas-co,flowline,waterways-24686451,nhd-117844723,Horse Creek
douglas-co,flowline,waterways-24717104,nhd-160721274,Cook Creek
douglas-co,flowline,waterways-24717186,nhd-160738397,Jackson Creek
douglas-co,flowline,waterways-24717190,nhd-117822207,Cook Creek
douglas-co,flowline,waterways-24717431,nhd-160709874,Trout Creek
douglas-co,flowline,waterways-24717450,nhd-6b43c7e6-188b-4bf0-b686-25d58cb033c8,Fazzio Ditch
douglas-co,flowline,waterways-24717480,nhd-160750613,Willow Creek
douglas-co,flowline,waterways-24719172,nhd-117800727,West Plum Creek
douglas-co,flowline,waterways-24719617,nhd-160700329,Little Turkey Creek
douglas-co,flowline,waterways-24720108,nhd-160725150,Gove Creek
douglas-co,flowline,waterways-24720337,nhd-160719984,Fern Creek
douglas-co,flowline,waterways-24720905,nhd-160727695,Eagle Creek
douglas-co,flowline,waterways-24729154,nhd-120651309,Haskel Creek
douglas-co,flowline,waterways-24729235,nhd-120647795,Happy Canyon Creek
douglas-co,flowline,waterways-24729652,nhd-120649927,Willow Creek
douglas-co,flowline,waterways-24790971,nhd-160712654,Turkey Creek
douglas-co,flowline,waterways-24911740,nhd-117820497,Indian Creek
douglas-co,flowline,waterways-24942627,nhd-117796231,Turkey Creek
douglas-co,flowline,waterways-24942701,nhd-160721527,Gove Creek
douglas-co,flowline,waterways-24942775,nhd-160715389,West Creek
douglas-co,flowline,waterways-24942802,nhd-160730192,Camp Creek
douglas-co,flowline,waterways-24942817,nhd-160715264,Camp Creek
douglas-co,flowline,waterways-24942840,nhd-117800585,Garber Creek
douglas-co,flowline,waterways-24942873,nhd-117806117,Bear Creek
douglas-co,flowline,waterways-24944055,nhd-160729790,Fourmile Creek
douglas-co,flowline,waterways-24944724,nhd-117819813,Plum Creek
douglas-co,flowline,waterways-24944731,nhd-117870113,East Plum Creek
douglas-co,flowline,waterways-24944736,nhd-160712693,East Plum Creek
douglas-co,flowline,waterways-24944779,nhd-160738438,Spring Creek
douglas-co,flowline,waterways-24945376,nhd-117800905,West Plum Creek
douglas-co,flowline,waterways-24945412,nhd-160729648,Fourmile Creek
douglas-co,flowline,waterways-24945560,nhd-160732978,Sugar Creek
douglas-co,flowline,waterways-24954636,nhd-120648098,Happy Canyon Creek
douglas-co,flowline,waterways-24981635,nhd-117816749,Big Dry Creek
douglas-co,flowline,waterways-25016305,nhd-117802443,Pine Creek
douglas-co,flowline,waterways-25016342,nhd-160715338,Turkey Creek
douglas-co,flowline,waterways-25166678,nhd-160721246,Gove Creek
douglas-co,flowline,waterways-25166716,nhd-160715296,Trail Creek
douglas-co,flowline,waterways-25166763,nhd-160742113,Pine Creek
douglas-co,flowline,waterways-25166802,nhd-117844405,Horse Creek
douglas-co,flowline,waterways-25166872,nhd-160747579,Willow Creek
douglas-co,flowline,waterways-25166873,nhd-160747092,Rainbow Creek
douglas-co,flowline,waterways-25166877,nhd-160717109,Sugar Creek
douglas-co,flowline,waterways-25168096,nhd-160749998,South Platte River
douglas-co,flowline,waterways-25168743,nhd-117845411,Fourmile Creek
douglas-co,flowline,waterways-25168799,nhd-117837415,Plum Creek
douglas-co,flowline,waterways-25168806,nhd-160737144,Jackson Creek
douglas-co,flowline,waterways-25170099,nhd-117805285,Bear Creek
douglas-co,flowline,waterways-25170133,nhd-160715449,Trail Creek
douglas-co,flowline,waterways-25178043,nhd-120647922,Happy Canyon Creek
douglas-co,flowline,waterways-25178787,nhd-120648806,Cherry Creek
douglas-co,flowline,waterways-25178891,nhd-120647466,Cottonwood Creek
douglas-co,flowline,waterways-25178953,nhd-47804542-ed26-4fba-9407-c3b57eb1052e,East Cherry Creek
douglas-co,flowline,waterways-25178977,nhd-120651440,Elk Creek
douglas-co,flowline,waterways-25240801,nhd-160695583,Turkey Creek
douglas-co,flowline,waterways-25240837,nhd-160740294,Middle Garber Creek
douglas-co,flowline,waterways-25240907,nhd-160738964,Middle Garber Creek
douglas-co,flowline,waterways-25247071,nhd-117821007,Willow Creek
douglas-co,flowline,waterways-25254512,nhd-160749251,Jarre Creek
douglas-co,flowline,waterways-25360829,nhd-117845959,Fourmile Creek
douglas-co,flowline,waterways-25360910,nhd-117816685,Willow Creek
douglas-co,flowline,waterways-25391439,nhd-160740097,Bear Creek
douglas-co,flowline,waterways-25391480,nhd-117836361,South Platte River
douglas-co,flowline,waterways-25391538,nhd-160727978,Watson Park Creek
douglas-co,flowline,waterways-25391613,nhd-160750772,Indian Creek
douglas-co,flowline,waterways-25391635,nhd-160729760,Trout Creek
douglas-co,flowline,waterways-25391708,nhd-117807327,Jackson Creek
douglas-co,flowline,waterways-25393553,nhd-117800567,Garber Creek
douglas-co,flowline,waterways-25403500,nhd-120647535,Cherry Creek
douglas-co,flowline,waterways-25465153,nhd-160739259,South Garber Creek
douglas-co,flowline,waterways-25465154,nhd-117807237,Deep Creek
douglas-co,flowline,waterways-25471313,nhd-117819963,Willow Creek
douglas-co,flowline,waterways-25478744,nhd-146465588,Highline Canal
douglas-co,flowline,waterways-25585889,nhd-160740244,North Garber Creek
douglas-co,flowline,waterways-25616394,nhd-117821533,Gove Creek
douglas-co,flowline,waterways-25616549,nhd-117802411,Pine Creek
douglas-co,flowline,waterways-25616598,nhd-117798181,Bear Creek
douglas-co,flowline,waterways-25616722,nhd-160740201,Bear Creek
douglas-co,flowline,waterways-25616725,nhd-117837801,East Plum Creek
douglas-co,flowline,waterways-25618522,nhd-117837673,Plum Creek
douglas-co,flowline,waterways-25618568,nhd-117820601,Rainbow Creek
douglas-co,flowline,waterways-25619217,nhd-117845311,West Creek
douglas-co,flowline,waterways-25628338,nhd-120650670,Willow Creek
douglas-co,flowline,waterways-25628551,nhd-120649654,Cherry Creek
douglas-co,flowline,waterways-25690454,nhd-117807009,Deep Creek
douglas-co,flowline,waterways-25690492,nhd-117805899,Pine Creek
douglas-co,flowline,waterways-25690512,nhd-117805847,Pine Creek
douglas-co,flowline,waterways-25690560,nhd-160739312,Middle Garber Creek
douglas-co,flowline,waterways-25696439,nhd-117801009,West Plum Creek
douglas-co,flowline,waterways-25696463,nhd-117801161,West Plum Creek
douglas-co,flowline,waterways-25840721,nhd-117806585,Jackson Creek
douglas-co,flowline,waterways-25840761,nhd-160727666,Watson Park Creek
douglas-co,flowline,waterways-25840769,nhd-160700379,East Plum Creek
douglas-co,flowline,waterways-25840866,nhd-117800955,East Plum Creek
douglas-co,flowline,waterways-25842728,nhd-160738961,Bear Creek
douglas-co,flowline,waterways-25842840,nhd-160750688,Indian Creek
douglas-co,flowline,waterways-25844217,nhd-160734896,Watson Park Creek
douglas-co,flowline,waterways-25851928,nhd-120647704,Piney Creek
douglas-co,flowline,waterways-25852744,nhd-3afb3416-a6ce-4e39-ae7b-f4922f84cd53,East Cherry Creek
douglas-co,flowline,waterways-25852912,nhd-120651375,Antelope Creek
douglas-co,flowline,waterways-25853083,nhd-120647970,Happy Canyon Creek
douglas-co,flowline,waterways-25914057,nhd-160724945,Stark Creek
douglas-co,flowline,waterways-25914082,nhd-160739371,South Garber Creek
douglas-co,flowline,waterways-25914097,nhd-160742073,Pine Creek
douglas-co,flowline,waterways-25914122,nhd-160733858,Spring Creek
douglas-co,flowline,waterways-25927729,nhd-160741531,Highline Canal
douglas-co,flowline,waterways-25982289,nhd-120649810,Arapahoe Canal
douglas-co,flowline,waterways-26065277,nhd-117822253,Carpenter Creek
douglas-co,flowline,waterways-26065382,nhd-160695615,Fourmile Creek
douglas-co,flowline,waterways-26065467,nhd-160745945,Spring Creek
douglas-co,flowline,waterways-26065483,nhd-117796301,South Platte River
douglas-co,flowline,waterways-26065499,nhd-160721488,Gove Creek
douglas-co,flowline,waterways-26065616,nhd-160735816,Jackson Creek
douglas-co,flowline,waterways-26065661,nhd-117796115,South Platte River
douglas-co,flowline,waterways-26065731,nhd-160719908,Fern Creek
douglas-co,flowline,waterways-26067168,nhd-117805703,North Garber Creek
douglas-co,flowline,waterways-26067187,nhd-160730084,West Creek
douglas-co,flowline,waterways-26067477,nhd-117794333,East Plum Creek
douglas-co,flowline,waterways-26067708,nhd-117837881,East Plum Creek
douglas-co,flowline,waterways-26067808,nhd-160709835,South Platte River
douglas-co,flowline,waterways-26068105,nhd-117796587,Little Turkey Creek
douglas-co,flowline,waterways-26068798,nhd-117845021,Trout Creek
douglas-co,flowline,waterways-26077403,nhd-120647867,Happy Canyon Creek
douglas-co,flowline,waterways-26077503,nhd-120647581,Piney Creek
douglas-co,flowline,waterways-26077577,nhd-120647884,Happy Canyon Creek
douglas-co,flowline,waterways-26103832,nhd-117816765,Big Dry Creek
douglas-co,flowline,waterways-26139094,nhd-160739332,Middle Garber Creek
douglas-co,flowline,waterways-26259216,nhd-117799099,Stark Creek
douglas-co,flowline,waterways-26289560,nhd-160724764,Bear Creek
douglas-co,flowline,waterways-26289574,nhd-117837883,East Plum Creek
douglas-co,flowline,waterways-26289616,nhd-117837343,Plum Creek
douglas-co,flowline,waterways-26289655,nhd-160737225,Pine Creek
douglas-co,flowline,waterways-26289683,nhd-117799311,Fern Creek
douglas-co,flowline,waterways-26291105,nhd-117837761,East Plum Creek
douglas-co,flowline,waterways-26292496,nhd-117837385,Plum Creek
douglas-co,flowline,waterways-26293041,nhd-160724865,Bear Creek
douglas-co,flowline,waterways-26300893,nhd-120651347,East Cherry Creek
douglas-co,flowline,waterways-26301631,nhd-120647650,Happy Canyon Creek
douglas-co,flowline,waterways-26301694,nhd-120649612,Cherry Creek
douglas-co,flowline,waterways-26363804,nhd-160736989,Deep Creek
douglas-co,flowline,waterways-26363855,nhd-160725026,Stark Creek
douglas-co,flowline,waterways-26369861,nhd-117801411,Bear Creek
douglas-co,flowline,waterways-26515616,nhd-117837731,East Plum Creek
douglas-co,flowline,waterways-26515627,nhd-160731241,South Platte River
douglas-co,flowline,waterways-26515668,nhd-117806525,Jackson Creek
douglas-co,flowline,waterways-26515778,nhd-117821553,Cook Creek
douglas-co,flowline,waterways-26515788,nhd-117837527,Plum Creek
douglas-co,flowline,waterways-26515882,nhd-160714735,Spring Creek
douglas-co,flowline,waterways-26515944,nhd-117845705,West Creek
douglas-co,flowline,waterways-26516007,nhd-117837313,Indian Creek
douglas-co,flowline,waterways-26517550,nhd-160747321,Indian Creek
douglas-co,flowline,waterways-26518133,nhd-117802355,Pine Creek
douglas-co,flowline,waterways-26518201,nhd-117837893,West Plum Creek
douglas-co,flowline,waterways-26518772,nhd-117813905,Gove Creek
douglas-co,flowline,waterways-26527728,nhd-120651329,Haskel Creek
douglas-co,flowline,waterways-26578798,nhd-160740164,Indian Creek
douglas-co,flowline,waterways-26595423,nhd-160736403,West Plum Creek
douglas-co,flowline,waterways-26710548,nhd-117796811,Little Turkey Creek
douglas-co,flowline,waterways-26741106,nhd-117845457,Fourmile Creek
douglas-co,flowline,waterways-26741115,nhd-117821951,Cook Creek
douglas-co,flowline,waterways-26741216,nhd-160740245,Bear Creek
douglas-co,flowline,waterways-26741223,nhd-117844497,Horse Creek
douglas-co,flowline,waterways-26741226,nhd-160722170,Cook Creek
douglas-co,flowline,waterways-26741234,nhd-160750691,Rainbow Creek
douglas-co,flowline,waterways-26741315,nhd-117816997,Cook Creek
douglas-co,flowline,waterways-26741410,nhd-117822369,Cook Creek
douglas-co,flowline,waterways-26741457,nhd-160735808,Jackson Creek
douglas-co,flowline,waterways-26742620,nhd-117799743,Trout Creek
douglas-co,flowline,waterways-26744590,nhd-117835583,West Bear Creek
douglas-co,flowline,waterways-26752207,nhd-120649832,Cherry Creek
douglas-co,flowline,waterways-26752962,nhd-120648330,Happy Canyon Creek
douglas-co,flowline,waterways-26814903,nhd-117801071,Spring Creek
douglas-co,flowline,waterways-26814904,nhd-117845725,Turkey Creek
douglas-co,flowline,waterways-26814915,nhd-160727309,Eagle Creek
douglas-co,flowline,waterways-26820938,nhd-117801307,West Plum Creek
douglas-co,flowline,waterways-26933829,nhd-160738935,Bear Creek
douglas-co,flowline,waterways-26964262,nhd-160721330,Cook Creek
douglas-co,flowline,waterways-26964405,nhd-117836407,South Platte River
douglas-co,flowline,waterways-26964426,nhd-160750731,Indian Creek
douglas-co,flowline,waterways-26964479,nhd-160727598,Eagle Creek
douglas-co,flowline,waterways-26964494,nhd-117816723,Cook Creek
douglas-co,flowline,waterways-26964499,nhd-117821877,Gove Creek
douglas-co,flowline,waterways-26964538,nhd-160745157,Willow Creek
douglas-co,flowline,waterways-26964573,nhd-117845067,Trout Creek
douglas-co,flowline,waterways-26965779,nhd-160721528,Cook Creek
douglas-co,flowline,waterways-26966719,nhd-117805721,North Garber Creek
douglas-co,flowline,waterways-26966737,nhd-117837587,Plum Creek
douglas-co,flowline,waterways-26967034,nhd-117804773,Horse Creek
douglas-co,flowline,waterways-26967271,nhd-160738936,North Garber Creek
douglas-co,flowline,waterways-26967387,nhd-117806931,Jackson Creek
douglas-co,flowline,waterways-26975406,nhd-120650559,Cherry Creek
douglas-co,flowline,waterways-26976162,nhd-120650329,Willow Creek
douglas-co,flowline,waterways-26976163,nhd-120649975,Willow Creek
douglas-co,flowline,waterways-26976265,nhd-120651449,Elk Creek
douglas-co,flowline,waterways-26976306,nhd-120651283,East Cherry Creek
douglas-co,flowline,waterways-27037322,nhd-160731176,Middle Garber Creek
douglas-co,flowline,waterways-27037335,nhd-117845893,Turkey Creek
douglas-co,flowline,waterways-27037385,nhd-160719637,Stark Creek
douglas-co,flowline,waterways-27050963,nhd-117801453,West Plum Creek
douglas-co,flowline,waterways-27188149,nhd-160724866,Bear Creek
douglas-co,flowline,waterways-27188366,nhd-160719909,Fern Creek
douglas-co,flowline,waterways-27188416,nhd-117837711,East Plum Creek
douglas-co,flowline,waterways-27190258,nhd-160713298,Bear Creek
douglas-co,flowline,waterways-27190564,nhd-117845191,Fourmile Creek
douglas-co,flowline,waterways-27191644,nhd-160750716,Rainbow Creek
douglas-co,flowline,waterways-27191730,nhd-117822393,Cook Creek
douglas-co,flowline,waterways-27199280,nhd-120649193,Arapahoe Canal
douglas-co,flowline,waterways-27200245,nhd-120651069,Antelope Creek
douglas-co,flowline,waterways-27261752,nhd-117798413,Eagle Creek
douglas-co,flowline,waterways-27261805,nhd-120647921,Arapahoe Canal
douglas-co,flowline,waterways-27268068,nhd-117838055,East Plum Creek
douglas-co,flowline,waterways-27333355,nhd-117823345,City Ditch
douglas-co,flowline,waterways-27412274,nhd-117816779,Big Dry Creek
douglas-co,flowline,waterways-27412466,nhd-117805651,North Garber Creek
douglas-co,flowline,waterways-27412483,nhd-160730210,Horse Creek
douglas-co,flowline,waterways-27412497,nhd-160721227,Gove Creek
douglas-co,flowline,waterways-27412508,nhd-160724844,Bear Creek
douglas-co,flowline,waterways-27412537,nhd-117820517,Indian Creek
douglas-co,flowline,waterways-27412556,nhd-160734298,Sugar Creek
douglas-co,flowline,waterways-27412571,nhd-117845053,West Creek
douglas-co,flowline,waterways-27412596,nhd-160717107,Sugar Creek
douglas-co,flowline,waterways-27412641,nhd-160719725,Gove Creek
douglas-co,flowline,waterways-27414159,nhd-160724933,Bear Creek
douglas-co,flowline,waterways-27415815,nhd-160717799,East Plum Creek
douglas-co,flowline,waterways-27415833,nhd-117837721,East Plum Creek
douglas-co,flowline,waterways-27424325,nhd-120648613,Kinney Creek
douglas-co,flowline,waterways-27455096,nhd-120651358,Crowfoot Creek
douglas-co,flowline,waterways-27486124,nhd-160739266,Middle Garber Creek
douglas-co,flowline,waterways-27486160,nhd-160738934,Pine Creek
douglas-co,flowline,waterways-27486241,nhd-160699864,Turkey Creek
douglas-co,flowline,waterways-27605981,nhd-160727280,Eagle Creek
douglas-co,flowline,waterways-27636432,nhd-117798487,Bear Creek
douglas-co,flowline,waterways-27636571,nhd-117807285,Spring Creek
douglas-co,flowline,waterways-27636627,nhd-160724858,Spring Creek
douglas-co,flowline,waterways-27636689,nhd-117821543,Gove Creek
douglas-co,flowline,waterways-27636708,nhd-160725089,West Plum Creek
douglas-co,flowline,waterways-27636747,nhd-160717286,Sugar Creek
douglas-co,flowline,waterways-27636778,nhd-117837733,East Plum Creek
douglas-co,flowline,waterways-27636824,nhd-160730191,Camp Creek
douglas-co,flowline,waterways-27638014,nhd-117799093,Stark Creek
douglas-co,flowline,waterways-27638313,nhd-160694563,West Creek
douglas-co,flowline,waterways-27638624,nhd-160717074,South Platte River
douglas-co,flowline,waterways-27639969,nhd-160716265,Trout Creek
douglas-co,flowline,waterways-27647558,nhd-120649711,Willow Creek
douglas-co,flowline,waterways-27647569,nhd-120651239,Haskel Creek
douglas-co,flowline,waterways-27699989,nhd-117820877,Indian Creek
douglas-co,flowline,waterways-27710652,nhd-117800073,Stark Creek
douglas-co,flowline,waterways-27716765,nhd-117820143,Willow Creek
douglas-co,flowline,waterways-27742973,nhd-120648747,Arapahoe Canal
douglas-co,flowline,waterways-27831264,nhd-160716909,West Creek
douglas-co,flowline,waterways-27861560,nhd-117798119,Watson Park Creek
douglas-co,flowline,waterways-27861678,nhd-160740210,Bear Creek
douglas-co,flowline,waterways-27861754,nhd-160721396,East Plum Creek
douglas-co,flowline,waterways-27861778,nhd-117823749,Plum Creek
douglas-co,flowline,waterways-27861789,nhd-160749015,Rainbow Creek
douglas-co,flowline,waterways-27861881,nhd-117795343,South Platte River
douglas-co,flowline,waterways-27861914,nhd-117845279,Fourmile Creek
douglas-co,flowline,waterways-27863207,nhd-117822449,West Plum Creek
douglas-co,flowline,waterways-27863477,nhd-117807853,Bear Creek
douglas-co,flowline,waterways-27864215,nhd-117845215,West Creek
douglas-co,flowline,waterways-27864599,nhd-117794273,East Plum Creek
douglas-co,flowline,waterways-27865221,nhd-160719726,Gove Creek
douglas-co,flowline,waterways-27873657,nhd-120651261,East Cherry Creek
douglas-co,flowline,waterways-27873867,nhd-120650737,Willow Creek
douglas-co,flowline,waterways-27873973,nhd-120651237,Haskel Creek
douglas-co,flowline,waterways-27936114,nhd-160719617,Stark Creek
douglas-co,flowline,waterways-27936116,nhd-160719789,Stark Creek
douglas-co,flowline,waterways-27949813,nhd-117821163,Jarre Creek
douglas-co,flowline,waterways-27969038,nhd-120648965,Arapahoe Canal
douglas-co,flowline,waterways-28056308,nhd-160740282,Bear Creek
douglas-co,flowline,waterways-28086970,nhd-160716240,Fern Creek
douglas-co,flowline,waterways-28087014,nhd-117844475,Fourmile Creek
douglas-co,flowline,waterways-28087083,nhd-117838111,West Plum Creek
douglas-co,flowline,waterways-28087085,nhd-117807527,Spring Creek
douglas-co,flowline,waterways-28087091,nhd-117805275,Bear Creek
douglas-co,flowline,waterways-28087162,nhd-117822065,Cook Creek
douglas-co,flowline,waterways-28088388,nhd-160722216,Cook Creek
douglas-co,flowline,waterways-28088399,nhd-160739467,Jackson Creek
douglas-co,flowline,waterways-28088652,nhd-117825491,Trout Creek
douglas-co,flowline,waterways-28089143,nhd-117846001,West Creek
douglas-co,flowline,waterways-28099243,nhd-120647563,Cottonwood Creek
douglas-co,flowline,waterways-28161490,nhd-160725028,Stark Creek
douglas-co,flowline,waterways-28161506,nhd-160736428,South Garber Creek
douglas-co,flowline,waterways-28161555,nhd-160715451,Turkey Creek
douglas-co,flowline,waterways-28179581,nhd-117816741,Big Dry Creek
douglas-co,flowline,waterways-28283050,nhd-160729713,Horse Creek
douglas-co,flowline,waterways-28313408,nhd-160717155,Fourmile Creek
douglas-co,flowline,waterways-28313595,nhd-117822187,Cook Creek
douglas-co,flowline,waterways-28313612,nhd-160747290,Rainbow Creek
douglas-co,flowline,waterways-28313632,nhd-160749282,Indian Creek
douglas-co,flowline,waterways-28313725,nhd-160722105,Cook Creek
douglas-co,flowline,waterways-28313738,nhd-160737852,Bear Creek
douglas-co,flowline,waterways-28313823,nhd-160743481,Indian Creek
douglas-co,flowline,waterways-28313850,nhd-160747591,Indian Creek
douglas-co,flowline,waterways-28315067,nhd-160750549,Indian Creek
douglas-co,flowline,waterways-28316504,nhd-160750676,Bear Creek
douglas-co,flowline,waterways-28324623,nhd-120651331,Antelope Creek
douglas-co,flowline,waterways-28325350,nhd-120648243,Cherry Creek
douglas-co,flowline,waterways-28325351,nhd-120648010,Cherry Creek
douglas-co,flowline,waterways-28325372,nhd-120648064,Happy Canyon Creek
douglas-co,flowline,waterways-28325471,nhd-120648132,Cherry Creek
douglas-co,flowline,waterways-28325584,nhd-120647759,Cherry Creek
douglas-co,flowline,waterways-28325814,nhd-120648773,Kinney Creek
douglas-co,flowline,waterways-28387736,nhd-160711802,South Platte River
douglas-co,flowline,waterways-28387747,nhd-160739449,South Garber Creek
douglas-co,flowline,waterways-28538599,nhd-160712150,Turkey Creek
douglas-co,flowline,waterways-28538643,nhd-117845089,West Creek
douglas-co,flowline,waterways-28538693,nhd-117821753,Gove Creek
douglas-co,flowline,waterways-28540418,nhd-117837745,Plum Creek
douglas-co,flowline,waterways-28540476,nhd-160724856,Spring Creek
douglas-co,flowline,waterways-28540987,nhd-117820835,Bear Creek
douglas-co,flowline,waterways-28542184,nhd-117796267,Turkey Creek
douglas-co,flowline,waterways-28542209,nhd-117805545,Bear Creek
douglas-co,flowline,waterways-28549875,nhd-120649783,Arapahoe Canal
douglas-co,flowline,waterways-28550643,nhd-120648891,Kinney Creek
douglas-co,flowline,waterways-28550700,nhd-120649714,Willow Creek
douglas-co,flowline,waterways-28550761,nhd-120648774,Cherry Creek
douglas-co,flowline,waterways-28550776,nhd-120651188,Antelope Creek
douglas-co,flowline,waterways-28550840,nhd-120647696,Piney Creek
douglas-co,flowline,waterways-28551063,nhd-dc60d6d2-9d7d-46a9-9fc7-19cdd334ec93,East Cherry Creek
douglas-co,flowline,waterways-28619067,nhd-117801185,Bear Creek
