{"evidence_table":[{"agency":"BLM multi-agency Surface Management Agency","confidence":"high","last_verified":null,"notes":"Agency attribution only; limited-scale geometry, no camping permission inferred.","retrieved_at":"2026-09-25T03:21:03.929469Z","source_url":"https://gis.blm.gov/arcgis/rest/services/lands/BLM_Natl_SMA_LimitedScale/MapServer/1","verification_method":"arcgis_rest_query"}],"features":[{"geometry":{"coordinates":[[[[-106.812923,39.202756],[-106.812161,39.202752],[-106.811597,39.202749],[-106.811779,39.200979],[-106.812203,39.200953],[-106.812424,39.20094],[-106.812783,39.201315],[-106.812923,39.202756]]],[[[-106.811526,39.203444],[-106.807773,39.203598],[-106.807774,39.20347],[-106.811528,39.203424],[-106.811526,39.203444]]],[[[-106.980326,39.217283],[-106.979722,39.217284],[-106.979771,39.214132],[-106.979795,39.212544],[-106.979807,39.211775],[-106.979821,39.210906],[-106.979821,39.210866],[-106.975905,39.210814],[-106.975904,39.210517],[-106.975904,39.210197],[-106.980296,39.210191],[-106.981169,39.21019],[-106.984938,39.210186],[-106.985215,39.210186],[-106.985218,39.207334],[-106.989135,39.207337],[-106.989135,39.206865],[-106.989141,39.203243],[-106.989556,39.203242],[-106.989568,39.206864],[-106.989581,39.210485],[-106.989589,39.214107],[-106.989595,39.217271],[-106.991225,39.217268],[-106.991218,39.22089],[-106.991217,39.223052],[-106.986587,39.223057],[-106.982036,39.223061],[-106.981955,39.223061],[-106.981955,39.217281],[-106.980326,39.217283]]]],"type":"MultiPolygon"},"properties":{"camping_permission":"unknown","evidence":0,"id":"sma-25","land_class":"unknown","manager":"BLM","raw_admin_agency":"BLM"},"type":"Feature"},{"geometry":{"coordinates":[[[[-106.919759,39.203367],[-106.9195,39.203371],[-106.915105,39.203414],[-106.914846,39.203418],[-106.912776,39.203437],[-106.912773,39.199727],[-106.910444,39.199682],[-106.905788,39.199592],[-106.901132,39.199562],[-106.896477,39.199532],[-106.896474,39.195909],[-106.896467,39.192287],[-106.896461,39.188665],[-106.896476,39.185043],[-106.896478,39.184696],[-106.89648,39.184132],[-106.896472,39.184132],[-106.896431,39.184132],[-106.891825,39.184134],[-106.891816,39.184134],[-106.88946,39.184135],[-106.889532,39.185041],[-106.889532,39.185045],[-106.889533,39.185062],[-106.889534,39.185968],[-106.889535,39.186875],[-106.889535,39.187781],[-106.889535,39.187916],[-106.889536,39.188661],[-106.889536,39.188665],[-106.889536,39.188688],[-106.889536,39.189596],[-106.889535,39.190503],[-106.888372,39.190503],[-106.88721,39.190503],[-106.887135,39.190503],[-106.88713,39.190503],[-106.886213,39.190503],[-106.886047,39.190503],[-106.884884,39.190503],[-106.884884,39.191411],[-106.884883,39.191411],[-106.883721,39.191411],[-106.882559,39.191411],[-106.882485,39.191411],[-106.882485,39.191414],[-106.882483,39.192246],[-106.877611,39.192232],[-106.877611,39.192638],[-106.872974,39.192694],[-106.872932,39.196286],[-106.872911,39.198124],[-106.869256,39.198201],[-106.86925,39.197436],[-106.868224,39.197434],[-106.863751,39.197427],[-106.859276,39.197421],[-106.859267,39.196497],[-106.859232,39.192813],[-106.859197,39.189129],[-106.859133,39.185506],[-106.861451,39.18551],[-106.861438,39.184604],[-106.863758,39.184608],[-106.863748,39.183702],[-106.866072,39.183706],[-106.866064,39.1828],[-106.868391,39.182804],[-106.868386,39.181898],[-106.868367,39.178285],[-106.873038,39.178285],[-106.873023,39.174665],[-106.877328,39.174659],[-106.877698,39.174658],[-106.877681,39.174188],[-106.877569,39.171028],[-106.882291,39.171014],[-106.88223,39.167372],[-106.887021,39.167348],[-106.887028,39.163695],[-106.887036,39.160043],[-106.884709,39.160043],[-106.882382,39.16008],[-106.877729,39.160153],[-106.877584,39.163776],[-106.87744,39.167398],[-106.873298,39.167411],[-106.872893,39.167412],[-106.868645,39.167425],[-106.868347,39.167426],[-106.868348,39.171049],[-106.863697,39.171047],[-106.863843,39.174667],[-106.863785,39.178279],[-106.859203,39.178273],[-106.859338,39.174663],[-106.854573,39.174585],[-106.854587,39.170971],[-106.851924,39.170933],[-106.852605,39.167299],[-106.853264,39.163772],[-106.853611,39.161912],[-106.853621,39.161858],[-106.853977,39.159949],[-106.854411,39.157615],[-106.852219,39.157616],[-106.852471,39.156142],[-106.85308,39.152584],[-106.852479,39.152726],[-106.852199,39.152792],[-106.852202,39.152406],[-106.852215,39.150717],[-106.853675,39.148783],[-106.854189,39.148103],[-106.852428,39.14516],[-106.851008,39.142789],[-106.850631,39.142777],[-106.848872,39.142724],[-106.848405,39.143126],[-106.848635,39.144438],[-106.847765,39.144453],[-106.847567,39.145159],[-106.846555,39.148782],[-106.845831,39.151375],[-106.845762,39.15162],[-106.845544,39.152404],[-106.844517,39.156081],[-106.84409,39.15761],[-106.843558,39.157737],[-106.843538,39.159949],[-106.843504,39.163557],[-106.843495,39.164477],[-106.843235,39.167134],[-106.842879,39.170774],[-106.842843,39.171148],[-106.840608,39.173836],[-106.840196,39.174332],[-106.839243,39.175483],[-106.838047,39.175565],[-106.838033,39.174331],[-106.838012,39.171541],[-106.837569,39.171544],[-106.837305,39.171546],[-106.837078,39.171547],[-106.836331,39.171553],[-106.83633,39.171553],[-106.836049,39.171555],[-106.836078,39.174331],[-106.836092,39.175667],[-106.836093,39.175698],[-106.836104,39.177162],[-106.837106,39.178077],[-106.83794,39.178838],[-106.83664,39.180782],[-106.836639,39.179802],[-106.83611,39.179802],[-106.835917,39.179803],[-106.835582,39.179804],[-106.835053,39.179805],[-106.834524,39.179805],[-106.834524,39.179541],[-106.831231,39.179544],[-106.830005,39.179545],[-106.830165,39.178658],[-106.830774,39.17809],[-106.830875,39.177997],[-106.830134,39.177518],[-106.82997,39.177672],[-106.829963,39.177671],[-106.83013,39.177516],[-106.830281,39.177375],[-106.830249,39.177106],[-106.83125,39.177578],[-106.832331,39.178087],[-106.833985,39.178867],[-106.834169,39.178688],[-106.834654,39.178218],[-106.834795,39.178082],[-106.835018,39.177866],[-106.834169,39.177466],[-106.833734,39.17726],[-106.833736,39.176882],[-106.833742,39.17593],[-106.831277,39.174753],[-106.830391,39.17433],[-106.829855,39.174078],[-106.830139,39.172737],[-106.833986,39.173801],[-106.833983,39.17433],[-106.833979,39.175225],[-106.834649,39.175832],[-106.834171,39.175832],[-106.834611,39.175833],[-106.835051,39.175833],[-106.835051,39.175696],[-106.835046,39.175228],[-106.835037,39.174452],[-106.835037,39.17433],[-106.835052,39.171561],[-106.835054,39.171111],[-106.834803,39.171111],[-106.835524,39.168686],[-106.834494,39.1685],[-106.834772,39.167564],[-106.833741,39.167378],[-106.832967,39.167239],[-106.832711,39.167192],[-106.832682,39.167287],[-106.831524,39.167483],[-106.831615,39.167157],[-106.831274,39.167177],[-106.831024,39.167192],[-106.831278,39.167097],[-106.831971,39.166835],[-106.831772,39.166492],[-106.831607,39.166208],[-106.832021,39.166138],[-106.831474,39.165563],[-106.831357,39.165536],[-106.831203,39.1655],[-106.831193,39.165497],[-106.831181,39.165477],[-106.830848,39.164905],[-106.829825,39.163146],[-106.829348,39.163326],[-106.829285,39.16335],[-106.829178,39.162962],[-106.82974,39.162989],[-106.830046,39.162812],[-106.830036,39.162777],[-106.828856,39.161119],[-106.82902,39.161049],[-106.828986,39.161],[-106.828264,39.160966],[-106.827931,39.16095],[-106.827981,39.161021],[-106.827533,39.160963],[-106.827524,39.160931],[-106.827283,39.160919],[-106.827285,39.160886],[-106.827237,39.160892],[-106.827003,39.159755],[-106.82684,39.158965],[-106.826837,39.158949],[-106.827472,39.158116],[-106.827494,39.157798],[-106.826747,39.157508],[-106.826583,39.157721],[-106.826489,39.157262],[-106.827075,39.157084],[-106.82749,39.156958],[-106.827552,39.15694],[-106.827553,39.156939],[-106.827552,39.156933],[-106.827558,39.156849],[-106.827808,39.156862],[-106.828316,39.156707],[-106.82808,39.156376],[-106.829004,39.156915],[-106.829336,39.157109],[-106.829438,39.157041],[-106.829534,39.15698],[-106.830023,39.15667],[-106.830049,39.156649],[-106.829305,39.156193],[-106.827118,39.154852],[-106.82618,39.154276],[-106.826541,39.153887],[-106.826804,39.153662],[-106.826769,39.15364],[-106.827071,39.153315],[-106.827037,39.153298],[-106.827058,39.153278],[-106.826992,39.153276],[-106.826122,39.152846],[-106.82579,39.153247],[-106.825489,39.153616],[-106.825235,39.153932],[-106.825215,39.153951],[-106.825062,39.154139],[-106.825044,39.154112],[-106.824858,39.154287],[-106.824135,39.154967],[-106.824211,39.155017],[-106.822528,39.155471],[-106.821368,39.155785],[-106.819981,39.154698],[-106.820007,39.154678],[-106.819598,39.154024],[-106.819135,39.153284],[-106.818711,39.152605],[-106.81862,39.15246],[-106.81892,39.1521],[-106.818993,39.152237],[-106.819346,39.152897],[-106.822567,39.152003],[-106.824028,39.151597],[-106.823669,39.150939],[-106.823256,39.150179],[-106.822939,39.149593],[-106.822593,39.149689],[-106.822528,39.149707],[-106.822341,39.146666],[-106.82157,39.148855],[-106.821484,39.148836],[-106.820549,39.148637],[-106.821286,39.146544],[-106.820462,39.14656],[-106.819884,39.146571],[-106.821036,39.145306],[-106.821775,39.144494],[-106.821039,39.144087],[-106.821789,39.143275],[-106.822748,39.143565],[-106.823721,39.143859],[-106.823662,39.143932],[-106.824625,39.144288],[-106.824726,39.144163],[-106.82636,39.144657],[-106.826583,39.144412],[-106.826697,39.144778],[-106.826644,39.145199],[-106.826766,39.145002],[-106.826849,39.145271],[-106.827447,39.147201],[-106.827822,39.147388],[-106.828053,39.148058],[-106.828141,39.148314],[-106.828942,39.150642],[-106.830256,39.151298],[-106.831571,39.151954],[-106.831495,39.151733],[-106.831683,39.151819],[-106.832374,39.152132],[-106.832527,39.152202],[-106.832107,39.151054],[-106.832434,39.150977],[-106.832977,39.150847],[-106.832942,39.15075],[-106.833667,39.150689],[-106.834005,39.150661],[-106.834968,39.154668],[-106.835987,39.15452],[-106.836892,39.154388],[-106.836054,39.150321],[-106.836332,39.150281],[-106.836537,39.147843],[-106.837551,39.147894],[-106.837779,39.145187],[-106.837896,39.143785],[-106.836841,39.143731],[-106.836718,39.145195],[-106.836635,39.146177],[-106.835604,39.146328],[-106.834531,39.146484],[-106.834194,39.150496],[-106.833648,39.149007],[-106.833319,39.146606],[-106.833137,39.146621],[-106.832944,39.145224],[-106.832658,39.143157],[-106.83439,39.14227],[-106.834948,39.14233],[-106.835978,39.142443],[-106.837007,39.142555],[-106.837168,39.141666],[-106.838262,39.141516],[-106.838906,39.137951],[-106.838998,39.13744],[-106.840129,39.137287],[-106.84132,39.137126],[-106.842344,39.136987],[-106.842252,39.136579],[-106.842239,39.136525],[-106.84229,39.136525],[-106.842571,39.136525],[-106.843751,39.136324],[-106.843964,39.136288],[-106.843974,39.136286],[-106.843791,39.135474],[-106.842057,39.135715],[-106.841319,39.135936],[-106.840436,39.1362],[-106.840129,39.134961],[-106.839966,39.134303],[-106.839487,39.132373],[-106.838449,39.13253],[-106.837411,39.132687],[-106.836652,39.132801],[-106.836372,39.132843],[-106.836646,39.133946],[-106.836645,39.133989],[-106.836421,39.133514],[-106.835468,39.133787],[-106.835727,39.134335],[-106.836633,39.136253],[-106.836847,39.136704],[-106.836631,39.136682],[-106.833538,39.136362],[-106.833683,39.13631],[-106.834758,39.135922],[-106.834823,39.134342],[-106.834899,39.1325],[-106.835716,39.132218],[-106.835269,39.131472],[-106.83279,39.132371],[-106.832807,39.131959],[-106.832043,39.131943],[-106.831997,39.131887],[-106.831002,39.130672],[-106.829606,39.128967],[-106.833233,39.128249],[-106.833103,39.127912],[-106.833111,39.127807],[-106.83343,39.123804],[-106.833923,39.123825],[-106.836498,39.120522],[-106.835317,39.120466],[-106.832745,39.123774],[-106.832374,39.123758],[-106.831598,39.123724],[-106.831465,39.123719],[-106.831139,39.127815],[-106.828494,39.128339],[-106.828477,39.127512],[-106.8289,39.127521],[-106.828932,39.127521],[-106.829256,39.127528],[-106.829253,39.12739],[-106.829253,39.127356],[-106.829232,39.126341],[-106.830343,39.126364],[-106.830349,39.125564],[-106.830355,39.124791],[-106.830362,39.123968],[-106.826278,39.123987],[-106.826252,39.123988],[-106.825352,39.123992],[-106.825352,39.123526],[-106.824335,39.126106],[-106.824095,39.126081],[-106.825352,39.123404],[-106.825352,39.123253],[-106.825423,39.123253],[-106.825631,39.12281],[-106.824566,39.122684],[-106.824571,39.122672],[-106.825215,39.122728],[-106.825652,39.122766],[-106.825455,39.123253],[-106.82546,39.123253],[-106.826548,39.123253],[-106.826705,39.122864],[-106.826322,39.122827],[-106.827315,39.122914],[-106.827347,39.122721],[-106.827759,39.120225],[-106.82799,39.118828],[-106.828438,39.118868],[-106.828443,39.118191],[-106.829503,39.118191],[-106.830209,39.118191],[-106.830561,39.118191],[-106.831618,39.11819],[-106.832676,39.118189],[-106.833733,39.118188],[-106.833729,39.116634],[-106.833723,39.11407],[-106.833722,39.113247],[-106.833721,39.112424],[-106.828437,39.112427],[-106.828438,39.11325],[-106.828439,39.113654],[-106.827612,39.113584],[-106.826959,39.113533],[-106.826554,39.113501],[-106.826208,39.114778],[-106.826208,39.111761],[-106.826242,39.111611],[-106.826267,39.111498],[-106.826315,39.111629],[-106.8272,39.111877],[-106.827414,39.111937],[-106.826495,39.109398],[-106.826638,39.1094],[-106.826622,39.107473],[-106.827114,39.107623],[-106.828916,39.104047],[-106.827932,39.103746],[-106.826613,39.106364],[-106.826604,39.105284],[-106.825565,39.105264],[-106.825587,39.107865],[-106.824964,39.10769],[-106.823659,39.104991],[-106.82289,39.105029],[-106.822605,39.105044],[-106.821551,39.105097],[-106.821289,39.104595],[-106.820294,39.104868],[-106.820346,39.104968],[-106.820015,39.104884],[-106.819956,39.104869],[-106.819959,39.103514],[-106.818906,39.103503],[-106.817913,39.103492],[-106.816891,39.103482],[-106.815835,39.10347],[-106.815824,39.107586],[-106.81555,39.107583],[-106.814668,39.107281],[-106.814732,39.111369],[-106.815623,39.111675],[-106.816519,39.111684],[-106.81694,39.111688],[-106.817318,39.111692],[-106.817992,39.111699],[-106.818368,39.111702],[-106.819105,39.111709],[-106.819103,39.111447],[-106.819807,39.111624],[-106.819814,39.112502],[-106.820729,39.112498],[-106.820731,39.112714],[-106.821405,39.112762],[-106.821046,39.115859],[-106.822258,39.114202],[-106.82289,39.114247],[-106.82331,39.114276],[-106.823674,39.111141],[-106.823667,39.110173],[-106.82289,39.110119],[-106.822609,39.110099],[-106.822597,39.108595],[-106.82289,39.108515],[-106.823194,39.108432],[-106.823444,39.108938],[-106.824462,39.108887],[-106.825308,39.108845],[-106.825981,39.110706],[-106.825392,39.110623],[-106.825305,39.111009],[-106.82539,39.111009],[-106.82539,39.111108],[-106.82539,39.11386],[-106.825151,39.11386],[-106.824661,39.11386],[-106.824334,39.11386],[-106.824334,39.113389],[-106.823714,39.113302],[-106.823082,39.116091],[-106.82289,39.116064],[-106.822716,39.11604],[-106.822582,39.116634],[-106.822521,39.116902],[-106.821481,39.116757],[-106.820979,39.118986],[-106.820159,39.11883],[-106.820475,39.11684],[-106.81956,39.116787],[-106.819566,39.116754],[-106.81924,39.116634],[-106.818991,39.116634],[-106.817852,39.120408],[-106.818795,39.120754],[-106.818465,39.120735],[-106.819319,39.124594],[-106.820059,39.124633],[-106.820091,39.124634],[-106.820057,39.124782],[-106.820137,39.124793],[-106.820378,39.124828],[-106.820829,39.124895],[-106.820829,39.12491],[-106.820832,39.128726],[-106.820138,39.128631],[-106.815787,39.128034],[-106.815603,39.128845],[-106.81965,39.129401],[-106.819661,39.12943],[-106.818504,39.129272],[-106.819013,39.130672],[-106.819439,39.131843],[-106.819103,39.133277],[-106.820144,39.133421],[-106.820966,39.133536],[-106.820762,39.134381],[-106.81986,39.134247],[-106.818821,39.134093],[-106.818742,39.134416],[-106.81871,39.134544],[-106.818455,39.134548],[-106.816919,39.134575],[-106.816884,39.134419],[-106.816874,39.134372],[-106.816832,39.134419],[-106.816688,39.134579],[-106.816667,39.134579],[-106.816667,39.134602],[-106.81609,39.135244],[-106.81605,39.135061],[-106.816019,39.134417],[-106.815962,39.133236],[-106.817183,39.133011],[-106.816939,39.13221],[-106.816696,39.131409],[-106.81647,39.130666],[-106.816452,39.130608],[-106.81632,39.130173],[-106.816077,39.129371],[-106.810933,39.13032],[-106.811037,39.130661],[-106.811177,39.131121],[-106.811309,39.131556],[-106.811553,39.132357],[-106.811796,39.133158],[-106.812039,39.133959],[-106.813649,39.133663],[-106.813667,39.134411],[-106.813709,39.136123],[-106.813082,39.136204],[-106.813975,39.140264],[-106.81405,39.140254],[-106.814297,39.141403],[-106.813967,39.14102],[-106.809975,39.143105],[-106.804462,39.144609],[-106.804952,39.145335],[-106.810403,39.153415],[-106.815772,39.151219],[-106.816266,39.152909],[-106.817104,39.152756],[-106.814612,39.154701],[-106.815069,39.155422],[-106.815457,39.156036],[-106.815211,39.155996],[-106.815038,39.156806],[-106.816047,39.156968],[-106.816378,39.157491],[-106.816879,39.157102],[-106.817274,39.157166],[-106.817228,39.157225],[-106.816868,39.157751],[-106.816433,39.157865],[-106.817398,39.159788],[-106.818117,39.161221],[-106.818106,39.161227],[-106.816764,39.159802],[-106.815956,39.158943],[-106.815097,39.159415],[-106.815467,39.159829],[-106.81812,39.162795],[-106.818471,39.163235],[-106.818579,39.163355],[-106.817801,39.163746],[-106.816914,39.164209],[-106.816468,39.163692],[-106.81574,39.164076],[-106.814853,39.164542],[-106.817258,39.167275],[-106.817294,39.167275],[-106.817291,39.167312],[-106.81779,39.167879],[-106.818654,39.167398],[-106.818857,39.167283],[-106.819371,39.166992],[-106.819503,39.167138],[-106.819503,39.167286],[-106.819502,39.1687],[-106.818985,39.168728],[-106.818895,39.168733],[-106.818598,39.16792],[-106.817576,39.168146],[-106.818567,39.170861],[-106.818878,39.171711],[-106.817804,39.17086],[-106.817055,39.170267],[-106.816662,39.169956],[-106.816008,39.170459],[-106.815943,39.170514],[-106.816382,39.170859],[-106.81697,39.171322],[-106.819006,39.172921],[-106.816995,39.173133],[-106.816824,39.173147],[-106.8166,39.173167],[-106.816661,39.173719],[-106.815142,39.173788],[-106.81522,39.174449],[-106.815088,39.17445],[-106.815222,39.174469],[-106.815238,39.174604],[-106.815817,39.174566],[-106.816722,39.174507],[-106.817752,39.174441],[-106.817865,39.174433],[-106.817865,39.17444],[-106.817858,39.17478],[-106.816732,39.174841],[-106.815772,39.174893],[-106.815723,39.17496],[-106.815443,39.175338],[-106.815147,39.175737],[-106.814489,39.176603],[-106.813909,39.177367],[-106.813349,39.178103],[-106.813251,39.178232],[-106.813525,39.178217],[-106.813016,39.179072],[-106.812711,39.179583],[-106.816857,39.179129],[-106.817362,39.179074],[-106.81742,39.179399],[-106.816872,39.179645],[-106.816761,39.179695],[-106.814639,39.180638],[-106.813896,39.180978],[-106.813845,39.181449],[-106.81226,39.181449],[-106.811804,39.181449],[-106.811821,39.180783],[-106.811842,39.179963],[-106.81189,39.178093],[-106.811908,39.177405],[-106.807493,39.177432],[-106.806795,39.177436],[-106.806892,39.174457],[-106.802715,39.174446],[-106.802715,39.17367],[-106.802145,39.17367],[-106.802279,39.170826],[-106.802314,39.170083],[-106.798314,39.170047],[-106.798477,39.167227],[-106.797509,39.167234],[-106.79751,39.166448],[-106.79751,39.163652],[-106.797508,39.162856],[-106.797511,39.160066],[-106.797512,39.159235],[-106.795054,39.159212],[-106.79286,39.159193],[-106.792856,39.156458],[-106.792853,39.15557],[-106.790388,39.155548],[-106.790372,39.152851],[-106.78572,39.152855],[-106.785735,39.154659],[-106.785743,39.155561],[-106.785296,39.155563],[-106.784586,39.155565],[-106.784586,39.155514],[-106.784585,39.155394],[-106.784585,39.155392],[-106.784581,39.15539],[-106.784533,39.155363],[-106.784496,39.155341],[-106.78446,39.155318],[-106.784425,39.155295],[-106.78439,39.155272],[-106.784355,39.155247],[-106.784322,39.155222],[-106.784289,39.155197],[-106.784257,39.155171],[-106.784226,39.155145],[-106.784195,39.155118],[-106.784165,39.15509],[-106.784136,39.155062],[-106.784108,39.155033],[-106.784081,39.155004],[-106.784054,39.154975],[-106.784028,39.154945],[-106.784003,39.154915],[-106.783979,39.154884],[-106.783956,39.154853],[-106.783934,39.154821],[-106.783912,39.154789],[-106.783892,39.154757],[-106.783872,39.154724],[-106.783853,39.154691],[-106.783835,39.154658],[-106.783424,39.154658],[-106.783426,39.152852],[-106.783742,39.152853],[-106.783753,39.152816],[-106.78377,39.152757],[-106.783779,39.152722],[-106.783787,39.152686],[-106.783795,39.152651],[-106.783802,39.152615],[-106.783808,39.152579],[-106.783813,39.152543],[-106.783817,39.152508],[-106.783821,39.152472],[-106.783824,39.152436],[-106.783826,39.1524],[-106.783828,39.152364],[-106.783828,39.152328],[-106.783835,39.151017],[-106.783835,39.151002],[-106.783834,39.15096],[-106.783833,39.150924],[-106.78383,39.150888],[-106.783826,39.150852],[-106.783822,39.150816],[-106.783817,39.15078],[-106.783811,39.150744],[-106.783803,39.150709],[-106.783795,39.150673],[-106.783787,39.150638],[-106.783777,39.150603],[-106.783766,39.150568],[-106.783755,39.150533],[-106.783742,39.150498],[-106.783729,39.150463],[-106.783715,39.150429],[-106.7837,39.150395],[-106.783684,39.150361],[-106.783667,39.150328],[-106.78365,39.150294],[-106.783631,39.150261],[-106.783612,39.150228],[-106.783592,39.150196],[-106.783571,39.150164],[-106.78355,39.150132],[-106.783527,39.1501],[-106.783504,39.150069],[-106.78348,39.150038],[-106.783464,39.150019],[-106.783455,39.150008],[-106.78343,39.149978],[-106.783403,39.149948],[-106.783376,39.149919],[-106.783349,39.14989],[-106.78332,39.149862],[-106.783291,39.149834],[-106.783122,39.149675],[-106.783064,39.149622],[-106.783033,39.149596],[-106.783001,39.14957],[-106.782969,39.149544],[-106.782936,39.149519],[-106.782902,39.149494],[-106.782868,39.14947],[-106.782833,39.149446],[-106.782797,39.149423],[-106.782761,39.149401],[-106.782724,39.149379],[-106.782687,39.149357],[-106.782649,39.149337],[-106.782611,39.149316],[-106.782319,39.149165],[-106.782319,39.149157],[-106.782332,39.148196],[-106.781173,39.148215],[-106.780018,39.148198],[-106.779797,39.148195],[-106.778862,39.14818],[-106.778851,39.149132],[-106.779797,39.14915],[-106.780006,39.149155],[-106.781161,39.149177],[-106.781141,39.151014],[-106.781121,39.152852],[-106.781113,39.154657],[-106.781109,39.156461],[-106.783425,39.156462],[-106.785741,39.156459],[-106.78575,39.160067],[-106.785336,39.163689],[-106.7882,39.16368],[-106.788199,39.16401],[-106.788197,39.164688],[-106.78819,39.167291],[-106.788182,39.170029],[-106.789266,39.17003],[-106.789166,39.170906],[-106.788755,39.174529],[-106.789495,39.174525],[-106.793407,39.174501],[-106.793523,39.178064],[-106.797139,39.178043],[-106.79715,39.178043],[-106.797276,39.178042],[-106.7972,39.181608],[-106.797116,39.185244],[-106.798337,39.185224],[-106.798337,39.185259],[-106.798799,39.185256],[-106.801768,39.185238],[-106.801797,39.187686],[-106.801894,39.187698],[-106.801897,39.187698],[-106.803023,39.187835],[-106.80591,39.188191],[-106.805912,39.187371],[-106.806969,39.187371],[-106.806957,39.188598],[-106.807684,39.188601],[-106.807241,39.18895],[-106.806548,39.189496],[-106.806576,39.189415],[-106.805557,39.18919],[-106.805354,39.189787],[-106.803036,39.189002],[-106.801978,39.188645],[-106.801916,39.188694],[-106.801454,39.189057],[-106.801281,39.189194],[-106.801386,39.18923],[-106.801832,39.189384],[-106.801775,39.189415],[-106.800974,39.189846],[-106.801009,39.189858],[-106.801949,39.190177],[-106.803035,39.190545],[-106.804695,39.1911],[-106.803034,39.191991],[-106.802001,39.192544],[-106.801539,39.192792],[-106.801421,39.192854],[-106.801245,39.192947],[-106.799131,39.193888],[-106.799129,39.19389],[-106.798957,39.193966],[-106.79868,39.194163],[-106.797276,39.195161],[-106.796886,39.194865],[-106.796128,39.194291],[-106.795371,39.193716],[-106.794172,39.194649],[-106.791814,39.196485],[-106.791653,39.19661],[-106.792411,39.197184],[-106.79317,39.197759],[-106.793928,39.198333],[-106.793942,39.198322],[-106.794169,39.1985],[-106.794455,39.198724],[-106.794168,39.198948],[-106.792647,39.200135],[-106.791474,39.201049],[-106.792212,39.201629],[-106.794132,39.200142],[-106.794167,39.200115],[-106.79521,39.199308],[-106.794838,39.199015],[-106.795442,39.199477],[-106.795535,39.199548],[-106.794912,39.200034],[-106.794775,39.200141],[-106.794167,39.200617],[-106.794233,39.20067],[-106.794167,39.200721],[-106.791901,39.202472],[-106.79264,39.203036],[-106.792627,39.203046],[-106.793213,39.203508],[-106.793468,39.203509],[-106.79388,39.203511],[-106.794164,39.203512],[-106.794791,39.203515],[-106.794911,39.203516],[-106.796286,39.203523],[-106.796369,39.203523],[-106.797853,39.203531],[-106.798038,39.203532],[-106.798038,39.203677],[-106.798038,39.203807],[-106.798037,39.204792],[-106.798034,39.207154],[-106.798034,39.2074],[-106.798034,39.208248],[-106.798034,39.209787],[-106.798039,39.209787],[-106.798048,39.209787],[-106.798048,39.209437],[-106.798781,39.209249],[-106.799118,39.209163],[-106.800211,39.208883],[-106.802687,39.20825],[-106.803399,39.208067],[-106.805494,39.207531],[-106.807751,39.207496],[-106.807927,39.207494],[-106.808703,39.207482],[-106.807991,39.209997],[-106.807732,39.21091],[-106.812065,39.2108],[-106.816711,39.210681],[-106.821286,39.210685],[-106.821284,39.210758],[-106.821178,39.214278],[-106.82107,39.217871],[-106.821992,39.217888],[-106.825724,39.21796],[-106.826637,39.217977],[-106.83037,39.218049],[-106.830689,39.218055],[-106.831282,39.218065],[-106.835016,39.218137],[-106.835176,39.215432],[-106.839829,39.215432],[-106.839662,39.218226],[-106.840038,39.222011],[-106.840086,39.222505],[-106.840412,39.225796],[-106.840444,39.226125],[-106.840786,39.229582],[-106.840802,39.229746],[-106.841161,39.233367],[-106.841022,39.236978],[-106.840883,39.240589],[-106.840743,39.244201],[-106.840604,39.247813],[-106.840602,39.251424],[-106.840601,39.253245],[-106.840601,39.253249],[-106.839505,39.253249],[-106.839167,39.253249],[-106.83834,39.253249],[-106.838341,39.252346],[-106.838342,39.251444],[-106.838342,39.251429],[-106.838341,39.251429],[-106.835923,39.251433],[-106.83368,39.251437],[-106.83368,39.251429],[-106.833679,39.250697],[-106.833679,39.250562],[-106.833678,39.249665],[-106.832511,39.249669],[-106.831255,39.249701],[-106.831253,39.249701],[-106.831249,39.249701],[-106.830183,39.249675],[-106.829971,39.249676],[-106.829022,39.249678],[-106.828611,39.249678],[-106.82786,39.24968],[-106.826701,39.249682],[-106.826701,39.249681],[-106.826616,39.249681],[-106.826617,39.250579],[-106.825537,39.250581],[-106.824376,39.250583],[-106.823377,39.250585],[-106.823214,39.250585],[-106.822052,39.250587],[-106.821979,39.250587],[-106.821977,39.250587],[-106.821977,39.250585],[-106.821979,39.249656],[-106.824309,39.24965],[-106.824427,39.247896],[-106.82443,39.247858],[-106.821983,39.247861],[-106.818195,39.246869],[-106.816913,39.246533],[-106.817177,39.246873],[-106.818288,39.248301],[-106.821577,39.251231],[-106.821976,39.251233],[-106.821976,39.251266],[-106.821975,39.25145],[-106.822054,39.25145],[-106.824377,39.251448],[-106.824377,39.25148],[-106.824378,39.252377],[-106.824378,39.252438],[-106.824379,39.253274],[-106.825541,39.253272],[-106.826145,39.253271],[-106.826617,39.25327],[-106.826619,39.25327],[-106.826704,39.25327],[-106.827866,39.253268],[-106.829029,39.253266],[-106.829027,39.252368],[-106.829025,39.251474],[-106.829025,39.251471],[-106.829025,39.251444],[-106.831258,39.251442],[-106.831258,39.251468],[-106.831263,39.253258],[-106.831263,39.253262],[-106.831265,39.253262],[-106.831354,39.253261],[-106.832518,39.253258],[-106.833683,39.253255],[-106.834009,39.253254],[-106.834847,39.253252],[-106.835928,39.25324],[-106.835928,39.253252],[-106.835934,39.255036],[-106.836011,39.255036],[-106.840599,39.255035],[-106.840607,39.258768],[-106.84061,39.26],[-106.757509,39.26],[-106.756306,39.257305],[-106.756227,39.257128],[-106.756149,39.257115],[-106.755477,39.257005],[-106.755477,39.256476],[-106.755476,39.255776],[-106.755475,39.254953],[-106.755474,39.25358],[-106.754811,39.253581],[-106.754811,39.253411],[-106.754249,39.253411],[-106.754058,39.253411],[-106.75406,39.253377],[-106.753105,39.253086],[-106.752059,39.252767],[-106.752045,39.253094],[-106.751009,39.25293],[-106.750733,39.254567],[-106.750908,39.257011],[-106.750909,39.257029],[-106.751963,39.257196],[-106.751943,39.256897],[-106.752925,39.257196],[-106.753628,39.257411],[-106.753628,39.257532],[-106.753973,39.257532],[-106.754251,39.257532],[-106.754814,39.257533],[-106.754814,39.257703],[-106.755556,39.26],[-106.57,39.26],[-106.57,39.033612],[-106.570567,39.032918],[-106.57,39.032636],[-106.57,39.0],[-106.597205,39.0],[-106.597057,39.00043],[-106.595978,39.003563],[-106.595997,39.003565],[-106.597034,39.003669],[-106.59815,39.00043],[-106.598298,39.0],[-106.784321,39.0],[-106.78521,39.000659],[-106.785351,39.000659],[-106.785503,39.000888],[-106.786613,39.002558],[-106.786775,39.002803],[-106.786968,39.00278],[-106.787879,39.002675],[-106.787266,39.001734],[-106.78817,39.001631],[-106.787882,39.001191],[-106.788587,39.001111],[-106.788466,39.001928],[-106.792538,39.002276],[-106.792486,39.002363],[-106.792582,39.002399],[-106.788859,39.002025],[-106.788773,39.002571],[-106.790291,39.002707],[-106.790108,39.003134],[-106.791409,39.003475],[-106.789037,39.003402],[-106.789009,39.004056],[-106.789002,39.004224],[-106.789292,39.004233],[-106.792814,39.004343],[-106.792815,39.004343],[-106.794251,39.004388],[-106.794259,39.004222],[-106.794458,39.004275],[-106.794789,39.003494],[-106.793955,39.003275],[-106.793603,39.003183],[-106.793944,39.003242],[-106.794286,39.003301],[-106.794323,39.003197],[-106.79437,39.003061],[-106.795991,39.003662],[-106.797231,39.004121],[-106.797671,39.003377],[-106.796531,39.002954],[-106.796508,39.002946],[-106.795798,39.002682],[-106.794652,39.002257],[-106.794768,39.001925],[-106.794871,39.001942],[-106.795166,39.002173],[-106.796267,39.00187],[-106.795482,39.001259],[-106.795369,39.00117],[-106.795758,39.001196],[-106.797605,39.001317],[-106.797616,39.001197],[-106.797676,39.001175],[-106.797678,39.001175],[-106.798181,39.000991],[-106.798544,39.000858],[-106.799422,39.000538],[-106.7995,39.00051],[-106.799195,39.0],[-106.836435,39.0],[-106.836329,39.000153],[-106.837256,39.000546],[-106.837635,39.0],[-106.955679,39.0],[-106.955383,39.0002],[-106.955999,39.000868],[-106.957255,39.00002],[-106.957266,39.0],[-106.957267,39.0],[-106.957259,39.000017],[-106.957285,39.0],[-107.05,39.0],[-107.05,39.019228],[-107.04955,39.020758],[-107.05,39.020838],[-107.05,39.225431],[-107.048833,39.225432],[-107.048819,39.225432],[-107.048817,39.226336],[-107.048788,39.226337],[-107.047624,39.226338],[-107.047235,39.226338],[-107.04646,39.226339],[-107.046458,39.227098],[-107.046458,39.227244],[-107.046456,39.228108],[-107.045291,39.228108],[-107.045291,39.228109],[-107.045291,39.228149],[-107.04529,39.228556],[-107.045289,39.229053],[-107.045286,39.229957],[-107.044174,39.229958],[-107.04416,39.229958],[-107.044156,39.231725],[-107.044152,39.233821],[-107.043693,39.233817],[-107.039496,39.233785],[-107.03906,39.233782],[-107.034839,39.233771],[-107.034517,39.23377],[-107.030183,39.233759],[-107.029973,39.233758],[-107.025527,39.233726],[-107.025356,39.233725],[-107.020871,39.233693],[-107.020738,39.233692],[-107.016214,39.233673],[-107.016148,39.233673],[-107.011558,39.233655],[-107.007301,39.23366],[-107.006902,39.233659],[-107.003044,39.233663],[-107.002245,39.233662],[-107.000526,39.23366],[-107.000528,39.231757],[-107.00053,39.228134],[-107.000531,39.226421],[-106.997605,39.226422],[-106.993,39.226422],[-106.991216,39.226422],[-106.991217,39.224512],[-106.991217,39.223052],[-106.991218,39.22089],[-106.991225,39.217268],[-106.989595,39.217271],[-106.989589,39.214107],[-106.989581,39.210485],[-106.989568,39.206864],[-106.989556,39.203242],[-106.989141,39.203243],[-106.984911,39.203248],[-106.980267,39.203253],[-106.979829,39.203253],[-106.975623,39.203259],[-106.975029,39.20326],[-106.975029,39.203139],[-106.975623,39.203139],[-106.977357,39.20314],[-106.977355,39.199639],[-106.977353,39.196017],[-106.977353,39.195896],[-106.97562,39.195898],[-106.970975,39.195903],[-106.97037,39.195903],[-106.966312,39.195904],[-106.961649,39.195905],[-106.956992,39.195907],[-106.952336,39.195908],[-106.95175,39.195908],[-106.95175,39.196002],[-106.951752,39.199531],[-106.951752,39.199625],[-106.951752,39.200198],[-106.951752,39.20021],[-106.947682,39.200212],[-106.943781,39.200214],[-106.943784,39.203158],[-106.943044,39.203158],[-106.943024,39.203158],[-106.938375,39.20316],[-106.938375,39.203184],[-106.938365,39.203184],[-106.933706,39.203162],[-106.929065,39.203241],[-106.928807,39.203245],[-106.924413,39.20332],[-106.924154,39.203323],[-106.919759,39.203367]],[[-106.815883,39.11168],[-106.815882,39.111776],[-106.811624,39.111748],[-106.811166,39.111622],[-106.811759,39.11152],[-106.81153,39.110716],[-106.811321,39.109982],[-106.811092,39.109178],[-106.810863,39.108375],[-106.810634,39.107571],[-106.805475,39.108464],[-106.804215,39.108679],[-106.804215,39.108668],[-106.80507,39.108519],[-106.805756,39.1084],[-106.805756,39.10431],[-106.806736,39.104141],[-106.807768,39.103963],[-106.80726,39.102179],[-106.80725,39.102144],[-106.807462,39.102144],[-106.808292,39.102],[-106.809323,39.101822],[-106.80818,39.097804],[-106.807148,39.097982],[-106.806117,39.09816],[-106.805481,39.095925],[-106.80445,39.096104],[-106.804198,39.096147],[-106.803418,39.096282],[-106.802387,39.09646],[-106.801356,39.096638],[-106.802499,39.100657],[-106.801605,39.100811],[-106.800573,39.10099],[-106.799559,39.101165],[-106.798527,39.101343],[-106.797496,39.101521],[-106.796465,39.1017],[-106.796591,39.102144],[-106.797607,39.105719],[-106.798639,39.10554],[-106.79967,39.105362],[-106.799945,39.105315],[-106.799945,39.10941],[-106.800322,39.109344],[-106.800549,39.110149],[-106.800776,39.110954],[-106.801004,39.111758],[-106.801212,39.112492],[-106.80144,39.113296],[-106.801377,39.113307],[-106.801137,39.113349],[-106.799434,39.113644],[-106.80417,39.115061],[-106.804223,39.115052],[-106.804692,39.114971],[-106.804878,39.115472],[-106.805234,39.116247],[-106.805412,39.116634],[-106.805484,39.11679],[-106.805834,39.117551],[-106.808631,39.116769],[-106.811,39.118059],[-106.810736,39.118745],[-106.811418,39.118905],[-106.81108,39.119221],[-106.814383,39.121364],[-106.815059,39.120731],[-106.812712,39.119208],[-106.812759,39.119219],[-106.813771,39.119456],[-106.814782,39.119693],[-106.815364,39.118183],[-106.81571,39.119189],[-106.815677,39.119214],[-106.81612,39.119389],[-106.816015,39.119843],[-106.815307,39.119298],[-106.814565,39.119884],[-106.8168,39.121602],[-106.817542,39.121016],[-106.81605,39.119869],[-106.817082,39.119874],[-106.817748,39.116978],[-106.817827,39.116634],[-106.818014,39.115823],[-106.818006,39.115823],[-106.817725,39.115822],[-106.816949,39.115819],[-106.816941,39.115819],[-106.8169,39.115998],[-106.816922,39.113429],[-106.81694,39.111688],[-106.815883,39.11168]],[[-106.762177,39.2465],[-106.762297,39.246539],[-106.764274,39.242729],[-106.764576,39.242831],[-106.764804,39.242172],[-106.766098,39.241594],[-106.7674,39.241012],[-106.767615,39.240975],[-106.76891,39.240753],[-106.770426,39.243148],[-106.770962,39.242876],[-106.769745,39.240668],[-106.773682,39.240247],[-106.774056,39.239427],[-106.768776,39.237032],[-106.767671,39.237526],[-106.767679,39.23704],[-106.767712,39.235003],[-106.767734,39.233658],[-106.767742,39.233155],[-106.767461,39.233779],[-106.766843,39.234053],[-106.766785,39.234026],[-106.766698,39.232979],[-106.766689,39.232874],[-106.766667,39.232611],[-106.766626,39.232114],[-106.766076,39.231944],[-106.76607,39.231891],[-106.76605,39.231935],[-106.766027,39.231985],[-106.765609,39.231799],[-106.765244,39.231635],[-106.765224,39.231679],[-106.765211,39.231708],[-106.764973,39.231601],[-106.76465,39.231456],[-106.764645,39.231499],[-106.764601,39.231486],[-106.764602,39.2315],[-106.763567,39.231528],[-106.762491,39.231557],[-106.76228,39.231562],[-106.762159,39.232615],[-106.762084,39.233258],[-106.761532,39.233217],[-106.761732,39.235485],[-106.761668,39.235487],[-106.761109,39.237061],[-106.76049,39.236615],[-106.760461,39.236738],[-106.759612,39.236138],[-106.75917,39.238013],[-106.759119,39.237272],[-106.758062,39.237306],[-106.758233,39.23983],[-106.758165,39.239783],[-106.757714,39.240568],[-106.75765,39.24054],[-106.757221,39.241289],[-106.757188,39.241277],[-106.757581,39.240509],[-106.756622,39.24017],[-106.754866,39.243588],[-106.754394,39.243453],[-106.754499,39.241314],[-106.75353,39.240981],[-106.752488,39.240623],[-106.752285,39.244738],[-106.753265,39.245075],[-106.751986,39.247051],[-106.751168,39.248315],[-106.752108,39.248638],[-106.751979,39.248836],[-106.752493,39.248981],[-106.751799,39.250196],[-106.752848,39.25039],[-106.754744,39.247046],[-106.754966,39.246654],[-106.755703,39.246913],[-106.756789,39.244757],[-106.757276,39.244928],[-106.76018,39.245953],[-106.760785,39.246166],[-106.757185,39.245125],[-106.757168,39.24512],[-106.756808,39.245895],[-106.756448,39.246669],[-106.756274,39.247043],[-106.756088,39.247444],[-106.755729,39.248219],[-106.755369,39.248993],[-106.760333,39.250429],[-106.760693,39.249654],[-106.761052,39.24888],[-106.761412,39.248105],[-106.761772,39.24733],[-106.76191,39.247033],[-106.762072,39.246683],[-106.762086,39.246687],[-106.762177,39.2465]],[[-106.803688,39.244239],[-106.804703,39.240611],[-106.804813,39.240219],[-106.804709,39.240162],[-106.801852,39.238566],[-106.798247,39.240821],[-106.800781,39.242751],[-106.79968,39.245633],[-106.803688,39.244239]],[[-106.759792,39.230776],[-106.759779,39.230811],[-106.759803,39.230778],[-106.759792,39.230776]],[[-106.784855,39.212061],[-106.784796,39.21205],[-106.784855,39.212072],[-106.784855,39.212061]],[[-106.753564,39.17961],[-106.754751,39.174604],[-106.754774,39.174506],[-106.754767,39.174506],[-106.754487,39.175691],[-106.753559,39.179603],[-106.753564,39.17961]],[[-106.753561,39.179622],[-106.754797,39.181593],[-106.754798,39.181579],[-106.753564,39.17961],[-106.753561,39.179622]],[[-106.751591,39.174057],[-106.75159,39.174057],[-106.751339,39.174497],[-106.750208,39.176479],[-106.750219,39.176482],[-106.750234,39.176456],[-106.751287,39.174611],[-106.751352,39.174497],[-106.751539,39.174171],[-106.751602,39.17406],[-106.751591,39.174057]],[[-106.74823,39.174488],[-106.748135,39.174488],[-106.748132,39.174624],[-106.74823,39.174488]],[[-106.754004,39.168814],[-106.754005,39.168833],[-106.754068,39.171539],[-106.754554,39.17223],[-106.755228,39.172563],[-106.755246,39.172464],[-106.75464,39.172166],[-106.754184,39.171516],[-106.754121,39.16881],[-106.754004,39.168814]],[[-106.783073,39.148474],[-106.78311,39.14869],[-106.783134,39.148775],[-106.783284,39.148838],[-106.783482,39.1489],[-106.783477,39.149022],[-106.783476,39.149144],[-106.78464,39.149137],[-106.784584,39.151004],[-106.784797,39.150999],[-106.785725,39.150995],[-106.785777,39.149115],[-106.785818,39.147234],[-106.785859,39.145353],[-106.78353,39.145331],[-106.781667,39.145313],[-106.781208,39.14533],[-106.781185,39.147254],[-106.782346,39.147241],[-106.782926,39.147235],[-106.782913,39.148189],[-106.783001,39.148188],[-106.783073,39.148474]],[[-106.60132,39.144794],[-106.601595,39.144956],[-106.602184,39.144347],[-106.602343,39.144183],[-106.602577,39.143942],[-106.603226,39.143271],[-106.604777,39.141668],[-106.603932,39.141173],[-106.602507,39.142646],[-106.601288,39.143906],[-106.60102,39.144183],[-106.600751,39.14446],[-106.60132,39.144794]],[[-106.762747,39.133873],[-106.762893,39.129906],[-106.75813,39.129838],[-106.753658,39.129853],[-106.753658,39.126251],[-106.749185,39.126245],[-106.749185,39.129867],[-106.749185,39.13349],[-106.750592,39.133525],[-106.753619,39.133602],[-106.758053,39.133714],[-106.762747,39.133873]],[[-106.599515,39.111219],[-106.599543,39.111306],[-106.599634,39.11159],[-106.59965,39.11164],[-106.598513,39.111489],[-106.598508,39.111475],[-106.598424,39.111213],[-106.598378,39.111069],[-106.597808,39.110993],[-106.597772,39.111159],[-106.59772,39.111394],[-106.597631,39.111804],[-106.597725,39.111817],[-106.598653,39.111928],[-106.598526,39.111529],[-106.599664,39.111683],[-106.599786,39.112063],[-106.599794,39.112089],[-106.601871,39.112366],[-106.602302,39.112423],[-106.602839,39.112494],[-106.603017,39.111683],[-106.602302,39.111588],[-106.60211,39.111563],[-106.601217,39.111445],[-106.599515,39.111219]],[[-106.628399,39.112639],[-106.628393,39.112435],[-106.633654,39.11236],[-106.633634,39.111537],[-106.63218,39.111558],[-106.635927,39.110635],[-106.635945,39.109767],[-106.632007,39.110737],[-106.630848,39.110753],[-106.630842,39.11106],[-106.630835,39.111368],[-106.630831,39.111577],[-106.630827,39.111877],[-106.628377,39.111857],[-106.628376,39.111857],[-106.627555,39.111852],[-106.626737,39.111846],[-106.625544,39.111838],[-106.623095,39.111822],[-106.62311,39.112359],[-106.623117,39.112604],[-106.623644,39.112607],[-106.62362,39.112613],[-106.623044,39.112621],[-106.622959,39.113174],[-106.624336,39.113302],[-106.625251,39.113386],[-106.628206,39.113659],[-106.628331,39.112842],[-106.626783,39.112699],[-106.625961,39.112623],[-106.627062,39.11263],[-106.628399,39.112639]],[[-106.795935,39.113576],[-106.797042,39.11178],[-106.79609,39.111424],[-106.794982,39.11322],[-106.795935,39.113576]],[[-106.624049,39.115289],[-106.624554,39.114565],[-106.623826,39.114257],[-106.620902,39.113021],[-106.61991,39.112601],[-106.619406,39.113324],[-106.620902,39.113957],[-106.621684,39.114288],[-106.624049,39.115289]],[[-106.605639,39.113601],[-106.606219,39.114291],[-106.60635,39.114446],[-106.607508,39.114604],[-106.611146,39.112681],[-106.610742,39.112201],[-106.610347,39.111732],[-106.607044,39.113044],[-106.605639,39.113601]],[[-106.59852,39.11338],[-106.598494,39.113326],[-106.597705,39.113269],[-106.59852,39.11338]],[[-106.597943,39.117758],[-106.597895,39.117752],[-106.59789,39.117782],[-106.597945,39.117788],[-106.597943,39.117758]],[[-106.594981,39.118659],[-106.594927,39.118569],[-106.594635,39.118676],[-106.594062,39.118886],[-106.593042,39.119261],[-106.593042,39.119294],[-106.590229,39.120293],[-106.590147,39.120324],[-106.590597,39.121068],[-106.5946,39.119599],[-106.595377,39.119313],[-106.59508,39.118822],[-106.594981,39.118659]],[[-106.60574,39.129982],[-106.605698,39.129878],[-106.605661,39.129787],[-106.605422,39.129197],[-106.604446,39.129437],[-106.602644,39.12988],[-106.602302,39.129964],[-106.601835,39.130079],[-106.600382,39.130436],[-106.600524,39.130786],[-106.6007,39.131221],[-106.60188,39.130931],[-106.60574,39.129982]],[[-106.601823,39.129856],[-106.600788,39.129858],[-106.601823,39.129856]],[[-106.597695,39.018021],[-106.599478,39.020235],[-106.600045,39.021673],[-106.601054,39.021431],[-106.601374,39.0221],[-106.601374,39.025505],[-106.602295,39.025284],[-106.602295,39.026012],[-106.602302,39.026012],[-106.60335,39.026012],[-106.60335,39.02578],[-106.60432,39.028351],[-106.605285,39.028008],[-106.605162,39.027681],[-106.606061,39.028395],[-106.607429,39.029481],[-106.606427,39.03017],[-106.606895,39.030945],[-106.608171,39.030068],[-106.611176,39.032446],[-106.611928,39.031868],[-106.608964,39.029523],[-106.610605,39.028395],[-106.610958,39.028395],[-106.612609,39.031128],[-106.612748,39.031071],[-106.612758,39.031088],[-106.613294,39.03072],[-106.615258,39.033986],[-106.611255,39.035014],[-106.611352,39.035175],[-106.608227,39.038194],[-106.609052,39.038708],[-106.611272,39.036564],[-106.611852,39.036003],[-106.612093,39.0364],[-106.612098,39.036399],[-106.61244,39.037178],[-106.617431,39.035846],[-106.620882,39.034923],[-106.622423,39.034511],[-106.62208,39.033732],[-106.620881,39.034065],[-106.617107,39.035113],[-106.617106,39.035113],[-106.616829,39.034655],[-106.617654,39.034088],[-106.615404,39.030365],[-106.615571,39.03025],[-106.614417,39.028395],[-106.613275,39.026561],[-106.613475,39.026424],[-106.615987,39.025313],[-106.615536,39.024566],[-106.612859,39.025749],[-106.612189,39.02621],[-106.611445,39.025625],[-106.611741,39.025422],[-106.611064,39.02482],[-106.610292,39.020994],[-106.609429,39.0211],[-106.608809,39.018131],[-106.607975,39.0191],[-106.607949,39.018994],[-106.607115,39.019963],[-106.608121,39.024003],[-106.60684,39.025489],[-106.603853,39.023111],[-106.604066,39.023006],[-106.602302,39.019345],[-106.60221,39.019154],[-106.602302,39.019109],[-106.602308,39.019106],[-106.602302,39.019098],[-106.599502,39.015621],[-106.598609,39.016059],[-106.599639,39.017339],[-106.599751,39.017527],[-106.59874,39.01777],[-106.597695,39.018021]],[[-106.59987,39.009302],[-106.600238,39.013408],[-106.6013,39.013457],[-106.600932,39.009351],[-106.60147,39.009376],[-106.60117,39.005267],[-106.600923,39.005255],[-106.601237,39.001146],[-106.60106,39.001138],[-106.600196,39.001098],[-106.600185,39.001097],[-106.59987,39.005206],[-106.599916,39.005208],[-106.600109,39.005217],[-106.60041,39.009327],[-106.59987,39.009302]],[[-106.748385,39.043609],[-106.747439,39.044183],[-106.748385,39.044183],[-106.748385,39.043609]],[[-106.747383,39.044183],[-106.747367,39.044227],[-106.747439,39.044183],[-106.747383,39.044183]],[[-106.79201,39.042888],[-106.79203,39.043711],[-106.797308,39.043635],[-106.797288,39.042812],[-106.79201,39.042888]],[[-106.813773,39.042297],[-106.814777,39.042238],[-106.814209,39.038238],[-106.814475,39.038222],[-106.814053,39.034453],[-106.81358,39.03448],[-106.813001,39.034514],[-106.813422,39.038284],[-106.813206,39.038296],[-106.813773,39.042297]],[[-106.598601,39.0269],[-106.597569,39.02707],[-106.597574,39.02709],[-106.598201,39.029411],[-106.598657,39.031098],[-106.59969,39.030928],[-106.59928,39.029411],[-106.598607,39.02692],[-106.598601,39.0269]],[[-106.793716,39.039821],[-106.794103,39.039722],[-106.793857,39.040105],[-106.798578,39.041947],[-106.79905,39.041211],[-106.799523,39.040475],[-106.794802,39.038633],[-106.794489,39.039121],[-106.792802,39.035941],[-106.790969,39.032081],[-106.789968,39.032336],[-106.789989,39.032381],[-106.788911,39.032474],[-106.789473,39.033659],[-106.788482,39.033945],[-106.787379,39.033708],[-106.788384,39.03583],[-106.789488,39.036066],[-106.790312,39.037806],[-106.791302,39.03752],[-106.790862,39.036592],[-106.792624,39.039914],[-106.793716,39.039821]],[[-106.67656,39.027494],[-106.676247,39.028395],[-106.675179,39.031467],[-106.675142,39.031459],[-106.673761,39.035432],[-106.67478,39.035647],[-106.676161,39.031674],[-106.676198,39.031682],[-106.676615,39.030483],[-106.67734,39.028395],[-106.677579,39.027709],[-106.676612,39.027505],[-106.67656,39.027494]],[[-106.622983,39.031928],[-106.622987,39.031938],[-106.622988,39.031938],[-106.623349,39.032664],[-106.62757,39.031366],[-106.628013,39.032576],[-106.629028,39.03235],[-106.628325,39.030433],[-106.632868,39.029077],[-106.633227,39.029207],[-106.633711,39.028395],[-106.635451,39.025474],[-106.634493,39.025127],[-106.632857,39.027874],[-106.632677,39.027375],[-106.629254,39.028394],[-106.627578,39.028393],[-106.627561,39.028395],[-106.626562,39.028618],[-106.626987,39.029776],[-106.622586,39.031129],[-106.622968,39.031897],[-106.62297,39.031896],[-106.622983,39.031928]],[[-106.621263,39.030716],[-106.626424,39.029854],[-106.625804,39.029116],[-106.62088,39.029938],[-106.620643,39.029978],[-106.62088,39.03026],[-106.621263,39.030716]],[[-106.642776,39.026774],[-106.642731,39.026303],[-106.647506,39.025113],[-106.647174,39.024332],[-106.642147,39.025584],[-106.642313,39.025976],[-106.639456,39.026141],[-106.638725,39.026183],[-106.637435,39.026257],[-106.637513,39.027077],[-106.637636,39.02707],[-106.639457,39.026965],[-106.642776,39.026774]],[[-106.790586,39.031097],[-106.793713,39.028395],[-106.794072,39.028085],[-106.793424,39.027399],[-106.792786,39.026725],[-106.792138,39.026039],[-106.789728,39.028395],[-106.788847,39.029257],[-106.788171,39.028542],[-106.788322,39.028395],[-106.791051,39.025732],[-106.790227,39.025218],[-106.789402,39.024704],[-106.788578,39.02419],[-106.787754,39.023676],[-106.785529,39.025846],[-106.784459,39.026891],[-106.78281,39.025863],[-106.782151,39.026506],[-106.785181,39.028395],[-106.785532,39.028614],[-106.786273,39.029076],[-106.786932,39.028433],[-106.787757,39.028947],[-106.787489,39.029208],[-106.789904,39.031763],[-106.790586,39.031097]],[[-106.618823,39.020847],[-106.618028,39.020305],[-106.614554,39.023403],[-106.615348,39.023945],[-106.618785,39.020881],[-106.618823,39.020847]],[[-106.608605,39.017597],[-106.609258,39.018244],[-106.612909,39.015999],[-106.613402,39.015695],[-106.612748,39.015049],[-106.608605,39.017597]],[[-106.612912,39.016003],[-106.60929,39.018276],[-106.609952,39.018917],[-106.613146,39.016912],[-106.613198,39.020881],[-106.613815,39.020876],[-106.613364,39.021239],[-106.614121,39.021812],[-106.614879,39.022385],[-106.618552,39.01943],[-106.617794,39.018857],[-106.620613,39.016589],[-106.620509,39.016511],[-106.620877,39.016362],[-106.625093,39.014665],[-106.62504,39.014583],[-106.624788,39.014203],[-106.624609,39.013933],[-106.620876,39.015436],[-106.619921,39.015821],[-106.620245,39.016311],[-106.619855,39.016016],[-106.619274,39.016484],[-106.619268,39.015954],[-106.619233,39.015911],[-106.615279,39.018584],[-106.615248,39.016199],[-106.614192,39.016207],[-106.614199,39.016756],[-106.613385,39.016762],[-106.614063,39.016337],[-106.613402,39.015695],[-106.612912,39.016003]],[[-106.610243,39.016588],[-106.610244,39.016588],[-106.611213,39.015992],[-106.611214,39.015991],[-106.612183,39.015395],[-106.61195,39.013905],[-106.611543,39.011309],[-106.610573,39.011905],[-106.609604,39.012502],[-106.608634,39.013099],[-106.60876,39.013905],[-106.609274,39.017184],[-106.6094,39.017106],[-106.610243,39.016588]],[[-106.596216,39.009478],[-106.59558,39.009779],[-106.595552,39.009793],[-106.595341,39.009892],[-106.597899,39.013492],[-106.599011,39.014921],[-106.600637,39.017011],[-106.601539,39.016584],[-106.600245,39.014921],[-106.598802,39.013065],[-106.596244,39.009465],[-106.596216,39.009478]],[[-106.608962,39.015925],[-106.608806,39.014883],[-106.60676,39.015287],[-106.607087,39.016295],[-106.608962,39.015925]],[[-106.781566,39.010576],[-106.783482,39.009832],[-106.783483,39.009831],[-106.784198,39.009554],[-106.782783,39.009184],[-106.782653,39.008979],[-106.78257,39.00885],[-106.782313,39.008447],[-106.78173,39.008673],[-106.77759,39.010281],[-106.777983,39.010898],[-106.777985,39.010901],[-106.77806,39.011018],[-106.779371,39.011361],[-106.779475,39.011388],[-106.779964,39.011199],[-106.780391,39.011605],[-106.781147,39.012324],[-106.781904,39.013043],[-106.781932,39.01307],[-106.782517,39.013627],[-106.785516,39.013146],[-106.787685,39.012798],[-106.787072,39.012214],[-106.786316,39.011495],[-106.785559,39.010776],[-106.785514,39.010783],[-106.785514,39.010733],[-106.784803,39.010057],[-106.783834,39.010212],[-106.783832,39.010213],[-106.781566,39.010576]],[[-106.802982,39.008221],[-106.801661,39.012207],[-106.802682,39.012413],[-106.804003,39.008427],[-106.802982,39.008221]],[[-106.83578,39.010592],[-106.836711,39.01098],[-106.839152,39.007418],[-106.838222,39.00703],[-106.837753,39.007713],[-106.83578,39.010592]],[[-106.786967,39.005675],[-106.786801,39.005598],[-106.78617,39.006263],[-106.789169,39.007658],[-106.789452,39.007822],[-106.789454,39.007823],[-106.790603,39.008486],[-106.791231,39.007825],[-106.791859,39.007163],[-106.794115,39.008073],[-106.794611,39.007346],[-106.79417,39.007168],[-106.795395,39.007613],[-106.795561,39.00718],[-106.795699,39.00682],[-106.792647,39.005809],[-106.790843,39.005211],[-106.790894,39.005079],[-106.790242,39.004927],[-106.789648,39.00551],[-106.787807,39.004359],[-106.786842,39.004135],[-106.785838,39.003901],[-106.785535,39.004689],[-106.786148,39.004832],[-106.787473,39.005142],[-106.786967,39.005675]],[[-106.609914,39.004945],[-106.60966,39.00359],[-106.610168,39.0049],[-106.611148,39.004788],[-106.61105,39.005758],[-106.612102,39.005823],[-106.612424,39.002629],[-106.612735,39.001822],[-106.61516,39.00541],[-106.616093,39.005026],[-106.613633,39.001385],[-106.613381,39.001488],[-106.612739,39.001752],[-106.612699,39.00175],[-106.611685,39.001688],[-106.611381,39.002476],[-106.611164,39.004626],[-106.610693,39.00341],[-106.610196,39.000753],[-106.609152,39.000871],[-106.608108,39.00099],[-106.60887,39.005064],[-106.609914,39.004945]],[[-106.796165,39.002754],[-106.796164,39.002754],[-106.796158,39.002756],[-106.796185,39.002766],[-106.796187,39.002766],[-106.797078,39.003084],[-106.797278,39.002657],[-106.797084,39.002506],[-106.796165,39.002754]],[[-106.849603,39.004721],[-106.849587,39.004731],[-106.849587,39.004732],[-106.849604,39.004721],[-106.849603,39.004721]],[[-106.845582,39.004721],[-106.846522,39.004721],[-106.845582,39.004721]],[[-106.853493,39.012102],[-106.849375,39.009528],[-106.84882,39.010069],[-106.848819,39.010069],[-106.848715,39.010171],[-106.850456,39.011259],[-106.850464,39.011225],[-106.850457,39.011259],[-106.851857,39.012134],[-106.852129,39.011959],[-106.852801,39.012594],[-106.852895,39.012684],[-106.853493,39.012102]],[[-106.850072,39.013282],[-106.850061,39.013289],[-106.84906,39.013932],[-106.850061,39.013289],[-106.850072,39.013282]],[[-106.853351,39.01332],[-106.853341,39.013313],[-106.853335,39.013317],[-106.853351,39.01332]],[[-107.013901,39.017522],[-107.015241,39.016476],[-107.017632,39.014612],[-107.016886,39.014029],[-107.013715,39.016503],[-107.013155,39.01694],[-107.013901,39.017522]],[[-106.972675,39.021096],[-106.973923,39.021245],[-106.974922,39.021365],[-106.974921,39.021285],[-106.974916,39.020839],[-106.974937,39.021319],[-106.98019,39.021673],[-106.980156,39.02085],[-106.974902,39.020497],[-106.974903,39.020529],[-106.973791,39.020396],[-106.972549,39.020247],[-106.970889,39.020048],[-106.969698,39.019904],[-106.969707,39.020739],[-106.97089,39.020881],[-106.972675,39.021096]],[[-106.965251,39.022015],[-106.964391,39.021538],[-106.963722,39.02227],[-106.961331,39.024892],[-106.961976,39.02525],[-106.962191,39.025369],[-106.964341,39.023012],[-106.965251,39.022015]],[[-106.856249,39.02625],[-106.854984,39.02587],[-106.854981,39.025869],[-106.853828,39.025523],[-106.853938,39.025511],[-106.853933,39.025487],[-106.853933,39.025486],[-106.85389,39.025269],[-106.853827,39.02496],[-106.848577,39.025279],[-106.848732,39.026053],[-106.848804,39.026046],[-106.848805,39.026045],[-106.849372,39.025986],[-106.849376,39.025986],[-106.852676,39.025643],[-106.852495,39.026004],[-106.854694,39.026665],[-106.854695,39.026666],[-106.857323,39.027455],[-106.857519,39.027062],[-106.857707,39.026688],[-106.85625,39.02625],[-106.856249,39.02625]],[[-106.807322,39.023745],[-106.805842,39.023435],[-106.805385,39.02476],[-106.80586,39.024859],[-106.805293,39.026504],[-106.805212,39.026487],[-106.804682,39.028024],[-106.805957,39.028291],[-106.806486,39.026754],[-106.806532,39.026621],[-106.807052,39.025109],[-106.806865,39.02507],[-106.807322,39.023745]],[[-106.841467,39.023393],[-106.8415,39.023372],[-106.841467,39.023379],[-106.841467,39.023393]],[[-106.851603,39.021916],[-106.85162,39.022227],[-106.851627,39.022363],[-106.851719,39.02236],[-106.851723,39.02236],[-106.853201,39.022307],[-106.853209,39.022307],[-106.855244,39.022235],[-106.855636,39.022221],[-106.855818,39.022214],[-106.856898,39.022176],[-106.856854,39.021353],[-106.855172,39.021413],[-106.853698,39.021466],[-106.853697,39.021466],[-106.851583,39.021541],[-106.851591,39.021687],[-106.851603,39.021916]],[[-106.849524,39.022897],[-106.85162,39.022227],[-106.849524,39.022897]],[[-106.635261,39.019153],[-106.635804,39.019859],[-106.636348,39.020564],[-106.636891,39.02127],[-106.639453,39.020069],[-106.641414,39.01915],[-106.640871,39.018444],[-106.640327,39.017738],[-106.639784,39.017033],[-106.639452,39.017189],[-106.635261,39.019153]],[[-106.804098,39.019801],[-106.804596,39.020356],[-106.805461,39.019883],[-106.804097,39.018364],[-106.802434,39.016512],[-106.80157,39.016984],[-106.804098,39.019801]],[[-106.851107,39.016914],[-106.851083,39.016925],[-106.851097,39.016933],[-106.851107,39.016914]],[[-106.853307,39.019212],[-106.851664,39.019212],[-106.853307,39.019212]],[[-106.972396,39.019212],[-106.973606,39.019212],[-106.972396,39.019212]],[[-106.945036,39.019212],[-106.945037,39.019212],[-106.945036,39.019212],[-106.943722,39.019212],[-106.943719,39.019212],[-106.943722,39.019212],[-106.945036,39.019212]],[[-106.846789,39.01941],[-106.846629,39.019374],[-106.846618,39.019383],[-106.846789,39.01941]],[[-106.847512,39.020642],[-106.847525,39.020658],[-106.847512,39.020642]],[[-106.848715,39.02079],[-106.848708,39.020788],[-106.84871,39.020794],[-106.848715,39.02079]],[[-106.850037,39.016286],[-106.851203,39.015859],[-106.851204,39.015858],[-106.851203,39.015859],[-106.850037,39.016286]],[[-107.048477,39.032404],[-107.048844,39.032838],[-107.048477,39.032404]],[[-106.881721,39.033839],[-106.881729,39.033702],[-106.881728,39.033702],[-106.881721,39.033839]],[[-106.809701,39.037759],[-106.810602,39.037874],[-106.810773,39.037061],[-106.808252,39.036736],[-106.808081,39.037552],[-106.809701,39.037759]],[[-107.008021,39.00218],[-107.008021,39.002161],[-107.008015,39.002168],[-107.008006,39.002176],[-107.008021,39.00218]],[[-106.738034,39.046431],[-106.738071,39.046476],[-106.738603,39.047125],[-106.743573,39.045773],[-106.74299,39.045062],[-106.73802,39.046414],[-106.738034,39.046431]],[[-106.917622,39.081012],[-106.915851,39.083809],[-106.915395,39.084528],[-106.915448,39.084767],[-106.915852,39.084925],[-106.916229,39.085072],[-106.918566,39.081381],[-106.917622,39.081012]],[[-106.82289,39.095259],[-106.821106,39.092281],[-106.819247,39.090538],[-106.817563,39.090167],[-106.816339,39.08821],[-106.815257,39.088424],[-106.814913,39.087654],[-106.814469,39.086656],[-106.809893,39.082471],[-106.808984,39.083795],[-106.813076,39.087194],[-106.810669,39.086279],[-106.810054,39.086726],[-106.811008,39.087654],[-106.81212,39.088734],[-106.811226,39.089302],[-106.813196,39.091511],[-106.816416,39.090609],[-106.818584,39.093758],[-106.819499,39.094827],[-106.821169,39.095276],[-106.821635,39.096107],[-106.822242,39.096327],[-106.82289,39.096888],[-106.824384,39.098177],[-106.825362,39.098462],[-106.827724,39.097641],[-106.823094,39.095599],[-106.82289,39.095259]],[[-106.847421,39.133272],[-106.847669,39.130671],[-106.847682,39.13053],[-106.849918,39.126041],[-106.851345,39.124999],[-106.856448,39.121274],[-106.856452,39.121271],[-106.856186,39.120435],[-106.855759,39.119093],[-106.850483,39.121338],[-106.846727,39.121688],[-106.842607,39.123032],[-106.842609,39.123461],[-106.84264,39.129265],[-106.843117,39.130671],[-106.844328,39.134239],[-106.84478,39.134267],[-106.845207,39.134293],[-106.845643,39.13432],[-106.845642,39.134293],[-106.845614,39.133265],[-106.845614,39.133259],[-106.845969,39.133261],[-106.84629,39.133264],[-106.846442,39.133265],[-106.847421,39.133272]],[[-106.834593,39.130305],[-106.835645,39.130226],[-106.835354,39.126115],[-106.834302,39.126195],[-106.834593,39.130305]],[[-106.810561,39.103115],[-106.811213,39.103581],[-106.811856,39.10404],[-106.814087,39.102144],[-106.815286,39.101124],[-106.814642,39.100665],[-106.81399,39.100199],[-106.813211,39.099643],[-106.81027,39.102144],[-106.809782,39.102559],[-106.810561,39.103115]],[[-106.818471,39.101918],[-106.82289,39.099926],[-106.823044,39.099856],[-106.82289,39.09965],[-106.822514,39.099144],[-106.821985,39.098432],[-106.817413,39.100493],[-106.817942,39.101206],[-106.818471,39.101918]],[[-106.839234,39.092774],[-106.838195,39.092624],[-106.837234,39.096672],[-106.838273,39.096822],[-106.839234,39.092774]],[[-106.802053,39.08734],[-106.802228,39.087398],[-106.802579,39.087465],[-106.803556,39.087651],[-106.803554,39.087652],[-106.803553,39.087653],[-106.803552,39.087654],[-106.803233,39.087902],[-106.803222,39.087911],[-106.804188,39.088552],[-106.804189,39.088552],[-106.805812,39.089628],[-106.806118,39.089832],[-106.805221,39.090308],[-106.804866,39.090071],[-106.804191,39.090387],[-106.801506,39.091643],[-106.802338,39.092196],[-106.802048,39.092352],[-106.80288,39.092905],[-106.801965,39.093397],[-106.802555,39.094064],[-106.802565,39.094075],[-106.804195,39.093199],[-106.805174,39.092672],[-106.808173,39.096061],[-106.809042,39.095594],[-106.809912,39.095126],[-106.809313,39.094449],[-106.810139,39.094005],[-106.81,39.093848],[-106.811108,39.092986],[-106.811132,39.092967],[-106.808145,39.089572],[-106.807774,39.08986],[-106.804695,39.087869],[-106.807221,39.08835],[-106.807445,39.087654],[-106.807478,39.087552],[-106.804186,39.086924],[-106.802485,39.086599],[-106.802488,39.08659],[-106.800975,39.086094],[-106.799218,39.083467],[-106.798831,39.084671],[-106.800214,39.086738],[-106.801619,39.087198],[-106.802053,39.08734]],[[-106.80234,39.069188],[-106.802462,39.064349],[-106.798761,39.064652],[-106.799973,39.068766],[-106.800993,39.073163],[-106.801321,39.07458],[-106.802851,39.07823],[-106.801571,39.078692],[-106.803866,39.083455],[-106.804127,39.083998],[-106.804183,39.083995],[-106.808112,39.083814],[-106.808218,39.083809],[-106.80809,39.083684],[-106.807224,39.082833],[-106.809212,39.082465],[-106.809188,39.080109],[-106.806344,39.076433],[-106.804169,39.073965],[-106.803691,39.073422],[-106.803579,39.073163],[-106.802538,39.070778],[-106.80234,39.069188]],[[-106.582549,39.077541],[-106.580805,39.07981],[-106.57956,39.080916],[-106.580405,39.081411],[-106.58166,39.080296],[-106.583395,39.078037],[-106.582549,39.077541]],[[-106.580807,39.059716],[-106.578628,39.063465],[-106.578654,39.063474],[-106.576475,39.067224],[-106.577437,39.067564],[-106.579616,39.063814],[-106.57959,39.063805],[-106.581768,39.060055],[-106.580807,39.059716]],[[-106.794397,39.054252],[-106.795496,39.053975],[-106.796907,39.053621],[-106.796583,39.052837],[-106.794052,39.053473],[-106.794256,39.051764],[-106.794515,39.049591],[-106.793464,39.049515],[-106.793036,39.053101],[-106.792975,39.053613],[-106.793379,39.053643],[-106.791558,39.0541],[-106.791882,39.054884],[-106.794397,39.054252]],[[-106.80122,39.057072],[-106.801095,39.055546],[-106.80024,39.055905],[-106.800303,39.056787],[-106.80122,39.057072]],[[-106.797332,39.049024],[-106.79617,39.049033],[-106.796839,39.050671],[-106.796898,39.050671],[-106.798168,39.050661],[-106.797332,39.049024]],[[-106.796223,39.059972],[-106.796091,39.064042],[-106.797147,39.064053],[-106.797239,39.061207],[-106.797279,39.059983],[-106.796223,39.059972]],[[-106.87865,39.062559],[-106.876396,39.061981],[-106.875701,39.061802],[-106.875371,39.062584],[-106.876134,39.06278],[-106.878651,39.063426],[-106.880386,39.063872],[-106.880716,39.06309],[-106.87865,39.062559]],[[-106.739952,39.058986],[-106.740204,39.058673],[-106.739844,39.058673],[-106.739952,39.058986]],[[-106.572447,39.107827],[-106.572463,39.107836],[-106.575493,39.104464],[-106.574628,39.103992],[-106.573762,39.104955],[-106.573685,39.105041],[-106.572611,39.106236],[-106.571597,39.107364],[-106.571656,39.107396],[-106.572176,39.107679],[-106.572447,39.107827]],[[-106.832468,39.153644],[-106.832434,39.153666],[-106.832507,39.153735],[-106.832468,39.153644]],[[-106.832949,39.155376],[-106.834936,39.157219],[-106.83538,39.157631],[-106.836025,39.15823],[-106.835981,39.158258],[-106.836064,39.158335],[-106.836214,39.158475],[-106.836241,39.158355],[-106.836307,39.158558],[-106.836531,39.158412],[-106.837047,39.158075],[-106.837106,39.158036],[-106.837116,39.15803],[-106.837106,39.15802],[-106.837041,39.15796],[-106.836454,39.157416],[-106.836386,39.157353],[-106.835988,39.156984],[-106.835627,39.156648],[-106.835592,39.156616],[-106.833787,39.154942],[-106.833756,39.154913],[-106.833715,39.154875],[-106.833592,39.154956],[-106.833482,39.154985],[-106.833492,39.155012],[-106.833513,39.155007],[-106.832949,39.155376]],[[-106.830165,39.157434],[-106.829524,39.157087],[-106.829306,39.159793],[-106.829249,39.1605],[-106.829907,39.160855],[-106.83024,39.161036],[-106.830349,39.15981],[-106.830542,39.157637],[-106.830165,39.157434]],[[-107.012794,39.199613],[-107.017438,39.199612],[-107.017444,39.195988],[-107.01745,39.192366],[-107.022109,39.192363],[-107.022117,39.18874],[-107.017455,39.188744],[-107.016066,39.188745],[-107.012806,39.188745],[-107.012802,39.192367],[-107.012798,39.19599],[-107.008152,39.195991],[-107.003505,39.195994],[-106.998858,39.195996],[-106.994212,39.195998],[-106.994208,39.19962],[-106.994203,39.203241],[-106.994215,39.206863],[-106.994228,39.210485],[-106.998874,39.210484],[-107.003526,39.210483],[-107.003512,39.206861],[-107.003504,39.204715],[-107.003574,39.20486],[-107.007742,39.204288],[-107.008151,39.204097],[-107.008649,39.203864],[-107.009765,39.203237],[-107.01279,39.203237],[-107.012792,39.201536],[-107.012938,39.201454],[-107.012792,39.20115],[-107.012794,39.199613]]],[[[-106.974916,39.020839],[-106.974903,39.020529],[-106.974913,39.020531],[-106.974916,39.020839]]],[[[-106.612735,39.001822],[-106.612699,39.001769],[-106.612739,39.001752],[-106.612761,39.001754],[-106.612735,39.001822]]],[[[-106.78922,39.006409],[-106.789754,39.006972],[-106.787863,39.006092],[-106.78922,39.006409]]],[[[-106.781877,39.009536],[-106.782783,39.009184],[-106.781877,39.009536]]],[[[-106.61547,39.019545],[-106.615293,39.019687],[-106.615293,39.019664],[-106.61547,39.019545]]],[[[-106.614504,39.020321],[-106.614249,39.020527],[-106.614246,39.020323],[-106.614504,39.020321]]],[[[-106.627578,39.028394],[-106.629253,39.028394],[-106.62925,39.028395],[-106.627743,39.028844],[-106.627578,39.028395],[-106.627578,39.028394]]],[[[-106.795443,39.0],[-106.7957,39.0],[-106.795973,39.000454],[-106.797185,39.000534],[-106.79719,39.000541],[-106.795294,39.000425],[-106.795443,39.0]]],[[[-106.792914,39.000813],[-106.792896,39.001008],[-106.792682,39.001459],[-106.792718,39.000789],[-106.792914,39.000813]]],[[[-106.793731,39.001745],[-106.793678,39.001896],[-106.792927,39.001617],[-106.792555,39.002247],[-106.792666,39.00156],[-106.793731,39.001745]]],[[[-106.792564,39.00291],[-106.793306,39.002977],[-106.793265,39.003094],[-106.792564,39.00291]]],[[[-106.603328,39.02339],[-106.603321,39.023371],[-106.603409,39.023328],[-106.603328,39.02339]]],[[[-106.603074,39.023584],[-106.603071,39.023582],[-106.603084,39.023577],[-106.603074,39.023584]]],[[[-106.603637,39.024116],[-106.60335,39.024217],[-106.60335,39.023887],[-106.603637,39.024116]]],[[[-106.610573,39.025127],[-106.608434,39.026593],[-106.609989,39.024789],[-106.610035,39.02502],[-106.61007,39.025189],[-106.610226,39.02517],[-106.610573,39.025127]]],[[[-106.607394,39.027799],[-106.607777,39.02814],[-106.607485,39.028348],[-106.607148,39.028085],[-106.607394,39.027799]]],[[[-106.611553,39.034998],[-106.611531,39.035003],[-106.611543,39.034991],[-106.611553,39.034998]]],[[[-106.75431,39.245184],[-106.754351,39.245196],[-106.754306,39.245265],[-106.75431,39.245184]]],[[[-106.762177,39.2465],[-106.761317,39.246216],[-106.761383,39.246088],[-106.762255,39.24634],[-106.762177,39.2465]]],[[[-106.754148,39.246367],[-106.754751,39.246579],[-106.754105,39.246456],[-106.754148,39.246367]]],[[[-106.751903,39.256311],[-106.751776,39.254427],[-106.752039,39.253224],[-106.751903,39.256311]]],[[[-106.828309,39.114988],[-106.828439,39.114503],[-106.82844,39.114999],[-106.828309,39.114988]]],[[[-106.811267,39.115039],[-106.81216,39.115044],[-106.811639,39.116398],[-106.810027,39.115521],[-106.810459,39.115401],[-106.810209,39.114858],[-106.809853,39.114083],[-106.809853,39.114082],[-106.809852,39.114081],[-106.810149,39.114029],[-106.812098,39.113694],[-106.812338,39.113652],[-106.812334,39.114087],[-106.811717,39.113943],[-106.811718,39.114218],[-106.811276,39.114216],[-106.811267,39.115039]]],[[[-106.816545,39.11754],[-106.816386,39.11823],[-106.816149,39.117538],[-106.816545,39.11754]]],[[[-106.826518,39.117625],[-106.827382,39.117698],[-106.827379,39.118775],[-106.826938,39.118738],[-106.825888,39.118646],[-106.825613,39.118622],[-106.825838,39.11757],[-106.826518,39.117625]]],[[[-106.81605,39.119869],[-106.816009,39.119869],[-106.816015,39.119843],[-106.81605,39.119869]]],[[[-106.820146,39.123528],[-106.820323,39.123606],[-106.820242,39.123965],[-106.820146,39.123528]]],[[[-106.822891,39.122903],[-106.822891,39.124237],[-106.822631,39.124238],[-106.822704,39.122903],[-106.82224,39.122903],[-106.822855,39.120183],[-106.82289,39.120182],[-106.823912,39.120172],[-106.823928,39.120172],[-106.824512,39.11759],[-106.824754,39.117624],[-106.824426,39.119159],[-106.82473,39.119202],[-106.824195,39.122454],[-106.823798,39.122408],[-106.823688,39.124234],[-106.822965,39.124237],[-106.822941,39.124237],[-106.822939,39.122903],[-106.822891,39.122903]]],[[[-106.821101,39.124912],[-106.821281,39.124115],[-106.821884,39.124193],[-106.821886,39.124919],[-106.821101,39.124912]]],[[[-106.823992,39.126244],[-106.824018,39.126247],[-106.824057,39.126554],[-106.823494,39.126553],[-106.822943,39.126553],[-106.822943,39.126436],[-106.823492,39.126506],[-106.823557,39.126195],[-106.82399,39.126244],[-106.823992,39.126244]]],[[[-106.82388,39.128769],[-106.823717,39.128805],[-106.823725,39.128769],[-106.82388,39.128769]]],[[[-106.829118,39.129902],[-106.828574,39.130158],[-106.828349,39.129455],[-106.828384,39.129209],[-106.828527,39.129181],[-106.829118,39.129902]]],[[[-106.824679,39.131953],[-106.824665,39.131993],[-106.824664,39.131994],[-106.824679,39.131953]]],[[[-106.824649,39.132037],[-106.824665,39.131993],[-106.8247,39.131977],[-106.824739,39.132019],[-106.824649,39.132037]]],[[[-106.831074,39.13267],[-106.831658,39.132389],[-106.831493,39.132184],[-106.831743,39.132131],[-106.831717,39.13276],[-106.831243,39.132932],[-106.831074,39.13267]]],[[[-106.8253,39.132633],[-106.825689,39.13317],[-106.825231,39.13288],[-106.82521,39.132534],[-106.8253,39.132633]]],[[[-106.830042,39.133167],[-106.830216,39.133083],[-106.830292,39.133203],[-106.830042,39.133167]]],[[[-106.834899,39.1325],[-106.833825,39.132891],[-106.832752,39.133283],[-106.833825,39.13289],[-106.834899,39.1325]]],[[[-106.831681,39.133607],[-106.831719,39.133666],[-106.831678,39.133681],[-106.831681,39.133607]]],[[[-106.827129,39.134085],[-106.825905,39.133308],[-106.826333,39.133103],[-106.826847,39.133737],[-106.827129,39.134085]]],[[[-106.825314,39.134195],[-106.825301,39.133976],[-106.825571,39.134147],[-106.825314,39.134195]]],[[[-106.825056,39.134243],[-106.825314,39.134195],[-106.825057,39.134246],[-106.825108,39.134417],[-106.825076,39.134418],[-106.825056,39.134246],[-106.825056,39.134243]]],[[[-106.825986,39.134411],[-106.826063,39.13441],[-106.826069,39.134463],[-106.825986,39.134411]]],[[[-106.830449,39.134486],[-106.83049,39.134375],[-106.830688,39.133834],[-106.830955,39.13426],[-106.830701,39.134373],[-106.830449,39.134486]]],[[[-106.826081,39.134571],[-106.826069,39.134463],[-106.826231,39.134566],[-106.826081,39.134571]]],[[[-106.827575,39.134367],[-106.827564,39.13436],[-106.828938,39.133698],[-106.828637,39.134616],[-106.828526,39.134205],[-106.827575,39.134367]]],[[[-106.828637,39.134616],[-106.828695,39.134836],[-106.82857,39.134817],[-106.828637,39.134616]]],[[[-106.821613,39.135543],[-106.82166,39.13534],[-106.821824,39.135339],[-106.82183,39.135357],[-106.821824,39.135357],[-106.821613,39.135543]]],[[[-106.815212,39.135884],[-106.815194,39.135526],[-106.815543,39.135516],[-106.815212,39.135884]]],[[[-106.821504,39.136008],[-106.821523,39.136011],[-106.821503,39.136013],[-106.821504,39.136008]]],[[[-106.828695,39.134836],[-106.82931,39.134931],[-106.829225,39.135163],[-106.829304,39.135175],[-106.829056,39.136184],[-106.829059,39.135741],[-106.828937,39.135741],[-106.828695,39.134836]]],[[[-106.832645,39.13582],[-106.832626,39.136268],[-106.832212,39.136225],[-106.832258,39.136007],[-106.832645,39.13582]]],[[[-106.836963,39.136949],[-106.836962,39.136949],[-106.836961,39.136946],[-106.836963,39.136949]]],[[[-106.818131,39.137957],[-106.818051,39.137778],[-106.817707,39.138161],[-106.817098,39.135391],[-106.818507,39.135376],[-106.818241,39.136461],[-106.817766,39.136527],[-106.817949,39.137338],[-106.818343,39.137284],[-106.818633,39.137321],[-106.818131,39.137403],[-106.818131,39.137957]]],[[[-106.823243,39.138833],[-106.823428,39.139067],[-106.823304,39.139086],[-106.823243,39.138833]]],[[[-106.831362,39.138064],[-106.831655,39.137874],[-106.831936,39.137693],[-106.832504,39.137325],[-106.832425,39.137077],[-106.832655,39.137102],[-106.832508,39.137915],[-106.832567,39.137921],[-106.832545,39.138046],[-106.83225,39.139677],[-106.832359,39.138393],[-106.831251,39.138961],[-106.831221,39.139307],[-106.830202,39.138845],[-106.830198,39.138818],[-106.830654,39.138523],[-106.831362,39.138064]]],[[[-106.82904,39.138199],[-106.82945,39.138129],[-106.829752,39.139108],[-106.829352,39.139366],[-106.829458,39.140074],[-106.829356,39.139858],[-106.829027,39.139858],[-106.82904,39.138199]]],[[[-106.818951,39.139795],[-106.819105,39.140138],[-106.818812,39.139818],[-106.818951,39.139795]]],[[[-106.823669,39.139797],[-106.823968,39.139747],[-106.824281,39.140141],[-106.824121,39.140236],[-106.823669,39.139797]]],[[[-106.825872,39.140586],[-106.826136,39.140459],[-106.825978,39.140719],[-106.825872,39.140586]]],[[[-106.826265,39.142168],[-106.826312,39.142091],[-106.826402,39.142319],[-106.826265,39.142168]]],[[[-106.827511,39.142346],[-106.82742,39.142115],[-106.827488,39.142217],[-106.827511,39.142346]]],[[[-106.832716,39.142089],[-106.832015,39.142453],[-106.832052,39.142016],[-106.832716,39.142089]]],[[[-106.825696,39.142974],[-106.826451,39.1438],[-106.825304,39.143454],[-106.825696,39.142974]]],[[[-106.826833,39.143688],[-106.826805,39.143908],[-106.826576,39.143838],[-106.826833,39.143688]]],[[[-106.827233,39.144249],[-106.827298,39.144143],[-106.827325,39.144232],[-106.827233,39.144249]]],[[[-106.826632,39.144357],[-106.826768,39.144209],[-106.826752,39.144336],[-106.826632,39.144357]]],[[[-106.831811,39.144736],[-106.830676,39.144222],[-106.829541,39.143707],[-106.828749,39.143348],[-106.828547,39.142243],[-106.829404,39.142219],[-106.829898,39.14326],[-106.830543,39.143261],[-106.830873,39.143411],[-106.830874,39.1434],[-106.831273,39.143866],[-106.831664,39.143666],[-106.831811,39.144736]]],[[[-106.828517,39.143997],[-106.828671,39.145112],[-106.828346,39.144016],[-106.828517,39.143997]]],[[[-106.824353,39.143083],[-106.824299,39.14315],[-106.8228,39.142697],[-106.82242,39.142582],[-106.822339,39.142659],[-106.821448,39.142213],[-106.818696,39.145237],[-106.818678,39.145228],[-106.821413,39.142186],[-106.820547,39.141714],[-106.81968,39.141241],[-106.819625,39.141303],[-106.819105,39.140138],[-106.819436,39.140501],[-106.821696,39.140125],[-106.821416,39.140308],[-106.822863,39.141675],[-106.824353,39.143083]]],[[[-106.812358,39.145322],[-106.811067,39.143527],[-106.814381,39.141796],[-106.814923,39.144316],[-106.815967,39.14418],[-106.816478,39.144113],[-106.816178,39.144602],[-106.816624,39.144602],[-106.816092,39.145315],[-106.81419,39.147867],[-106.812358,39.145322]]],[[[-106.830201,39.147976],[-106.829382,39.147572],[-106.829343,39.147455],[-106.830107,39.147802],[-106.830148,39.14782],[-106.830201,39.147976]]],[[[-106.819716,39.148353],[-106.819226,39.146596],[-106.819626,39.14682],[-106.819716,39.148353]]],[[[-106.815311,39.148911],[-106.815587,39.148577],[-106.816477,39.149022],[-106.816134,39.149438],[-106.816,39.14898],[-106.815161,39.149129],[-106.815203,39.149275],[-106.814476,39.148265],[-106.814929,39.148512],[-106.814828,39.148647],[-106.815311,39.148911]]],[[[-106.81814,39.151704],[-106.818244,39.151867],[-106.817104,39.152756],[-106.817051,39.152573],[-106.817751,39.151729],[-106.817858,39.152063],[-106.81814,39.151704]]],[[[-106.824211,39.155017],[-106.825391,39.154698],[-106.825374,39.154713],[-106.824232,39.155031],[-106.824211,39.155017]]],[[[-106.826088,39.155214],[-106.826089,39.155214],[-106.826102,39.155222],[-106.826083,39.15523],[-106.826088,39.155214]]],[[[-106.815988,39.155719],[-106.816271,39.156166],[-106.815559,39.156052],[-106.815988,39.155719]]],[[[-106.82701,39.155752],[-106.827874,39.156256],[-106.827719,39.156306],[-106.82701,39.155752]]],[[[-106.817776,39.156407],[-106.817911,39.156302],[-106.817946,39.156322],[-106.818228,39.15648],[-106.817869,39.156422],[-106.817776,39.156407]]],[[[-106.821368,39.157061],[-106.821437,39.157008],[-106.821599,39.156882],[-106.821524,39.157062],[-106.821438,39.157062],[-106.821368,39.157061]]],[[[-106.823035,39.157811],[-106.823021,39.157798],[-106.823132,39.15779],[-106.823035,39.157811]]],[[[-106.823789,39.15816],[-106.823756,39.158318],[-106.823734,39.158143],[-106.823901,39.158088],[-106.823789,39.15816]]],[[[-106.82265,39.15799],[-106.822667,39.158128],[-106.822717,39.158538],[-106.822529,39.158309],[-106.822497,39.158269],[-106.822417,39.158171],[-106.822498,39.158108],[-106.82265,39.15799]]],[[[-106.820414,39.159724],[-106.820535,39.159722],[-106.820558,39.159732],[-106.821118,39.159989],[-106.821016,39.160093],[-106.821676,39.160613],[-106.821621,39.160656],[-106.820414,39.159724]]],[[[-106.824987,39.162361],[-106.825094,39.162608],[-106.824618,39.162734],[-106.824987,39.162361]]],[[[-106.826441,39.162863],[-106.826455,39.162883],[-106.826345,39.162914],[-106.826327,39.162872],[-106.826441,39.162863]]],[[[-106.822427,39.163156],[-106.822794,39.163454],[-106.822739,39.163475],[-106.822427,39.163156]]],[[[-106.828377,39.163748],[-106.828396,39.163839],[-106.827401,39.16279],[-106.827769,39.162761],[-106.827652,39.161858],[-106.828074,39.162449],[-106.828397,39.163648],[-106.828843,39.163687],[-106.828377,39.163748]]],[[[-106.827228,39.164269],[-106.827435,39.164207],[-106.827456,39.164201],[-106.82816,39.163992],[-106.82819,39.164056],[-106.827501,39.16426],[-106.82727,39.164329],[-106.827258,39.164332],[-106.827228,39.164269]]],[[[-106.82819,39.164056],[-106.828425,39.163986],[-106.828619,39.164955],[-106.82819,39.164056]]],[[[-106.820417,39.1638],[-106.821178,39.164577],[-106.822023,39.164081],[-106.822156,39.164213],[-106.822609,39.164664],[-106.822348,39.164733],[-106.822457,39.165035],[-106.822101,39.164971],[-106.821666,39.164893],[-106.821568,39.165144],[-106.820417,39.1638]]],[[[-106.829739,39.165158],[-106.829839,39.165642],[-106.829741,39.165701],[-106.829596,39.165692],[-106.829209,39.165666],[-106.829802,39.165595],[-106.829715,39.165152],[-106.829628,39.164706],[-106.829904,39.165197],[-106.829739,39.165158]]],[[[-106.822942,39.165216],[-106.823223,39.165954],[-106.823214,39.16594],[-106.822816,39.166103],[-106.822194,39.166411],[-106.822054,39.166481],[-106.822115,39.166315],[-106.82252,39.16521],[-106.822562,39.165329],[-106.822942,39.165216]]],[[[-106.825829,39.166811],[-106.825801,39.166749],[-106.826245,39.166641],[-106.825829,39.166811]]],[[[-106.827394,39.167098],[-106.82786,39.16682],[-106.827896,39.166897],[-106.827396,39.167101],[-106.827394,39.167098]]],[[[-106.825158,39.167193],[-106.825195,39.167262],[-106.824909,39.167265],[-106.824907,39.167261],[-106.824599,39.166562],[-106.824789,39.166498],[-106.825158,39.167193]]],[[[-106.820727,39.167292],[-106.820554,39.167735],[-106.820553,39.167291],[-106.820552,39.166827],[-106.821011,39.166566],[-106.820727,39.167292]]],[[[-106.822128,39.167919],[-106.822129,39.167867],[-106.822185,39.167935],[-106.822128,39.167919]]],[[[-106.828317,39.167617],[-106.828269,39.168045],[-106.828187,39.16789],[-106.828104,39.167735],[-106.828013,39.167738],[-106.828172,39.167631],[-106.828219,39.1676],[-106.828292,39.167759],[-106.828317,39.167617]]],[[[-106.830193,39.168191],[-106.830255,39.167696],[-106.830316,39.167204],[-106.830327,39.167113],[-106.830415,39.16641],[-106.83057,39.166383],[-106.830923,39.167012],[-106.831024,39.167192],[-106.830941,39.167197],[-106.830503,39.167223],[-106.830377,39.167675],[-106.830232,39.16819],[-106.830193,39.168191]]],[[[-106.823852,39.168906],[-106.823798,39.168936],[-106.823778,39.16891],[-106.823852,39.168906]]],[[[-106.825137,39.170862],[-106.825429,39.171068],[-106.825097,39.171053],[-106.825137,39.170862]]],[[[-106.828557,39.171209],[-106.828341,39.171304],[-106.828232,39.171231],[-106.828557,39.171209]]],[[[-106.829688,39.171131],[-106.829765,39.171126],[-106.829699,39.17135],[-106.829688,39.171131]]],[[[-106.829603,39.17167],[-106.829626,39.171596],[-106.829644,39.171536],[-106.829699,39.17135],[-106.829709,39.171557],[-106.829674,39.171573],[-106.829718,39.171628],[-106.829777,39.171702],[-106.829652,39.171679],[-106.829603,39.17167]]],[[[-106.822588,39.172655],[-106.822457,39.172662],[-106.822989,39.171509],[-106.822588,39.172655]]],[[[-106.821344,39.171115],[-106.821835,39.171257],[-106.821827,39.171568],[-106.821274,39.172727],[-106.821122,39.172735],[-106.821112,39.170345],[-106.82135,39.170339],[-106.82124,39.170574],[-106.821496,39.170795],[-106.821344,39.171115]]],[[[-106.83399,39.172631],[-106.833989,39.172928],[-106.830373,39.171928],[-106.830264,39.172146],[-106.830276,39.172088],[-106.830064,39.172059],[-106.829777,39.171702],[-106.833349,39.172346],[-106.833301,39.172507],[-106.83399,39.172631]]],[[[-106.825216,39.173351],[-106.825047,39.17336],[-106.825212,39.17328],[-106.825216,39.173351]]],[[[-106.82893,39.173491],[-106.828822,39.17349],[-106.828954,39.173388],[-106.82893,39.173491]]],[[[-106.82817,39.174006],[-106.827903,39.173913],[-106.828171,39.173783],[-106.82817,39.174006]]],[[[-106.822445,39.174234],[-106.8224,39.17428],[-106.822436,39.174235],[-106.822445,39.174234]]],[[[-106.822354,39.174326],[-106.8224,39.17428],[-106.822364,39.174326],[-106.822354,39.174326]]],[[[-106.825296,39.174251],[-106.825516,39.174327],[-106.825252,39.174327],[-106.825296,39.174251]]],[[[-106.823462,39.175485],[-106.823459,39.17549],[-106.823173,39.175538],[-106.823351,39.175455],[-106.823515,39.175379],[-106.823462,39.175485]]],[[[-106.828169,39.175358],[-106.827935,39.175588],[-106.827888,39.175634],[-106.827536,39.175659],[-106.82817,39.17455],[-106.828169,39.175358]]],[[[-106.822371,39.175918],[-106.822365,39.175916],[-106.822376,39.175911],[-106.822371,39.175918]]],[[[-106.82508,39.176002],[-106.825067,39.176004],[-106.825044,39.176008],[-106.82507,39.176],[-106.825587,39.175131],[-106.825084,39.175995],[-106.825082,39.176001],[-106.82508,39.176002]]],[[[-106.818842,39.177868],[-106.818838,39.177873],[-106.818802,39.177932],[-106.818528,39.177946],[-106.818644,39.177784],[-106.818648,39.177778],[-106.81865,39.17778],[-106.818842,39.177868]]],[[[-106.828239,39.178004],[-106.82825,39.178096],[-106.828141,39.178096],[-106.828239,39.178004]]],[[[-106.825498,39.177958],[-106.825351,39.178101],[-106.82531,39.178141],[-106.825321,39.178148],[-106.825224,39.178185],[-106.825073,39.178079],[-106.825498,39.177958]]],[[[-106.82729,39.178895],[-106.827058,39.179113],[-106.827051,39.179078],[-106.827285,39.17885],[-106.82729,39.178895]]],[[[-106.821027,39.178609],[-106.821739,39.177036],[-106.821385,39.17693],[-106.821402,39.176897],[-106.821655,39.176369],[-106.821687,39.176378],[-106.821762,39.176586],[-106.821763,39.176585],[-106.821875,39.176566],[-106.821959,39.176551],[-106.822096,39.176527],[-106.822132,39.17652],[-106.823028,39.176363],[-106.822208,39.17802],[-106.822165,39.178108],[-106.82206,39.17832],[-106.822024,39.178394],[-106.822022,39.178398],[-106.822004,39.178401],[-106.821769,39.178444],[-106.821721,39.178453],[-106.821709,39.178478],[-106.821689,39.178519],[-106.821303,39.178664],[-106.821473,39.178966],[-106.821373,39.179171],[-106.820851,39.178998],[-106.821055,39.178604],[-106.821027,39.178609]]],[[[-106.81829,39.178785],[-106.81811,39.179087],[-106.817806,39.179225],[-106.818061,39.178798],[-106.81829,39.178785]]],[[[-106.822389,39.179266],[-106.822313,39.179216],[-106.8224,39.179186],[-106.822837,39.179095],[-106.822618,39.179179],[-106.822477,39.179232],[-106.822389,39.179266]]],[[[-106.823564,39.181079],[-106.823585,39.181062],[-106.825576,39.180927],[-106.825772,39.180934],[-106.823564,39.181079]]],[[[-106.816456,39.181449],[-106.814933,39.181449],[-106.816899,39.180562],[-106.817823,39.180145],[-106.818144,39.180291],[-106.816917,39.181178],[-106.816542,39.181449],[-106.816456,39.181449]]],[[[-106.823299,39.181512],[-106.823123,39.181424],[-106.823277,39.181303],[-106.823299,39.181512]]],[[[-106.82057,39.182033],[-106.820619,39.181872],[-106.820692,39.181649],[-106.820922,39.181759],[-106.820774,39.181874],[-106.82057,39.182033]]],[[[-106.820434,39.182427],[-106.82067,39.18253],[-106.820306,39.182813],[-106.820434,39.182427]]],[[[-106.821417,39.183366],[-106.821353,39.183351],[-106.821778,39.18302],[-106.821784,39.183015],[-106.822454,39.182494],[-106.822505,39.182519],[-106.821778,39.183084],[-106.821417,39.183366]]],[[[-106.817663,39.183626],[-106.818011,39.183349],[-106.817974,39.183722],[-106.817663,39.183626]]],[[[-106.817794,39.183839],[-106.817706,39.183771],[-106.817794,39.183839]]],[[[-106.825506,39.185399],[-106.825396,39.185314],[-106.825612,39.185092],[-106.825507,39.185398],[-106.825506,39.185399]]],[[[-106.829733,39.182017],[-106.831208,39.182015],[-106.83453,39.182009],[-106.83453,39.183287],[-106.834207,39.183287],[-106.833391,39.183286],[-106.833122,39.185274],[-106.831185,39.184499],[-106.829688,39.1839],[-106.829212,39.184635],[-106.829427,39.184721],[-106.829162,39.18548],[-106.829021,39.185884],[-106.829037,39.18548],[-106.829109,39.183708],[-106.829389,39.183735],[-106.829516,39.182933],[-106.829692,39.181856],[-106.829733,39.181606],[-106.829733,39.181856],[-106.829733,39.182017]]],[[[-106.830735,39.187486],[-106.830438,39.187619],[-106.830547,39.187397],[-106.830513,39.187386],[-106.831165,39.186526],[-106.831737,39.185772],[-106.831175,39.185519],[-106.831086,39.185479],[-106.830824,39.185361],[-106.830735,39.18548],[-106.829789,39.186738],[-106.830254,39.18548],[-106.830392,39.185107],[-106.831176,39.18542],[-106.831322,39.185479],[-106.833004,39.186152],[-106.832866,39.187178],[-106.833681,39.187178],[-106.834745,39.187178],[-106.834757,39.187259],[-106.831151,39.188047],[-106.830735,39.187486]]],[[[-106.827401,39.185481],[-106.827558,39.184974],[-106.827996,39.185066],[-106.827979,39.185481],[-106.827936,39.186566],[-106.827935,39.186566],[-106.827443,39.186301],[-106.827454,39.186785],[-106.827454,39.186799],[-106.82748,39.187893],[-106.827482,39.187986],[-106.827445,39.187999],[-106.827443,39.187999],[-106.827438,39.188001],[-106.826455,39.188444],[-106.826459,39.187783],[-106.826675,39.187828],[-106.827401,39.185481]]],[[[-106.826881,39.189095],[-106.826451,39.189093],[-106.826452,39.189005],[-106.826881,39.189095]]],[[[-106.830329,39.196254],[-106.830154,39.196221],[-106.830584,39.194844],[-106.831213,39.194962],[-106.831305,39.194979],[-106.831223,39.195244],[-106.831205,39.195299],[-106.831224,39.195303],[-106.831411,39.195338],[-106.831282,39.195754],[-106.831239,39.195746],[-106.830902,39.195682],[-106.830742,39.195813],[-106.830556,39.195985],[-106.830465,39.196279],[-106.830329,39.196254]]],[[[-106.826699,39.250579],[-106.826642,39.250579],[-106.826699,39.250579]]]],"type":"MultiPolygon"},"properties":{"camping_permission":"unknown","evidence":0,"id":"sma-413","land_class":"unknown","manager":"USFS","raw_admin_agency":"USFS"},"type":"Feature"},{"geometry":{"coordinates":[[[[-106.836435,39.0],[-106.837635,39.0],[-106.837256,39.000546],[-106.836329,39.000153],[-106.836435,39.0]]],[[[-106.957266,39.0],[-106.957255,39.00002],[-106.955999,39.000868],[-106.955383,39.0002],[-106.955679,39.0],[-106.957266,39.0]]],[[[-106.957285,39.0],[-106.957259,39.000017],[-106.957267,39.0],[-106.957285,39.0]]],[[[-107.008015,39.002168],[-107.008021,39.002161],[-107.008021,39.00218],[-107.008006,39.002176],[-107.008015,39.002168]]],[[[-106.796165,39.002754],[-106.797084,39.002506],[-106.797278,39.002657],[-106.797078,39.003084],[-106.796187,39.002766],[-106.796185,39.002766],[-106.796158,39.002756],[-106.796164,39.002754],[-106.796165,39.002754]]],[[[-106.59815,39.00043],[-106.597034,39.003669],[-106.595997,39.003565],[-106.595978,39.003563],[-106.597057,39.00043],[-106.597205,39.0],[-106.598298,39.0],[-106.59815,39.00043]]],[[[-106.793603,39.003183],[-106.793955,39.003275],[-106.794789,39.003494],[-106.794458,39.004275],[-106.794259,39.004222],[-106.794251,39.004388],[-106.792815,39.004343],[-106.792814,39.004343],[-106.789292,39.004233],[-106.789002,39.004224],[-106.789009,39.004056],[-106.789037,39.003402],[-106.791409,39.003475],[-106.790108,39.003134],[-106.790291,39.002707],[-106.788773,39.002571],[-106.788859,39.002025],[-106.792582,39.002399],[-106.792486,39.002363],[-106.792538,39.002276],[-106.788466,39.001928],[-106.788587,39.001111],[-106.787882,39.001191],[-106.78817,39.001631],[-106.787266,39.001734],[-106.787879,39.002675],[-106.786968,39.00278],[-106.786775,39.002803],[-106.786613,39.002558],[-106.785503,39.000888],[-106.785351,39.000659],[-106.78521,39.000659],[-106.784321,39.0],[-106.795443,39.0],[-106.795294,39.000425],[-106.79719,39.000541],[-106.797185,39.000534],[-106.795973,39.000454],[-106.7957,39.0],[-106.799195,39.0],[-106.7995,39.00051],[-106.799422,39.000538],[-106.798544,39.000858],[-106.798181,39.000991],[-106.797678,39.001175],[-106.797676,39.001175],[-106.797616,39.001197],[-106.797605,39.001317],[-106.795758,39.001196],[-106.795369,39.00117],[-106.795482,39.001259],[-106.796267,39.00187],[-106.795166,39.002173],[-106.794871,39.001942],[-106.794768,39.001925],[-106.794652,39.002257],[-106.795798,39.002682],[-106.796508,39.002946],[-106.796531,39.002954],[-106.797671,39.003377],[-106.797231,39.004121],[-106.795991,39.003662],[-106.79437,39.003061],[-106.794323,39.003197],[-106.794286,39.003301],[-106.793944,39.003242],[-106.793603,39.003183]],[[-106.793265,39.003094],[-106.793306,39.002977],[-106.792564,39.00291],[-106.793265,39.003094]],[[-106.793731,39.001745],[-106.792666,39.00156],[-106.792555,39.002247],[-106.792927,39.001617],[-106.793678,39.001896],[-106.793731,39.001745]],[[-106.792718,39.000789],[-106.792682,39.001459],[-106.792896,39.001008],[-106.792914,39.000813],[-106.792718,39.000789]]],[[[-106.845582,39.004721],[-106.846522,39.004721],[-106.845582,39.004721]]],[[[-106.849587,39.004731],[-106.849603,39.004721],[-106.849604,39.004721],[-106.849587,39.004732],[-106.849587,39.004731]]],[[[-106.613633,39.001385],[-106.616093,39.005026],[-106.61516,39.00541],[-106.612735,39.001822],[-106.612761,39.001754],[-106.612739,39.001752],[-106.613381,39.001488],[-106.613633,39.001385]]],[[[-106.610693,39.00341],[-106.611164,39.004626],[-106.611381,39.002476],[-106.611685,39.001688],[-106.612699,39.00175],[-106.612739,39.001752],[-106.612699,39.001769],[-106.612735,39.001822],[-106.612424,39.002629],[-106.612102,39.005823],[-106.61105,39.005758],[-106.611148,39.004788],[-106.610168,39.0049],[-106.60966,39.00359],[-106.609914,39.004945],[-106.60887,39.005064],[-106.608108,39.00099],[-106.609152,39.000871],[-106.610196,39.000753],[-106.610693,39.00341]]],[[[-106.787473,39.005142],[-106.786148,39.004832],[-106.785535,39.004689],[-106.785838,39.003901],[-106.786842,39.004135],[-106.787807,39.004359],[-106.789648,39.00551],[-106.790242,39.004927],[-106.790894,39.005079],[-106.790843,39.005211],[-106.792647,39.005809],[-106.795699,39.00682],[-106.795561,39.00718],[-106.795395,39.007613],[-106.79417,39.007168],[-106.794611,39.007346],[-106.794115,39.008073],[-106.791859,39.007163],[-106.791231,39.007825],[-106.790603,39.008486],[-106.789454,39.007823],[-106.789452,39.007822],[-106.789169,39.007658],[-106.78617,39.006263],[-106.786801,39.005598],[-106.786967,39.005675],[-106.787473,39.005142]],[[-106.787863,39.006092],[-106.789754,39.006972],[-106.78922,39.006409],[-106.787863,39.006092]]],[[[-106.839152,39.007418],[-106.836711,39.01098],[-106.83578,39.010592],[-106.837753,39.007713],[-106.838222,39.00703],[-106.839152,39.007418]]],[[[-106.802982,39.008221],[-106.804003,39.008427],[-106.802682,39.012413],[-106.801661,39.012207],[-106.802982,39.008221]]],[[[-106.853493,39.012102],[-106.852895,39.012684],[-106.852801,39.012594],[-106.852129,39.011959],[-106.851857,39.012134],[-106.850457,39.011259],[-106.850464,39.011225],[-106.850456,39.011259],[-106.848715,39.010171],[-106.848819,39.010069],[-106.84882,39.010069],[-106.849375,39.009528],[-106.853493,39.012102]]],[[[-106.853351,39.01332],[-106.853335,39.013317],[-106.853341,39.013313],[-106.853351,39.01332]]],[[[-106.6013,39.013457],[-106.600238,39.013408],[-106.59987,39.009302],[-106.60041,39.009327],[-106.600109,39.005217],[-106.599916,39.005208],[-106.59987,39.005206],[-106.600185,39.001097],[-106.600196,39.001098],[-106.60106,39.001138],[-106.601237,39.001146],[-106.600923,39.005255],[-106.60117,39.005267],[-106.60147,39.009376],[-106.600932,39.009351],[-106.6013,39.013457]]],[[[-106.777985,39.010901],[-106.777983,39.010898],[-106.77759,39.010281],[-106.78173,39.008673],[-106.782313,39.008447],[-106.78257,39.00885],[-106.782653,39.008979],[-106.782783,39.009184],[-106.784198,39.009554],[-106.783483,39.009831],[-106.783482,39.009832],[-106.781566,39.010576],[-106.783832,39.010213],[-106.783834,39.010212],[-106.784803,39.010057],[-106.785514,39.010733],[-106.785514,39.010783],[-106.785559,39.010776],[-106.786316,39.011495],[-106.787072,39.012214],[-106.787685,39.012798],[-106.785516,39.013146],[-106.782517,39.013627],[-106.781932,39.01307],[-106.781904,39.013043],[-106.781147,39.012324],[-106.780391,39.011605],[-106.779964,39.011199],[-106.779475,39.011388],[-106.779371,39.011361],[-106.77806,39.011018],[-106.777985,39.010901]],[[-106.781877,39.009536],[-106.782783,39.009184],[-106.781877,39.009536]]],[[[-106.850061,39.013289],[-106.84906,39.013932],[-106.850061,39.013289],[-106.850072,39.013282],[-106.850061,39.013289]]],[[[-106.851204,39.015858],[-106.851203,39.015859],[-106.850037,39.016286],[-106.851203,39.015859],[-106.851204,39.015858]]],[[[-106.60676,39.015287],[-106.608806,39.014883],[-106.608962,39.015925],[-106.607087,39.016295],[-106.60676,39.015287]]],[[[-106.851107,39.016914],[-106.851097,39.016933],[-106.851083,39.016925],[-106.851107,39.016914]]],[[[-106.599011,39.014921],[-106.597899,39.013492],[-106.595341,39.009892],[-106.595552,39.009793],[-106.59558,39.009779],[-106.596216,39.009478],[-106.596244,39.009465],[-106.597415,39.011114],[-106.598802,39.013065],[-106.600245,39.014921],[-106.601539,39.016584],[-106.600637,39.017011],[-106.599011,39.014921]]],[[[-106.608634,39.013099],[-106.609604,39.012502],[-106.610573,39.011905],[-106.611543,39.011309],[-106.61195,39.013905],[-106.612183,39.015395],[-106.611214,39.015991],[-106.611213,39.015992],[-106.610244,39.016588],[-106.610243,39.016588],[-106.6094,39.017106],[-106.609274,39.017184],[-106.60876,39.013905],[-106.608634,39.013099]]],[[[-107.013155,39.01694],[-107.013715,39.016503],[-107.016886,39.014029],[-107.017632,39.014612],[-107.015241,39.016476],[-107.013901,39.017522],[-107.013155,39.01694]]],[[[-106.608605,39.017597],[-106.612748,39.015049],[-106.613402,39.015695],[-106.612909,39.015999],[-106.609258,39.018244],[-106.608605,39.017597]]],[[[-106.851664,39.019212],[-106.853307,39.019212],[-106.851664,39.019212]]],[[[-106.972396,39.019212],[-106.973606,39.019212],[-106.972396,39.019212]]],[[[-106.945036,39.019212],[-106.943722,39.019212],[-106.943719,39.019212],[-106.943722,39.019212],[-106.945036,39.019212],[-106.945037,39.019212],[-106.945036,39.019212]]],[[[-106.846789,39.01941],[-106.846618,39.019383],[-106.846629,39.019374],[-106.846789,39.01941]]],[[[-106.804097,39.018364],[-106.805461,39.019883],[-106.804596,39.020356],[-106.804098,39.019801],[-106.80157,39.016984],[-106.802434,39.016512],[-106.804097,39.018364]]],[[[-106.847512,39.020642],[-106.847525,39.020658],[-106.847512,39.020642]]],[[[-106.848708,39.020788],[-106.848715,39.02079],[-106.84871,39.020794],[-106.848708,39.020788]]],[[[-107.04955,39.020758],[-107.05,39.019228],[-107.05,39.020838],[-107.04955,39.020758]]],[[[-106.635261,39.019153],[-106.639452,39.017189],[-106.639784,39.017033],[-106.640327,39.017738],[-106.640871,39.018444],[-106.641414,39.01915],[-106.639453,39.020069],[-106.636891,39.02127],[-106.636348,39.020564],[-106.635804,39.019859],[-106.635261,39.019153]]],[[[-106.974903,39.020529],[-106.974916,39.020839],[-106.974921,39.021285],[-106.974922,39.021365],[-106.973923,39.021245],[-106.972675,39.021096],[-106.97089,39.020881],[-106.969707,39.020739],[-106.969698,39.019904],[-106.970889,39.020048],[-106.972549,39.020247],[-106.973791,39.020396],[-106.974903,39.020529]]],[[[-106.974937,39.021319],[-106.974916,39.020839],[-106.974913,39.020531],[-106.974903,39.020529],[-106.974902,39.020497],[-106.980156,39.02085],[-106.98019,39.021673],[-106.974937,39.021319]]],[[[-106.855172,39.021413],[-106.856854,39.021353],[-106.856898,39.022176],[-106.855818,39.022214],[-106.855636,39.022221],[-106.855244,39.022235],[-106.853209,39.022307],[-106.853201,39.022307],[-106.851723,39.02236],[-106.851719,39.02236],[-106.851627,39.022363],[-106.85162,39.022227],[-106.851603,39.021916],[-106.851591,39.021687],[-106.851583,39.021541],[-106.853697,39.021466],[-106.853698,39.021466],[-106.855172,39.021413]]],[[[-106.615248,39.016199],[-106.615279,39.018584],[-106.619233,39.015911],[-106.619268,39.015954],[-106.619274,39.016484],[-106.619855,39.016016],[-106.620245,39.016311],[-106.619921,39.015821],[-106.620876,39.015436],[-106.624609,39.013933],[-106.624788,39.014203],[-106.62504,39.014583],[-106.625093,39.014665],[-106.620877,39.016362],[-106.620509,39.016511],[-106.620613,39.016589],[-106.617794,39.018857],[-106.618552,39.01943],[-106.614879,39.022385],[-106.614121,39.021812],[-106.613364,39.021239],[-106.613815,39.020876],[-106.613198,39.020881],[-106.613146,39.016912],[-106.609952,39.018917],[-106.60929,39.018276],[-106.612912,39.016003],[-106.613402,39.015695],[-106.614063,39.016337],[-106.613385,39.016762],[-106.614199,39.016756],[-106.614192,39.016207],[-106.615248,39.016199]],[[-106.615293,39.019664],[-106.615293,39.019687],[-106.61547,39.019545],[-106.615293,39.019664]],[[-106.614504,39.020321],[-106.614246,39.020323],[-106.614249,39.020527],[-106.614504,39.020321]]],[[[-106.85162,39.022227],[-106.849524,39.022897],[-106.85162,39.022227]]],[[[-106.841467,39.023393],[-106.841467,39.023379],[-106.8415,39.023372],[-106.841467,39.023393]]],[[[-106.618028,39.020305],[-106.618823,39.020847],[-106.618785,39.020881],[-106.615348,39.023945],[-106.614554,39.023403],[-106.618028,39.020305]]],[[[-106.961331,39.024892],[-106.963722,39.02227],[-106.964391,39.021538],[-106.965251,39.022015],[-106.964341,39.023012],[-106.962191,39.025369],[-106.961976,39.02525],[-106.961331,39.024892]]],[[[-106.642731,39.026303],[-106.642776,39.026774],[-106.639457,39.026965],[-106.637636,39.02707],[-106.637513,39.027077],[-106.637435,39.026257],[-106.638725,39.026183],[-106.639456,39.026141],[-106.642313,39.025976],[-106.642147,39.025584],[-106.647174,39.024332],[-106.647506,39.025113],[-106.642731,39.026303]]],[[[-106.853933,39.025486],[-106.853933,39.025487],[-106.853938,39.025511],[-106.853828,39.025523],[-106.854981,39.025869],[-106.854984,39.02587],[-106.856249,39.02625],[-106.85625,39.02625],[-106.857707,39.026688],[-106.857519,39.027062],[-106.857323,39.027455],[-106.854695,39.026666],[-106.854694,39.026665],[-106.852495,39.026004],[-106.852676,39.025643],[-106.849376,39.025986],[-106.849372,39.025986],[-106.848805,39.026045],[-106.848804,39.026046],[-106.848732,39.026053],[-106.848577,39.025279],[-106.853827,39.02496],[-106.85389,39.025269],[-106.853933,39.025486]]],[[[-106.805212,39.026487],[-106.805293,39.026504],[-106.80586,39.024859],[-106.805385,39.02476],[-106.805842,39.023435],[-106.807322,39.023745],[-106.806865,39.02507],[-106.807052,39.025109],[-106.806532,39.026621],[-106.806486,39.026754],[-106.805957,39.028291],[-106.804682,39.028024],[-106.805212,39.026487]]],[[[-106.62088,39.029938],[-106.625804,39.029116],[-106.626424,39.029854],[-106.621263,39.030716],[-106.62088,39.03026],[-106.620643,39.029978],[-106.62088,39.029938]]],[[[-106.59969,39.030928],[-106.598657,39.031098],[-106.598201,39.029411],[-106.597574,39.02709],[-106.597569,39.02707],[-106.598601,39.0269],[-106.598607,39.02692],[-106.59928,39.029411],[-106.59969,39.030928]]],[[[-106.790586,39.031097],[-106.789904,39.031763],[-106.787489,39.029208],[-106.787757,39.028947],[-106.786932,39.028433],[-106.786273,39.029076],[-106.785532,39.028614],[-106.785181,39.028395],[-106.782151,39.026506],[-106.78281,39.025863],[-106.784459,39.026891],[-106.785529,39.025846],[-106.787754,39.023676],[-106.788578,39.02419],[-106.789402,39.024704],[-106.790227,39.025218],[-106.791051,39.025732],[-106.788322,39.028395],[-106.788171,39.028542],[-106.788847,39.029257],[-106.789728,39.028395],[-106.792138,39.026039],[-106.792786,39.026725],[-106.793424,39.027399],[-106.794072,39.028085],[-106.793713,39.028395],[-106.790586,39.031097]]],[[[-106.633711,39.028395],[-106.633227,39.029207],[-106.632868,39.029077],[-106.628325,39.030433],[-106.629028,39.03235],[-106.628013,39.032576],[-106.62757,39.031366],[-106.623349,39.032664],[-106.622988,39.031938],[-106.622987,39.031938],[-106.622983,39.031928],[-106.62297,39.031896],[-106.622968,39.031897],[-106.622586,39.031129],[-106.626987,39.029776],[-106.626562,39.028618],[-106.627561,39.028395],[-106.627578,39.028393],[-106.629254,39.028394],[-106.632677,39.027375],[-106.632857,39.027874],[-106.634493,39.025127],[-106.635451,39.025474],[-106.633711,39.028395]],[[-106.627578,39.028394],[-106.627578,39.028395],[-106.627743,39.028844],[-106.62925,39.028395],[-106.629253,39.028394],[-106.627578,39.028394]]],[[[-107.048844,39.032838],[-107.048477,39.032404],[-107.048844,39.032838]]],[[[-106.881729,39.033702],[-106.881721,39.033839],[-106.881728,39.033702],[-106.881729,39.033702]]],[[[-106.67734,39.028395],[-106.676615,39.030483],[-106.676198,39.031682],[-106.676161,39.031674],[-106.67478,39.035647],[-106.673761,39.035432],[-106.675142,39.031459],[-106.675179,39.031467],[-106.676247,39.028395],[-106.67656,39.027494],[-106.676612,39.027505],[-106.677579,39.027709],[-106.67734,39.028395]]],[[[-106.808081,39.037552],[-106.808252,39.036736],[-106.810773,39.037061],[-106.810602,39.037874],[-106.809701,39.037759],[-106.808081,39.037552]]],[[[-106.620882,39.034923],[-106.617431,39.035846],[-106.61244,39.037178],[-106.612098,39.036399],[-106.612093,39.0364],[-106.611852,39.036003],[-106.611272,39.036564],[-106.609052,39.038708],[-106.608227,39.038194],[-106.611352,39.035175],[-106.611255,39.035014],[-106.615258,39.033986],[-106.613294,39.03072],[-106.612758,39.031088],[-106.612748,39.031071],[-106.612609,39.031128],[-106.610958,39.028395],[-106.610605,39.028395],[-106.608964,39.029523],[-106.611928,39.031868],[-106.611176,39.032446],[-106.608171,39.030068],[-106.606895,39.030945],[-106.606427,39.03017],[-106.607429,39.029481],[-106.606061,39.028395],[-106.605162,39.027681],[-106.605285,39.028008],[-106.60432,39.028351],[-106.60335,39.02578],[-106.60335,39.026012],[-106.602302,39.026012],[-106.602295,39.026012],[-106.602295,39.025284],[-106.601374,39.025505],[-106.601374,39.0221],[-106.601054,39.021431],[-106.600045,39.021673],[-106.599478,39.020235],[-106.597695,39.018021],[-106.59874,39.01777],[-106.599751,39.017527],[-106.599639,39.017339],[-106.598609,39.016059],[-106.599502,39.015621],[-106.602302,39.019098],[-106.602308,39.019106],[-106.602302,39.019109],[-106.60221,39.019154],[-106.602302,39.019345],[-106.604066,39.023006],[-106.603853,39.023111],[-106.60684,39.025489],[-106.608121,39.024003],[-106.607115,39.019963],[-106.607949,39.018994],[-106.607975,39.0191],[-106.608809,39.018131],[-106.609429,39.0211],[-106.610292,39.020994],[-106.611064,39.02482],[-106.611741,39.025422],[-106.611445,39.025625],[-106.612189,39.02621],[-106.612859,39.025749],[-106.615536,39.024566],[-106.615987,39.025313],[-106.613475,39.026424],[-106.613275,39.026561],[-106.614417,39.028395],[-106.615571,39.03025],[-106.615404,39.030365],[-106.617654,39.034088],[-106.616829,39.034655],[-106.617106,39.035113],[-106.617107,39.035113],[-106.620881,39.034065],[-106.62208,39.033732],[-106.622423,39.034511],[-106.620882,39.034923]],[[-106.611553,39.034998],[-106.611543,39.034991],[-106.611531,39.035003],[-106.611553,39.034998]],[[-106.607148,39.028085],[-106.607485,39.028348],[-106.607777,39.02814],[-106.607394,39.027799],[-106.607148,39.028085]],[[-106.610573,39.025127],[-106.610226,39.02517],[-106.61007,39.025189],[-106.610035,39.02502],[-106.609989,39.024789],[-106.608434,39.026593],[-106.610573,39.025127]],[[-106.603637,39.024116],[-106.60335,39.023887],[-106.60335,39.024217],[-106.603637,39.024116]],[[-106.603071,39.023582],[-106.603074,39.023584],[-106.603084,39.023577],[-106.603071,39.023582]],[[-106.603409,39.023328],[-106.603321,39.023371],[-106.603328,39.02339],[-106.603409,39.023328]]],[[[-106.789473,39.033659],[-106.788911,39.032474],[-106.789989,39.032381],[-106.789968,39.032336],[-106.790969,39.032081],[-106.792802,39.035941],[-106.794489,39.039121],[-106.794802,39.038633],[-106.799523,39.040475],[-106.79905,39.041211],[-106.798578,39.041947],[-106.793857,39.040105],[-106.794103,39.039722],[-106.793716,39.039821],[-106.792624,39.039914],[-106.790862,39.036592],[-106.791302,39.03752],[-106.790312,39.037806],[-106.789488,39.036066],[-106.788384,39.03583],[-106.787379,39.033708],[-106.788482,39.033945],[-106.789473,39.033659]]],[[[-106.570567,39.032918],[-106.57,39.033612],[-106.57,39.032636],[-106.570567,39.032918]]],[[[-106.813422,39.038284],[-106.813001,39.034514],[-106.81358,39.03448],[-106.814053,39.034453],[-106.814475,39.038222],[-106.814209,39.038238],[-106.814777,39.042238],[-106.813773,39.042297],[-106.813206,39.038296],[-106.813422,39.038284]]],[[[-106.797288,39.042812],[-106.797308,39.043635],[-106.79203,39.043711],[-106.79201,39.042888],[-106.797288,39.042812]]],[[[-106.747439,39.044183],[-106.748385,39.043609],[-106.748385,39.044183],[-106.747439,39.044183]]],[[[-106.747383,39.044183],[-106.747439,39.044183],[-106.747367,39.044227],[-106.747383,39.044183]]],[[[-106.74299,39.045062],[-106.743573,39.045773],[-106.738603,39.047125],[-106.738071,39.046476],[-106.738034,39.046431],[-106.73802,39.046414],[-106.74299,39.045062]]],[[[-106.796839,39.050671],[-106.79617,39.049033],[-106.797332,39.049024],[-106.798168,39.050661],[-106.796898,39.050671],[-106.796839,39.050671]]],[[[-106.794397,39.054252],[-106.791882,39.054884],[-106.791558,39.0541],[-106.793379,39.053643],[-106.792975,39.053613],[-106.793036,39.053101],[-106.793464,39.049515],[-106.794515,39.049591],[-106.794256,39.051764],[-106.794052,39.053473],[-106.796583,39.052837],[-106.796907,39.053621],[-106.795496,39.053975],[-106.794397,39.054252]]],[[[-106.80122,39.057072],[-106.800303,39.056787],[-106.80024,39.055905],[-106.801095,39.055546],[-106.80122,39.057072]]],[[[-106.739844,39.058673],[-106.740204,39.058673],[-106.739952,39.058986],[-106.739844,39.058673]]],[[[-106.876396,39.061981],[-106.87865,39.062559],[-106.880716,39.06309],[-106.880386,39.063872],[-106.878651,39.063426],[-106.876134,39.06278],[-106.875371,39.062584],[-106.875701,39.061802],[-106.876396,39.061981]]],[[[-106.797239,39.061207],[-106.797147,39.064053],[-106.796091,39.064042],[-106.796223,39.059972],[-106.797279,39.059983],[-106.797239,39.061207]]],[[[-106.580807,39.059716],[-106.581768,39.060055],[-106.57959,39.063805],[-106.579616,39.063814],[-106.577437,39.067564],[-106.576475,39.067224],[-106.578654,39.063474],[-106.578628,39.063465],[-106.580807,39.059716]]],[[[-106.580405,39.081411],[-106.57956,39.080916],[-106.580805,39.07981],[-106.582549,39.077541],[-106.583395,39.078037],[-106.58166,39.080296],[-106.580405,39.081411]]],[[[-106.803579,39.073163],[-106.803691,39.073422],[-106.804169,39.073965],[-106.806344,39.076433],[-106.809188,39.080109],[-106.809212,39.082465],[-106.807224,39.082833],[-106.80809,39.083684],[-106.808218,39.083809],[-106.808112,39.083814],[-106.804183,39.083995],[-106.804127,39.083998],[-106.803866,39.083455],[-106.801571,39.078692],[-106.802851,39.07823],[-106.801321,39.07458],[-106.800993,39.073163],[-106.799973,39.068766],[-106.798761,39.064652],[-106.802462,39.064349],[-106.80234,39.069188],[-106.802538,39.070778],[-106.803579,39.073163]]],[[[-106.918566,39.081381],[-106.916229,39.085072],[-106.915852,39.084925],[-106.915448,39.084767],[-106.915395,39.084528],[-106.915851,39.083809],[-106.917622,39.081012],[-106.918566,39.081381]]],[[[-106.811132,39.092967],[-106.811108,39.092986],[-106.81,39.093848],[-106.810139,39.094005],[-106.809313,39.094449],[-106.809912,39.095126],[-106.809042,39.095594],[-106.808173,39.096061],[-106.805174,39.092672],[-106.804195,39.093199],[-106.802565,39.094075],[-106.802555,39.094064],[-106.801965,39.093397],[-106.80288,39.092905],[-106.802048,39.092352],[-106.802338,39.092196],[-106.801506,39.091643],[-106.804191,39.090387],[-106.804866,39.090071],[-106.805221,39.090308],[-106.806118,39.089832],[-106.805812,39.089628],[-106.804189,39.088552],[-106.804188,39.088552],[-106.803222,39.087911],[-106.803233,39.087902],[-106.803552,39.087654],[-106.803553,39.087653],[-106.803554,39.087652],[-106.803556,39.087651],[-106.802579,39.087465],[-106.802228,39.087398],[-106.802053,39.08734],[-106.801619,39.087198],[-106.800214,39.086738],[-106.798831,39.084671],[-106.799218,39.083467],[-106.800975,39.086094],[-106.802488,39.08659],[-106.802485,39.086599],[-106.804186,39.086924],[-106.807478,39.087552],[-106.807445,39.087654],[-106.807221,39.08835],[-106.804695,39.087869],[-106.807774,39.08986],[-106.808145,39.089572],[-106.811132,39.092967]]],[[[-106.838195,39.092624],[-106.839234,39.092774],[-106.838273,39.096822],[-106.837234,39.096672],[-106.838195,39.092624]]],[[[-106.827724,39.097641],[-106.825362,39.098462],[-106.824384,39.098177],[-106.82289,39.096888],[-106.822242,39.096327],[-106.821635,39.096107],[-106.821169,39.095276],[-106.819499,39.094827],[-106.818584,39.093758],[-106.816416,39.090609],[-106.813196,39.091511],[-106.811226,39.089302],[-106.81212,39.088734],[-106.811008,39.087654],[-106.810054,39.086726],[-106.810669,39.086279],[-106.813076,39.087194],[-106.808984,39.083795],[-106.809893,39.082471],[-106.814469,39.086656],[-106.814913,39.087654],[-106.815257,39.088424],[-106.816339,39.08821],[-106.817563,39.090167],[-106.819247,39.090538],[-106.821106,39.092281],[-106.82289,39.095259],[-106.823094,39.095599],[-106.827724,39.097641]]],[[[-106.82289,39.09965],[-106.823044,39.099856],[-106.82289,39.099926],[-106.818471,39.101918],[-106.817942,39.101206],[-106.817413,39.100493],[-106.821985,39.098432],[-106.822514,39.099144],[-106.82289,39.09965]]],[[[-106.81027,39.102144],[-106.813211,39.099643],[-106.81399,39.100199],[-106.814642,39.100665],[-106.815286,39.101124],[-106.814087,39.102144],[-106.811856,39.10404],[-106.811213,39.103581],[-106.810561,39.103115],[-106.809782,39.102559],[-106.81027,39.102144]]],[[[-106.573685,39.105041],[-106.573762,39.104955],[-106.574628,39.103992],[-106.575493,39.104464],[-106.572463,39.107836],[-106.572447,39.107827],[-106.572176,39.107679],[-106.571656,39.107396],[-106.571597,39.107364],[-106.572611,39.106236],[-106.573685,39.105041]]],[[[-106.597725,39.111817],[-106.597631,39.111804],[-106.59772,39.111394],[-106.597772,39.111159],[-106.597808,39.110993],[-106.598378,39.111069],[-106.598424,39.111213],[-106.598508,39.111475],[-106.598513,39.111489],[-106.59965,39.11164],[-106.599634,39.11159],[-106.599543,39.111306],[-106.599515,39.111219],[-106.601217,39.111445],[-106.60211,39.111563],[-106.602302,39.111588],[-106.603017,39.111683],[-106.602839,39.112494],[-106.602302,39.112423],[-106.601871,39.112366],[-106.599794,39.112089],[-106.599786,39.112063],[-106.599664,39.111683],[-106.598526,39.111529],[-106.598653,39.111928],[-106.597725,39.111817]]],[[[-106.598494,39.113326],[-106.59852,39.11338],[-106.597705,39.113269],[-106.598494,39.113326]]],[[[-106.794982,39.11322],[-106.79609,39.111424],[-106.797042,39.11178],[-106.795935,39.113576],[-106.794982,39.11322]]],[[[-106.624336,39.113302],[-106.622959,39.113174],[-106.623044,39.112621],[-106.62362,39.112613],[-106.623644,39.112607],[-106.623117,39.112604],[-106.62311,39.112359],[-106.623095,39.111822],[-106.625544,39.111838],[-106.626737,39.111846],[-106.627555,39.111852],[-106.628376,39.111857],[-106.628377,39.111857],[-106.630827,39.111877],[-106.630831,39.111577],[-106.630835,39.111368],[-106.630842,39.11106],[-106.630848,39.110753],[-106.632007,39.110737],[-106.635945,39.109767],[-106.635927,39.110635],[-106.63218,39.111558],[-106.633634,39.111537],[-106.633654,39.11236],[-106.628393,39.112435],[-106.628399,39.112639],[-106.627062,39.11263],[-106.625961,39.112623],[-106.626783,39.112699],[-106.628331,39.112842],[-106.628206,39.113659],[-106.625251,39.113386],[-106.624336,39.113302]]],[[[-106.606219,39.114291],[-106.605639,39.113601],[-106.607044,39.113044],[-106.610347,39.111732],[-106.610742,39.112201],[-106.611146,39.112681],[-106.607508,39.114604],[-106.60635,39.114446],[-106.606219,39.114291]]],[[[-106.624049,39.115289],[-106.621684,39.114288],[-106.620902,39.113957],[-106.619406,39.113324],[-106.61991,39.112601],[-106.620902,39.113021],[-106.623826,39.114257],[-106.624554,39.114565],[-106.624049,39.115289]]],[[[-106.59789,39.117782],[-106.597895,39.117752],[-106.597943,39.117758],[-106.597945,39.117788],[-106.59789,39.117782]]],[[[-106.595377,39.119313],[-106.5946,39.119599],[-106.590597,39.121068],[-106.590147,39.120324],[-106.590229,39.120293],[-106.593042,39.119294],[-106.593042,39.119261],[-106.594062,39.118886],[-106.594635,39.118676],[-106.594927,39.118569],[-106.594981,39.118659],[-106.59508,39.118822],[-106.595377,39.119313]]],[[[-106.804223,39.115052],[-106.80417,39.115061],[-106.799434,39.113644],[-106.801137,39.113349],[-106.801377,39.113307],[-106.80144,39.113296],[-106.801212,39.112492],[-106.801004,39.111758],[-106.800776,39.110954],[-106.800549,39.110149],[-106.800322,39.109344],[-106.799945,39.10941],[-106.799945,39.105315],[-106.79967,39.105362],[-106.798639,39.10554],[-106.797607,39.105719],[-106.796591,39.102144],[-106.796465,39.1017],[-106.797496,39.101521],[-106.798527,39.101343],[-106.799559,39.101165],[-106.800573,39.10099],[-106.801605,39.100811],[-106.802499,39.100657],[-106.801356,39.096638],[-106.802387,39.09646],[-106.803418,39.096282],[-106.804198,39.096147],[-106.80445,39.096104],[-106.805481,39.095925],[-106.806117,39.09816],[-106.807148,39.097982],[-106.80818,39.097804],[-106.809323,39.101822],[-106.808292,39.102],[-106.807462,39.102144],[-106.80725,39.102144],[-106.80726,39.102179],[-106.807768,39.103963],[-106.806736,39.104141],[-106.805756,39.10431],[-106.805756,39.1084],[-106.80507,39.108519],[-106.804215,39.108668],[-106.804215,39.108679],[-106.805475,39.108464],[-106.810634,39.107571],[-106.810863,39.108375],[-106.811092,39.109178],[-106.811321,39.109982],[-106.81153,39.110716],[-106.811759,39.11152],[-106.811166,39.111622],[-106.811624,39.111748],[-106.815882,39.111776],[-106.815883,39.11168],[-106.81694,39.111688],[-106.816922,39.113429],[-106.8169,39.115998],[-106.816941,39.115819],[-106.816949,39.115819],[-106.817725,39.115822],[-106.818006,39.115823],[-106.818014,39.115823],[-106.817827,39.116634],[-106.817748,39.116978],[-106.817082,39.119874],[-106.81605,39.119869],[-106.816015,39.119843],[-106.81612,39.119389],[-106.815677,39.119214],[-106.81571,39.119189],[-106.815364,39.118183],[-106.814782,39.119693],[-106.813771,39.119456],[-106.812759,39.119219],[-106.812712,39.119208],[-106.815059,39.120731],[-106.814383,39.121364],[-106.81108,39.119221],[-106.811418,39.118905],[-106.810736,39.118745],[-106.811,39.118059],[-106.808631,39.116769],[-106.805834,39.117551],[-106.805484,39.11679],[-106.805412,39.116634],[-106.805234,39.116247],[-106.804878,39.115472],[-106.804692,39.114971],[-106.804223,39.115052]],[[-106.812334,39.114087],[-106.812338,39.113652],[-106.812098,39.113694],[-106.810149,39.114029],[-106.809852,39.114081],[-106.809853,39.114082],[-106.809853,39.114083],[-106.810209,39.114858],[-106.810459,39.115401],[-106.810027,39.115521],[-106.811639,39.116398],[-106.81216,39.115044],[-106.811267,39.115039],[-106.811276,39.114216],[-106.811718,39.114218],[-106.811717,39.113943],[-106.812334,39.114087]],[[-106.816149,39.117538],[-106.816386,39.11823],[-106.816545,39.11754],[-106.816149,39.117538]]],[[[-106.81605,39.119869],[-106.817542,39.121016],[-106.8168,39.121602],[-106.814565,39.119884],[-106.815307,39.119298],[-106.816015,39.119843],[-106.816009,39.119869],[-106.81605,39.119869]]],[[[-106.600788,39.129858],[-106.601823,39.129856],[-106.600788,39.129858]]],[[[-106.834302,39.126195],[-106.835354,39.126115],[-106.835645,39.130226],[-106.834593,39.130305],[-106.834302,39.126195]]],[[[-106.602644,39.12988],[-106.604446,39.129437],[-106.605422,39.129197],[-106.605661,39.129787],[-106.605698,39.129878],[-106.60574,39.129982],[-106.60188,39.130931],[-106.6007,39.131221],[-106.600524,39.130786],[-106.600382,39.130436],[-106.601835,39.130079],[-106.602302,39.129964],[-106.602644,39.12988]]],[[[-106.753619,39.133602],[-106.750592,39.133525],[-106.749185,39.13349],[-106.749185,39.129867],[-106.749185,39.126245],[-106.753658,39.126251],[-106.753658,39.129853],[-106.75813,39.129838],[-106.762893,39.129906],[-106.762747,39.133873],[-106.758053,39.133714],[-106.753619,39.133602]]],[[[-106.847682,39.13053],[-106.847669,39.130671],[-106.847421,39.133272],[-106.846442,39.133265],[-106.84629,39.133264],[-106.845969,39.133261],[-106.845614,39.133259],[-106.845614,39.133265],[-106.845642,39.134293],[-106.845643,39.13432],[-106.845207,39.134293],[-106.84478,39.134267],[-106.844328,39.134239],[-106.843117,39.130671],[-106.84264,39.129265],[-106.842609,39.123461],[-106.842607,39.123032],[-106.846727,39.121688],[-106.850483,39.121338],[-106.855759,39.119093],[-106.856186,39.120435],[-106.856452,39.121271],[-106.856448,39.121274],[-106.851345,39.124999],[-106.849918,39.126041],[-106.847682,39.13053]]],[[[-106.60132,39.144794],[-106.600751,39.14446],[-106.60102,39.144183],[-106.601288,39.143906],[-106.602507,39.142646],[-106.603932,39.141173],[-106.604777,39.141668],[-106.603226,39.143271],[-106.602577,39.143942],[-106.602343,39.144183],[-106.602184,39.144347],[-106.601595,39.144956],[-106.60132,39.144794]]],[[[-106.783134,39.148775],[-106.78311,39.14869],[-106.783073,39.148474],[-106.783001,39.148188],[-106.782913,39.148189],[-106.782926,39.147235],[-106.782346,39.147241],[-106.781185,39.147254],[-106.781208,39.14533],[-106.781667,39.145313],[-106.78353,39.145331],[-106.785859,39.145353],[-106.785818,39.147234],[-106.785777,39.149115],[-106.785725,39.150995],[-106.784797,39.150999],[-106.784584,39.151004],[-106.78464,39.149137],[-106.783476,39.149144],[-106.783477,39.149022],[-106.783482,39.1489],[-106.783284,39.148838],[-106.783134,39.148775]]],[[[-106.832507,39.153735],[-106.832434,39.153666],[-106.832468,39.153644],[-106.832507,39.153735]]],[[[-106.832949,39.155376],[-106.833513,39.155007],[-106.833492,39.155012],[-106.833482,39.154985],[-106.833592,39.154956],[-106.833715,39.154875],[-106.833756,39.154913],[-106.833787,39.154942],[-106.835592,39.156616],[-106.835627,39.156648],[-106.835988,39.156984],[-106.836386,39.157353],[-106.836454,39.157416],[-106.837041,39.15796],[-106.837106,39.15802],[-106.837116,39.15803],[-106.837106,39.158036],[-106.837047,39.158075],[-106.836531,39.158412],[-106.836307,39.158558],[-106.836241,39.158355],[-106.836214,39.158475],[-106.836064,39.158335],[-106.835981,39.158258],[-106.836025,39.15823],[-106.83538,39.157631],[-106.834936,39.157219],[-106.832949,39.155376]]],[[[-106.830349,39.15981],[-106.83024,39.161036],[-106.829907,39.160855],[-106.829249,39.1605],[-106.829306,39.159793],[-106.829524,39.157087],[-106.830165,39.157434],[-106.830542,39.157637],[-106.830349,39.15981]]],[[[-106.754068,39.171539],[-106.754005,39.168833],[-106.754004,39.168814],[-106.754121,39.16881],[-106.754184,39.171516],[-106.75464,39.172166],[-106.755246,39.172464],[-106.755228,39.172563],[-106.754554,39.17223],[-106.754068,39.171539]]],[[[-106.748135,39.174488],[-106.74823,39.174488],[-106.748132,39.174624],[-106.748135,39.174488]]],[[[-106.751352,39.174497],[-106.751287,39.174611],[-106.750234,39.176456],[-106.750219,39.176482],[-106.750208,39.176479],[-106.751339,39.174497],[-106.75159,39.174057],[-106.751591,39.174057],[-106.751602,39.17406],[-106.751539,39.174171],[-106.751352,39.174497]]],[[[-106.753564,39.17961],[-106.753559,39.179603],[-106.754487,39.175691],[-106.754767,39.174506],[-106.754774,39.174506],[-106.754751,39.174604],[-106.753564,39.17961]]],[[[-106.754798,39.181579],[-106.754797,39.181593],[-106.753561,39.179622],[-106.753564,39.17961],[-106.754798,39.181579]]],[[[-107.017438,39.199612],[-107.012794,39.199613],[-107.012792,39.20115],[-107.012938,39.201454],[-107.012792,39.201536],[-107.01279,39.203237],[-107.009765,39.203237],[-107.008649,39.203864],[-107.008151,39.204097],[-107.007742,39.204288],[-107.003574,39.20486],[-107.003504,39.204715],[-107.003512,39.206861],[-107.003526,39.210483],[-106.998874,39.210484],[-106.994228,39.210485],[-106.994215,39.206863],[-106.994203,39.203241],[-106.994208,39.19962],[-106.994212,39.195998],[-106.998858,39.195996],[-107.003505,39.195994],[-107.008152,39.195991],[-107.012798,39.19599],[-107.012802,39.192367],[-107.012806,39.188745],[-107.016066,39.188745],[-107.017455,39.188744],[-107.022117,39.18874],[-107.022109,39.192363],[-107.01745,39.192366],[-107.017444,39.195988],[-107.017438,39.199612]]],[[[-106.784796,39.21205],[-106.784855,39.212061],[-106.784855,39.212072],[-106.784796,39.21205]]],[[[-106.759792,39.230776],[-106.759803,39.230778],[-106.759779,39.230811],[-106.759792,39.230776]]],[[[-106.798247,39.240821],[-106.801852,39.238566],[-106.804709,39.240162],[-106.804813,39.240219],[-106.804703,39.240611],[-106.803688,39.244239],[-106.79968,39.245633],[-106.800781,39.242751],[-106.798247,39.240821]]],[[[-106.756448,39.246669],[-106.756808,39.245895],[-106.757168,39.24512],[-106.757185,39.245125],[-106.760785,39.246166],[-106.76018,39.245953],[-106.757276,39.244928],[-106.756789,39.244757],[-106.755703,39.246913],[-106.754966,39.246654],[-106.754744,39.247046],[-106.752848,39.25039],[-106.751799,39.250196],[-106.752493,39.248981],[-106.751979,39.248836],[-106.752108,39.248638],[-106.751168,39.248315],[-106.751986,39.247051],[-106.753265,39.245075],[-106.752285,39.244738],[-106.752488,39.240623],[-106.75353,39.240981],[-106.754499,39.241314],[-106.754394,39.243453],[-106.754866,39.243588],[-106.756622,39.24017],[-106.757581,39.240509],[-106.757188,39.241277],[-106.757221,39.241289],[-106.75765,39.24054],[-106.757714,39.240568],[-106.758165,39.239783],[-106.758233,39.23983],[-106.758062,39.237306],[-106.759119,39.237272],[-106.75917,39.238013],[-106.759612,39.236138],[-106.760461,39.236738],[-106.76049,39.236615],[-106.761109,39.237061],[-106.761668,39.235487],[-106.761732,39.235485],[-106.761532,39.233217],[-106.762084,39.233258],[-106.762159,39.232615],[-106.76228,39.231562],[-106.762491,39.231557],[-106.763567,39.231528],[-106.764602,39.2315],[-106.764601,39.231486],[-106.764645,39.231499],[-106.76465,39.231456],[-106.764973,39.231601],[-106.765211,39.231708],[-106.765224,39.231679],[-106.765244,39.231635],[-106.765609,39.231799],[-106.766027,39.231985],[-106.76605,39.231935],[-106.76607,39.231891],[-106.766076,39.231944],[-106.766626,39.232114],[-106.766667,39.232611],[-106.766689,39.232874],[-106.766698,39.232979],[-106.766785,39.234026],[-106.766843,39.234053],[-106.767461,39.233779],[-106.767742,39.233155],[-106.767734,39.233658],[-106.767712,39.235003],[-106.767679,39.23704],[-106.767671,39.237526],[-106.768776,39.237032],[-106.774056,39.239427],[-106.773682,39.240247],[-106.769745,39.240668],[-106.770962,39.242876],[-106.770426,39.243148],[-106.76891,39.240753],[-106.767615,39.240975],[-106.7674,39.241012],[-106.766098,39.241594],[-106.764804,39.242172],[-106.764576,39.242831],[-106.764274,39.242729],[-106.762297,39.246539],[-106.762177,39.2465],[-106.762086,39.246687],[-106.762072,39.246683],[-106.76191,39.247033],[-106.761772,39.24733],[-106.761412,39.248105],[-106.761052,39.24888],[-106.760693,39.249654],[-106.760333,39.250429],[-106.755369,39.248993],[-106.755729,39.248219],[-106.756088,39.247444],[-106.756274,39.247043],[-106.756448,39.246669]],[[-106.762255,39.24634],[-106.761383,39.246088],[-106.761317,39.246216],[-106.762177,39.2465],[-106.762255,39.24634]],[[-106.754306,39.245265],[-106.754351,39.245196],[-106.75431,39.245184],[-106.754306,39.245265]],[[-106.754105,39.246456],[-106.754751,39.246579],[-106.754148,39.246367],[-106.754105,39.246456]]],[[[-106.755475,39.254953],[-106.755476,39.255776],[-106.755477,39.256476],[-106.755477,39.257005],[-106.756149,39.257115],[-106.756227,39.257128],[-106.756306,39.257305],[-106.757509,39.26],[-106.755556,39.26],[-106.754814,39.257703],[-106.754814,39.257533],[-106.754251,39.257532],[-106.753973,39.257532],[-106.753628,39.257532],[-106.753628,39.257411],[-106.752925,39.257196],[-106.751943,39.256897],[-106.751963,39.257196],[-106.750909,39.257029],[-106.750908,39.257011],[-106.750733,39.254567],[-106.751009,39.25293],[-106.752045,39.253094],[-106.752059,39.252767],[-106.753105,39.253086],[-106.75406,39.253377],[-106.754058,39.253411],[-106.754249,39.253411],[-106.754811,39.253411],[-106.754811,39.253581],[-106.755474,39.25358],[-106.755475,39.254953]],[[-106.751776,39.254427],[-106.751903,39.256311],[-106.752039,39.253224],[-106.751776,39.254427]]],[[[-106.821284,39.210758],[-106.821286,39.210685],[-106.816711,39.210681],[-106.812065,39.2108],[-106.807732,39.21091],[-106.807991,39.209997],[-106.808703,39.207482],[-106.807927,39.207494],[-106.807751,39.207496],[-106.805494,39.207531],[-106.803399,39.208067],[-106.802687,39.20825],[-106.800211,39.208883],[-106.799118,39.209163],[-106.798781,39.209249],[-106.798048,39.209437],[-106.798048,39.209787],[-106.798039,39.209787],[-106.798034,39.209787],[-106.798034,39.208248],[-106.798034,39.2074],[-106.798034,39.207154],[-106.798037,39.204792],[-106.798038,39.203807],[-106.798038,39.203677],[-106.798038,39.203532],[-106.797853,39.203531],[-106.796369,39.203523],[-106.796286,39.203523],[-106.794911,39.203516],[-106.794791,39.203515],[-106.794164,39.203512],[-106.79388,39.203511],[-106.793468,39.203509],[-106.793213,39.203508],[-106.792627,39.203046],[-106.79264,39.203036],[-106.791901,39.202472],[-106.794167,39.200721],[-106.794233,39.20067],[-106.794167,39.200617],[-106.794775,39.200141],[-106.794912,39.200034],[-106.795535,39.199548],[-106.795442,39.199477],[-106.794838,39.199015],[-106.79521,39.199308],[-106.794167,39.200115],[-106.794132,39.200142],[-106.792212,39.201629],[-106.791474,39.201049],[-106.792647,39.200135],[-106.794168,39.198948],[-106.794455,39.198724],[-106.794169,39.1985],[-106.793942,39.198322],[-106.793928,39.198333],[-106.79317,39.197759],[-106.792411,39.197184],[-106.791653,39.19661],[-106.791814,39.196485],[-106.794172,39.194649],[-106.795371,39.193716],[-106.796128,39.194291],[-106.796886,39.194865],[-106.797276,39.195161],[-106.79868,39.194163],[-106.798957,39.193966],[-106.799129,39.19389],[-106.799131,39.193888],[-106.801245,39.192947],[-106.801421,39.192854],[-106.801539,39.192792],[-106.802001,39.192544],[-106.803034,39.191991],[-106.804695,39.1911],[-106.803035,39.190545],[-106.801949,39.190177],[-106.801009,39.189858],[-106.800974,39.189846],[-106.801775,39.189415],[-106.801832,39.189384],[-106.801386,39.18923],[-106.801281,39.189194],[-106.801454,39.189057],[-106.801916,39.188694],[-106.801978,39.188645],[-106.803036,39.189002],[-106.805354,39.189787],[-106.805557,39.18919],[-106.806576,39.189415],[-106.806548,39.189496],[-106.807241,39.18895],[-106.807684,39.188601],[-106.806957,39.188598],[-106.806969,39.187371],[-106.805912,39.187371],[-106.80591,39.188191],[-106.803023,39.187835],[-106.801897,39.187698],[-106.801894,39.187698],[-106.801797,39.187686],[-106.801768,39.185238],[-106.798799,39.185256],[-106.798337,39.185259],[-106.798337,39.185224],[-106.797116,39.185244],[-106.7972,39.181608],[-106.797276,39.178042],[-106.79715,39.178043],[-106.797139,39.178043],[-106.793523,39.178064],[-106.793407,39.174501],[-106.789495,39.174525],[-106.788755,39.174529],[-106.789166,39.170906],[-106.789266,39.17003],[-106.788182,39.170029],[-106.78819,39.167291],[-106.788197,39.164688],[-106.788199,39.16401],[-106.7882,39.16368],[-106.785336,39.163689],[-106.78575,39.160067],[-106.785741,39.156459],[-106.783425,39.156462],[-106.781109,39.156461],[-106.781113,39.154657],[-106.781121,39.152852],[-106.781141,39.151014],[-106.781161,39.149177],[-106.780006,39.149155],[-106.779797,39.14915],[-106.778851,39.149132],[-106.778862,39.14818],[-106.779797,39.148195],[-106.780018,39.148198],[-106.781173,39.148215],[-106.782332,39.148196],[-106.782319,39.149157],[-106.782319,39.149165],[-106.782611,39.149316],[-106.782649,39.149337],[-106.782687,39.149357],[-106.782724,39.149379],[-106.782761,39.149401],[-106.782797,39.149423],[-106.782833,39.149446],[-106.782868,39.14947],[-106.782902,39.149494],[-106.782936,39.149519],[-106.782969,39.149544],[-106.783001,39.14957],[-106.783033,39.149596],[-106.783064,39.149622],[-106.783122,39.149675],[-106.783291,39.149834],[-106.78332,39.149862],[-106.783349,39.14989],[-106.783376,39.149919],[-106.783403,39.149948],[-106.78343,39.149978],[-106.783455,39.150008],[-106.783464,39.150019],[-106.78348,39.150038],[-106.783504,39.150069],[-106.783527,39.1501],[-106.78355,39.150132],[-106.783571,39.150164],[-106.783592,39.150196],[-106.783612,39.150228],[-106.783631,39.150261],[-106.78365,39.150294],[-106.783667,39.150328],[-106.783684,39.150361],[-106.7837,39.150395],[-106.783715,39.150429],[-106.783729,39.150463],[-106.783742,39.150498],[-106.783755,39.150533],[-106.783766,39.150568],[-106.783777,39.150603],[-106.783787,39.150638],[-106.783795,39.150673],[-106.783803,39.150709],[-106.783811,39.150744],[-106.783817,39.15078],[-106.783822,39.150816],[-106.783826,39.150852],[-106.78383,39.150888],[-106.783833,39.150924],[-106.783834,39.15096],[-106.783835,39.151002],[-106.783835,39.151017],[-106.783828,39.152328],[-106.783828,39.152364],[-106.783826,39.1524],[-106.783824,39.152436],[-106.783821,39.152472],[-106.783817,39.152508],[-106.783813,39.152543],[-106.783808,39.152579],[-106.783802,39.152615],[-106.783795,39.152651],[-106.783787,39.152686],[-106.783779,39.152722],[-106.78377,39.152757],[-106.783753,39.152816],[-106.783742,39.152853],[-106.783426,39.152852],[-106.783424,39.154658],[-106.783835,39.154658],[-106.783853,39.154691],[-106.783872,39.154724],[-106.783892,39.154757],[-106.783912,39.154789],[-106.783934,39.154821],[-106.783956,39.154853],[-106.783979,39.154884],[-106.784003,39.154915],[-106.784028,39.154945],[-106.784054,39.154975],[-106.784081,39.155004],[-106.784108,39.155033],[-106.784136,39.155062],[-106.784165,39.15509],[-106.784195,39.155118],[-106.784226,39.155145],[-106.784257,39.155171],[-106.784289,39.155197],[-106.784322,39.155222],[-106.784355,39.155247],[-106.78439,39.155272],[-106.784425,39.155295],[-106.78446,39.155318],[-106.784496,39.155341],[-106.784533,39.155363],[-106.784581,39.15539],[-106.784585,39.155392],[-106.784585,39.155394],[-106.784586,39.155514],[-106.784586,39.155565],[-106.785296,39.155563],[-106.785743,39.155561],[-106.785735,39.154659],[-106.78572,39.152855],[-106.790372,39.152851],[-106.790388,39.155548],[-106.792853,39.15557],[-106.792856,39.156458],[-106.79286,39.159193],[-106.795054,39.159212],[-106.797512,39.159235],[-106.797511,39.160066],[-106.797508,39.162856],[-106.79751,39.163652],[-106.79751,39.166448],[-106.797509,39.167234],[-106.798477,39.167227],[-106.798314,39.170047],[-106.802314,39.170083],[-106.802279,39.170826],[-106.802145,39.17367],[-106.802715,39.17367],[-106.802715,39.174446],[-106.806892,39.174457],[-106.806795,39.177436],[-106.807493,39.177432],[-106.811908,39.177405],[-106.81189,39.178093],[-106.811842,39.179963],[-106.811821,39.180783],[-106.811804,39.181449],[-106.81226,39.181449],[-106.813845,39.181449],[-106.813896,39.180978],[-106.814639,39.180638],[-106.816761,39.179695],[-106.816872,39.179645],[-106.81742,39.179399],[-106.817362,39.179074],[-106.816857,39.179129],[-106.812711,39.179583],[-106.813016,39.179072],[-106.813525,39.178217],[-106.813251,39.178232],[-106.813349,39.178103],[-106.813909,39.177367],[-106.814489,39.176603],[-106.815147,39.175737],[-106.815443,39.175338],[-106.815723,39.17496],[-106.815772,39.174893],[-106.816732,39.174841],[-106.817858,39.17478],[-106.817865,39.17444],[-106.817865,39.174433],[-106.817752,39.174441],[-106.816722,39.174507],[-106.815817,39.174566],[-106.815238,39.174604],[-106.815222,39.174469],[-106.815088,39.17445],[-106.81522,39.174449],[-106.815142,39.173788],[-106.816661,39.173719],[-106.8166,39.173167],[-106.816824,39.173147],[-106.816995,39.173133],[-106.819006,39.172921],[-106.81697,39.171322],[-106.816382,39.170859],[-106.815943,39.170514],[-106.816008,39.170459],[-106.816662,39.169956],[-106.817055,39.170267],[-106.817804,39.17086],[-106.818878,39.171711],[-106.818567,39.170861],[-106.817576,39.168146],[-106.818598,39.16792],[-106.818895,39.168733],[-106.818985,39.168728],[-106.819502,39.1687],[-106.819503,39.167286],[-106.819503,39.167138],[-106.819371,39.166992],[-106.818857,39.167283],[-106.818654,39.167398],[-106.81779,39.167879],[-106.817291,39.167312],[-106.817294,39.167275],[-106.817258,39.167275],[-106.814853,39.164542],[-106.81574,39.164076],[-106.816468,39.163692],[-106.816914,39.164209],[-106.817801,39.163746],[-106.818579,39.163355],[-106.818471,39.163235],[-106.81812,39.162795],[-106.815467,39.159829],[-106.815097,39.159415],[-106.815956,39.158943],[-106.816764,39.159802],[-106.818106,39.161227],[-106.818117,39.161221],[-106.817398,39.159788],[-106.816433,39.157865],[-106.816868,39.157751],[-106.817228,39.157225],[-106.817274,39.157166],[-106.816879,39.157102],[-106.816378,39.157491],[-106.816047,39.156968],[-106.815038,39.156806],[-106.815211,39.155996],[-106.815457,39.156036],[-106.815069,39.155422],[-106.814612,39.154701],[-106.817104,39.152756],[-106.816266,39.152909],[-106.815772,39.151219],[-106.810403,39.153415],[-106.804952,39.145335],[-106.804462,39.144609],[-106.809975,39.143105],[-106.813967,39.14102],[-106.814297,39.141403],[-106.81405,39.140254],[-106.813975,39.140264],[-106.813082,39.136204],[-106.813709,39.136123],[-106.813667,39.134411],[-106.813649,39.133663],[-106.812039,39.133959],[-106.811796,39.133158],[-106.811553,39.132357],[-106.811309,39.131556],[-106.811177,39.131121],[-106.811037,39.130661],[-106.810933,39.13032],[-106.816077,39.129371],[-106.81632,39.130173],[-106.816452,39.130608],[-106.81647,39.130666],[-106.816696,39.131409],[-106.816939,39.13221],[-106.817183,39.133011],[-106.815962,39.133236],[-106.816019,39.134417],[-106.81605,39.135061],[-106.81609,39.135244],[-106.816667,39.134602],[-106.816667,39.134579],[-106.816688,39.134579],[-106.816832,39.134419],[-106.816874,39.134372],[-106.816884,39.134419],[-106.816919,39.134575],[-106.818455,39.134548],[-106.81871,39.134544],[-106.818742,39.134416],[-106.818821,39.134093],[-106.81986,39.134247],[-106.820762,39.134381],[-106.820966,39.133536],[-106.820144,39.133421],[-106.819103,39.133277],[-106.819439,39.131843],[-106.819013,39.130672],[-106.818504,39.129272],[-106.819661,39.12943],[-106.81965,39.129401],[-106.815603,39.128845],[-106.815787,39.128034],[-106.820138,39.128631],[-106.820832,39.128726],[-106.820829,39.12491],[-106.820829,39.124895],[-106.820378,39.124828],[-106.820137,39.124793],[-106.820057,39.124782],[-106.820091,39.124634],[-106.820059,39.124633],[-106.819319,39.124594],[-106.818465,39.120735],[-106.818795,39.120754],[-106.817852,39.120408],[-106.818991,39.116634],[-106.81924,39.116634],[-106.819566,39.116754],[-106.81956,39.116787],[-106.820475,39.11684],[-106.820159,39.11883],[-106.820979,39.118986],[-106.821481,39.116757],[-106.822521,39.116902],[-106.822582,39.116634],[-106.822716,39.11604],[-106.82289,39.116064],[-106.823082,39.116091],[-106.823714,39.113302],[-106.824334,39.113389],[-106.824334,39.11386],[-106.824661,39.11386],[-106.825151,39.11386],[-106.82539,39.11386],[-106.82539,39.111108],[-106.82539,39.111009],[-106.825305,39.111009],[-106.825392,39.110623],[-106.825981,39.110706],[-106.825308,39.108845],[-106.824462,39.108887],[-106.823444,39.108938],[-106.823194,39.108432],[-106.82289,39.108515],[-106.822597,39.108595],[-106.822609,39.110099],[-106.82289,39.110119],[-106.823667,39.110173],[-106.823674,39.111141],[-106.82331,39.114276],[-106.82289,39.114247],[-106.822258,39.114202],[-106.821046,39.115859],[-106.821405,39.112762],[-106.820731,39.112714],[-106.820729,39.112498],[-106.819814,39.112502],[-106.819807,39.111624],[-106.819103,39.111447],[-106.819105,39.111709],[-106.818368,39.111702],[-106.817992,39.111699],[-106.817318,39.111692],[-106.81694,39.111688],[-106.816519,39.111684],[-106.815623,39.111675],[-106.814732,39.111369],[-106.814668,39.107281],[-106.81555,39.107583],[-106.815824,39.107586],[-106.815835,39.10347],[-106.816891,39.103482],[-106.817913,39.103492],[-106.818906,39.103503],[-106.819959,39.103514],[-106.819956,39.104869],[-106.820015,39.104884],[-106.820346,39.104968],[-106.820294,39.104868],[-106.821289,39.104595],[-106.821551,39.105097],[-106.822605,39.105044],[-106.82289,39.105029],[-106.823659,39.104991],[-106.824964,39.10769],[-106.825587,39.107865],[-106.825565,39.105264],[-106.826604,39.105284],[-106.826613,39.106364],[-106.827932,39.103746],[-106.828916,39.104047],[-106.827114,39.107623],[-106.826622,39.107473],[-106.826638,39.1094],[-106.826495,39.109398],[-106.827414,39.111937],[-106.8272,39.111877],[-106.826315,39.111629],[-106.826267,39.111498],[-106.826242,39.111611],[-106.826208,39.111761],[-106.826208,39.114778],[-106.826554,39.113501],[-106.826959,39.113533],[-106.827612,39.113584],[-106.828439,39.113654],[-106.828438,39.11325],[-106.828437,39.112427],[-106.833721,39.112424],[-106.833722,39.113247],[-106.833723,39.11407],[-106.833729,39.116634],[-106.833733,39.118188],[-106.832676,39.118189],[-106.831618,39.11819],[-106.830561,39.118191],[-106.830209,39.118191],[-106.829503,39.118191],[-106.828443,39.118191],[-106.828438,39.118868],[-106.82799,39.118828],[-106.827759,39.120225],[-106.827347,39.122721],[-106.827315,39.122914],[-106.826322,39.122827],[-106.826705,39.122864],[-106.826548,39.123253],[-106.82546,39.123253],[-106.825455,39.123253],[-106.825652,39.122766],[-106.825215,39.122728],[-106.824571,39.122672],[-106.824566,39.122684],[-106.825631,39.12281],[-106.825423,39.123253],[-106.825352,39.123253],[-106.825352,39.123404],[-106.824095,39.126081],[-106.824335,39.126106],[-106.825352,39.123526],[-106.825352,39.123992],[-106.826252,39.123988],[-106.826278,39.123987],[-106.830362,39.123968],[-106.830355,39.124791],[-106.830349,39.125564],[-106.830343,39.126364],[-106.829232,39.126341],[-106.829253,39.127356],[-106.829253,39.12739],[-106.829256,39.127528],[-106.828932,39.127521],[-106.8289,39.127521],[-106.828477,39.127512],[-106.828494,39.128339],[-106.831139,39.127815],[-106.831465,39.123719],[-106.831598,39.123724],[-106.832374,39.123758],[-106.832745,39.123774],[-106.835317,39.120466],[-106.836498,39.120522],[-106.833923,39.123825],[-106.83343,39.123804],[-106.833111,39.127807],[-106.833103,39.127912],[-106.833233,39.128249],[-106.829606,39.128967],[-106.831002,39.130672],[-106.831997,39.131887],[-106.832043,39.131943],[-106.832807,39.131959],[-106.83279,39.132371],[-106.835269,39.131472],[-106.835716,39.132218],[-106.834899,39.1325],[-106.834823,39.134342],[-106.834758,39.135922],[-106.833683,39.13631],[-106.833538,39.136362],[-106.836631,39.136682],[-106.836847,39.136704],[-106.836633,39.136253],[-106.835727,39.134335],[-106.835468,39.133787],[-106.836421,39.133514],[-106.836645,39.133989],[-106.836646,39.133946],[-106.836372,39.132843],[-106.836652,39.132801],[-106.837411,39.132687],[-106.838449,39.13253],[-106.839487,39.132373],[-106.839966,39.134303],[-106.840129,39.134961],[-106.840436,39.1362],[-106.841319,39.135936],[-106.842057,39.135715],[-106.843791,39.135474],[-106.843974,39.136286],[-106.843964,39.136288],[-106.843751,39.136324],[-106.842571,39.136525],[-106.84229,39.136525],[-106.842239,39.136525],[-106.842252,39.136579],[-106.842344,39.136987],[-106.84132,39.137126],[-106.840129,39.137287],[-106.838998,39.13744],[-106.838906,39.137951],[-106.838262,39.141516],[-106.837168,39.141666],[-106.837007,39.142555],[-106.835978,39.142443],[-106.834948,39.14233],[-106.83439,39.14227],[-106.832658,39.143157],[-106.832944,39.145224],[-106.833137,39.146621],[-106.833319,39.146606],[-106.833648,39.149007],[-106.834194,39.150496],[-106.834531,39.146484],[-106.835604,39.146328],[-106.836635,39.146177],[-106.836718,39.145195],[-106.836841,39.143731],[-106.837896,39.143785],[-106.837779,39.145187],[-106.837551,39.147894],[-106.836537,39.147843],[-106.836332,39.150281],[-106.836054,39.150321],[-106.836892,39.154388],[-106.835987,39.15452],[-106.834968,39.154668],[-106.834005,39.150661],[-106.833667,39.150689],[-106.832942,39.15075],[-106.832977,39.150847],[-106.832434,39.150977],[-106.832107,39.151054],[-106.832527,39.152202],[-106.832374,39.152132],[-106.831683,39.151819],[-106.831495,39.151733],[-106.831571,39.151954],[-106.830256,39.151298],[-106.828942,39.150642],[-106.828141,39.148314],[-106.828053,39.148058],[-106.827822,39.147388],[-106.827447,39.147201],[-106.826849,39.145271],[-106.826766,39.145002],[-106.826644,39.145199],[-106.826697,39.144778],[-106.826583,39.144412],[-106.82636,39.144657],[-106.824726,39.144163],[-106.824625,39.144288],[-106.823662,39.143932],[-106.823721,39.143859],[-106.822748,39.143565],[-106.821789,39.143275],[-106.821039,39.144087],[-106.821775,39.144494],[-106.821036,39.145306],[-106.819884,39.146571],[-106.820462,39.14656],[-106.821286,39.146544],[-106.820549,39.148637],[-106.821484,39.148836],[-106.82157,39.148855],[-106.822341,39.146666],[-106.822528,39.149707],[-106.822593,39.149689],[-106.822939,39.149593],[-106.823256,39.150179],[-106.823669,39.150939],[-106.824028,39.151597],[-106.822567,39.152003],[-106.819346,39.152897],[-106.818993,39.152237],[-106.81892,39.1521],[-106.81862,39.15246],[-106.818711,39.152605],[-106.819135,39.153284],[-106.819598,39.154024],[-106.820007,39.154678],[-106.819981,39.154698],[-106.821368,39.155785],[-106.822528,39.155471],[-106.824211,39.155017],[-106.824135,39.154967],[-106.824858,39.154287],[-106.825044,39.154112],[-106.825062,39.154139],[-106.825215,39.153951],[-106.825235,39.153932],[-106.825489,39.153616],[-106.82579,39.153247],[-106.826122,39.152846],[-106.826992,39.153276],[-106.827058,39.153278],[-106.827037,39.153298],[-106.827071,39.153315],[-106.826769,39.15364],[-106.826804,39.153662],[-106.826541,39.153887],[-106.82618,39.154276],[-106.827118,39.154852],[-106.829305,39.156193],[-106.830049,39.156649],[-106.830023,39.15667],[-106.829534,39.15698],[-106.829438,39.157041],[-106.829336,39.157109],[-106.829004,39.156915],[-106.82808,39.156376],[-106.828316,39.156707],[-106.827808,39.156862],[-106.827558,39.156849],[-106.827552,39.156933],[-106.827553,39.156939],[-106.827552,39.15694],[-106.82749,39.156958],[-106.827075,39.157084],[-106.826489,39.157262],[-106.826583,39.157721],[-106.826747,39.157508],[-106.827494,39.157798],[-106.827472,39.158116],[-106.826837,39.158949],[-106.82684,39.158965],[-106.827003,39.159755],[-106.827237,39.160892],[-106.827285,39.160886],[-106.827283,39.160919],[-106.827524,39.160931],[-106.827533,39.160963],[-106.827981,39.161021],[-106.827931,39.16095],[-106.828264,39.160966],[-106.828986,39.161],[-106.82902,39.161049],[-106.828856,39.161119],[-106.830036,39.162777],[-106.830046,39.162812],[-106.82974,39.162989],[-106.829178,39.162962],[-106.829285,39.16335],[-106.829348,39.163326],[-106.829825,39.163146],[-106.830848,39.164905],[-106.831181,39.165477],[-106.831193,39.165497],[-106.831203,39.1655],[-106.831357,39.165536],[-106.831474,39.165563],[-106.832021,39.166138],[-106.831607,39.166208],[-106.831772,39.166492],[-106.831971,39.166835],[-106.831278,39.167097],[-106.831024,39.167192],[-106.831274,39.167177],[-106.831615,39.167157],[-106.831524,39.167483],[-106.832682,39.167287],[-106.832711,39.167192],[-106.832967,39.167239],[-106.833741,39.167378],[-106.834772,39.167564],[-106.834494,39.1685],[-106.835524,39.168686],[-106.834803,39.171111],[-106.835054,39.171111],[-106.835052,39.171561],[-106.835037,39.17433],[-106.835037,39.174452],[-106.835046,39.175228],[-106.835051,39.175696],[-106.835051,39.175833],[-106.834611,39.175833],[-106.834171,39.175832],[-106.834649,39.175832],[-106.833979,39.175225],[-106.833983,39.17433],[-106.833986,39.173801],[-106.830139,39.172737],[-106.829855,39.174078],[-106.830391,39.17433],[-106.831277,39.174753],[-106.833742,39.17593],[-106.833736,39.176882],[-106.833734,39.17726],[-106.834169,39.177466],[-106.835018,39.177866],[-106.834795,39.178082],[-106.834654,39.178218],[-106.834169,39.178688],[-106.833985,39.178867],[-106.832331,39.178087],[-106.83125,39.177578],[-106.830249,39.177106],[-106.830281,39.177375],[-106.83013,39.177516],[-106.829963,39.177671],[-106.82997,39.177672],[-106.830134,39.177518],[-106.830875,39.177997],[-106.830774,39.17809],[-106.830165,39.178658],[-106.830005,39.179545],[-106.831231,39.179544],[-106.834524,39.179541],[-106.834524,39.179805],[-106.835053,39.179805],[-106.835582,39.179804],[-106.835917,39.179803],[-106.83611,39.179802],[-106.836639,39.179802],[-106.83664,39.180782],[-106.83794,39.178838],[-106.837106,39.178077],[-106.836104,39.177162],[-106.836093,39.175698],[-106.836092,39.175667],[-106.836078,39.174331],[-106.836049,39.171555],[-106.83633,39.171553],[-106.836331,39.171553],[-106.837078,39.171547],[-106.837305,39.171546],[-106.837569,39.171544],[-106.838012,39.171541],[-106.838033,39.174331],[-106.838047,39.175565],[-106.839243,39.175483],[-106.840196,39.174332],[-106.840608,39.173836],[-106.842843,39.171148],[-106.842879,39.170774],[-106.843235,39.167134],[-106.843495,39.164477],[-106.843504,39.163557],[-106.843538,39.159949],[-106.843558,39.157737],[-106.84409,39.15761],[-106.844517,39.156081],[-106.845544,39.152404],[-106.845762,39.15162],[-106.845831,39.151375],[-106.846555,39.148782],[-106.847567,39.145159],[-106.847765,39.144453],[-106.848635,39.144438],[-106.848405,39.143126],[-106.848872,39.142724],[-106.850631,39.142777],[-106.851008,39.142789],[-106.852428,39.14516],[-106.854189,39.148103],[-106.853675,39.148783],[-106.852215,39.150717],[-106.852202,39.152406],[-106.852199,39.152792],[-106.852479,39.152726],[-106.85308,39.152584],[-106.852471,39.156142],[-106.852219,39.157616],[-106.854411,39.157615],[-106.853977,39.159949],[-106.853621,39.161858],[-106.853611,39.161912],[-106.853264,39.163772],[-106.852605,39.167299],[-106.851924,39.170933],[-106.854587,39.170971],[-106.854573,39.174585],[-106.859338,39.174663],[-106.859203,39.178273],[-106.863785,39.178279],[-106.863843,39.174667],[-106.863697,39.171047],[-106.868348,39.171049],[-106.868347,39.167426],[-106.868645,39.167425],[-106.872893,39.167412],[-106.873298,39.167411],[-106.87744,39.167398],[-106.877584,39.163776],[-106.877729,39.160153],[-106.882382,39.16008],[-106.884709,39.160043],[-106.887036,39.160043],[-106.887028,39.163695],[-106.887021,39.167348],[-106.88223,39.167372],[-106.882291,39.171014],[-106.877569,39.171028],[-106.877681,39.174188],[-106.877698,39.174658],[-106.877328,39.174659],[-106.873023,39.174665],[-106.873038,39.178285],[-106.868367,39.178285],[-106.868386,39.181898],[-106.868391,39.182804],[-106.866064,39.1828],[-106.866072,39.183706],[-106.863748,39.183702],[-106.863758,39.184608],[-106.861438,39.184604],[-106.861451,39.18551],[-106.859133,39.185506],[-106.859197,39.189129],[-106.859232,39.192813],[-106.859267,39.196497],[-106.859276,39.197421],[-106.863751,39.197427],[-106.868224,39.197434],[-106.86925,39.197436],[-106.869256,39.198201],[-106.872911,39.198124],[-106.872932,39.196286],[-106.872974,39.192694],[-106.877611,39.192638],[-106.877611,39.192232],[-106.882483,39.192246],[-106.882485,39.191414],[-106.882485,39.191411],[-106.882559,39.191411],[-106.883721,39.191411],[-106.884883,39.191411],[-106.884884,39.191411],[-106.884884,39.190503],[-106.886047,39.190503],[-106.886213,39.190503],[-106.88713,39.190503],[-106.887135,39.190503],[-106.88721,39.190503],[-106.888372,39.190503],[-106.889535,39.190503],[-106.889536,39.189596],[-106.889536,39.188688],[-106.889536,39.188665],[-106.889536,39.188661],[-106.889535,39.187916],[-106.889535,39.187781],[-106.889535,39.186875],[-106.889534,39.185968],[-106.889533,39.185062],[-106.889532,39.185045],[-106.889532,39.185041],[-106.88946,39.184135],[-106.891816,39.184134],[-106.891825,39.184134],[-106.896431,39.184132],[-106.896472,39.184132],[-106.89648,39.184132],[-106.896478,39.184696],[-106.896476,39.185043],[-106.896461,39.188665],[-106.896467,39.192287],[-106.896474,39.195909],[-106.896477,39.199532],[-106.901132,39.199562],[-106.905788,39.199592],[-106.910444,39.199682],[-106.912773,39.199727],[-106.912776,39.203437],[-106.914846,39.203418],[-106.915105,39.203414],[-106.9195,39.203371],[-106.919759,39.203367],[-106.924154,39.203323],[-106.924413,39.20332],[-106.928807,39.203245],[-106.929065,39.203241],[-106.933706,39.203162],[-106.938365,39.203184],[-106.938375,39.203184],[-106.938375,39.20316],[-106.943024,39.203158],[-106.943044,39.203158],[-106.943784,39.203158],[-106.943781,39.200214],[-106.947682,39.200212],[-106.951752,39.20021],[-106.951752,39.200198],[-106.951752,39.199625],[-106.951752,39.199531],[-106.95175,39.196002],[-106.95175,39.195908],[-106.952336,39.195908],[-106.956992,39.195907],[-106.961649,39.195905],[-106.966312,39.195904],[-106.97037,39.195903],[-106.970975,39.195903],[-106.97562,39.195898],[-106.977353,39.195896],[-106.977353,39.196017],[-106.977355,39.199639],[-106.977357,39.20314],[-106.975623,39.203139],[-106.975029,39.203139],[-106.975029,39.20326],[-106.975623,39.203259],[-106.979829,39.203253],[-106.980267,39.203253],[-106.984911,39.203248],[-106.989141,39.203243],[-106.989135,39.206865],[-106.989135,39.207337],[-106.985218,39.207334],[-106.985215,39.210186],[-106.984938,39.210186],[-106.981169,39.21019],[-106.980296,39.210191],[-106.975904,39.210197],[-106.975904,39.210517],[-106.975905,39.210814],[-106.979821,39.210866],[-106.979821,39.210906],[-106.979807,39.211775],[-106.979795,39.212544],[-106.979771,39.214132],[-106.979722,39.217284],[-106.980326,39.217283],[-106.981955,39.217281],[-106.981955,39.223061],[-106.982036,39.223061],[-106.986587,39.223057],[-106.991217,39.223052],[-106.991217,39.224512],[-106.991216,39.226422],[-106.993,39.226422],[-106.997605,39.226422],[-107.000531,39.226421],[-107.00053,39.228134],[-107.000528,39.231757],[-107.000526,39.23366],[-107.002245,39.233662],[-107.003044,39.233663],[-107.006902,39.233659],[-107.007301,39.23366],[-107.011558,39.233655],[-107.016148,39.233673],[-107.016214,39.233673],[-107.020738,39.233692],[-107.020871,39.233693],[-107.025356,39.233725],[-107.025527,39.233726],[-107.029973,39.233758],[-107.030183,39.233759],[-107.034517,39.23377],[-107.034839,39.233771],[-107.03906,39.233782],[-107.039496,39.233785],[-107.043693,39.233817],[-107.044152,39.233821],[-107.044156,39.231725],[-107.04416,39.229958],[-107.044174,39.229958],[-107.045286,39.229957],[-107.045289,39.229053],[-107.04529,39.228556],[-107.045291,39.228149],[-107.045291,39.228109],[-107.045291,39.228108],[-107.046456,39.228108],[-107.046458,39.227244],[-107.046458,39.227098],[-107.04646,39.226339],[-107.047235,39.226338],[-107.047624,39.226338],[-107.048788,39.226337],[-107.048817,39.226336],[-107.048819,39.225432],[-107.048833,39.225432],[-107.05,39.225431],[-107.05,39.26],[-106.84061,39.26],[-106.840607,39.258768],[-106.840599,39.255035],[-106.836011,39.255036],[-106.835934,39.255036],[-106.835928,39.253252],[-106.835928,39.25324],[-106.834847,39.253252],[-106.834009,39.253254],[-106.833683,39.253255],[-106.832518,39.253258],[-106.831354,39.253261],[-106.831265,39.253262],[-106.831263,39.253262],[-106.831263,39.253258],[-106.831258,39.251468],[-106.831258,39.251442],[-106.829025,39.251444],[-106.829025,39.251471],[-106.829025,39.251474],[-106.829027,39.252368],[-106.829029,39.253266],[-106.827866,39.253268],[-106.826704,39.25327],[-106.826619,39.25327],[-106.826617,39.25327],[-106.826145,39.253271],[-106.825541,39.253272],[-106.824379,39.253274],[-106.824378,39.252438],[-106.824378,39.252377],[-106.824377,39.25148],[-106.824377,39.251448],[-106.822054,39.25145],[-106.821975,39.25145],[-106.821976,39.251266],[-106.821976,39.251233],[-106.821577,39.251231],[-106.818288,39.248301],[-106.817177,39.246873],[-106.816913,39.246533],[-106.818195,39.246869],[-106.821983,39.247861],[-106.82443,39.247858],[-106.824427,39.247896],[-106.824309,39.24965],[-106.821979,39.249656],[-106.821977,39.250585],[-106.821977,39.250587],[-106.821979,39.250587],[-106.822052,39.250587],[-106.823214,39.250585],[-106.823377,39.250585],[-106.824376,39.250583],[-106.825537,39.250581],[-106.826617,39.250579],[-106.826616,39.249681],[-106.826701,39.249681],[-106.826701,39.249682],[-106.82786,39.24968],[-106.828611,39.249678],[-106.829022,39.249678],[-106.829971,39.249676],[-106.830183,39.249675],[-106.831249,39.249701],[-106.831253,39.249701],[-106.831255,39.249701],[-106.832511,39.249669],[-106.833678,39.249665],[-106.833679,39.250562],[-106.833679,39.250697],[-106.83368,39.251429],[-106.83368,39.251437],[-106.835923,39.251433],[-106.838341,39.251429],[-106.838342,39.251429],[-106.838342,39.251444],[-106.838341,39.252346],[-106.83834,39.253249],[-106.839167,39.253249],[-106.839505,39.253249],[-106.840601,39.253249],[-106.840601,39.253245],[-106.840602,39.251424],[-106.840604,39.247813],[-106.840743,39.244201],[-106.840883,39.240589],[-106.841022,39.236978],[-106.841161,39.233367],[-106.840802,39.229746],[-106.840786,39.229582],[-106.840444,39.226125],[-106.840412,39.225796],[-106.840086,39.222505],[-106.840038,39.222011],[-106.839662,39.218226],[-106.839829,39.215432],[-106.835176,39.215432],[-106.835016,39.218137],[-106.831282,39.218065],[-106.830689,39.218055],[-106.83037,39.218049],[-106.826637,39.217977],[-106.825724,39.21796],[-106.821992,39.217888],[-106.82107,39.217871],[-106.821178,39.214278],[-106.821284,39.210758]],[[-106.818244,39.151867],[-106.81814,39.151704],[-106.817858,39.152063],[-106.817751,39.151729],[-106.817051,39.152573],[-106.817104,39.152756],[-106.818244,39.151867]],[[-106.833825,39.13289],[-106.832752,39.133283],[-106.833825,39.132891],[-106.834899,39.1325],[-106.833825,39.13289]],[[-106.824232,39.155031],[-106.825374,39.154713],[-106.825391,39.154698],[-106.824211,39.155017],[-106.824232,39.155031]],[[-106.830923,39.167012],[-106.83057,39.166383],[-106.830415,39.16641],[-106.830327,39.167113],[-106.830316,39.167204],[-106.830255,39.167696],[-106.830193,39.168191],[-106.830232,39.16819],[-106.830377,39.167675],[-106.830503,39.167223],[-106.830941,39.167197],[-106.831024,39.167192],[-106.830923,39.167012]],[[-106.811528,39.203424],[-106.807774,39.20347],[-106.807773,39.203598],[-106.811526,39.203444],[-106.811528,39.203424]],[[-106.812923,39.202756],[-106.812783,39.201315],[-106.812424,39.20094],[-106.812203,39.200953],[-106.811779,39.200979],[-106.811597,39.202749],[-106.812161,39.202752],[-106.812923,39.202756]],[[-106.830465,39.196279],[-106.830556,39.195985],[-106.830742,39.195813],[-106.830902,39.195682],[-106.831239,39.195746],[-106.831282,39.195754],[-106.831411,39.195338],[-106.831224,39.195303],[-106.831205,39.195299],[-106.831223,39.195244],[-106.831305,39.194979],[-106.831213,39.194962],[-106.830584,39.194844],[-106.830154,39.196221],[-106.830329,39.196254],[-106.830465,39.196279]],[[-106.826881,39.189095],[-106.826452,39.189005],[-106.826451,39.189093],[-106.826881,39.189095]],[[-106.826459,39.187783],[-106.826455,39.188444],[-106.827438,39.188001],[-106.827443,39.187999],[-106.827445,39.187999],[-106.827482,39.187986],[-106.82748,39.187893],[-106.827454,39.186799],[-106.827454,39.186785],[-106.827443,39.186301],[-106.827935,39.186566],[-106.827936,39.186566],[-106.827979,39.185481],[-106.827996,39.185066],[-106.827558,39.184974],[-106.827401,39.185481],[-106.826675,39.187828],[-106.826459,39.187783]],[[-106.825507,39.185398],[-106.825612,39.185092],[-106.825396,39.185314],[-106.825506,39.185399],[-106.825507,39.185398]],[[-106.829109,39.183708],[-106.829037,39.18548],[-106.829021,39.185884],[-106.829162,39.18548],[-106.829427,39.184721],[-106.829212,39.184635],[-106.829688,39.1839],[-106.831185,39.184499],[-106.833122,39.185274],[-106.833391,39.183286],[-106.834207,39.183287],[-106.83453,39.183287],[-106.83453,39.182009],[-106.831208,39.182015],[-106.829733,39.182017],[-106.829733,39.181856],[-106.829733,39.181606],[-106.829692,39.181856],[-106.829516,39.182933],[-106.829389,39.183735],[-106.829109,39.183708]],[[-106.817794,39.183839],[-106.817706,39.183771],[-106.817794,39.183839]],[[-106.818011,39.183349],[-106.817663,39.183626],[-106.817974,39.183722],[-106.818011,39.183349]],[[-106.821784,39.183015],[-106.821778,39.18302],[-106.821353,39.183351],[-106.821417,39.183366],[-106.821778,39.183084],[-106.822505,39.182519],[-106.822454,39.182494],[-106.821784,39.183015]],[[-106.820306,39.182813],[-106.82067,39.18253],[-106.820434,39.182427],[-106.820306,39.182813]],[[-106.820774,39.181874],[-106.820922,39.181759],[-106.820692,39.181649],[-106.820619,39.181872],[-106.82057,39.182033],[-106.820774,39.181874]],[[-106.831165,39.186526],[-106.830513,39.187386],[-106.830547,39.187397],[-106.830438,39.187619],[-106.830735,39.187486],[-106.831151,39.188047],[-106.834757,39.187259],[-106.834745,39.187178],[-106.833681,39.187178],[-106.832866,39.187178],[-106.833004,39.186152],[-106.831322,39.185479],[-106.831176,39.18542],[-106.830392,39.185107],[-106.830254,39.18548],[-106.829789,39.186738],[-106.830735,39.18548],[-106.830824,39.185361],[-106.831086,39.185479],[-106.831175,39.185519],[-106.831737,39.185772],[-106.831165,39.186526]],[[-106.823123,39.181424],[-106.823299,39.181512],[-106.823277,39.181303],[-106.823123,39.181424]],[[-106.814933,39.181449],[-106.816456,39.181449],[-106.816542,39.181449],[-106.816917,39.181178],[-106.818144,39.180291],[-106.817823,39.180145],[-106.816899,39.180562],[-106.814933,39.181449]],[[-106.825772,39.180934],[-106.825576,39.180927],[-106.823585,39.181062],[-106.823564,39.181079],[-106.825772,39.180934]],[[-106.822477,39.179232],[-106.822618,39.179179],[-106.822837,39.179095],[-106.8224,39.179186],[-106.822313,39.179216],[-106.822389,39.179266],[-106.822477,39.179232]],[[-106.817806,39.179225],[-106.81811,39.179087],[-106.81829,39.178785],[-106.818061,39.178798],[-106.817806,39.179225]],[[-106.821303,39.178664],[-106.821689,39.178519],[-106.821709,39.178478],[-106.821721,39.178453],[-106.821769,39.178444],[-106.822004,39.178401],[-106.822022,39.178398],[-106.822024,39.178394],[-106.82206,39.17832],[-106.822165,39.178108],[-106.822208,39.17802],[-106.823028,39.176363],[-106.822132,39.17652],[-106.822096,39.176527],[-106.821959,39.176551],[-106.821875,39.176566],[-106.821763,39.176585],[-106.821762,39.176586],[-106.821687,39.176378],[-106.821655,39.176369],[-106.821402,39.176897],[-106.821385,39.17693],[-106.821739,39.177036],[-106.821027,39.178609],[-106.821055,39.178604],[-106.820851,39.178998],[-106.821373,39.179171],[-106.821473,39.178966],[-106.821303,39.178664]],[[-106.818644,39.177784],[-106.818528,39.177946],[-106.818802,39.177932],[-106.818838,39.177873],[-106.818842,39.177868],[-106.81865,39.17778],[-106.818648,39.177778],[-106.818644,39.177784]],[[-106.825224,39.178185],[-106.825321,39.178148],[-106.82531,39.178141],[-106.825351,39.178101],[-106.825498,39.177958],[-106.825073,39.178079],[-106.825224,39.178185]],[[-106.828239,39.178004],[-106.828141,39.178096],[-106.82825,39.178096],[-106.828239,39.178004]],[[-106.827285,39.17885],[-106.827051,39.179078],[-106.827058,39.179113],[-106.82729,39.178895],[-106.827285,39.17885]],[[-106.82508,39.176002],[-106.825082,39.176001],[-106.825084,39.175995],[-106.825587,39.175131],[-106.82507,39.176],[-106.825044,39.176008],[-106.825067,39.176004],[-106.82508,39.176002]],[[-106.822371,39.175918],[-106.822376,39.175911],[-106.822365,39.175916],[-106.822371,39.175918]],[[-106.823462,39.175485],[-106.823515,39.175379],[-106.823351,39.175455],[-106.823173,39.175538],[-106.823459,39.17549],[-106.823462,39.175485]],[[-106.828169,39.175358],[-106.82817,39.17455],[-106.827536,39.175659],[-106.827888,39.175634],[-106.827935,39.175588],[-106.828169,39.175358]],[[-106.825516,39.174327],[-106.825296,39.174251],[-106.825252,39.174327],[-106.825516,39.174327]],[[-106.8224,39.17428],[-106.822445,39.174234],[-106.822436,39.174235],[-106.8224,39.17428]],[[-106.822354,39.174326],[-106.822364,39.174326],[-106.8224,39.17428],[-106.822354,39.174326]],[[-106.828171,39.173783],[-106.827903,39.173913],[-106.82817,39.174006],[-106.828171,39.173783]],[[-106.82893,39.173491],[-106.828954,39.173388],[-106.828822,39.17349],[-106.82893,39.173491]],[[-106.825047,39.17336],[-106.825216,39.173351],[-106.825212,39.17328],[-106.825047,39.17336]],[[-106.829688,39.171131],[-106.829699,39.17135],[-106.829765,39.171126],[-106.829688,39.171131]],[[-106.829644,39.171536],[-106.829626,39.171596],[-106.829603,39.17167],[-106.829652,39.171679],[-106.829777,39.171702],[-106.829718,39.171628],[-106.829674,39.171573],[-106.829709,39.171557],[-106.829699,39.17135],[-106.829644,39.171536]],[[-106.830064,39.172059],[-106.830276,39.172088],[-106.830264,39.172146],[-106.830373,39.171928],[-106.833989,39.172928],[-106.83399,39.172631],[-106.833301,39.172507],[-106.833349,39.172346],[-106.829777,39.171702],[-106.830064,39.172059]],[[-106.821274,39.172727],[-106.821827,39.171568],[-106.821835,39.171257],[-106.821344,39.171115],[-106.821496,39.170795],[-106.82124,39.170574],[-106.82135,39.170339],[-106.821112,39.170345],[-106.821122,39.172735],[-106.821274,39.172727]],[[-106.825137,39.170862],[-106.825097,39.171053],[-106.825429,39.171068],[-106.825137,39.170862]],[[-106.828341,39.171304],[-106.828557,39.171209],[-106.828232,39.171231],[-106.828341,39.171304]],[[-106.822989,39.171509],[-106.822457,39.172662],[-106.822588,39.172655],[-106.822989,39.171509]],[[-106.823778,39.16891],[-106.823798,39.168936],[-106.823852,39.168906],[-106.823778,39.16891]],[[-106.828219,39.1676],[-106.828172,39.167631],[-106.828013,39.167738],[-106.828104,39.167735],[-106.828187,39.16789],[-106.828269,39.168045],[-106.828317,39.167617],[-106.828292,39.167759],[-106.828219,39.1676]],[[-106.822185,39.167935],[-106.822129,39.167867],[-106.822128,39.167919],[-106.822185,39.167935]],[[-106.820554,39.167735],[-106.820727,39.167292],[-106.821011,39.166566],[-106.820552,39.166827],[-106.820553,39.167291],[-106.820554,39.167735]],[[-106.824789,39.166498],[-106.824599,39.166562],[-106.824907,39.167261],[-106.824909,39.167265],[-106.825195,39.167262],[-106.825158,39.167193],[-106.824789,39.166498]],[[-106.825801,39.166749],[-106.825829,39.166811],[-106.826245,39.166641],[-106.825801,39.166749]],[[-106.827896,39.166897],[-106.82786,39.16682],[-106.827394,39.167098],[-106.827396,39.167101],[-106.827896,39.166897]],[[-106.822115,39.166315],[-106.822054,39.166481],[-106.822194,39.166411],[-106.822816,39.166103],[-106.823214,39.16594],[-106.823223,39.165954],[-106.822942,39.165216],[-106.822562,39.165329],[-106.82252,39.16521],[-106.822115,39.166315]],[[-106.829739,39.165158],[-106.829904,39.165197],[-106.829628,39.164706],[-106.829715,39.165152],[-106.829802,39.165595],[-106.829209,39.165666],[-106.829596,39.165692],[-106.829741,39.165701],[-106.829839,39.165642],[-106.829739,39.165158]],[[-106.820417,39.1638],[-106.821568,39.165144],[-106.821666,39.164893],[-106.822101,39.164971],[-106.822457,39.165035],[-106.822348,39.164733],[-106.822609,39.164664],[-106.822156,39.164213],[-106.822023,39.164081],[-106.821178,39.164577],[-106.820417,39.1638]],[[-106.828377,39.163748],[-106.828843,39.163687],[-106.828397,39.163648],[-106.828074,39.162449],[-106.827652,39.161858],[-106.827769,39.162761],[-106.827401,39.16279],[-106.828396,39.163839],[-106.828377,39.163748]],[[-106.825094,39.162608],[-106.824987,39.162361],[-106.824618,39.162734],[-106.825094,39.162608]],[[-106.822739,39.163475],[-106.822794,39.163454],[-106.822427,39.163156],[-106.822739,39.163475]],[[-106.826345,39.162914],[-106.826455,39.162883],[-106.826441,39.162863],[-106.826327,39.162872],[-106.826345,39.162914]],[[-106.827501,39.16426],[-106.82819,39.164056],[-106.82816,39.163992],[-106.827456,39.164201],[-106.827435,39.164207],[-106.827228,39.164269],[-106.827258,39.164332],[-106.82727,39.164329],[-106.827501,39.16426]],[[-106.828619,39.164955],[-106.828425,39.163986],[-106.82819,39.164056],[-106.828619,39.164955]],[[-106.821676,39.160613],[-106.821016,39.160093],[-106.821118,39.159989],[-106.820558,39.159732],[-106.820535,39.159722],[-106.820414,39.159724],[-106.821621,39.160656],[-106.821676,39.160613]],[[-106.822498,39.158108],[-106.822417,39.158171],[-106.822497,39.158269],[-106.822529,39.158309],[-106.822717,39.158538],[-106.822667,39.158128],[-106.82265,39.15799],[-106.822498,39.158108]],[[-106.823901,39.158088],[-106.823734,39.158143],[-106.823756,39.158318],[-106.823789,39.15816],[-106.823901,39.158088]],[[-106.823021,39.157798],[-106.823035,39.157811],[-106.823132,39.15779],[-106.823021,39.157798]],[[-106.821438,39.157062],[-106.821524,39.157062],[-106.821599,39.156882],[-106.821437,39.157008],[-106.821368,39.157061],[-106.821438,39.157062]],[[-106.817776,39.156407],[-106.817869,39.156422],[-106.818228,39.15648],[-106.817946,39.156322],[-106.817911,39.156302],[-106.817776,39.156407]],[[-106.827874,39.156256],[-106.82701,39.155752],[-106.827719,39.156306],[-106.827874,39.156256]],[[-106.815988,39.155719],[-106.815559,39.156052],[-106.816271,39.156166],[-106.815988,39.155719]],[[-106.826089,39.155214],[-106.826088,39.155214],[-106.826083,39.15523],[-106.826102,39.155222],[-106.826089,39.155214]],[[-106.814929,39.148512],[-106.814476,39.148265],[-106.815203,39.149275],[-106.815161,39.149129],[-106.816,39.14898],[-106.816134,39.149438],[-106.816477,39.149022],[-106.815587,39.148577],[-106.815311,39.148911],[-106.814828,39.148647],[-106.814929,39.148512]],[[-106.819716,39.148353],[-106.819626,39.14682],[-106.819226,39.146596],[-106.819716,39.148353]],[[-106.816624,39.144602],[-106.816178,39.144602],[-106.816478,39.144113],[-106.815967,39.14418],[-106.814923,39.144316],[-106.814381,39.141796],[-106.811067,39.143527],[-106.812358,39.145322],[-106.81419,39.147867],[-106.816092,39.145315],[-106.816624,39.144602]],[[-106.819105,39.140138],[-106.818951,39.139795],[-106.818812,39.139818],[-106.819105,39.140138]],[[-106.819625,39.141303],[-106.81968,39.141241],[-106.820547,39.141714],[-106.821413,39.142186],[-106.818678,39.145228],[-106.818696,39.145237],[-106.821448,39.142213],[-106.822339,39.142659],[-106.82242,39.142582],[-106.8228,39.142697],[-106.824299,39.14315],[-106.824353,39.143083],[-106.822863,39.141675],[-106.821416,39.140308],[-106.821696,39.140125],[-106.819436,39.140501],[-106.819105,39.140138],[-106.819625,39.141303]],[[-106.823669,39.139797],[-106.824121,39.140236],[-106.824281,39.140141],[-106.823968,39.139747],[-106.823669,39.139797]],[[-106.829352,39.139366],[-106.829752,39.139108],[-106.82945,39.138129],[-106.82904,39.138199],[-106.829027,39.139858],[-106.829356,39.139858],[-106.829458,39.140074],[-106.829352,39.139366]],[[-106.818343,39.137284],[-106.817949,39.137338],[-106.817766,39.136527],[-106.818241,39.136461],[-106.818507,39.135376],[-106.817098,39.135391],[-106.817707,39.138161],[-106.818051,39.137778],[-106.818131,39.137957],[-106.818131,39.137403],[-106.818633,39.137321],[-106.818343,39.137284]],[[-106.815543,39.135516],[-106.815194,39.135526],[-106.815212,39.135884],[-106.815543,39.135516]],[[-106.821613,39.135543],[-106.821824,39.135357],[-106.82183,39.135357],[-106.821824,39.135339],[-106.82166,39.13534],[-106.821613,39.135543]],[[-106.828938,39.133698],[-106.827564,39.13436],[-106.827575,39.134367],[-106.828526,39.134205],[-106.828637,39.134616],[-106.828938,39.133698]],[[-106.82857,39.134817],[-106.828695,39.134836],[-106.828637,39.134616],[-106.82857,39.134817]],[[-106.828937,39.135741],[-106.829059,39.135741],[-106.829056,39.136184],[-106.829304,39.135175],[-106.829225,39.135163],[-106.82931,39.134931],[-106.828695,39.134836],[-106.828937,39.135741]],[[-106.832626,39.136268],[-106.832645,39.13582],[-106.832258,39.136007],[-106.832212,39.136225],[-106.832626,39.136268]],[[-106.821523,39.136011],[-106.821504,39.136008],[-106.821503,39.136013],[-106.821523,39.136011]],[[-106.826069,39.134463],[-106.826063,39.13441],[-106.825986,39.134411],[-106.826069,39.134463]],[[-106.826081,39.134571],[-106.826231,39.134566],[-106.826069,39.134463],[-106.826081,39.134571]],[[-106.825301,39.133976],[-106.825314,39.134195],[-106.825571,39.134147],[-106.825301,39.133976]],[[-106.825056,39.134243],[-106.825056,39.134246],[-106.825076,39.134418],[-106.825108,39.134417],[-106.825057,39.134246],[-106.825314,39.134195],[-106.825056,39.134243]],[[-106.826847,39.133737],[-106.826333,39.133103],[-106.825905,39.133308],[-106.827129,39.134085],[-106.826847,39.133737]],[[-106.8253,39.132633],[-106.82521,39.132534],[-106.825231,39.13288],[-106.825689,39.13317],[-106.8253,39.132633]],[[-106.831493,39.132184],[-106.831658,39.132389],[-106.831074,39.13267],[-106.831243,39.132932],[-106.831717,39.13276],[-106.831743,39.132131],[-106.831493,39.132184]],[[-106.830216,39.133083],[-106.830042,39.133167],[-106.830292,39.133203],[-106.830216,39.133083]],[[-106.831719,39.133666],[-106.831681,39.133607],[-106.831678,39.133681],[-106.831719,39.133666]],[[-106.83049,39.134375],[-106.830449,39.134486],[-106.830701,39.134373],[-106.830955,39.13426],[-106.830688,39.133834],[-106.83049,39.134375]],[[-106.836961,39.136946],[-106.836962,39.136949],[-106.836963,39.136949],[-106.836961,39.136946]],[[-106.830202,39.138845],[-106.831221,39.139307],[-106.831251,39.138961],[-106.832359,39.138393],[-106.83225,39.139677],[-106.832545,39.138046],[-106.832567,39.137921],[-106.832508,39.137915],[-106.832655,39.137102],[-106.832425,39.137077],[-106.832504,39.137325],[-106.831936,39.137693],[-106.831655,39.137874],[-106.831362,39.138064],[-106.830654,39.138523],[-106.830198,39.138818],[-106.830202,39.138845]],[[-106.823243,39.138833],[-106.823304,39.139086],[-106.823428,39.139067],[-106.823243,39.138833]],[[-106.825872,39.140586],[-106.825978,39.140719],[-106.826136,39.140459],[-106.825872,39.140586]],[[-106.832716,39.142089],[-106.832052,39.142016],[-106.832015,39.142453],[-106.832716,39.142089]],[[-106.831664,39.143666],[-106.831273,39.143866],[-106.830874,39.1434],[-106.830873,39.143411],[-106.830543,39.143261],[-106.829898,39.14326],[-106.829404,39.142219],[-106.828547,39.142243],[-106.828749,39.143348],[-106.829541,39.143707],[-106.830676,39.144222],[-106.831811,39.144736],[-106.831664,39.143666]],[[-106.828671,39.145112],[-106.828517,39.143997],[-106.828346,39.144016],[-106.828671,39.145112]],[[-106.826632,39.144357],[-106.826752,39.144336],[-106.826768,39.144209],[-106.826632,39.144357]],[[-106.827233,39.144249],[-106.827325,39.144232],[-106.827298,39.144143],[-106.827233,39.144249]],[[-106.826805,39.143908],[-106.826833,39.143688],[-106.826576,39.143838],[-106.826805,39.143908]],[[-106.825304,39.143454],[-106.826451,39.1438],[-106.825696,39.142974],[-106.825304,39.143454]],[[-106.827488,39.142217],[-106.82742,39.142115],[-106.827511,39.142346],[-106.827488,39.142217]],[[-106.826402,39.142319],[-106.826312,39.142091],[-106.826265,39.142168],[-106.826402,39.142319]],[[-106.830201,39.147976],[-106.830148,39.14782],[-106.830107,39.147802],[-106.829343,39.147455],[-106.829382,39.147572],[-106.830201,39.147976]],[[-106.824664,39.131994],[-106.824665,39.131993],[-106.824679,39.131953],[-106.824664,39.131994]],[[-106.824649,39.132037],[-106.824739,39.132019],[-106.8247,39.131977],[-106.824665,39.131993],[-106.824649,39.132037]],[[-106.828574,39.130158],[-106.829118,39.129902],[-106.828527,39.129181],[-106.828384,39.129209],[-106.828349,39.129455],[-106.828574,39.130158]],[[-106.823717,39.128805],[-106.82388,39.128769],[-106.823725,39.128769],[-106.823717,39.128805]],[[-106.822943,39.126553],[-106.823494,39.126553],[-106.824057,39.126554],[-106.824018,39.126247],[-106.823992,39.126244],[-106.82399,39.126244],[-106.823557,39.126195],[-106.823492,39.126506],[-106.822943,39.126436],[-106.822943,39.126553]],[[-106.821281,39.124115],[-106.821101,39.124912],[-106.821886,39.124919],[-106.821884,39.124193],[-106.821281,39.124115]],[[-106.822941,39.124237],[-106.822965,39.124237],[-106.823688,39.124234],[-106.823798,39.122408],[-106.824195,39.122454],[-106.82473,39.119202],[-106.824426,39.119159],[-106.824754,39.117624],[-106.824512,39.11759],[-106.823928,39.120172],[-106.823912,39.120172],[-106.82289,39.120182],[-106.822855,39.120183],[-106.82224,39.122903],[-106.822704,39.122903],[-106.822631,39.124238],[-106.822891,39.124237],[-106.822891,39.122903],[-106.822939,39.122903],[-106.822941,39.124237]],[[-106.825838,39.11757],[-106.825613,39.118622],[-106.825888,39.118646],[-106.826938,39.118738],[-106.827379,39.118775],[-106.827382,39.117698],[-106.826518,39.117625],[-106.825838,39.11757]],[[-106.820323,39.123606],[-106.820146,39.123528],[-106.820242,39.123965],[-106.820323,39.123606]],[[-106.828309,39.114988],[-106.82844,39.114999],[-106.828439,39.114503],[-106.828309,39.114988]],[[-106.826699,39.250579],[-106.826642,39.250579],[-106.826699,39.250579]]]],"type":"MultiPolygon"},"properties":{"camping_permission":"unknown","evidence":0,"id":"sma-1069","land_class":"unknown","manager":"Private","raw_admin_agency":"PVT"},"type":"Feature"}],"layer_id":"land_ownership","type":"FeatureCollection"}
